,title,image_file,research_area,name,institution,subunit,location,full_affiliation,institution_clean,year,Country
0,Searching for a Solution to Program Verification=Equation Solving in CCS*,2000_001_0000.png,Logic & Automated Reasoning,Raúl Monroy,ITESM,"Computer Science Department, Campus Estado de México","Atizapán, Estado de México, México","Computer Science Department, ITESM Campus Estado de México Apdo. Postal 50, Módulo de Servicio Postal Campus Edo. de México del ITESM, 52926 Atizapán, Edo. de México, México",ITESM,2000,Mexico
1,Searching for a Solution to Program Verification=Equation Solving in CCS*,2000_001_0000.png,Logic & Automated Reasoning,Alan Bundy,The University of Edinburgh,Division of Informatics,"Edinburgh, Scotland, U.K","Division of Informatics, The University of Edinburgh, 80 South Bridge, EH1 1HN, Scotland, U.K",*UoE,2000,United Kingdom
2,Searching for a Solution to Program Verification=Equation Solving in CCS*,2000_001_0000.png,Logic & Automated Reasoning,Ian Green,The University of Edinburgh,Division of Informatics,"Edinburgh, Scotland, U.K","Division of Informatics, The University of Edinburgh, 80 South Bridge, EH1 1HN, Scotland, U.K",*UoE,2000,United Kingdom
3,Knowledge Representation Using High-Level Non-monotonic Reasoning,2000_001_0001.png,Knowledge Representation & Reasoning,Mauricio Osorio,Universidad de las Americas,Departamento de Ingenieria en Sistemas Computacionales,"Sta. Catarina Martir, Cholula, Puebla, Mexico","Universidad de las Americas, Departamento de Ingenieria en Sistemas Computacionales, Sta. Catarina Martir, Cholula 72820 Puebla, Mexico",UDLAP,2000,Mexico
4,Knowledge Representation Using High-Level Non-monotonic Reasoning,2000_001_0001.png,Knowledge Representation & Reasoning,Juan Carlos Nieves,Universidad de las Americas,Departamento de Ingenieria en Sistemas Computacionales,"Sta. Catarina Martir, Cholula, Puebla, Mexico","Universidad de las Americas, Departamento de Ingenieria en Sistemas Computacionales, Sta. Catarina Martir, Cholula 72820 Puebla, Mexico",UDLAP,2000,Mexico
5,Knowledge Representation Using High-Level Non-monotonic Reasoning,2000_001_0001.png,Knowledge Representation & Reasoning,Fernando Zacarias,Benemerita Universidad Autonoma de Puebla,Facultad de ciencias de la computación,"Puebla, Mexico","Benemerita Universidad Autonoma de Puebla, Facultad de ciencias de la computación, 75570 Puebla, Mexico.",BUAP,2000,Mexico
6,Knowledge Representation Using High-Level Non-monotonic Reasoning,2000_001_0001.png,Knowledge Representation & Reasoning,Erika Saucedo,Instituto Tecnológico y de Estudios Superiores de Monterrey,"CEM, Departamento de Ingenieria y Ciencias","Atizapan de Zaragoza, Edo. de Mexico","Instituto Tecnológico y de Estudios Superiores de Monterrey, CEM, Departamento de Ingenieria y Ciencias Atizapan de Zaragoza, Edo. de Mexico.",ITESM,2000,Mexico
7,Experiments on Information Retrieval Using Case-Based Reasoning,2000_001_0002.png,Knowledge Representation & Reasoning,Carlos Ramirez,ITESM,Campus Querétaro,"Querétaro, Qro. México","ITESM Campus Querétaro
Epigmenio Gonzalez 500, San Pablo, Querétaro, Qro. México",ITESM,2000,Mexico
8,A Probabilistic Exemplar-Based Model for Case-Based Reasoning,2000_001_0003.png,Probabilistic & Statistical Reasoning,Andrés F. Rodríguez,Instituto de Investigaciones Eléctricas,,"Cuernavaca, Mor., México","Instituto de Investigaciones Eléctricas AP 475, Cuernavaca, Mor. México",IIE,2000,Mexico
9,A Probabilistic Exemplar-Based Model for Case-Based Reasoning,2000_001_0003.png,Probabilistic & Statistical Reasoning,Sunil Vadera,University of Salford,School of Sciences,"Salford, UK","School of Sciences, University of Salford Salford, M5 4WT, UK",*USAL,2000,United Kingdom
10,A Probabilistic Exemplar-Based Model for Case-Based Reasoning,2000_001_0003.png,Probabilistic & Statistical Reasoning,L. Enrique Sucar,ITESM,"Departamento de Computación, Campus Morelos","Cuernavaca, Mor., México","Departamento de Computación, ITESM - Campus Morelos AP C-99, Cuernavaca, Mor., 62020, México",ITESM,2000,Mexico
11,Intensification and Diversification Strategies with Tabu Search: One-Machine Problem with Weighted Tardiness Objective,2000_001_0004.png,Heuristic Search & Optimization,Ricardo P. Beausoleil,Institute of Cybernetics Mathematics and Physics,Department of Optimization,"Havana, Cuba","Institute of Cybernetics Mathematics and Physics Department of Optimization, City of Havana, Havana p.c. 10400,Cuba",~ICMP,2000,Cuba
12,A Methodology to Parallel the Temperature Cycle in Simulated Annealing,2000_001_0005.png,Heuristic Search & Optimization,Héctor Sanvicente Sánchez,IMTA,,"Jiutepec, Morelos, México","IMTA, Paseo Cuauhnahuac 8532, Col Progreso, C.P. 62550, Jiutepec, Morelos, México",IMTA,2000,Mexico
13,A Methodology to Parallel the Temperature Cycle in Simulated Annealing,2000_001_0005.png,Heuristic Search & Optimization,Juan Frausto Solís,ITESM,Campus Morelos,"Cuernavaca, Morelos, México","ITESM Campus Morelos, Reforma 182-A, Col. Lomas de Cuernavaca, A.P. 99-C, Cuernavaca, Morelos, México",ITESM,2000,Mexico
14,Vertical Fragmentation and Allocation in Distributed Databases with Site Capacity Restrictions Using the Threshold Accepting Algorithm,2000_001_0006.png,Heuristic Search & Optimization,Joaquín Pérez,Instituto de Investigaciones Eléctricas,,,Instituto de Investigaciones Eléctricas | Centro Nacional de Investigación y Desarrollo Tecnológico,IIE,2000,Mexico
15,Vertical Fragmentation and Allocation in Distributed Databases with Site Capacity Restrictions Using the Threshold Accepting Algorithm,2000_001_0006.png,Heuristic Search & Optimization,Joaquín Pérez,Centro Nacional de Investigación y Desarrollo Tecnológico,,,Instituto de Investigaciones Eléctricas | Centro Nacional de Investigación y Desarrollo Tecnológico,CENIDET,2000,Mexico
16,Vertical Fragmentation and Allocation in Distributed Databases with Site Capacity Restrictions Using the Threshold Accepting Algorithm,2000_001_0006.png,Heuristic Search & Optimization,Rodolfo Pazos,Centro Nacional de Investigación y Desarrollo Tecnológico,,,Centro Nacional de Investigación y Desarrollo Tecnológico,CENIDET,2000,Mexico
17,Vertical Fragmentation and Allocation in Distributed Databases with Site Capacity Restrictions Using the Threshold Accepting Algorithm,2000_001_0006.png,Heuristic Search & Optimization,Juan Frausto,ITESM,Campus Morelos,,ITESM Campus Morelos,ITESM,2000,Mexico
18,Vertical Fragmentation and Allocation in Distributed Databases with Site Capacity Restrictions Using the Threshold Accepting Algorithm,2000_001_0006.png,Heuristic Search & Optimization,David Romero,UNAM,Instituto de Matemáticas,,"Instituto de Matemáticas, UNAM",UNAM,2000,Mexico
19,Vertical Fragmentation and Allocation in Distributed Databases with Site Capacity Restrictions Using the Threshold Accepting Algorithm,2000_001_0006.png,Heuristic Search & Optimization,Laura Cruz,Instituto Tecnológico de Cd. Madero,,,Instituto Tecnológico de Cd. Madero,ITCM,2000,Mexico
20,A Practical Approach for Logic Program Analysis and Transformation,2000_001_0007.png,Logic & Automated Reasoning,Wamberto Weber-Vasconcelos,Universidade Estadual do Ceará,Departamento de Estatística e Computação,"Fortaleza, Ceará, Brazil","Departamento de Estatística e Computação, Universidade Estadual do Ceará, Av. Paranjana, 1700 – 60.740-000 Fortaleza Ceará, Brazil",~UEDC,2000,Brazil
21,A Practical Approach for Logic Program Analysis and Transformation,2000_001_0007.png,Logic & Automated Reasoning,Eudenia Xavier Meneses,Universidade Estadual do Ceará,Departamento de Estatística e Computação,"Fortaleza, Ceará, Brazil","Departamento de Estatística e Computação, Universidade Estadual do Ceará, Av. Paranjana, 1700 – 60.740-000 Fortaleza Ceará, Brazil",~UEDC,2000,Brazil
22,Experiments in Answer Sets Planning (Extended Abstract),2000_001_0008.png,Knowledge Representation & Reasoning,M. Balduccini,Università degli Studi dell'Insubria,Centro di ricerca “Informatica Interattiva” | Dipartimento di Scienze dell’Informazione,"Varese, Italy | Milano, Italy","Centro di ricerca “Informatica Interattiva”, Università degli Studi dell’Insubria a Varese, Italy. Dipartimento di Scienze dell’Informazione, Università degli Studi di Milano, Italy.",~UDSD,2000,Italy
23,Experiments in Answer Sets Planning (Extended Abstract),2000_001_0008.png,Knowledge Representation & Reasoning,M. Balduccini,Università degli Studi di Milano,Centro di ricerca “Informatica Interattiva” | Dipartimento di Scienze dell’Informazione,"Varese, Italy | Milano, Italy","Centro di ricerca “Informatica Interattiva”, Università degli Studi dell’Insubria a Varese, Italy. Dipartimento di Scienze dell’Informazione, Università degli Studi di Milano, Italy.",~UDSDM,2000,Italy
24,Experiments in Answer Sets Planning (Extended Abstract),2000_001_0008.png,Knowledge Representation & Reasoning,G. Brignoli,Università degli Studi dell'Insubria,Centro di ricerca “Informatica Interattiva” | Dipartimento di Scienze dell’Informazione,"Varese, Italy | Milano, Italy","Centro di ricerca “Informatica Interattiva”, Università degli Studi dell’Insubria a Varese, Italy. Dipartimento di Scienze dell’Informazione, Università degli Studi di Milano, Italy.",~UDSD,2000,Italy
25,Experiments in Answer Sets Planning (Extended Abstract),2000_001_0008.png,Knowledge Representation & Reasoning,G. Brignoli,Università degli Studi di Milano,Centro di ricerca “Informatica Interattiva” | Dipartimento di Scienze dell’Informazione,"Varese, Italy | Milano, Italy","Centro di ricerca “Informatica Interattiva”, Università degli Studi dell’Insubria a Varese, Italy. Dipartimento di Scienze dell’Informazione, Università degli Studi di Milano, Italy.",~UDSDM,2000,Italy
26,Experiments in Answer Sets Planning (Extended Abstract),2000_001_0008.png,Knowledge Representation & Reasoning,G.A. Lanzarone,Università degli Studi dell'Insubria,Centro di ricerca “Informatica Interattiva” | Dipartimento di Scienze dell’Informazione,"Varese, Italy | Milano, Italy","Centro di ricerca “Informatica Interattiva”, Università degli Studi dell’Insubria a Varese, Italy. Dipartimento di Scienze dell’Informazione, Università degli Studi di Milano, Italy.",~UDSD,2000,Italy
27,Experiments in Answer Sets Planning (Extended Abstract),2000_001_0008.png,Knowledge Representation & Reasoning,G.A. Lanzarone,Università degli Studi di Milano,Centro di ricerca “Informatica Interattiva” | Dipartimento di Scienze dell’Informazione,"Varese, Italy | Milano, Italy","Centro di ricerca “Informatica Interattiva”, Università degli Studi dell’Insubria a Varese, Italy. Dipartimento di Scienze dell’Informazione, Università degli Studi di Milano, Italy.",~UDSDM,2000,Italy
28,Experiments in Answer Sets Planning (Extended Abstract),2000_001_0008.png,Knowledge Representation & Reasoning,F. Magni,Università degli Studi dell'Insubria,Centro di ricerca “Informatica Interattiva” | Dipartimento di Scienze dell’Informazione,"Varese, Italy | Milano, Italy","Centro di ricerca “Informatica Interattiva”, Università degli Studi dell’Insubria a Varese, Italy. Dipartimento di Scienze dell’Informazione, Università degli Studi di Milano, Italy.",~UDSD,2000,Italy
29,Experiments in Answer Sets Planning (Extended Abstract),2000_001_0008.png,Knowledge Representation & Reasoning,F. Magni,Università degli Studi di Milano,Centro di ricerca “Informatica Interattiva” | Dipartimento di Scienze dell’Informazione,"Varese, Italy | Milano, Italy","Centro di ricerca “Informatica Interattiva”, Università degli Studi dell’Insubria a Varese, Italy. Dipartimento di Scienze dell’Informazione, Università degli Studi di Milano, Italy.",~UDSDM,2000,Italy
30,Experiments in Answer Sets Planning (Extended Abstract),2000_001_0008.png,Knowledge Representation & Reasoning,A. Provetti,Università degli Studi dell'Insubria,Centro di ricerca “Informatica Interattiva” | Dipartimento di Scienze dell’Informazione,"Varese, Italy | Milano, Italy","Centro di ricerca “Informatica Interattiva”, Università degli Studi dell’Insubria a Varese, Italy. Dipartimento di Scienze dell’Informazione, Università degli Studi di Milano, Italy.",~UDSD,2000,Italy
31,Experiments in Answer Sets Planning (Extended Abstract),2000_001_0008.png,Knowledge Representation & Reasoning,A. Provetti,Università degli Studi di Milano,Centro di ricerca “Informatica Interattiva” | Dipartimento di Scienze dell’Informazione,"Varese, Italy | Milano, Italy","Centro di ricerca “Informatica Interattiva”, Università degli Studi dell’Insubria a Varese, Italy. Dipartimento di Scienze dell’Informazione, Università degli Studi di Milano, Italy.",~UDSDM,2000,Italy
32,Competitive Learning Methods for Efficient Vector Quantizations in a Speech Recognition Environment,2000_001_0009.png,Neural Networks & Deep Learning,F. Curatelli,University of Genova,DIBE,"Genova, Italy","DIBE – University of Genova, Via Opera Pia 11A, 16145, Genova, Italy",~UG,2000,Italy
33,Competitive Learning Methods for Efficient Vector Quantizations in a Speech Recognition Environment,2000_001_0009.png,Neural Networks & Deep Learning,O. Mayora-Ibarra,University of Genova,DIBE,"Genova, Italy","DIBE – University of Genova, Via Opera Pia 11A, 16145, Genova, Italy",~UG,2000,Italy
34,Facial Expression Recognition and Modeling for Virtual Intelligent Tutoring Systems,2000_001_0010.png,Computer Vision,Homero V. Ríos,"Laboratorio Nacional de Informática Avanzada, A.C.",,"Xalapa, Veracruz, México","Laboratorio Nacional de Informática Avanzada, A.C. Rébsamen 80, c.p. 91090, Xalapa, Veracruz, México",LANIA,2000,Mexico
35,Facial Expression Recognition and Modeling for Virtual Intelligent Tutoring Systems,2000_001_0010.png,Computer Vision,Ana Luisa Solís,Universidad Nacional Autónoma de México,"Departamento de Matemáticas, Facultad de Ciencias",,"Departamento de Matemáticas, Facultad de Ciencias, Universidad Nacional Autónoma de México",UNAM,2000,Mexico
36,Facial Expression Recognition and Modeling for Virtual Intelligent Tutoring Systems,2000_001_0010.png,Computer Vision,Emilio Aguirre,"Laboratorio Nacional de Informática Avanzada, A.C.",,"Xalapa, Veracruz, México","Laboratorio Nacional de Informática Avanzada, A.C. Rébsamen 80, c.p. 91090, Xalapa, Veracruz, México",LANIA,2000,Mexico
37,Facial Expression Recognition and Modeling for Virtual Intelligent Tutoring Systems,2000_001_0010.png,Computer Vision,Lourdes Guerrero,Universidad Nacional Autónoma de México,"Departamento de Matemáticas, Facultad de Ciencias",,"Departamento de Matemáticas, Facultad de Ciencias, Universidad Nacional Autónoma de México",UNAM,2000,Mexico
38,Facial Expression Recognition and Modeling for Virtual Intelligent Tutoring Systems,2000_001_0010.png,Computer Vision,Joaquín Peña,"Laboratorio Nacional de Informática Avanzada, A.C.",,"Xalapa, Veracruz, México","Laboratorio Nacional de Informática Avanzada, A.C. Rébsamen 80, c.p. 91090, Xalapa, Veracruz, México",LANIA,2000,Mexico
39,Facial Expression Recognition and Modeling for Virtual Intelligent Tutoring Systems,2000_001_0010.png,Computer Vision,Alberto Santamaría,"Laboratorio Nacional de Informática Avanzada, A.C.",,"Xalapa, Veracruz, México","Laboratorio Nacional de Informática Avanzada, A.C. Rébsamen 80, c.p. 91090, Xalapa, Veracruz, México",LANIA,2000,Mexico
40,Detection and Tracking of Facial Features in Video Sequences,2000_001_0011.png,Computer Vision,Rogério Schmidt Feris,University of São Paulo,"CreatiVision - Creative Vision Research Group, Department of Computer Science, DCC-IME-USP","São Paulo, SP, Brazil","CreatiVision - Creative Vision Research Group
Department of Computer Science
DCC-IME-USP, University of São Paulo
Rua do Matão, 1010, São Paulo, SP, 05508-900, Brazil",*USP,2000,Brazil
41,Detection and Tracking of Facial Features in Video Sequences,2000_001_0011.png,Computer Vision,Teófilo Emídio de Campos,University of São Paulo,"CreatiVision - Creative Vision Research Group, Department of Computer Science, DCC-IME-USP","São Paulo, SP, Brazil","CreatiVision - Creative Vision Research Group
Department of Computer Science
DCC-IME-USP, University of São Paulo
Rua do Matão, 1010, São Paulo, SP, 05508-900, Brazil",*USP,2000,Brazil
42,Detection and Tracking of Facial Features in Video Sequences,2000_001_0011.png,Computer Vision,Roberto Marcondes Cesar Junior,University of São Paulo,"CreatiVision - Creative Vision Research Group, Department of Computer Science, DCC-IME-USP","São Paulo, SP, Brazil","CreatiVision - Creative Vision Research Group
Department of Computer Science
DCC-IME-USP, University of São Paulo
Rua do Matão, 1010, São Paulo, SP, 05508-900, Brazil",*USP,2000,Brazil
43,An Application of Behavior-Based Architecture for Mobile Robots Design,2000_001_0012.png,Robotics,Sergio Uribe-Gutierrez,ITESM,"Centro de Inteligencia Artificial, Campus Monterrey","Monterrey, N.L., MEXICO","Centro de Inteligencia Artificial, ITESM Campus Monterrey, Ave. Eugenio Garza Sada 2501, Monterrey, N.L. 64849 MEXICO",ITESM,2000,Mexico
44,An Application of Behavior-Based Architecture for Mobile Robots Design,2000_001_0012.png,Robotics,Horacio Martinez-Alfaro,ITESM,"Centro de Inteligencia Artificial, Campus Monterrey","Monterrey, N.L., MEXICO","Centro de Inteligencia Artificial, ITESM Campus Monterrey, Ave. Eugenio Garza Sada 2501, Monterrey, N.L. 64849 MEXICO",ITESM,2000,Mexico
45,Cooperative Simulated Annealing for Path Planning in Multi-robot Systems,2000_001_0013.png,Robotics,Gildardo Sánchez-Ante,ITESM,"Department of Computer Science, Campus Morelos","Cuernavaca, Morelos, MEXICO","Department of Computer Science
ITESM Campus Morelos
Av. Paseo de la Reforma 182-A
Cuernavaca, Morelos, 62589
MEXICO",ITESM,2000,Mexico
46,Cooperative Simulated Annealing for Path Planning in Multi-robot Systems,2000_001_0013.png,Robotics,Fernando Ramos,ITESM,"Department of Computer Science, Campus Morelos","Cuernavaca, Morelos, MEXICO","Department of Computer Science
ITESM Campus Morelos
Av. Paseo de la Reforma 182-A
Cuernavaca, Morelos, 62589
MEXICO",ITESM,2000,Mexico
47,Cooperative Simulated Annealing for Path Planning in Multi-robot Systems,2000_001_0013.png,Robotics,Juan Frausto,ITESM,"Department of Computer Science, Campus Morelos","Cuernavaca, Morelos, MEXICO","Department of Computer Science
ITESM Campus Morelos
Av. Paseo de la Reforma 182-A
Cuernavaca, Morelos, 62589
MEXICO",ITESM,2000,Mexico
48,Learning Probabilistic Grid-Based Maps for Indoor Mobile Robots Using Ultrasonic and Laser Range Sensors,2000_001_0014.png,Robotics,Leonardo Romero,ITESM,Campus Morelos,"Temixco, Morelos, Mexico","ITESM, Campus Morelos, Temixco, Morelos, 62589, Mexico",ITESM,2000,Mexico
49,Learning Probabilistic Grid-Based Maps for Indoor Mobile Robots Using Ultrasonic and Laser Range Sensors,2000_001_0014.png,Robotics,Eduardo Morales,ITESM,Campus Morelos,"Temixco, Morelos, Mexico","ITESM, Campus Morelos, Temixco, Morelos, 62589, Mexico",ITESM,2000,Mexico
50,Learning Probabilistic Grid-Based Maps for Indoor Mobile Robots Using Ultrasonic and Laser Range Sensors,2000_001_0014.png,Robotics,Enrique Sucar,ITESM,Campus Morelos,"Temixco, Morelos, Mexico","ITESM, Campus Morelos, Temixco, Morelos, 62589, Mexico",ITESM,2000,Mexico
51,Evolving Insect Locomotion Using Cooperative Genetic Programming,2000_001_0015.png,Bio-inspired & Evolutionary Computing,Edgar E. Vallejo,ITESM,"Computer Science Department, Campus Estado de México","Atizapán, Edo. México, México","Computer Science Department, ITESM Campus Estado de México Apdo. Postal 50, Módulo de Servicio Postal Campus Estado de México del ITESM, 52926 Atizapán, Edo. México, México",ITESM,2000,Mexico
52,Evolving Insect Locomotion Using Cooperative Genetic Programming,2000_001_0015.png,Bio-inspired & Evolutionary Computing,Fernando Ramos,ITESM,"Graduate School of Informatics, Campus Morelos","Cuernavaca, Morelos, México","Graduate School of Informatics, ITESM Campus Morelos Ave. Paseo de la Reforma 182 Col. Lomas de Cuernavaca, 62589 Cuernavaca, Morelos, México",ITESM,2000,Mexico
53,On the Minimal Cooperative Attitude in Multi-robotics Systems,2000_001_0016.png,Robotics,Giovani Gómez,ITESM,"Department of Computer Science, Campus Morelos","Cuernavaca, Morelos, México","Department of Computer Science. ITESM Campus Morelos. Ap. Postal C-99 62050, Cuernavaca, Morelos. México.",ITESM,2000,Mexico
54,On the Minimal Cooperative Attitude in Multi-robotics Systems,2000_001_0016.png,Robotics,Fernando Ramos,ITESM,"Department of Computer Science, Campus Morelos","Cuernavaca, Morelos, México","Department of Computer Science. ITESM Campus Morelos. Ap. Postal C-99 62050, Cuernavaca, Morelos. México.",ITESM,2000,Mexico
55,Eigenfaces Versus Eigeneyes: First Steps Toward Performance Assessment of Representations for Face Recognition,2000_001_0017.png,Computer Vision,Teófilo Emídio de Campos,University of São Paulo,"CreatiVision - Creativision Research Group, Department of Computer Science, DCC-IME-USP","São Paulo, SP, Brazil","CreatiVision - Creativision Research Group, Department of Computer Science, DCC-IME-USP, University of São Paulo, Rua do Matão, 1010, São Paulo, SP, 05508-900, Brazil",*USP,2000,Brazil
56,Eigenfaces Versus Eigeneyes: First Steps Toward Performance Assessment of Representations for Face Recognition,2000_001_0017.png,Computer Vision,Rogério Schmidt Feris,University of São Paulo,"CreatiVision - Creativision Research Group, Department of Computer Science, DCC-IME-USP","São Paulo, SP, Brazil","CreatiVision - Creativision Research Group, Department of Computer Science, DCC-IME-USP, University of São Paulo, Rua do Matão, 1010, São Paulo, SP, 05508-900, Brazil",*USP,2000,Brazil
57,Eigenfaces Versus Eigeneyes: First Steps Toward Performance Assessment of Representations for Face Recognition,2000_001_0017.png,Computer Vision,Roberto Marcondes Cesar Junior,University of São Paulo,"CreatiVision - Creativision Research Group, Department of Computer Science, DCC-IME-USP","São Paulo, SP, Brazil","CreatiVision - Creativision Research Group, Department of Computer Science, DCC-IME-USP, University of São Paulo, Rua do Matão, 1010, São Paulo, SP, 05508-900, Brazil",*USP,2000,Brazil
58,A Neurocontrol Scheme of a 2-DOF Manipulator Using CMAC,2000_001_0018.png,Neural Networks & Deep Learning,Raúl Leal Ascencio,"Instituto Tecnológico de Estudios Superiores de Occidente, ITESO","Depto. de Electrónica, Sistemas e Informática","Tlaquepaque Jal., México","Depto. de Electrónica, Sistemas e Informática
Instituto Tecnológico de Estudios Superiores de Occidente, ITESO,
Tlaquepaque Jal., 45090, México",ITESO,2000,Mexico
59,A Neurocontrol Scheme of a 2-DOF Manipulator Using CMAC,2000_001_0018.png,Neural Networks & Deep Learning,Marco Perez Cisneros,"Instituto Tecnológico de Estudios Superiores de Occidente, ITESO","Depto. de Electrónica, Sistemas e Informática","Tlaquepaque Jal., México","Depto. de Electrónica, Sistemas e Informática
Instituto Tecnológico de Estudios Superiores de Occidente, ITESO,
Tlaquepaque Jal., 45090, México",ITESO,2000,Mexico
60,A New Approach for the Solution of Multiple Objective Optimization Problems Based on Reinforcement Learning,2000_001_0019.png,Reinforcement Learning,Carlos Mariano,Instituto Mexicano de Tecnología del Agua,,"Jiutepec, Morelos, Mexico","Instituto Mexicano de Tecnología del Agua, Paseo Cuauhnáhuac 8532, Jiutepec, Morelos, 62550, Mexico.",IMTA,2000,Mexico
61,A New Approach for the Solution of Multiple Objective Optimization Problems Based on Reinforcement Learning,2000_001_0019.png,Reinforcement Learning,Eduardo Morales,ITESM,Campus Morelos,"Temixco, Morelos, Mexico","ITESM – Campus Morelos, Paseo de la Reforma 182-A, Temixco, Morelos, 62589, Mexico,",ITESM,2000,Mexico
62,Automatic Extraction of Logic Program Transformations from Examples,2000_001_0020.png,Knowledge Representation & Reasoning,Wamberto Weber-Vasconcelos,Universidade Estadual do Ceará,Departmento de Estatística e Computação,"Ceará, Brazil","Departmento de Estatística e Computação, Universidade Estadual do Ceará, Ceará, Brazil",~UEDC,2000,Brazil
63,Automatic Extraction of Logic Program Transformations from Examples,2000_001_0020.png,Knowledge Representation & Reasoning,Marcelo A.T. Aragão,Banco Central do Brasil,Departmento de Informática,"Brasília, Brazil","Departmento de Informática, Banco Central do Brasil, Brasília, Brazil",~BCDB,2000,Brazil
64,Modifications to the Credit Apportionment Mechanism of a Simple Classifier System,2000_001_0021.png,Bio-inspired & Evolutionary Computing,Carlos Zozaya-Gorostiza,Instituto Tecnológico Autónomo de México,División Académica de Ingeniería,"México D.F., México","Instituto Tecnológico Autónomo de México, División Académica de Ingeniería, Río Hondo # 1, México D.F. 01000, México",ITAM,2000,Mexico
65,Modifications to the Credit Apportionment Mechanism of a Simple Classifier System,2000_001_0021.png,Bio-inspired & Evolutionary Computing,David R. Orellana-Moyao,Instituto Tecnológico Autónomo de México,División Académica de Ingeniería,"México D.F., México","Instituto Tecnológico Autónomo de México, División Académica de Ingeniería, Río Hondo # 1, México D.F. 01000, México",ITAM,2000,Mexico
66,A Framework for Interleaving Planning-while-Learning and Execution,2000_001_0022.png,Knowledge Representation & Reasoning,Marcello Balduccini,Università degli Studi dell'Insubria,Centro di Ricerca “Informatica Interattiva”,"Varese, Italy","Centro di Ricerca “Informatica Interattiva”
Università degli Studi dell'Insubria
via Ravasi 2, I-21100 Varese (Italy)",~UDSD,2000,Italy
67,Integrated Reinforcement and Evolutionary Learning Algorithm: Application to Alife in a Shared World,2000_001_0023.png,Bio-inspired & Evolutionary Computing,Jianjun Yan,Utsunomiya University,"Computer Science Department, Faculty of Engineering","Utsunomiya, Japan","Computer Science Department, Faculty of Engineering, Utsunomiya University, Utsunomiya 321-8585, Japan",~UU,2000,Japan
68,Integrated Reinforcement and Evolutionary Learning Algorithm: Application to Alife in a Shared World,2000_001_0023.png,Bio-inspired & Evolutionary Computing,Naoyuki Tokuda,Utsunomiya University,"Computer Science Department, Faculty of Engineering","Utsunomiya, Japan","Computer Science Department, Faculty of Engineering, Utsunomiya University, Utsunomiya 321-8585, Japan",~UU,2000,Japan
69,Integrated Reinforcement and Evolutionary Learning Algorithm: Application to Alife in a Shared World,2000_001_0023.png,Bio-inspired & Evolutionary Computing,Juichi Miyamichi,Utsunomiya University,"Computer Science Department, Faculty of Engineering","Utsunomiya, Japan","Computer Science Department, Faculty of Engineering, Utsunomiya University, Utsunomiya 321-8585, Japan",~UU,2000,Japan
70,RuLess: A Method for the Acquisition and Simplification of Rules,2000_001_0024.png,Hybrid AI & Expert Systems,Pablo R. de Buen Rodriguez,Instituto de Investigaciones Eléctricas,,"Temixco, Mor., Mexico","Instituto de Investigaciones Eléctricas, Av. Paseo de la Reforma 113, Temixco, Mor., 62490, Mexico; Tel. (7)318-38-11 ext.7797; Fax: (7)318-25-38; debuen@iie.org.mx",IIE,2000,Mexico
71,RuLess: A Method for the Acquisition and Simplification of Rules,2000_001_0024.png,Hybrid AI & Expert Systems,Eduardo F. Morales,ITESM,Campus Morelos,"Temixco, Mor., Mexico","ITESM - Campus Morelos, Av. Paseo de la Reforma 182-A, Temixco, Mor., 62589, Mexico; emorales@campus.mor.itesm.mx",ITESM,2000,Mexico
72,RuLess: A Method for the Acquisition and Simplification of Rules,2000_001_0024.png,Hybrid AI & Expert Systems,Sunil Vadera,University of Salford,Department of Computer and Mathematical Sciences,"Salford, UK","Department of Computer and Mathematical Sciences, University of Salford, Salford, M5 4WT, UK; S.Vadera@cms.salford.ac.uk",*USAL,2000,United Kingdom
73,"Applying Reinforcement Learning to Improve MCOE, an Intelligent Learning Environment for Ecology",2000_001_0025.png,Reinforcement Learning,Daniel Antonio Callegari,Pontifícia Universidade Católica do Rio Grande do Sul - PUCRS,Programa de Pós-Graduação em Ciência da Computação,"Porto Alegre, RS, Brazil","Pontifícia Universidade Católica do Rio Grande do Sul - PUCRS
Programa de Pós-Graduação em Ciência da Computação,
Av. Ipiranga 6681 - prédio 16, Porto Alegre, RS - Brazil - 90610-900",~PUCDRGDS,2000,Brazil
74,"Applying Reinforcement Learning to Improve MCOE, an Intelligent Learning Environment for Ecology",2000_001_0025.png,Reinforcement Learning,Flávio Moreira de Oliveira,Pontifícia Universidade Católica do Rio Grande do Sul - PUCRS,Programa de Pós-Graduação em Ciência da Computação,"Porto Alegre, RS, Brazil","Pontifícia Universidade Católica do Rio Grande do Sul - PUCRS
Programa de Pós-Graduação em Ciência da Computação,
Av. Ipiranga 6681 - prédio 16, Porto Alegre, RS - Brazil - 90610-900",~PUCDRGDS,2000,Brazil
75,Rapid Fine-Tuning of Computationally Intensive Classifiers,2000_001_0026.png,Supervised Machine Learning,Stefan Zemke,Stockholm University,Department of Computer and Systems Sciences,"Kista, Sweden","Department of Computer and Systems Sciences
Stockholm University/KTH, Electrum 230, 164 40 Kista, Sweden",~SU,2000,Sweden
76,Rapid Fine-Tuning of Computationally Intensive Classifiers,2000_001_0026.png,Supervised Machine Learning,Stefan Zemke,KTH,Department of Computer and Systems Sciences,"Kista, Sweden","Department of Computer and Systems Sciences
Stockholm University/KTH, Electrum 230, 164 40 Kista, Sweden",KTH,2000,Sweden
77,Applying One-Sided Selection to Unbalanced Datasets,2000_001_0027.png,Supervised Machine Learning,Gustavo E.A.P.A. Batista,Universidade de São Paulo,Instituto de Ciências Matemáticas de São Carlos | Silicon Graphics Brasil,"São Carlos, SP, Brasil","Instituto de Ciências Matemáticas de São Carlos, Universidade de São Paulo. Silicon Graphics Brasil.",*USP,2000,Brazil
78,Applying One-Sided Selection to Unbalanced Datasets,2000_001_0027.png,Supervised Machine Learning,Andre C.P.L.F. Carvalho,Universidade de São Paulo,Instituto de Ciências Matemáticas de São Carlos,"São Carlos, SP, Brasil","Instituto de Ciências Matemáticas de São Carlos, Universidade de São Paulo.",*USP,2000,Brazil
79,Applying One-Sided Selection to Unbalanced Datasets,2000_001_0027.png,Supervised Machine Learning,Maria Carolina Monard,Universidade de São Paulo,Instituto de Ciências Matemáticas de São Carlos/ILTC,"São Carlos, SP, Brasil","Instituto de Ciências Matemáticas de São Carlos, Universidade de São Paulo/ILTC. Av. Carlos Botelho, 1465. Caixa Postal 668. CEP 13560-970. São Carlos - SP. Brasil.",*USP,2000,Brazil
80,NSL/ASL: Distributed Simulation of Modular Neural Networks,2000_001_0028.png,Neural Networks & Deep Learning,Alfredo Weitzenfeld,Instituto Tecnológico Autónomo de México (ITAM),Departamento Académico de Computación,"México DF, MEXICO","Departamento Académico de Computación
Instituto Tecnológico Autónomo de México (ITAM)
Río Hondo #1, San Angel Tizapán, CP 01000
México DF, MEXICO",ITAM,2000,Mexico
81,NSL/ASL: Distributed Simulation of Modular Neural Networks,2000_001_0028.png,Neural Networks & Deep Learning,Oscar Peguero,Instituto Tecnológico Autónomo de México (ITAM),Departamento Académico de Computación,"México DF, MEXICO","Departamento Académico de Computación
Instituto Tecnológico Autónomo de México (ITAM)
Río Hondo #1, San Angel Tizapán, CP 01000
México DF, MEXICO",ITAM,2000,Mexico
82,NSL/ASL: Distributed Simulation of Modular Neural Networks,2000_001_0028.png,Neural Networks & Deep Learning,Sebastián Gutiérrez,Instituto Tecnológico Autónomo de México (ITAM),Departamento Académico de Computación,"México DF, MEXICO","Departamento Académico de Computación
Instituto Tecnológico Autónomo de México (ITAM)
Río Hondo #1, San Angel Tizapán, CP 01000
México DF, MEXICO",ITAM,2000,Mexico
83,Dynamical Behavior of an Electronic Neuron of Commutation,2000_001_0029.png,Neural Networks & Deep Learning,A. Padrón,UNAM,"Laboratorio de Ingeniería Neuronal, Centro de Instrumentos","Coyoacán, México D.F., México","Laboratorio de Ingeniería Neuronal, Centro de Instrumentos - UNAM Apartado Postal 70 - 186, Coyoacán, C. P. 04510, México D.F.",UNAM,2000,Mexico
84,Dynamical Behavior of an Electronic Neuron of Commutation,2000_001_0029.png,Neural Networks & Deep Learning,J. L. Pérez,UNAM,"Laboratorio de Ingeniería Neuronal, Centro de Instrumentos","Coyoacán, México D.F., México","Laboratorio de Ingeniería Neuronal, Centro de Instrumentos - UNAM Apartado Postal 70 - 186, Coyoacán, C. P. 04510, México D.F.",UNAM,2000,Mexico
85,Dynamical Behavior of an Electronic Neuron of Commutation,2000_001_0029.png,Neural Networks & Deep Learning,A. Herrera,UNAM,"Laboratorio de Ingeniería Neuronal, Centro de Instrumentos","Coyoacán, México D.F., México","Laboratorio de Ingeniería Neuronal, Centro de Instrumentos - UNAM Apartado Postal 70 - 186, Coyoacán, C. P. 04510, México D.F.",UNAM,2000,Mexico
86,Dynamical Behavior of an Electronic Neuron of Commutation,2000_001_0029.png,Neural Networks & Deep Learning,R. Prieto,UNAM,"Laboratorio de Ingeniería Neuronal, Centro de Instrumentos","Coyoacán, México D.F., México","Laboratorio de Ingeniería Neuronal, Centro de Instrumentos - UNAM Apartado Postal 70 - 186, Coyoacán, C. P. 04510, México D.F.",UNAM,2000,Mexico
87,Training Neural Networks Using Non-standard Norms – Preliminary Results,2000_001_0030.png,Neural Networks & Deep Learning,Angel Kuri Morales,Instituto Politécnico Nacional,Centro de Investigación en Computación,"Zacatenco, México, D.F.","Centro de Investigación en Computación
Instituto Politécnico Nacional
Unidad Profesional Adolfo López Mateos
Zacatenco
México 07738, D.F.",IPN,2000,Mexico
88,Extending the Prediction Horizon in Dynamic Bandwidth Allocation for VBR Video Transport,2000_001_0031.png,Neural Networks & Deep Learning,Armando García-Rodríguez,Lucent Technologies,,,Lucent Technologies,~LT,2000,Unknown
89,Extending the Prediction Horizon in Dynamic Bandwidth Allocation for VBR Video Transport,2000_001_0031.png,Neural Networks & Deep Learning,Ramón M. Rodríguez-Dagnino,ITESM,Centro de Electrónica y Telecomunicaciones,"Monterrey, N.L., México","ITESM, Centro de Electrónica y Telecomunicaciones, Sucursal de correos “J” C.P. 64849, Monterrey, N.L., México",ITESM,2000,Mexico
90,Extending the Prediction Horizon in Dynamic Bandwidth Allocation for VBR Video Transport,2000_001_0031.png,Neural Networks & Deep Learning,Christos Douligeris,University of Miami,Electrical and Computer Engineering,"Coral Gables, FL, USA | Greece","University of Miami, Electrical and Computer Engineering, Coral Gables, FL 33124 USA, christos@ece.miami.edu, and University of Piraeus, Greece",*UM,2000,Multiple
91,Extending the Prediction Horizon in Dynamic Bandwidth Allocation for VBR Video Transport,2000_001_0031.png,Neural Networks & Deep Learning,Christos Douligeris,University of Piraeus,Electrical and Computer Engineering,"Coral Gables, FL, USA | Greece","University of Miami, Electrical and Computer Engineering, Coral Gables, FL 33124 USA, christos@ece.miami.edu, and University of Piraeus, Greece",~UP,2000,Multiple
92,A Procedure to Select the Vigilance Threshold for the ART2 for Supervised and Unsupervised Training,2000_001_0032.png,Neural Networks & Deep Learning,P. Rayón Villela,Instituto Politécnico Nacional,Centro de Investigación en Computación,"México, D.F., México","Centro de Investigación en Computación-IPN
U. Prof. Adolfo López Mateos, México, D.F. 07738, México",IPN,2000,Mexico
93,A Procedure to Select the Vigilance Threshold for the ART2 for Supervised and Unsupervised Training,2000_001_0032.png,Neural Networks & Deep Learning,J. H. Sossa Azuela,Instituto Politécnico Nacional,Centro de Investigación en Computación,"México, D.F., México","Centro de Investigación en Computación-IPN
U. Prof. Adolfo López Mateos, México, D.F. 07738, México",IPN,2000,Mexico
94,Investigation of the One-Armed Bandit by Neural Network,2000_001_0033.png,Neural Networks & Deep Learning,Frank C. Lin,University of Maryland Eastern Shore,Dept. of Math and Computer Science,"Princess Anne, MD, USA","Dept. of Math and Computer Science
University of Maryland Eastern Shore
Princess Anne, MD 21853-1299",~UMES,2000,United States
95,Investigation of the One-Armed Bandit by Neural Network,2000_001_0033.png,Neural Networks & Deep Learning,Xiaojiang Ju,University of Maryland Eastern Shore,Dept. of Math and Computer Science,"Princess Anne, MD, USA","Dept. of Math and Computer Science
University of Maryland Eastern Shore
Princess Anne, MD 21853-1299",~UMES,2000,United States
96,Knowledge Base System for Diagnostic Assessment of Doppler Spectrogram,2000_001_0034.png,Hybrid AI & Expert Systems,B. Das,Indian Institute of Technology,Dept of Electronics & ECE,"Kharagpur, West Bengal, India","Dept of Electronics & ECE, Indian Institute of Technology Kharagpur, West Bengal, India",~IIT,2000,India
97,Knowledge Base System for Diagnostic Assessment of Doppler Spectrogram,2000_001_0034.png,Hybrid AI & Expert Systems,S.K. Mitra,EKO Heart Foundation,,"Calcutta, West Bengal, India","EKO Heart Foundation Calcutta, West Bengal, India",~EHF,2000,India
98,Knowledge Base System for Diagnostic Assessment of Doppler Spectrogram,2000_001_0034.png,Hybrid AI & Expert Systems,S. Banerjee,Indian Institute of Technology,Dept of Electronics & ECE,"Kharagpur, West Bengal, India","Dept of Electronics & ECE, Indian Institute of Technology Kharagpur, West Bengal, India",~IIT,2000,India
99,Using Randomized Algorithms for Digital Mock-Up in Automotive Industry,2000_001_0035.png,Robotics,Benedikt Bietzker,ISA Tools GmbH,,"Stuttgart, Germany","ISA Tools GmbH, Vaihinger Straße 169, 70567 Stuttgart, Germany",~ITG,2000,Germany
100,Using Randomized Algorithms for Digital Mock-Up in Automotive Industry,2000_001_0035.png,Robotics,Oliver Karch,University of Würzburg,Department of Computer Science I,"Würzburg, Germany","Department of Computer Science I, University of Würzburg, Am Hubland, 97074 Würzburg, Germany",~UW,2000,Germany
101,Using Randomized Algorithms for Digital Mock-Up in Automotive Industry,2000_001_0035.png,Robotics,Hartmut Noltemeier,University of Würzburg,Department of Computer Science I,"Würzburg, Germany","Department of Computer Science I, University of Würzburg, Am Hubland, 97074 Würzburg, Germany",~UW,2000,Germany
102,Risks Inside-Out,2000_001_0036.png,Hybrid AI & Expert Systems,Osvaldo Cairó,Instituto Tecnológico Autónomo de México (ITAM),Computer Science Department,"Mexico City, Mexico","Computer Science Department, Instituto Tecnológico Autónomo de México (ITAM), Mexico City, Mexico 01000",ITAM,2000,Mexico
103,Risks Inside-Out,2000_001_0036.png,Hybrid AI & Expert Systems,Julio Barreiro,Universidad Nacional Autónoma de México (UNAM),Computer Science Department,"Mexico City, Mexico","Computer Science Department, Universidad Nacional Autónoma de México (UNAM), Mexico City, Mexico 04510",UNAM,2000,Mexico
104,Risks Inside-Out,2000_001_0036.png,Hybrid AI & Expert Systems,Francisco Solsona,Universidad Nacional Autónoma de México (UNAM),Computer Science Department,"Mexico City, Mexico","Computer Science Department, Universidad Nacional Autónoma de México (UNAM), Mexico City, Mexico 04510",UNAM,2000,Mexico
105,"A Cooperative, Deductive, and Self-Adaptive Web Authoring Environment",2000_001_0037.png,Hybrid AI & Expert Systems,Dominique Decouchant,"Laboratoire “Logiciels, Systèmes, Réseaux”",,"Grenoble, France","Laboratoire “Logiciels, Systèmes, Réseaux”, Grenoble, France",~L“SR,2000,France
106,"A Cooperative, Deductive, and Self-Adaptive Web Authoring Environment",2000_001_0037.png,Hybrid AI & Expert Systems,Ana María Martínez-Enríquez,CINVESTAV-IPN,"Sección de Computación, Departamento de Ingeniería Eléctrica","D. F., México","Sección de Computación, Departamento de Ingeniería Eléctrica, CINVESTAV-IPN, D. F., México",CINVESTAV,2000,Mexico
107,Definition of a General Conceptualization Method for the Expert Knowledge,2000_001_0038.png,Hybrid AI & Expert Systems,Almudena Sierra-Alonso,Universidad Carlos III,Escuela Politécnica Superior,"Leganés, Madrid, Spain","Universidad Carlos III. Escuela Politécnica Superior. Avda. de la Universidad nº 30, 28911 Leganés, Madrid, Spain",*UC3M,2000,Spain
108,Segmenting the e-Commerce Market Using the Generative Topographic Mapping,2000_001_0039.png,Unsupervised Machine Learning,A. Vellido,Liverpool John Moores University,School of Computing and Mathematical Sciences,"Liverpool, UK","School of Computing and Mathematical Sciences, Liverpool John Moores University, Byrom St. Liverpool L3 3AF, UK",*LJMU,2000,United Kingdom
109,Segmenting the e-Commerce Market Using the Generative Topographic Mapping,2000_001_0039.png,Unsupervised Machine Learning,P.J.G. Lisboa,Liverpool John Moores University,School of Computing and Mathematical Sciences,"Liverpool, UK","School of Computing and Mathematical Sciences, Liverpool John Moores University, Byrom St. Liverpool L3 3AF, UK",*LJMU,2000,United Kingdom
110,Segmenting the e-Commerce Market Using the Generative Topographic Mapping,2000_001_0039.png,Unsupervised Machine Learning,K. Meehan,Liverpool John Moores University,Business School,"Liverpool, UK","Business School, Liverpool John Moores University, 98 Mount Pleasant, Liverpool L3 5UZ, UK",*LJMU,2000,United Kingdom
111,Designing a Fast Neuro-fuzzy System for Speech Noise Cancellation,2000_001_0040.png,Fuzzy Logic & Fuzzy Systems,Anna Esposito,International Institute for Advanced Scientific Studies,IIASS,"Vietri sul Mare, SA, Italy","International Institute for Advanced Scientific Studies (IIASS) Via G. Pellegrino 19, 84019, Vietri sul Mare, SA, Italy",~IIASS,2000,Italy
112,Designing a Fast Neuro-fuzzy System for Speech Noise Cancellation,2000_001_0040.png,Fuzzy Logic & Fuzzy Systems,Eugène C. Ezin,International Institute for Advanced Scientific Studies,IIASS | IMSP,"Vietri sul Mare, SA, Italy | Porto-Novo, Benin","International Institute for Advanced Scientific Studies (IIASS) Via G. Pellegrino 19, 84019, Vietri sul Mare, SA, Italy | Institut de Mathématiques et de Sciences Physiques (IMSP) B.P. 613 Porto-Novo, Benin",~IIASS,2000,Benin
113,Designing a Fast Neuro-fuzzy System for Speech Noise Cancellation,2000_001_0040.png,Fuzzy Logic & Fuzzy Systems,Eugène C. Ezin,Institut de Mathématiques et de Sciences Physiques,IIASS | IMSP,"Vietri sul Mare, SA, Italy | Porto-Novo, Benin","International Institute for Advanced Scientific Studies (IIASS) Via G. Pellegrino 19, 84019, Vietri sul Mare, SA, Italy | Institut de Mathématiques et de Sciences Physiques (IMSP) B.P. 613 Porto-Novo, Benin",~IMESP,2000,Benin
114,Designing a Fast Neuro-fuzzy System for Speech Noise Cancellation,2000_001_0040.png,Fuzzy Logic & Fuzzy Systems,Carlos A. Reyes-Garcia,International Institute for Advanced Scientific Studies,IIASS | ,"Vietri sul Mare, SA, Italy | Apizaco, Tlaxcala, Mexico","International Institute for Advanced Scientific Studies (IIASS) Via G. Pellegrino 19, 84019, Vietri sul Mare, SA, Italy | Instituto Tecnologico de Apizaco-COSNET Apizaco, Tlaxcala, Mexico 90300",~IIASS,2000,Mexico
115,Designing a Fast Neuro-fuzzy System for Speech Noise Cancellation,2000_001_0040.png,Fuzzy Logic & Fuzzy Systems,Carlos A. Reyes-Garcia,Instituto Tecnologico de Apizaco-COSNET,IIASS | ,"Vietri sul Mare, SA, Italy | Apizaco, Tlaxcala, Mexico","International Institute for Advanced Scientific Studies (IIASS) Via G. Pellegrino 19, 84019, Vietri sul Mare, SA, Italy | Instituto Tecnologico de Apizaco-COSNET Apizaco, Tlaxcala, Mexico 90300",ITA,2000,Mexico
116,Verification of Correct Pronunciation of Mexican Spanish Using Speech Technology,2000_001_0041.png,Natural Language Processing (NLP),Ingrid Kirschning,Universidad de las Américas-Puebla,"Tlatoa Speech Processing Group, ICT, CENTIA","Cholula, Pue., México","Tlatoa Speech Processing Group, ICT, CENTIA**, Universidad de las Américas-Puebla. Sta. Catarina Mártir s/n, 72820 Cholula, Pue., México.",UDLAP,2000,Mexico
117,Verification of Correct Pronunciation of Mexican Spanish Using Speech Technology,2000_001_0041.png,Natural Language Processing (NLP),Nancy Aguas,Universidad de las Américas-Puebla,"Tlatoa Speech Processing Group, ICT, CENTIA","Cholula, Pue., México","Tlatoa Speech Processing Group, ICT, CENTIA**, Universidad de las Américas-Puebla. Sta. Catarina Mártir s/n, 72820 Cholula, Pue., México.",UDLAP,2000,Mexico
118,Explaining Abstract Data Types with Sentential and Diagrammatic Elements,2000_001_0042.png,Hybrid AI & Expert Systems,Agustin A. Araya,California State University at San Jose,Dept. of Mathematics and Computer Science,"San Jose, CA, USA","Dept. of Mathematics and Computer Science
California State University at San Jose
San Jose, CA 95192, USA",~CSUSJ,2000,United States
119,Explaining Abstract Data Types with Sentential and Diagrammatic Elements,2000_001_0042.png,Hybrid AI & Expert Systems,Jessica H. Chu,California State University at San Jose,Dept. of Mathematics and Computer Science,"San Jose, CA, USA","Dept. of Mathematics and Computer Science
California State University at San Jose
San Jose, CA 95192, USA",~CSUSJ,2000,United States
120,Dialogue Structure Influence Over Anaphora Resolution*,2000_001_0043.png,Natural Language Processing (NLP),Patricio Martínez-Barco,Universidad de Alicante,Departamento de Lenguajes y Sistemas Informáticos,"Alicante, Spain","Departamento de Lenguajes y Sistemas Informáticos
Universidad de Alicante
Carretera de San Vicente del Raspeig - Alicante - Spain",*UA,2000,Spain
121,Dialogue Structure Influence Over Anaphora Resolution*,2000_001_0043.png,Natural Language Processing (NLP),Manuel Palomar,Universidad de Alicante,Departamento de Lenguajes y Sistemas Informáticos,"Alicante, Spain","Departamento de Lenguajes y Sistemas Informáticos
Universidad de Alicante
Carretera de San Vicente del Raspeig - Alicante - Spain",*UA,2000,Spain
122,Processing of Spanish Definite Descriptions*,2000_001_0044.png,Natural Language Processing (NLP),Rafael Muñoz,Universidad de Alicante,"Grupo de investigación en Procesamiento del Lenguaje y Sistemas de Información, Departamente de Lenguajes y Sistemas de Informáticos","Alicante, Spain","Grupo de investigación en Procesamiento del Lenguaje y Sistemas de Información
Departamente de Lenguajes y Sistemas de Informáticos. Universidad de Alicante
Apartado 99. 03080 Alicante, Spain",*UA,2000,Spain
123,Processing of Spanish Definite Descriptions*,2000_001_0044.png,Natural Language Processing (NLP),Manuel Palomar,Universidad de Alicante,"Grupo de investigación en Procesamiento del Lenguaje y Sistemas de Información, Departamente de Lenguajes y Sistemas de Informáticos","Alicante, Spain","Grupo de investigación en Procesamiento del Lenguaje y Sistemas de Información
Departamente de Lenguajes y Sistemas de Informáticos. Universidad de Alicante
Apartado 99. 03080 Alicante, Spain",*UA,2000,Spain
124,Processing of Spanish Definite Descriptions*,2000_001_0044.png,Natural Language Processing (NLP),Antonio Ferrández,Universidad de Alicante,"Grupo de investigación en Procesamiento del Lenguaje y Sistemas de Información, Departamente de Lenguajes y Sistemas de Informáticos","Alicante, Spain","Grupo de investigación en Procesamiento del Lenguaje y Sistemas de Información
Departamente de Lenguajes y Sistemas de Informáticos. Universidad de Alicante
Apartado 99. 03080 Alicante, Spain",*UA,2000,Spain
125,Syntactic-Conceptual Analysis of Sentences in Spanish Using a Restricted Lexicon for Disambiguation,2000_001_0045.png,Natural Language Processing (NLP),Miguel Angel Ibarra Rivera,"Centro de Investigación Científica y de Educación Superior de Ensenada, CICESE",Computer Science Department,"Ensenada, B.C., México","Computer Science Department
Centro de Investigación Científica y de Educación Superior de Ensenada, CICESE
Km. 107 Carretera Tijuana-Ensenada, Ensenada, B.C., México",CICESE,2000,Mexico
126,Syntactic-Conceptual Analysis of Sentences in Spanish Using a Restricted Lexicon for Disambiguation,2000_001_0045.png,Natural Language Processing (NLP),Jesús Favela Vara,"Centro de Investigación Científica y de Educación Superior de Ensenada, CICESE",Computer Science Department,"Ensenada, B.C., México","Computer Science Department
Centro de Investigación Científica y de Educación Superior de Ensenada, CICESE
Km. 107 Carretera Tijuana-Ensenada, Ensenada, B.C., México",CICESE,2000,Mexico
127,Syntactic-Conceptual Analysis of Sentences in Spanish Using a Restricted Lexicon for Disambiguation,2000_001_0045.png,Natural Language Processing (NLP),Aurelio López-López,"Instituto Nacional de Astrofísica, Optica y Electrónica",Computer Systems Engineering Group,"Puebla, Pue., México","Computer Systems Engineering Group
Instituto Nacional de Astrofísica, Optica y Electrónica
Apdo. Postal 51 y 216, 72000, Puebla, Pue., México",INAOE,2000,Mexico
128,Comparison of Conceptual Graphs,2000_001_0046.png,Knowledge Representation & Reasoning,Manuel Montes-y-Gómez,National Polytechnic Institute (IPN),Center for Computing Research (CIC),"Zacatenco, Mexico D.F., Mexico","Center for Computing Research (CIC), National Polytechnic Institute (IPN), Av. Juan de Dios Bátiz, esq. Mendizabal, Zacatenco, 07738, Mexico D.F., Mexico",IPN,2000,Mexico
129,Comparison of Conceptual Graphs,2000_001_0046.png,Knowledge Representation & Reasoning,Alexander Gelbukh,National Polytechnic Institute (IPN),Center for Computing Research (CIC),"Zacatenco, Mexico D.F., Mexico","Center for Computing Research (CIC), National Polytechnic Institute (IPN), Av. Juan de Dios Bátiz, esq. Mendizabal, Zacatenco, 07738, Mexico D.F., Mexico",IPN,2000,Mexico
130,Comparison of Conceptual Graphs,2000_001_0046.png,Knowledge Representation & Reasoning,Aurelio López-López,INAOE,,"Tonantzintla, Puebla, México","INAOE, Electronics, Luis Enrique Erro No. 1 Tonantzintla, Puebla, 72840 México",INAOE,2000,Mexico
131,Interaction of Purposeful Agents that Use Different Ontologies,2000_001_0047.png,Multi-Agent Systems & Distributed AI,Adolfo Guzmán,Instituto Politécnico Nacional,Centro de Investigación en Computación (CIC),"Mexico City, Mexico","Centro de Investigación en Computación (CIC), Instituto Politécnico Nacional (IPN). Mexico City",IPN,2000,Mexico
132,Interaction of Purposeful Agents that Use Different Ontologies,2000_001_0047.png,Multi-Agent Systems & Distributed AI,Jesús Olivares,Instituto Politécnico Nacional,Centro de Investigación en Computación (CIC),"Mexico City, Mexico","Centro de Investigación en Computación (CIC), Instituto Politécnico Nacional (IPN). Mexico City",IPN,2000,Mexico
133,Interaction of Purposeful Agents that Use Different Ontologies,2000_001_0047.png,Multi-Agent Systems & Distributed AI,Araceli Demetrio,Instituto Politécnico Nacional,Centro de Investigación en Computación (CIC),"Mexico City, Mexico","Centro de Investigación en Computación (CIC), Instituto Politécnico Nacional (IPN). Mexico City",IPN,2000,Mexico
134,Interaction of Purposeful Agents that Use Different Ontologies,2000_001_0047.png,Multi-Agent Systems & Distributed AI,Carmen Domínguez,Instituto Politécnico Nacional,Centro de Investigación en Computación (CIC),"Mexico City, Mexico","Centro de Investigación en Computación (CIC), Instituto Politécnico Nacional (IPN). Mexico City",IPN,2000,Mexico
135,Multi-agent Adaptive Dynamic Programming,2000_001_0048.png,Reinforcement Learning,Snehasis Mukhopadhyay,Indiana University Purdue University Indianapolis,Department of Computer and Information Science,"Indianapolis, IN, USA","Department of Computer and Information Science, SL280, 723W Michigan St., Indiana University Purdue University Indianapolis, Indianapolis, IN 46202 - 5132",~IUPUI,2000,United States
136,Multi-agent Adaptive Dynamic Programming,2000_001_0048.png,Reinforcement Learning,Joby Varghese,Indiana University Purdue University Indianapolis,Department of Computer and Information Science,"Indianapolis, IN, USA","Department of Computer and Information Science, SL280, 723W Michigan St., Indiana University Purdue University Indianapolis, Indianapolis, IN 46202 - 5132",~IUPUI,2000,United States
137,A New Generation of International Databases: A Multi-agent Inspired Approach to Integrate Different Theory-Driven Databases on Conflict Warning,2000_001_0049.png,Multi-Agent Systems & Distributed AI,Monica Lagazio,University of Nottingham,School of Politics,"Nottingham, UK","University of Nottingham, School of Politics, Nottingham, NG7 2RD, UK",*UON,2000,United Kingdom
138,A New Generation of International Databases: A Multi-agent Inspired Approach to Integrate Different Theory-Driven Databases on Conflict Warning,2000_001_0049.png,Multi-Agent Systems & Distributed AI,Evan Govender,University of Nottingham,"School of Mechanical, Materials, Manufacturing Engineering and Management","Nottingham, UK","University of Nottingham, School of Mechanical, Materials, Manufacturing Engineering and Management, NG7 2RD, UK",*UON,2000,United Kingdom
139,Intelligent Interface Agents Behavior Modeling,2000_001_0050.png,Multi-Agent Systems & Distributed AI,Jorge J. Gómez-Sanz,Universidad Complutense,Departamento de Sistemas Informáticos y Programación,"Madrid, Spain","Departamento de Sistemas Informáticos y Programación, Universidad Complutense, Ciudad Universitaria s/n, 28040 Madrid, Spain",*UCM,2000,Spain
140,Intelligent Interface Agents Behavior Modeling,2000_001_0050.png,Multi-Agent Systems & Distributed AI,Juan Pavón,Universidad Complutense,Departamento de Sistemas Informáticos y Programación,"Madrid, Spain","Departamento de Sistemas Informáticos y Programación, Universidad Complutense, Ciudad Universitaria s/n, 28040 Madrid, Spain",*UCM,2000,Spain
141,Intelligent Interface Agents Behavior Modeling,2000_001_0050.png,Multi-Agent Systems & Distributed AI,Francisco Garijo,Telefonica I+D,,"Madrid, Spain","Telefonica I+D, C/ Emilio Vargas 6, 28043 Madrid, Spain",~TI,2000,Spain
142,Memory Based Reasoning and Agents Adaptive Behavior,2000_001_0051.png,Multi-Agent Systems & Distributed AI,Ana S. Aguera,Instituto de Investigaciones Eléctricas,,"Temixco, Morelos, México","Instituto de Investigaciones Eléctricas Av. Reforma 113 Temixco, Morelos. México",IIE,2000,Mexico
143,Memory Based Reasoning and Agents Adaptive Behavior,2000_001_0051.png,Multi-Agent Systems & Distributed AI,Alejandro Guerra,Universidad Veracruzana,Departamento de Inteligencia Artificial,"Xalapa, Veracruz, México","Departamento de Inteligencia Artificial Universidad Veracruzana Sebastián Camacho # 5 Xalapa, Veracruz México",UV,2000,Mexico
144,Memory Based Reasoning and Agents Adaptive Behavior,2000_001_0051.png,Multi-Agent Systems & Distributed AI,Manuel Martínez,Universidad Veracruzana,Departamento de Inteligencia Artificial,"Xalapa, Veracruz, México","Departamento de Inteligencia Artificial Universidad Veracruzana Sebastián Camacho # 5 Xalapa, Veracruz México",UV,2000,Mexico
145,A Model for Combination of External and Internal Stimuli in the Action Selection of an Autonomous Agent,2000_001_0052.png,Robotics,Pedro Pablo González Pérez,UNAM,Instituto de Investigaciones Biomédicas | Instituto de Química,,Instituto de Investigaciones Biomédicas/UNAM | Instituto de Química/UNAM,UNAM,2000,Mexico
146,A Model for Combination of External and Internal Stimuli in the Action Selection of an Autonomous Agent,2000_001_0052.png,Robotics,José Negrete Martínez,UNAM,Instituto de Investigaciones Biomédicas | Maestría en Inteligencia Artificial,,Instituto de Investigaciones Biomédicas/UNAM | Maestría en Inteligencia Artificial/UV,UNAM,2000,Mexico
147,A Model for Combination of External and Internal Stimuli in the Action Selection of an Autonomous Agent,2000_001_0052.png,Robotics,José Negrete Martínez,UV,Instituto de Investigaciones Biomédicas | Maestría en Inteligencia Artificial,,Instituto de Investigaciones Biomédicas/UNAM | Maestría en Inteligencia Artificial/UV,UV,2000,Mexico
148,A Model for Combination of External and Internal Stimuli in the Action Selection of an Autonomous Agent,2000_001_0052.png,Robotics,Ariel Barreiro García,ISCM-H,Centro de Cibernética Aplicada a la Medicina,,Centro de Cibernética Aplicada a la Medicina/ISCM-H,ISCM-H,2000,Cuba
149,A Model for Combination of External and Internal Stimuli in the Action Selection of an Autonomous Agent,2000_001_0052.png,Robotics,Carlos Gershenson García,UNAM,Instituto de Química | Facultad de Filosofía y Letras,,Instituto de Química/UNAM | Fundación Arturo Rosenblueth | Facultad de Filosofía y Letras/UNAM,UNAM,2000,Mexico
150,A Model for Combination of External and Internal Stimuli in the Action Selection of an Autonomous Agent,2000_001_0052.png,Robotics,Carlos Gershenson García,Fundación Arturo Rosenblueth,Instituto de Química | Facultad de Filosofía y Letras,,Instituto de Química/UNAM | Fundación Arturo Rosenblueth | Facultad de Filosofía y Letras/UNAM,~FAR,2000,Mexico
151,Action Selection Properties in a Software Simulated Agent,2000_001_0053.png,Robotics,Carlos Gershenson García,UNAM,Instituto de Química | Fundación Arturo Rosenblueth | Facultad de Filosofía y Letras,,Instituto de Química/UNAM | Fundación Arturo Rosenblueth | Facultad de Filosofía y Letras/UNAM,UNAM,2000,Mexico
152,Action Selection Properties in a Software Simulated Agent,2000_001_0053.png,Robotics,Pedro Pablo González Pérez,UNAM,Instituto de Investigaciones Biomédicas | Instituto de Química,,Instituto de Investigaciones Biomédicas/UNAM | Instituto de Química/UNAM,UNAM,2000,Mexico
153,Action Selection Properties in a Software Simulated Agent,2000_001_0053.png,Robotics,José Negrete Martínez,UNAM,Instituto de Investigaciones Biomédicas | Maestría en Inteligencia Artificial,,Instituto de Investigaciones Biomédicas/UNAM | Maestría en Inteligencia Artificial/UV,UNAM,2000,Mexico
154,Action Selection Properties in a Software Simulated Agent,2000_001_0053.png,Robotics,José Negrete Martínez,UV,Instituto de Investigaciones Biomédicas | Maestría en Inteligencia Artificial,,Instituto de Investigaciones Biomédicas/UNAM | Maestría en Inteligencia Artificial/UV,UV,2000,Mexico
155,MultiAgent Planning: A Resource Based Approach,2000_001_0054.png,Multi-Agent Systems & Distributed AI,José Juan Palacios Pérez,Universidad Autónoma de Puebla,Faculty of Computer Sciences,México,"Faculty of Computer Sciences,
B. Universidad Autónoma de Puebla, México",BUAP,2000,Mexico
156,Generation of a Personal Qualitative Assessment Instrument Using a Fuzzy Expert System,2000_001_0055.png,Fuzzy Logic & Fuzzy Systems,A.M. Martínez-Enríquez,CINVESTAV-IPN,"Sección de Computación, Departamento de Ingeniería Eléctrica",,"Sección de Computación, Departamento de Ingeniería Eléctrica, CINVESTAV-IPN",CINVESTAV,2000,Mexico
157,Generation of a Personal Qualitative Assessment Instrument Using a Fuzzy Expert System,2000_001_0055.png,Fuzzy Logic & Fuzzy Systems,O.R. Sereno-Peñaloza,CINVESTAV-IPN,"Sección de Computación, Departamento de Ingeniería Eléctrica",,"Sección de Computación, Departamento de Ingeniería Eléctrica, CINVESTAV-IPN",CINVESTAV,2000,Mexico
158,Probabilistic Model-Based Diagnosis,2000_001_0056.png,Probabilistic & Statistical Reasoning,Pablo H. Ibargüengoytia,Instituto de Investigaciones Eléctricas,,"Temixco, Mor., México","Instituto de Investigaciones Eléctricas Av. Reforma 113, Temixco, Mor., 62490, México",IIE,2000,Mexico
159,Probabilistic Model-Based Diagnosis,2000_001_0056.png,Probabilistic & Statistical Reasoning,L. Enrique Sucar,ITESM,Campus Morelos,"Temixco, Mor., México","ITESM - Campus Morelos Paseo de la Reforma 182-A, Temixco, Mor., 62589, México",ITESM,2000,Mexico
160,Probabilistic Model-Based Diagnosis,2000_001_0056.png,Probabilistic & Statistical Reasoning,Eduardo Morales,ITESM,Campus Morelos,"Temixco, Mor., México","ITESM - Campus Morelos Paseo de la Reforma 182-A, Temixco, Mor., 62589, México",ITESM,2000,Mexico
161,Instance Metrics Improvement by Probabilistic Support,2000_001_0057.png,Natural Language Processing (NLP),Héctor Jiménez,Universidad Autónoma de Puebla,Facultad de Ciencias Físico-Matemáticas,,"Facultad de Ciencias Físico-Matemáticas
Universidad Autónoma de Puebla",BUAP,2000,Mexico
162,Instance Metrics Improvement by Probabilistic Support,2000_001_0057.png,Natural Language Processing (NLP),Guillermo Morales,Instituto Politécnico Nacional,Centro de Investigación y Estudios Avanzados,,Centro de Investigación y Estudios Avanzados del IPN,IPN,2000,Mexico
163,EDAS – Event-Disturbance Analysis System for Fossil Power Plants Operation,2000_001_0058.png,Probabilistic & Statistical Reasoning,G. Arroyo-Figueroa,Instituto de Investigaciones Eléctricas,,"Cuernavaca, Morelos, Mexico","Instituto de Investigaciones Eléctricas AP 475-1, 62001 Cuernavaca, Morelos, Mexico",IIE,2000,Mexico
164,EDAS – Event-Disturbance Analysis System for Fossil Power Plants Operation,2000_001_0058.png,Probabilistic & Statistical Reasoning,L. Enrique Sucar,ITESM,Campus Morelos,"Cuernavaca, Morelos, Mexico","ITESM Campus Morelos AP C-99, 62020 Cuernavaca, Morelos, Mexico",ITESM,2000,Mexico
165,A Complete Teamwork Model in a Dynamic Environment,2000_001_0059.png,Multi-Agent Systems & Distributed AI,M. Goyal,The University of New South Wales,"Department of Information Engineering, School of Computer Science and Engineering","Sydny 2052, Australia","Department of Information Engineering
School of Computer Science and Engineering
The University of New South Wales
Sydny 2052 Australia",~UNSW,2000,Australia
166,A Complete Teamwork Model in a Dynamic Environment,2000_001_0059.png,Multi-Agent Systems & Distributed AI,N. Parameswaran,The University of New South Wales,"Department of Information Engineering, School of Computer Science and Engineering","Sydny 2052, Australia","Department of Information Engineering
School of Computer Science and Engineering
The University of New South Wales
Sydny 2052 Australia",~UNSW,2000,Australia
167,Towards a Personalized Web-Based Educational System,2000_001_0060.png,Hybrid AI & Expert Systems,J. G. Boticario,Spanish National University for Distance Education (U.N.E.D.),Dpto. de Inteligencia Artificial,"Madrid, Spain","Dpto. de Inteligencia Artificial
Spanish National University for Distance Education (U.N.E.D.)
Senda del Rey, 9
Madrid, Spain",~SNUDE(,2000,Spain
168,Towards a Personalized Web-Based Educational System,2000_001_0060.png,Hybrid AI & Expert Systems,E. Gaudioso,Spanish National University for Distance Education (U.N.E.D.),Dpto. de Inteligencia Artificial,"Madrid, Spain","Dpto. de Inteligencia Artificial
Spanish National University for Distance Education (U.N.E.D.)
Senda del Rey, 9
Madrid, Spain",~SNUDE(,2000,Spain
169,CASSIEL: Modeling Intelligent Agents for a Lifelong Learning Environment,2000_001_0061.png,Multi-Agent Systems & Distributed AI,Gerardo Ayala,Universidad de las Américas-Puebla,CENTIA,"Cholula, Puebla, México","CENTIA*, Universidad de las Américas-Puebla. Sta. Catarina Mártir s/n, 72820 Cholula, Pue., México.",UDLAP,2000,Mexico
170,CASSIEL: Modeling Intelligent Agents for a Lifelong Learning Environment,2000_001_0061.png,Multi-Agent Systems & Distributed AI,Arlette Hernández,Universidad de las Américas-Puebla,CENTIA,"Cholula, Puebla, México","CENTIA*, Universidad de las Américas-Puebla. Sta. Catarina Mártir s/n, 72820 Cholula, Pue., México.",UDLAP,2000,Mexico
171,Adapting the Messy Genetic Algorithm for Path Planning in Redundant and Non-redundant Manipulators,2002_002_0000.png,Bio-inspired & Evolutionary Computing,Victor de la Cueva,ITESM,"Campus Veracruz, División de Profesional","Córdoba, Ver., Mexico","ITESM Campus Veracruz, División de Profesional, Av. Eugenio Garza Sada 1, Ex Campo de Golf Ruiz Galindo, C.P. 94500, Córdoba, Ver., Mexico",ITESM,2002,Mexico
172,Adapting the Messy Genetic Algorithm for Path Planning in Redundant and Non-redundant Manipulators,2002_002_0000.png,Bio-inspired & Evolutionary Computing,Fernando Ramos,ITESM,"Campus Cuernavaca, División de Ingeniería y Ciencias","Cuernavaca, Mor., México","ITESM Campus Cuernavaca, División de Ingeniería y Ciencias, Av. Paseo de la Reforma 182-A, Col. Lomas de Cuernavaca, C.P. 62589, Cuernavaca, Mor., México",ITESM,2002,Mexico
173,Path Planning Using a Single-Query Bi-directional Lazy Collision Checking Planner,2002_002_0001.png,Robotics,Gildardo Sánchez-Ante,ITESM,"Dept. of Computer Science, Campus Guadalajara","Zapopan, Jalisco, Mexico","Dept. of Computer Science
ITESM Campus Guadalajara
Av. Gral. Ramon Corona 2514
Zapopan, Jalisco, 45140
MEXICO",ITESM,2002,Mexico
174,Feature Matching Using Accumulation Spaces,2002_002_0002.png,Computer Vision,Jesús A. Martínez Nuño,Instituto Politécnico Nacional,Centro de Investigación en Computación,"México, D.F.","Centro de Investigación en Computación - IPN Av. Juan de Dios Bátiz s/n, Esq. Miguel Othón de Mendizábal UPALM-IPN Zacatenco, México. D.F.C.P. 07738",IPN,2002,Mexico
175,Feature Matching Using Accumulation Spaces,2002_002_0002.png,Computer Vision,Juan Humberto Sossa Azuela,Instituto Politécnico Nacional,Centro de Investigación en Computación,"México, D.F.","Centro de Investigación en Computación - IPN Av. Juan de Dios Bátiz s/n, Esq. Miguel Othón de Mendizábal UPALM-IPN Zacatenco, México. D.F.C.P. 07738",IPN,2002,Mexico
176,A Methodology for the Statistical Characterization of Genetic Algorithms,2002_002_0003.png,Bio-inspired & Evolutionary Computing,Angel Fernando Kuri-Morales,Instituto Tecnológico Autónomo de México,,"México D.F., México","Instituto Tecnológico Autónomo de México
Río Hondo No. 1, México D.F.",ITAM,2002,Mexico
177,MPSA: A Methodology to Parallelize Simulated Annealing and Its Application to the Traveling Salesman Problem,2002_002_0004.png,Heuristic Search & Optimization,Héctor Sanvicente-Sánchez,IMTA,,"Jiutepec, Morelos, México","1 IMTA, Paseo Cuauhnáhuac 8532, Col Progreso, C.P. 62550, Jiutepec, Morelos, México",IMTA,2002,Mexico
178,MPSA: A Methodology to Parallelize Simulated Annealing and Its Application to the Traveling Salesman Problem,2002_002_0004.png,Heuristic Search & Optimization,Juan Frausto-Solís,ITESM,Campus Cuernavaca,"Cuernavaca, Morelos, México","2 ITESM Campus Cuernavaca, Reforma 182-A, Col. Lomas de Cuernavaca, A.P. 99-C, Cuernavaca, Morelos, México",ITESM,2002,Mexico
179,Penalty Function Methods for Constrained Optimization with Genetic Algorithms: A Statistical Analysis,2002_002_0005.png,Bio-inspired & Evolutionary Computing,Angel Fernando Kuri-Morales,Instituto Tecnológico Autónomo de México,,"México D.F., México","Instituto Tecnológico Autónomo de México
Río Hondo No. 1, México D.F.",ITAM,2002,Mexico
180,Penalty Function Methods for Constrained Optimization with Genetic Algorithms: A Statistical Analysis,2002_002_0005.png,Bio-inspired & Evolutionary Computing,Jesús Gutiérrez-García,Instituto Politécnico Nacional,Centro de Investigación en Computación,"México D.F., México","Centro de Investigación en Computación
Instituto Politécnico Nacional, México D.F.",IPN,2002,Mexico
181,Automatic Generation of Control Parameters for the Threshold Accepting Algorithm,2002_002_0006.png,Heuristic Search & Optimization,Joaquín Pérez,Instituto de Investigaciones Eléctricas,,,Instituto de Investigaciones Eléctricas | Centro Nacional de Investigación y Desarrollo Tecnológico,IIE,2002,Mexico
182,Automatic Generation of Control Parameters for the Threshold Accepting Algorithm,2002_002_0006.png,Heuristic Search & Optimization,Joaquín Pérez,Centro Nacional de Investigación y Desarrollo Tecnológico,,,Instituto de Investigaciones Eléctricas | Centro Nacional de Investigación y Desarrollo Tecnológico,CENIDET,2002,Mexico
183,Automatic Generation of Control Parameters for the Threshold Accepting Algorithm,2002_002_0006.png,Heuristic Search & Optimization,Rodolfo Pazos,Centro Nacional de Investigación y Desarrollo Tecnológico,,,Centro Nacional de Investigación y Desarrollo Tecnológico,CENIDET,2002,Mexico
184,Automatic Generation of Control Parameters for the Threshold Accepting Algorithm,2002_002_0006.png,Heuristic Search & Optimization,Laura Velez,Instituto Tecnológico de Cd. Madero,,,Instituto Tecnológico de Cd. Madero,ITCM,2002,Mexico
185,Automatic Generation of Control Parameters for the Threshold Accepting Algorithm,2002_002_0006.png,Heuristic Search & Optimization,Guillermo Rodríguez,Instituto de Investigaciones Eléctricas,,,Instituto de Investigaciones Eléctricas,IIE,2002,Mexico
186,Genetic Algorithms and Case-Based Reasoning as a Discovery and Learning Machine in the Optimization of Combinational Logic Circuits,2002_002_0007.png,Bio-inspired & Evolutionary Computing,E. Islas Pérez,Instituto de Investigaciones Eléctricas,,"Temixco Morelos, México","Instituto de Investigaciones Eléctricas, Av. Reforma 113, Col. Palmira, 62490 Temixco Morelos, México",IIE,2002,Mexico
187,Genetic Algorithms and Case-Based Reasoning as a Discovery and Learning Machine in the Optimization of Combinational Logic Circuits,2002_002_0007.png,Bio-inspired & Evolutionary Computing,Carlos A. Coello Coello,CINVESTAV-IPN,"Depto. de Ingeniería Eléctrica, Sección de Computación","México, D.F., México","CINVESTAV-IPN, Depto. de Ingeniería Eléctrica, Sección de Computación, Av. IPN No. 2508, Col. San Pedro Zacatenco, México, D.F. 07300, México",CINVESTAV,2002,Mexico
188,Genetic Algorithms and Case-Based Reasoning as a Discovery and Learning Machine in the Optimization of Combinational Logic Circuits,2002_002_0007.png,Bio-inspired & Evolutionary Computing,Arturo Hernández-Aguirre,CIMAT,Depto. de Computación,"Guanajuato, Gto., México","CIMAT, Depto. de Computación, Guanajuato, Gto. 36240, México",CIMAT,2002,Mexico
189,Genetic Algorithms and Case-Based Reasoning as a Discovery and Learning Machine in the Optimization of Combinational Logic Circuits,2002_002_0007.png,Bio-inspired & Evolutionary Computing,Alejandro Villavicencio Ramírez,Instituto de Investigaciones Eléctricas,,"Temixco Morelos, México","Instituto de Investigaciones Eléctricas, Av. Reforma 113, Col. Palmira, 62490 Temixco Morelos, México",IIE,2002,Mexico
190,Time-Domain Segmentation and Labelling of Speech with Fuzzy-Logic Post-Correction Rules,2002_002_0008.png,Fuzzy Logic & Fuzzy Systems,O. Mayora-Ibarra,ITESM,Campus Cuernavaca,"Temixco, Mor., México","ITESM, Campus Cuernavaca, Av. Paseo de la Reforma 182-A, Lomas de Cuernavaca Temixco, Mor. C.P. 62589, México",ITESM,2002,Mexico
191,Time-Domain Segmentation and Labelling of Speech with Fuzzy-Logic Post-Correction Rules,2002_002_0008.png,Fuzzy Logic & Fuzzy Systems,F. Curatelli,Università di Genova,DIBE,"Genova, Italy","DIBE, Università di Genova, Via Opera Pia 11A, 16145 Genova, Italy",~UDG,2002,Italy
192,Detecting Deviations in Text Collections: An Approach Using Conceptual Graphs,2002_002_0009.png,Natural Language Processing (NLP),M. Montes-y-Gómez,Center for Computing Research (CIC-IPN),,México,"Center for Computing Research (CIC-IPN), México.",CIC-IPN,2002,Mexico
193,Detecting Deviations in Text Collections: An Approach Using Conceptual Graphs,2002_002_0009.png,Natural Language Processing (NLP),A. Gelbukh,Center for Computing Research (CIC-IPN),,México,"Center for Computing Research (CIC-IPN), México.",CIC-IPN,2002,Mexico
194,Detecting Deviations in Text Collections: An Approach Using Conceptual Graphs,2002_002_0009.png,Natural Language Processing (NLP),A. López-López,"Instituto Nacional de Astrofísica, Optica y Electrónica (INAOE)",,México,"Instituto Nacional de Astrofísica, Optica y Electrónica (INAOE), México.",~INAOYE(,2002,Mexico
195,Using Long Queries in a Passage Retrieval System*,2002_002_0010.png,Natural Language Processing (NLP),Fernando Llopis,University of Alicante,Departamento de Lenguajes y Sistemas Informáticos,"Alicante, Spain","Departamento de Lenguajes y Sistemas Informáticos
University of Alicante
Alicante, Spain",*UA,2002,Spain
196,Using Long Queries in a Passage Retrieval System*,2002_002_0010.png,Natural Language Processing (NLP),Antonio Ferrández,University of Alicante,Departamento de Lenguajes y Sistemas Informáticos,"Alicante, Spain","Departamento de Lenguajes y Sistemas Informáticos
University of Alicante
Alicante, Spain",*UA,2002,Spain
197,Using Long Queries in a Passage Retrieval System*,2002_002_0010.png,Natural Language Processing (NLP),José Luis Vicedo,University of Alicante,Departamento de Lenguajes y Sistemas Informáticos,"Alicante, Spain","Departamento de Lenguajes y Sistemas Informáticos
University of Alicante
Alicante, Spain",*UA,2002,Spain
198,Solving Optimal Location of Traffic Counting Points at Urban Intersections in CLP(FD),2002_002_0011.png,Heuristic Search & Optimization,Ana Paula Tomás,Universidade do Porto,"DCC-FC & LIACC, Faculdade de Ciências","Porto, Portugal","DCC-FC & LIACC, Faculdade de Ciências, Universidade do Porto, R. do Campo Alegre, 823, 4150-180 Porto, Portugal",~UDP,2002,Portugal
199,Improving Pattern Recognition Using Several Feature Vectors,2002_002_0012.png,Neural Networks & Deep Learning,Patricia Rayón Villela,Instituto Tecnológico y de Estudios Superiores de Monterrey,Campus Ciudad de México,"México, D.F., México","Instituto Tecnológico y de Estudios Superiores de Monterrey-Campus Ciudad de México, Calle del Puente 222, Ejidos de Huipulco, México, D.F., 14380. México",ITESM,2002,Mexico
200,Improving Pattern Recognition Using Several Feature Vectors,2002_002_0012.png,Neural Networks & Deep Learning,Juan Humberto Sossa Azuela,Instituto Politécnico Nacional,Centro de Investigación en Computación,"México, D.F., México","Centro de Investigación en Computación-IPN, Av. Juan de Dios Batíz, esquina con Miguel Otón de Mendizábal, México, D.F., 07738. México",IPN,2002,Mexico
201,Learning Optimization in a MLP Neural Network Applied to OCR,2002_002_0013.png,Neural Networks & Deep Learning,Isis Bonet Cruz,Universidad Central de Las Villas,Departamento de Ciencias de la Computación,"Santa Clara, Villa Clara, Cuba","Departamento de Ciencias de la Computación, Universidad Central de Las Villas, Carretera a Camajuaní Km 5½, Santa Clara, Villa Clara, Cuba, CP: 54830.",~UCV,2002,Cuba
202,Learning Optimization in a MLP Neural Network Applied to OCR,2002_002_0013.png,Neural Networks & Deep Learning,Adolfo Díaz Sardiñas,Universidad Central de Las Villas,Departamento de Ciencias de la Computación,"Santa Clara, Villa Clara, Cuba","Departamento de Ciencias de la Computación, Universidad Central de Las Villas, Carretera a Camajuaní Km 5½, Santa Clara, Villa Clara, Cuba, CP: 54830.",~UCV,2002,Cuba
203,Learning Optimization in a MLP Neural Network Applied to OCR,2002_002_0013.png,Neural Networks & Deep Learning,Rafael Bello Pérez,Universidad Central de Las Villas,Departamento de Ciencias de la Computación,"Santa Clara, Villa Clara, Cuba","Departamento de Ciencias de la Computación, Universidad Central de Las Villas, Carretera a Camajuaní Km 5½, Santa Clara, Villa Clara, Cuba, CP: 54830.",~UCV,2002,Cuba
204,Learning Optimization in a MLP Neural Network Applied to OCR,2002_002_0013.png,Neural Networks & Deep Learning,Yanetsy Sardiñas Oliva,Empresa de Servicios Informáticos,,"Ciego de Ávila, Cuba","Empresa de Servicios Informáticos, Circunvalación Norte, Ciego de Ávila, Cuba.",~ESI,2002,Cuba
205,Applications of a Collaborative Learning Ontology,2002_002_0014.png,Knowledge Representation & Reasoning,B. Barros,U.N.E.D,"Departamento de Lenguajes y Sistemas Informaticos, Escuela Técnica Superior de Ingenieros Industriales","Madrid, Spain","Departamento de Lenguajes y Sistemas Informaticos Escuela Técnica Superior de Ingenieros Industriales (U.N.E.D) Ciudad Universitaria s/n, 28040 Madrid, Spain",U.N.E.D,2002,Spain
206,Applications of a Collaborative Learning Ontology,2002_002_0014.png,Knowledge Representation & Reasoning,M.F. Verdejo,U.N.E.D,"Departamento de Lenguajes y Sistemas Informaticos, Escuela Técnica Superior de Ingenieros Industriales","Madrid, Spain","Departamento de Lenguajes y Sistemas Informaticos Escuela Técnica Superior de Ingenieros Industriales (U.N.E.D) Ciudad Universitaria s/n, 28040 Madrid, Spain",U.N.E.D,2002,Spain
207,Applications of a Collaborative Learning Ontology,2002_002_0014.png,Knowledge Representation & Reasoning,T. Read,U.N.E.D,"Departamento de Lenguajes y Sistemas Informaticos, Escuela Técnica Superior de Ingenieros Industriales","Madrid, Spain","Departamento de Lenguajes y Sistemas Informaticos Escuela Técnica Superior de Ingenieros Industriales (U.N.E.D) Ciudad Universitaria s/n, 28040 Madrid, Spain",U.N.E.D,2002,Spain
208,Applications of a Collaborative Learning Ontology,2002_002_0014.png,Knowledge Representation & Reasoning,R. Mizoguchi,Osaka University,I.S.I.R.,"Ibaraki, Osaka, Japan","I.S.I.R., Osaka University 8-1 Mihogaoka, Ibaraki. Osaka, 567-0047 Japan",~OU,2002,Japan
209,Automated Case Generation from Databases Using Similarity-Based Rough Approximation,2002_002_0015.png,Hybrid AI & Expert Systems,Liqiang Geng,University of Regina,Department of Computer Science,"Regina, Saskatchewan, Canada","Department of Computer Science
University of Regina
Regina, Sask, S4S 0A2, Canada",~UR,2002,Canada
210,Automated Case Generation from Databases Using Similarity-Based Rough Approximation,2002_002_0015.png,Hybrid AI & Expert Systems,Christine W. Chan,University of Regina,Department of Computer Science,"Regina, Saskatchewan, Canada","Department of Computer Science
University of Regina
Regina, Sask, S4S 0A2, Canada",~UR,2002,Canada
211,A Framework for Social Agents’ Interaction Based on Communicative Action Theory and Dynamic Deontic Logic,2002_002_0016.png,Multi-Agent Systems & Distributed AI,Amal El Fallah-Seghrouchni,Laboratoire d'Informatique de Paris Nord,"LIPN, UPRES-A CNRS",France,"Laboratoire d'Informatique de Paris Nord, LIPN, UPRES-A CNRS- 7030, France",~LDPN,2002,France
212,A Framework for Social Agents’ Interaction Based on Communicative Action Theory and Dynamic Deontic Logic,2002_002_0016.png,Multi-Agent Systems & Distributed AI,Christian Lemaître,Laboratorio Nacional de Informática Avanzada,LANIA,Mexico,"Laboratorio Nacional de Informática Avanzada, LANIA, Mexico",LANIA,2002,Mexico
213,Autonomous Agents for Ubiquitous Collaborative Environments,2002_002_0017.png,Multi-Agent Systems & Distributed AI,Jesús Favela,CICESE,Departamento de Ciencias de la Computación,"Ensenada, México","Departamento de Ciencias de la Computación, CICESE, Ensenada, México",CICESE,2002,Mexico
214,Autonomous Agents for Ubiquitous Collaborative Environments,2002_002_0017.png,Multi-Agent Systems & Distributed AI,Manuel Alba,TheBrain Technologies Corp.,,"Santa Monica, CA, USA","TheBrain Technologies Corp., Santa Monica, CA, USA",~TTC,2002,United States
215,Autonomous Agents for Ubiquitous Collaborative Environments,2002_002_0017.png,Multi-Agent Systems & Distributed AI,Marcela Rodríguez,Universidad Autónoma de Baja California,Facultad de Ingeniería | Departamento de Ciencias de la Computación,"Mexicali, México | Ensenada, México","Departamento de Ciencias de la Computación, CICESE, Ensenada, México | Facultad de Ingeniería, Universidad Autónoma de Baja California, Mexicali, México",UABC,2002,Mexico
216,Autonomous Agents for Ubiquitous Collaborative Environments,2002_002_0017.png,Multi-Agent Systems & Distributed AI,Marcela Rodríguez,CICESE,Facultad de Ingeniería | Departamento de Ciencias de la Computación,"Mexicali, México | Ensenada, México","Departamento de Ciencias de la Computación, CICESE, Ensenada, México | Facultad de Ingeniería, Universidad Autónoma de Baja California, Mexicali, México",CICESE,2002,Mexico
217,A Framework for Agent Based Network Management Systems,2002_002_0018.png,Multi-Agent Systems & Distributed AI,Alberto Caballero,ISPJAE,Facultad de Ingeniería Industrial,,"Facultad de Ingeniería Industrial, ISPJAE.",ISPJAE,2002,Cuba
218,A Framework for Agent Based Network Management Systems,2002_002_0018.png,Multi-Agent Systems & Distributed AI,Ronny Alfonso,ISPJAE,Centro de Estudios de Ingeniería de Sistemas,,"Centro de Estudios de Ingeniería de Sistemas, ISPJAE.",ISPJAE,2002,Cuba
219,A Multi-agent Cooperative Intelligent Tutoring System: The Case of Musical Harmony Domain,2002_002_0019.png,Multi-Agent Systems & Distributed AI,Evandro de Barros Costa,Universidade Federal de Alagoas,Departamento de Tecnologia da Informação,"Maceió, Alagoas, Brazil","Departamento de Tecnologia da Informação Universidade Federal de Alagoas Campus A.C. Simões, Tab. do Martins, Maceió -AL - Brazil",~UFA,2002,Brazil
220,A Multi-agent Cooperative Intelligent Tutoring System: The Case of Musical Harmony Domain,2002_002_0019.png,Multi-Agent Systems & Distributed AI,Hyggo Oliveira de Almeida,Universidade Federal de Alagoas,Departamento de Tecnologia da Informação,"Maceió, Alagoas, Brazil","Departamento de Tecnologia da Informação Universidade Federal de Alagoas Campus A.C. Simões, Tab. do Martins, Maceió -AL - Brazil",~UFA,2002,Brazil
221,A Multi-agent Cooperative Intelligent Tutoring System: The Case of Musical Harmony Domain,2002_002_0019.png,Multi-Agent Systems & Distributed AI,Emerson Ferreira de Araújo Lima,Universidade Federal de Alagoas,Departamento de Tecnologia da Informação,"Maceió, Alagoas, Brazil","Departamento de Tecnologia da Informação Universidade Federal de Alagoas Campus A.C. Simões, Tab. do Martins, Maceió -AL - Brazil",~UFA,2002,Brazil
222,A Multi-agent Cooperative Intelligent Tutoring System: The Case of Musical Harmony Domain,2002_002_0019.png,Multi-Agent Systems & Distributed AI,Ricardo Rubens Gomes Nunes Filho,Universidade Federal de Alagoas,Departamento de Tecnologia da Informação,"Maceió, Alagoas, Brazil","Departamento de Tecnologia da Informação Universidade Federal de Alagoas Campus A.C. Simões, Tab. do Martins, Maceió -AL - Brazil",~UFA,2002,Brazil
223,A Multi-agent Cooperative Intelligent Tutoring System: The Case of Musical Harmony Domain,2002_002_0019.png,Multi-Agent Systems & Distributed AI,Klebson dos Santos Silva,Universidade Federal de Alagoas,Departamento de Tecnologia da Informação,"Maceió, Alagoas, Brazil","Departamento de Tecnologia da Informação Universidade Federal de Alagoas Campus A.C. Simões, Tab. do Martins, Maceió -AL - Brazil",~UFA,2002,Brazil
224,A Multi-agent Cooperative Intelligent Tutoring System: The Case of Musical Harmony Domain,2002_002_0019.png,Multi-Agent Systems & Distributed AI,Fernando Maia Assunção,UFPB,Departamento de Sistemas e Computação,"Campina Grande, PB, Brazil","Departamento de Sistemas e Computação - UFPB, Campina Grande-PB",UFPB,2002,Brazil
225,Reacting to Unexpected Events and Communicating in Spite of Mixed Ontologies,2002_002_0020.png,Knowledge Representation & Reasoning,Adolfo Guzmán,Instituto Politécnico Nacional,Centro de Investigación en Computación,"Mexico City, Mexico","Centro de Investigación en Computación, Instituto Politécnico Nacional, Av. J. Bátiz esq. Miguel Othón, C. P. 07738, Mexico City.",IPN,2002,Mexico
226,Reacting to Unexpected Events and Communicating in Spite of Mixed Ontologies,2002_002_0020.png,Knowledge Representation & Reasoning,Carmen Domínguez,Instituto Politécnico Nacional,Centro de Investigación en Computación,"Mexico City, Mexico","Centro de Investigación en Computación, Instituto Politécnico Nacional, Av. J. Bátiz esq. Miguel Othón, C. P. 07738, Mexico City.",IPN,2002,Mexico
227,Reacting to Unexpected Events and Communicating in Spite of Mixed Ontologies,2002_002_0020.png,Knowledge Representation & Reasoning,Jesús Olivares,Instituto Politécnico Nacional,Centro de Investigación en Computación,"Mexico City, Mexico","Centro de Investigación en Computación, Instituto Politécnico Nacional, Av. J. Bátiz esq. Miguel Othón, C. P. 07738, Mexico City.",IPN,2002,Mexico
228,Logic of Interaction for Multiagent Systems,2002_002_0021.png,Multi-Agent Systems & Distributed AI,Matías Alvarado,National Technical University (CIC-IPN),Center for Computing Research | Programa de Matemáticas Aplicadas y Computación,"México, D.F., México","Center for Computing Research of the National Technical University, (CIC-IPN), Mexico Av. Juan de Dios Batiz esq. Othon de Mendizabal s/n. Col. Nueva Industrial Vallejo, México, D.F., C.P. 07738 | Instituto Mexicano del Petróleo, Programa de Matemáticas Aplicadas y Computación, Eje Central Lázaro Cárdenas 152, CP. 07730 México DF.",CIC-IPN,2002,Mexico
229,Logic of Interaction for Multiagent Systems,2002_002_0021.png,Multi-Agent Systems & Distributed AI,Matías Alvarado,Instituto Mexicano del Petróleo,Center for Computing Research | Programa de Matemáticas Aplicadas y Computación,"México, D.F., México","Center for Computing Research of the National Technical University, (CIC-IPN), Mexico Av. Juan de Dios Batiz esq. Othon de Mendizabal s/n. Col. Nueva Industrial Vallejo, México, D.F., C.P. 07738 | Instituto Mexicano del Petróleo, Programa de Matemáticas Aplicadas y Computación, Eje Central Lázaro Cárdenas 152, CP. 07730 México DF.",IMP,2002,Mexico
230,Logic of Interaction for Multiagent Systems,2002_002_0021.png,Multi-Agent Systems & Distributed AI,Leonid Sheremetov,National Technical University (CIC-IPN),Center for Computing Research | Programa de Matemáticas Aplicadas y Computación,"México, D.F., México","Center for Computing Research of the National Technical University, (CIC-IPN), Mexico Av. Juan de Dios Batiz esq. Othon de Mendizabal s/n. Col. Nueva Industrial Vallejo, México, D.F., C.P. 07738 | Instituto Mexicano del Petróleo, Programa de Matemáticas Aplicadas y Computación, Eje Central Lázaro Cárdenas 152, CP. 07730 México DF.",CIC-IPN,2002,Mexico
231,Logic of Interaction for Multiagent Systems,2002_002_0021.png,Multi-Agent Systems & Distributed AI,Leonid Sheremetov,Instituto Mexicano del Petróleo,Center for Computing Research | Programa de Matemáticas Aplicadas y Computación,"México, D.F., México","Center for Computing Research of the National Technical University, (CIC-IPN), Mexico Av. Juan de Dios Batiz esq. Othon de Mendizabal s/n. Col. Nueva Industrial Vallejo, México, D.F., C.P. 07738 | Instituto Mexicano del Petróleo, Programa de Matemáticas Aplicadas y Computación, Eje Central Lázaro Cárdenas 152, CP. 07730 México DF.",IMP,2002,Mexico
232,Logic of Interaction for Multiagent Systems,2002_002_0021.png,Multi-Agent Systems & Distributed AI,Ernesto Germán,National Technical University (CIC-IPN),Center for Computing Research,"México, D.F., México","Center for Computing Research of the National Technical University, (CIC-IPN), Mexico Av. Juan de Dios Batiz esq. Othon de Mendizabal s/n. Col. Nueva Industrial Vallejo, México, D.F., C.P. 07738",CIC-IPN,2002,Mexico
233,Logic of Interaction for Multiagent Systems,2002_002_0021.png,Multi-Agent Systems & Distributed AI,Erick Alva,National Technical University (CIC-IPN),Center for Computing Research,"México, D.F., México","Center for Computing Research of the National Technical University, (CIC-IPN), Mexico Av. Juan de Dios Batiz esq. Othon de Mendizabal s/n. Col. Nueva Industrial Vallejo, México, D.F., C.P. 07738",CIC-IPN,2002,Mexico
234,A New Measure for the Accuracy of a Bayesian Network,2002_002_0022.png,Probabilistic & Statistical Reasoning,Alexandros Pappas,"Imperial College of Science, Technology and Medicine",Department of Computing,"London, United Kingdom","Department of Computing, Imperial College of Science, Technology and Medicine, 180 Queen’s Gate, London SW7 2BZ, United Kingdom",*ICL,2002,United Kingdom
235,A New Measure for the Accuracy of a Bayesian Network,2002_002_0022.png,Probabilistic & Statistical Reasoning,Duncan F. Gillies,"Imperial College of Science, Technology and Medicine",Department of Computing,"London, United Kingdom","Department of Computing, Imperial College of Science, Technology and Medicine, 180 Queen’s Gate, London SW7 2BZ, United Kingdom",*ICL,2002,United Kingdom
236,Modeling Dynamical Causal Interactions with Fuzzy Temporal Networks for Process Operation Support Systems,2002_002_0023.png,Fuzzy Logic & Fuzzy Systems,Gustavo Arroyo-Figueroa,Instituto de Investigaciones Eléctricas,Gerencia de Sistemas Informáticos,"Temixco, Morelos, Mexico","Gerencia de Sistemas Informáticos, Instituto de Investigaciones Eléctricas, Av. Reforma 113, Col. Palmira, 62490 Temixco Morelos Mexico",IIE,2002,Mexico
237,Modeling Dynamical Causal Interactions with Fuzzy Temporal Networks for Process Operation Support Systems,2002_002_0023.png,Fuzzy Logic & Fuzzy Systems,Raúl Herrera-Avelar,Instituto de Investigaciones Eléctricas,Gerencia de Sistemas Informáticos,"Temixco, Morelos, Mexico","Gerencia de Sistemas Informáticos, Instituto de Investigaciones Eléctricas, Av. Reforma 113, Col. Palmira, 62490 Temixco Morelos Mexico",IIE,2002,Mexico
238,Resection Simulation with Local Tissue Deformations for Computer Assisted Surgery of the Prostate,2002_002_0024.png,Bio-inspired & Evolutionary Computing,Miguel A. Padilla Castañeda,Universidad Nacional Autónoma de México,"Laboratorio de Imágenes y Visión (LIV), Centro de Instrumentos","México, D.F., 04510","Laboratorio de Imágenes y Visión (LIV), Centro de Instrumentos, Universidad Nacional Autónoma de México, México, D.F., 04510",UNAM,2002,Mexico
239,Resection Simulation with Local Tissue Deformations for Computer Assisted Surgery of the Prostate,2002_002_0024.png,Bio-inspired & Evolutionary Computing,Fernando Arámbula Cosío,Universidad Nacional Autónoma de México,"Laboratorio de Imágenes y Visión (LIV), Centro de Instrumentos","México, D.F., 04510","Laboratorio de Imágenes y Visión (LIV), Centro de Instrumentos, Universidad Nacional Autónoma de México, México, D.F., 04510",UNAM,2002,Mexico
240,Use of a Rule-Based System for Process Control: Flow Instabilities in Axial Compressors Case Study,2002_002_0025.png,Fuzzy Logic & Fuzzy Systems,Marino Sánchez-Parra,Instituto de Investigaciones Eléctricas (IIE),Gerencia de Control e Instrumentación,"Temixco, Morelos, México","Instituto de Investigaciones Eléctricas (IIE) – Gerencia de Control e Instrumentación. Av. Reforma No. 113, Col. Palmira, Temixco 62490, Morelos, México.",IIE,2002,Mexico
241,Use of a Rule-Based System for Process Control: Flow Instabilities in Axial Compressors Case Study,2002_002_0025.png,Fuzzy Logic & Fuzzy Systems,René Vite-Hernández,Instituto de Investigaciones Eléctricas (IIE),Gerencia de Control e Instrumentación,"Temixco, Morelos, México","Instituto de Investigaciones Eléctricas (IIE) – Gerencia de Control e Instrumentación. Av. Reforma No. 113, Col. Palmira, Temixco 62490, Morelos, México.",IIE,2002,Mexico
242,An Inference Engine for Web Adaptive Cooperative Work,2002_002_0026.png,Hybrid AI & Expert Systems,Ana María Martínez-Enríquez,CINVESTAV-IPN,Depto de Ingeniería Eléctrica,"D. F., México","Depto de Ingeniería Eléctrica, CINVESTAV-IPN, D. F., México",CINVESTAV,2002,Mexico
243,An Inference Engine for Web Adaptive Cooperative Work,2002_002_0026.png,Hybrid AI & Expert Systems,Aslam Muhammad,CINVESTAV-IPN,Depto de Ingeniería Eléctrica,"D. F., México","Depto de Ingeniería Eléctrica, CINVESTAV-IPN, D. F., México",CINVESTAV,2002,Mexico
244,An Inference Engine for Web Adaptive Cooperative Work,2002_002_0026.png,Hybrid AI & Expert Systems,Dominique Decouchant,"Laboratoire “Logiciels, Systèmes, Réseaux”",,"Grenoble, France","Laboratoire “Logiciels, Systèmes, Réseaux”, Grenoble, France",~L“SR,2002,France
245,An Inference Engine for Web Adaptive Cooperative Work,2002_002_0026.png,Hybrid AI & Expert Systems,Jesús Favela,CICESE,Ciencias de la Computación,"Ensenada, México","Ciencias de la Computación, CICESE, Ensenada, México",CICESE,2002,Mexico
246,Pattern-Based Data Compression,2004_003_0000.png,Heuristic Search & Optimization,Ángel Kuri,ITAM,Department of Computing,,"Department of Computing, ITAM.",ITAM,2004,Mexico
247,Pattern-Based Data Compression,2004_003_0000.png,Heuristic Search & Optimization,José Galaviz,UNAM,"Department of Mathematics, Facultad de Ciencias",,"Department of Mathematics, Facultad de Ciencias, UNAM.",UNAM,2004,Mexico
248,Using Simulated Annealing for Paper Cutting Optimization,2004_003_0001.png,Heuristic Search & Optimization,Horacio Martínez-Alfaro,ITESM,Center for Intelligent Systems,"Monterrey, N.L., México","ITESM, Center for Intelligent Systems Monterrey, N.L. 64849 México",ITESM,2004,Mexico
249,Using Simulated Annealing for Paper Cutting Optimization,2004_003_0001.png,Heuristic Search & Optimization,Manuel Valenzuela-Rendón,ITESM,Center for Intelligent Systems,"Monterrey, N.L., México","ITESM, Center for Intelligent Systems Monterrey, N.L. 64849 México",ITESM,2004,Mexico
250,Extracting Temporal Patterns from Time Series Data Bases for Prediction of Electrical Demand,2004_003_0002.png,Data Mining & Knowledge Discovery,J. Jesús Rico,Universidad Michoacana,"División de Estudios de Postgrado, Facultad de Ingeniería Eléctrica","Morelia, Mexico","División de Estudios de Postgrado, Facultad de Ingeniería Eléctrica, Universidad Michoacana, Morelia, Mexico",UMSNH,2004,Mexico
251,Extracting Temporal Patterns from Time Series Data Bases for Prediction of Electrical Demand,2004_003_0002.png,Data Mining & Knowledge Discovery,Juan J. Flores,Universidad Michoacana,"División de Estudios de Postgrado, Facultad de Ingeniería Eléctrica","Morelia, Mexico","División de Estudios de Postgrado, Facultad de Ingeniería Eléctrica, Universidad Michoacana, Morelia, Mexico",UMSNH,2004,Mexico
252,Extracting Temporal Patterns from Time Series Data Bases for Prediction of Electrical Demand,2004_003_0002.png,Data Mining & Knowledge Discovery,Constantino Sotomane,Universidade Eduardo Mondlane,Centro de Informatica,"Maputo, Mozambique","Universidade Eduardo Mondlane, Centro de Informatica, Maputo, Mozambique",~UEM,2004,Mozambique
253,Extracting Temporal Patterns from Time Series Data Bases for Prediction of Electrical Demand,2004_003_0002.png,Data Mining & Knowledge Discovery,Félix Calderón,Universidad Michoacana,"División de Estudios de Postgrado, Facultad de Ingeniería Eléctrica","Morelia, Mexico","División de Estudios de Postgrado, Facultad de Ingeniería Eléctrica, Universidad Michoacana, Morelia, Mexico",UMSNH,2004,Mexico
254,The Synergy between Classical and Soft-Computing Techniques for Time Series Prediction,2004_003_0003.png,Neural Networks & Deep Learning,I. Rojas,University of Granada,"Department of Computer Architecture and Technology, E.T.S. Computer Engineering","Granada, Spain","University of Granada, Department of Computer Architecture and Technology, E.T.S. Computer Engineering, 18071 Granada, Spain",*UGR,2004,Spain
255,The Synergy between Classical and Soft-Computing Techniques for Time Series Prediction,2004_003_0003.png,Neural Networks & Deep Learning,F. Rojas,University of Granada,"Department of Computer Architecture and Technology, E.T.S. Computer Engineering","Granada, Spain","University of Granada, Department of Computer Architecture and Technology, E.T.S. Computer Engineering, 18071 Granada, Spain",*UGR,2004,Spain
256,The Synergy between Classical and Soft-Computing Techniques for Time Series Prediction,2004_003_0003.png,Neural Networks & Deep Learning,H. Pomares,University of Granada,"Department of Computer Architecture and Technology, E.T.S. Computer Engineering","Granada, Spain","University of Granada, Department of Computer Architecture and Technology, E.T.S. Computer Engineering, 18071 Granada, Spain",*UGR,2004,Spain
257,The Synergy between Classical and Soft-Computing Techniques for Time Series Prediction,2004_003_0003.png,Neural Networks & Deep Learning,L.J. Herrera,University of Granada,"Department of Computer Architecture and Technology, E.T.S. Computer Engineering","Granada, Spain","University of Granada, Department of Computer Architecture and Technology, E.T.S. Computer Engineering, 18071 Granada, Spain",*UGR,2004,Spain
258,The Synergy between Classical and Soft-Computing Techniques for Time Series Prediction,2004_003_0003.png,Neural Networks & Deep Learning,J. González,University of Granada,"Department of Applied Mathematics, Science faculty","Granada, Spain","University of Granada, Department of Applied Mathematics, Science faculty, Granada, Spain",*UGR,2004,Spain
259,The Synergy between Classical and Soft-Computing Techniques for Time Series Prediction,2004_003_0003.png,Neural Networks & Deep Learning,O. Valenzuela,University of Granada,"Department of Applied Mathematics, Science faculty","Granada, Spain","University of Granada, Department of Applied Mathematics, Science faculty, Granada, Spain",*UGR,2004,Spain
260,A Naïve Geography Analyst System with Cognitive Support of Imagery Exploitation,2004_003_0004.png,Computer Vision,Sung Baik,Sejong University,School of Computer Engineering,"Seoul 143-747, KOREA","School of Computer Engineering
Sejong University, Seoul 143-747, KOREA",~SU,2004,South Korea
261,A Naïve Geography Analyst System with Cognitive Support of Imagery Exploitation,2004_003_0004.png,Computer Vision,Jerzy Bala,George Mason University,School of Information Technology and Engineering,"Fairfax, VA 22030, U.S.A.","School of Information Technology and Engineering
George Mason University
Fairfax, VA 22030, U.S.A.",~GMU,2004,United States
262,A Naïve Geography Analyst System with Cognitive Support of Imagery Exploitation,2004_003_0004.png,Computer Vision,Ali Hadjarian,"Sigma Systems Research, Inc.",,"Fairfax, VA 22032, U.S.A.","Sigma Systems Research, Inc.
Fairfax, VA 22032, U.S.A.",~SSRI,2004,United States
263,A Naïve Geography Analyst System with Cognitive Support of Imagery Exploitation,2004_003_0004.png,Computer Vision,Peter Pachowicz,"Sigma Systems Research, Inc.",,"Fairfax, VA 22032, U.S.A.","Sigma Systems Research, Inc.
Fairfax, VA 22032, U.S.A.",~SSRI,2004,United States
264,Don't You Escape! I'll Tell You My Story,2004_003_0005.png,Knowledge Representation & Reasoning,Jesús Ibáñez,Universitat Pompeu Fabra,Departamento de Tecnología,"Barcelona, Spain","Departamento de Tecnología, Universitat Pompeu Fabra, Passeig de Circumvallació, 8, 08003 Barcelona, Spain",*UPF,2004,Spain
265,Don't You Escape! I'll Tell You My Story,2004_003_0005.png,Knowledge Representation & Reasoning,Carlos Delgado-Mata,The University of Salford,Centre for Virtual Environments,"Salford, M5 4WT, Manchester, UK","Centre for Virtual Environments, The University of Salford, Business House, University Road, Salford, M5 4WT, Manchester, UK",*USAL,2004,United Kingdom
266,Don't You Escape! I'll Tell You My Story,2004_003_0005.png,Knowledge Representation & Reasoning,Ruth Aylett,The University of Salford,Centre for Virtual Environments,"Salford, M5 4WT, Manchester, UK","Centre for Virtual Environments, The University of Salford, Business House, University Road, Salford, M5 4WT, Manchester, UK",*USAL,2004,United Kingdom
267,Don't You Escape! I'll Tell You My Story,2004_003_0005.png,Knowledge Representation & Reasoning,Rocio Ruiz-Rodarte,Instituto Tecnológico de Estudios Superiores de Monterrey,Campus Estado de México,52926 México,"Instituto Tecnológico de Estudios Superiores de Monterrey, Campus Estado de México, 52926 México",ITESM,2004,Mexico
268,Querying Virtual Worlds. A Fuzzy Approach,2004_003_0006.png,Fuzzy Logic & Fuzzy Systems,Jesús Ibáñez,Universitat Pompeu Fabra,Departamento de Tecnología,"Barcelona, Spain","Departamento de Tecnología, Universitat Pompeu Fabra, Passeig de Circumvallació, 8. 08003 Barcelona, Spain",*UPF,2004,Spain
269,Querying Virtual Worlds. A Fuzzy Approach,2004_003_0006.png,Fuzzy Logic & Fuzzy Systems,Antonio F. Gómez-Skarmeta,Universidad de Murcia,Departamento de Ingeniería de la Información y las Comunicaciones,"Murcia, Spain","Departamento de Ingeniería de la Información y las Comunicaciones, Universidad de Murcia. Apartado 4021, 30001 Murcia, Spain",~UM,2004,Spain
270,Querying Virtual Worlds. A Fuzzy Approach,2004_003_0006.png,Fuzzy Logic & Fuzzy Systems,Josep Blat,Universitat Pompeu Fabra,Departamento de Tecnología,"Barcelona, Spain","Departamento de Tecnología, Universitat Pompeu Fabra, Passeig de Circumvallació, 8. 08003 Barcelona, Spain",*UPF,2004,Spain
271,Infant Cry Classification to Identify Hypoacoustics and Asphyxia with Neural Networks,2004_003_0007.png,Neural Networks & Deep Learning,Orion Fausto Reyes Galaviz,Instituto Tecnológico de Apizaco,,"Apizaco, Tlaxcala, Mexico","Instituto Tecnológico de Apizaco, Av. Tecnologico S/N, Apizaco, Tlaxcala, 90400, Mexico",ITA,2004,Mexico
272,Infant Cry Classification to Identify Hypoacoustics and Asphyxia with Neural Networks,2004_003_0007.png,Neural Networks & Deep Learning,Carlos Alberto Reyes Garcia,Instituto Nacional de Astrofisica Optica y Electronica,,"Tonantzintla, Puebla, Mexico","Instituto Nacional de Astrofisica Optica y Electronica, Luis E. Erro 1, Tonantzintla, Puebla, 72840, Mexico",INAOE,2004,Mexico
273,N-best List Rescoring Using Syntactic Trigrams,2004_003_0008.png,Natural Language Processing (NLP),Luis R. Salgado-Garza,ITESM,Computer Science Department,"Monterrey, Nuevo León, México","Computer Science Department, ITESM, Campus Monterrey Ave. E. Garza Sada #2501 Sur, Monterrey, Nuevo León, C.P. 64849, México.",ITESM,2004,Mexico
274,N-best List Rescoring Using Syntactic Trigrams,2004_003_0008.png,Natural Language Processing (NLP),Richard M. Stern,Carnegie Mellon University,Electrical and Computer Engineering Department,"Pittsburgh, PA, USA","Electrical and Computer Engineering Department, Carnegie Mellon University, 5000 Forbes Avenue, Pittsburgh, PA 15213-3890, USA.",*CMU,2004,United States
275,N-best List Rescoring Using Syntactic Trigrams,2004_003_0008.png,Natural Language Processing (NLP),Juan A. Nolazco F.,ITESM,Computer Science Department,"Monterrey, Nuevo León, México","Computer Science Department, ITESM, Campus Monterrey Ave. E. Garza Sada #2501 Sur, Monterrey, Nuevo León, C.P. 64849, México.",ITESM,2004,Mexico
276,Continuants Based Neural Speaker Verification System,2004_003_0009.png,Neural Networks & Deep Learning,Tae-Seung Lee,Hankuk Aviation University,"School of Electronics, Telecommunication and Computer Engineering","Kyonggi-do, Korea","School of Electronics, Telecommunication and Computer Engineering, Hankuk Aviation University, 200-1, Hwajeon-dong, Deokyang-gu, Kyonggi-do, 412-791, Korea",~HAU,2004,South Korea
277,Continuants Based Neural Speaker Verification System,2004_003_0009.png,Neural Networks & Deep Learning,Byong-Won Hwang,Hankuk Aviation University,"School of Electronics, Telecommunication and Computer Engineering","Kyonggi-do, Korea","School of Electronics, Telecommunication and Computer Engineering, Hankuk Aviation University, 200-1, Hwajeon-dong, Deokyang-gu, Kyonggi-do, 412-791, Korea",~HAU,2004,South Korea
278,Agent Protocols as Executable Ontologies,2004_003_0010.png,Knowledge Representation & Reasoning,Manuel José Contreras M.,University of Edinburgh,School of Informatics,,"School of Informatics, University of Edinburgh
{M. Contreras, A. Smaill}@ed.ac.uk",*UoE,2004,United Kingdom
279,Agent Protocols as Executable Ontologies,2004_003_0010.png,Knowledge Representation & Reasoning,Alan Smaill,University of Edinburgh,School of Informatics,,"School of Informatics, University of Edinburgh
{M. Contreras, A. Smaill}@ed.ac.uk",*UoE,2004,United Kingdom
280,Evaluation of RDF(S) and DAML+OIL Import/Export Services within Ontology Platforms,2004_003_0011.png,Knowledge Representation & Reasoning,Asunción Gómez-Pérez,Universidad Politécnica de Madrid,"Laboratorio de Inteligencia Artificial, Facultad de Informática","Boadilla del Monte, 28660. Madrid, Spain","Laboratorio de Inteligencia Artificial
Facultad de Informática
Universidad Politécnica de Madrid
Campus de Montegancedo sn.
Boadilla del Monte, 28660. Madrid, Spain",*UPM,2004,Spain
281,Evaluation of RDF(S) and DAML+OIL Import/Export Services within Ontology Platforms,2004_003_0011.png,Knowledge Representation & Reasoning,M. Carmen Suárez-Figueroa,Universidad Politécnica de Madrid,"Laboratorio de Inteligencia Artificial, Facultad de Informática","Boadilla del Monte, 28660. Madrid, Spain","Laboratorio de Inteligencia Artificial
Facultad de Informática
Universidad Politécnica de Madrid
Campus de Montegancedo sn.
Boadilla del Monte, 28660. Madrid, Spain",*UPM,2004,Spain
282,Graduated Errors in Approximate Queries Using Hierarchies and Ordered Sets,2004_003_0012.png,Knowledge Representation & Reasoning,Adolfo Guzman-Arenas,Instituto Politécnico Nacional,Centro de Investigación en Computación,"Mexico City, MEXICO","Centro de Investigación en Computación, Instituto Politécnico Nacional. 07738 Mexico City, MEXICO",IPN,2004,Mexico
283,Graduated Errors in Approximate Queries Using Hierarchies and Ordered Sets,2004_003_0012.png,Knowledge Representation & Reasoning,Serguei Levachkine,Instituto Politécnico Nacional,Centro de Investigación en Computación,"Mexico City, MEXICO","Centro de Investigación en Computación, Instituto Politécnico Nacional. 07738 Mexico City, MEXICO",IPN,2004,Mexico
284,Finding the Most Similar Concepts in Two Different Ontologies,2004_003_0013.png,Knowledge Representation & Reasoning,Adolfo Guzman-Arenas,Instituto Politécnico Nacional,Centro de Investigación en Computación,"Mexico City, MEXICO","Centro de Investigación en Computación, Instituto Politécnico Nacional
07738 Mexico City, MEXICO",IPN,2004,Mexico
285,Finding the Most Similar Concepts in Two Different Ontologies,2004_003_0013.png,Knowledge Representation & Reasoning,Jesus M. Olivares-Ceja,Instituto Politécnico Nacional,Centro de Investigación en Computación,"Mexico City, MEXICO","Centro de Investigación en Computación, Instituto Politécnico Nacional
07738 Mexico City, MEXICO",IPN,2004,Mexico
286,ADM: An Active Deductive XML Database System,2004_003_0014.png,Knowledge Representation & Reasoning,Oscar Olmedo-Aguirre,CINVESTAV-IPN,Computer Science,"Mexico City, Mexico","Computer Science, CINVESTAV-IPN, Av IPN 2508, Mexico City, Mexico",CINVESTAV,2004,Mexico
287,ADM: An Active Deductive XML Database System,2004_003_0014.png,Knowledge Representation & Reasoning,Karina Escobar-Vázquez,CINVESTAV-IPN,Computer Science,"Mexico City, Mexico","Computer Science, CINVESTAV-IPN, Av IPN 2508, Mexico City, Mexico",CINVESTAV,2004,Mexico
288,ADM: An Active Deductive XML Database System,2004_003_0014.png,Knowledge Representation & Reasoning,Giner Alor-Hernández,CINVESTAV-IPN,Computer Science,"Mexico City, Mexico","Computer Science, CINVESTAV-IPN, Av IPN 2508, Mexico City, Mexico",CINVESTAV,2004,Mexico
289,ADM: An Active Deductive XML Database System,2004_003_0014.png,Knowledge Representation & Reasoning,Guillermo Morales-Luna,CINVESTAV-IPN,Computer Science,"Mexico City, Mexico","Computer Science, CINVESTAV-IPN, Av IPN 2508, Mexico City, Mexico",CINVESTAV,2004,Mexico
290,Web-Based Intelligent Service for Coalition Operation Support in Networked Organizations,2004_003_0015.png,Hybrid AI & Expert Systems,Alexander Smirnov,St.Petersburg Institute for Informatics and Automation of the Russian Academy of Sciences,,"St Petersburg, Russia","St.Petersburg Institute for Informatics and Automation of the Russian Academy of Sciences
39, 14th Line, St Petersburg, 199178, Russia",~SIIARAS,2004,Russia
291,Web-Based Intelligent Service for Coalition Operation Support in Networked Organizations,2004_003_0015.png,Hybrid AI & Expert Systems,Mikhail Pashkin,St.Petersburg Institute for Informatics and Automation of the Russian Academy of Sciences,,"St Petersburg, Russia","St.Petersburg Institute for Informatics and Automation of the Russian Academy of Sciences
39, 14th Line, St Petersburg, 199178, Russia",~SIIARAS,2004,Russia
292,Web-Based Intelligent Service for Coalition Operation Support in Networked Organizations,2004_003_0015.png,Hybrid AI & Expert Systems,Nikolai Chilov,St.Petersburg Institute for Informatics and Automation of the Russian Academy of Sciences,,"St Petersburg, Russia","St.Petersburg Institute for Informatics and Automation of the Russian Academy of Sciences
39, 14th Line, St Petersburg, 199178, Russia",~SIIARAS,2004,Russia
293,Web-Based Intelligent Service for Coalition Operation Support in Networked Organizations,2004_003_0015.png,Hybrid AI & Expert Systems,Tatiana Levashova,St.Petersburg Institute for Informatics and Automation of the Russian Academy of Sciences,,"St Petersburg, Russia","St.Petersburg Institute for Informatics and Automation of the Russian Academy of Sciences
39, 14th Line, St Petersburg, 199178, Russia",~SIIARAS,2004,Russia
294,Web-Based Intelligent Service for Coalition Operation Support in Networked Organizations,2004_003_0015.png,Hybrid AI & Expert Systems,Andrew Krizhanovsky,St.Petersburg Institute for Informatics and Automation of the Russian Academy of Sciences,,"St Petersburg, Russia","St.Petersburg Institute for Informatics and Automation of the Russian Academy of Sciences
39, 14th Line, St Petersburg, 199178, Russia",~SIIARAS,2004,Russia
295,Knowledge Acquisition and Management System for an Intelligent Planner,2004_003_0016.png,Knowledge Representation & Reasoning,Elí B. Zenteno,Instituto de Investigaciones Eléctricas,,"Cuernavaca, Mor., México","Instituto de Investigaciones Eléctricas Av. Reforma 113, Cuernavaca, Mor., 62490, México",IIE,2004,Mexico
296,Knowledge Acquisition and Management System for an Intelligent Planner,2004_003_0016.png,Knowledge Representation & Reasoning,Pablo H. Ibargüengoytia,Instituto de Investigaciones Eléctricas,,"Cuernavaca, Mor., México","Instituto de Investigaciones Eléctricas Av. Reforma 113, Cuernavaca, Mor., 62490, México",IIE,2004,Mexico
297,Stability Analysis for Dynamic Constraint Satisfaction Problems,2004_003_0017.png,Heuristic Search & Optimization,Manuel Iván Angles-Domínguez,ITESM,"Center for Intelligent Systems, ITESM Campus Monterrey","Monterrey, Nuevo Leon, Mexico","Center for Intelligent Systems, ITESM Campus Monterrey, Ave. Eugenio Garza Sada 2501 Sur, C.P. 64849 Monterrey, Nuevo Leon., Mexico",ITESM,2004,Mexico
298,Stability Analysis for Dynamic Constraint Satisfaction Problems,2004_003_0017.png,Heuristic Search & Optimization,Hugo Terashima-Marín,ITESM,"Center for Intelligent Systems, ITESM Campus Monterrey","Monterrey, Nuevo Leon, Mexico","Center for Intelligent Systems, ITESM Campus Monterrey, Ave. Eugenio Garza Sada 2501 Sur, C.P. 64849 Monterrey, Nuevo Leon., Mexico",ITESM,2004,Mexico
299,Evaluation-Based Semiring Meta-constraints*,2004_003_0018.png,Heuristic Search & Optimization,Jerome Kelleher,University College Cork,"Department of Computer Science, Cork Constraint Computation Centre","Cork, Ireland","Cork Constraint Computation Centre, Department of Computer Science, University College Cork, Ireland",~UCC,2004,Ireland
300,Evaluation-Based Semiring Meta-constraints*,2004_003_0018.png,Heuristic Search & Optimization,Barry O'Sullivan,University College Cork,"Department of Computer Science, Cork Constraint Computation Centre","Cork, Ireland","Cork Constraint Computation Centre, Department of Computer Science, University College Cork, Ireland",~UCC,2004,Ireland
301,Invariant Patterns for Program Reasoning,2004_003_0019.png,Heuristic Search & Optimization,Andrew Ireland,Heriot-Watt University,School of Mathematical & Computer Sciences,"Edinburgh, Scotland, UK","School of Mathematical & Computer Sciences, Heriot-Watt University, Edinburgh, Scotland, UK",~HU,2004,United Kingdom
302,Invariant Patterns for Program Reasoning,2004_003_0019.png,Heuristic Search & Optimization,Bill J. Ellis,Heriot-Watt University,School of Mathematical & Computer Sciences,"Edinburgh, Scotland, UK","School of Mathematical & Computer Sciences, Heriot-Watt University, Edinburgh, Scotland, UK",~HU,2004,United Kingdom
303,Invariant Patterns for Program Reasoning,2004_003_0019.png,Heuristic Search & Optimization,Tommy Ingulfsen,Heriot-Watt University,School of Mathematical & Computer Sciences,"Edinburgh, Scotland, UK","School of Mathematical & Computer Sciences, Heriot-Watt University, Edinburgh, Scotland, UK",~HU,2004,United Kingdom
304,Closing the Gap between the Stable Semantics and Extensions of WFS,2004_003_0020.png,Knowledge Representation & Reasoning,Mauricio Osorio,"Universidad de las Américas, CENTIA",,"Sta. Catarina Mártir, Cholula, Puebla 72820 México","Universidad de las Américas, CENTIA. Sta. Catarina Mártir, Cholula, Puebla 72820 México",UDLAP,2004,Mexico
305,Closing the Gap between the Stable Semantics and Extensions of WFS,2004_003_0020.png,Knowledge Representation & Reasoning,Veronica Borja,"Universidad de las Américas, CENTIA",,"Sta. Catarina Mártir, Cholula, Puebla 72820 México","Universidad de las Américas, CENTIA. Sta. Catarina Mártir, Cholula, Puebla 72820 México",UDLAP,2004,Mexico
306,Closing the Gap between the Stable Semantics and Extensions of WFS,2004_003_0020.png,Knowledge Representation & Reasoning,Jose Arrazola,"Universidad de las Américas, CENTIA",,"Sta. Catarina Mártir, Cholula, Puebla 72820 México","Universidad de las Américas, CENTIA. Sta. Catarina Mártir, Cholula, Puebla 72820 México",UDLAP,2004,Mexico
307,A Framework for Agent-Based Brokering of Reasoning Services,2004_003_0021.png,Hybrid AI & Expert Systems,Jürgen Zimmer,University of Edinburgh,School of Informatics,"Edinburgh, Scotland, United Kingdom","Mathematical Reasoning Group, School of Informatics, University of Edinburgh, Appleton Tower, Edinburgh EH8 9LE, Scotland",*UoE,2004,United Kingdom
308,Faster Proximity Searching in Metric Data,2004_003_0022.png,Data Mining & Knowledge Discovery,Edgar Chávez,Universidad Michoacana,,México,"Universidad Michoacana, México.",UMSNH,2004,Mexico
309,Faster Proximity Searching in Metric Data,2004_003_0022.png,Data Mining & Knowledge Discovery,Karina Figueroa,Universidad Michoacana, | DCC,México | Chile,"Universidad Michoacana, México. | DCC Universidad de Chile, Chile",UMSNH,2004,Mexico
310,Faster Proximity Searching in Metric Data,2004_003_0022.png,Data Mining & Knowledge Discovery,Karina Figueroa,Universidad de Chile, | DCC,México | Chile,"Universidad Michoacana, México. | DCC Universidad de Chile, Chile",~UC,2004,Mexico
311,Data Mining with Decision Trees and Neural Networks for Calcification Detection in Mammograms,2004_003_0023.png,Computer Vision,Beatriz A. Flores,"National Institute of Astrophysics, Optics and Electronics",,"Tonantzintla, Puebla, Mexico","National Institute of Astrophysics, Optics and Electronics
Luis Enrique Erro #1
Tonantzintla, Puebla, Mexico",INAOE,2004,Mexico
312,Data Mining with Decision Trees and Neural Networks for Calcification Detection in Mammograms,2004_003_0023.png,Computer Vision,Jesus A. Gonzalez,"National Institute of Astrophysics, Optics and Electronics",,"Tonantzintla, Puebla, Mexico","National Institute of Astrophysics, Optics and Electronics
Luis Enrique Erro #1
Tonantzintla, Puebla, Mexico",INAOE,2004,Mexico
313,An Optimization Algorithm Based on Active and Instance-Based Learning,2004_003_0024.png,Heuristic Search & Optimization,Olac Fuentes,"Instituto Nacional de Astrofísica, Óptica y Electrónica",,"Santa María Tonantzintla, Puebla, México 72840","Instituto Nacional de Astrofísica, Óptica y Electrónica
Luis Enrique Erro 1
Santa María Tonantzintla, Puebla, México 72840",INAOE,2004,Mexico
314,An Optimization Algorithm Based on Active and Instance-Based Learning,2004_003_0024.png,Heuristic Search & Optimization,Thamar Solorio,"Instituto Nacional de Astrofísica, Óptica y Electrónica",,"Santa María Tonantzintla, Puebla, México 72840","Instituto Nacional de Astrofísica, Óptica y Electrónica
Luis Enrique Erro 1
Santa María Tonantzintla, Puebla, México 72840",INAOE,2004,Mexico
315,MultiGrid-Based Fuzzy Systems for Function Approximation,2004_003_0025.png,Fuzzy Logic & Fuzzy Systems,Luis Javier Herrera,University of Granada,"Department of Computer Architecture and Technology, E.T.S. Computer Engineering","Granada, Spain","University of Granada, Department of Computer Architecture and Technology, E.T.S. Computer Engineering, 18071 Granada, Spain http://atc.ugr.es",*UGR,2004,Spain
316,MultiGrid-Based Fuzzy Systems for Function Approximation,2004_003_0025.png,Fuzzy Logic & Fuzzy Systems,Héctor Pomares,University of Granada,"Department of Computer Architecture and Technology, E.T.S. Computer Engineering","Granada, Spain","University of Granada, Department of Computer Architecture and Technology, E.T.S. Computer Engineering, 18071 Granada, Spain http://atc.ugr.es",*UGR,2004,Spain
317,MultiGrid-Based Fuzzy Systems for Function Approximation,2004_003_0025.png,Fuzzy Logic & Fuzzy Systems,Ignacio Rojas,University of Granada,"Department of Computer Architecture and Technology, E.T.S. Computer Engineering","Granada, Spain","University of Granada, Department of Computer Architecture and Technology, E.T.S. Computer Engineering, 18071 Granada, Spain http://atc.ugr.es",*UGR,2004,Spain
318,MultiGrid-Based Fuzzy Systems for Function Approximation,2004_003_0025.png,Fuzzy Logic & Fuzzy Systems,Olga Valenzuela,University of Granada,"Department of Applied Mathematics, Science faculty","Granada, Spain","University of Granada, Department of Applied Mathematics, Science faculty, Granada, Spain",*UGR,2004,Spain
319,MultiGrid-Based Fuzzy Systems for Function Approximation,2004_003_0025.png,Fuzzy Logic & Fuzzy Systems,Mohammed Awad,University of Granada,"Department of Computer Architecture and Technology, E.T.S. Computer Engineering","Granada, Spain","University of Granada, Department of Computer Architecture and Technology, E.T.S. Computer Engineering, 18071 Granada, Spain http://atc.ugr.es",*UGR,2004,Spain
320,Inducing Classification Rules from Highly-Structured Data with Composition,2004_003_0026.png,Supervised Machine Learning,René MacKinney-Romero,Universidad Autónoma Metropolitana,Departamento de Ingeniería Eléctrica,"México D.F., México","Departamento de Ingeniería Eléctrica, Universidad Autónoma Metropolitana México D.F. 09950, México",UAM,2004,Mexico
321,Inducing Classification Rules from Highly-Structured Data with Composition,2004_003_0026.png,Supervised Machine Learning,Christophe Giraud-Carrier,ELCA Informatique SA,,"Lausanne, Switzerland","ELCA Informatique SA Lausanne, Switzerland",~EIS,2004,Switzerland
322,Comparing Techniques for Multiclass Classification Using Binary SVM Predictors,2004_003_0027.png,Supervised Machine Learning,Ana Carolina Lorena,Universidade de São Paulo,Laboratório de Inteligência Computacional (LABIC) | Instituto de Ciências Matemáticas e de Computação (ICMC),"São Carlos, São Paulo, Brasil","Laboratório de Inteligência Computacional (LABIC), Instituto de Ciências Matemáticas e de Computação (ICMC), Universidade de São Paulo (USP), Av. do Trabalhador São-Carlense, 400 - Centro - Cx. Postal 668 São Carlos - São Paulo - Brasil",*USP,2004,Brazil
323,Comparing Techniques for Multiclass Classification Using Binary SVM Predictors,2004_003_0027.png,Supervised Machine Learning,André C.P.L.F. de Carvalho,Universidade de São Paulo,Laboratório de Inteligência Computacional (LABIC) | Instituto de Ciências Matemáticas e de Computação (ICMC),"São Carlos, São Paulo, Brasil","Laboratório de Inteligência Computacional (LABIC), Instituto de Ciências Matemáticas e de Computação (ICMC), Universidade de São Paulo (USP), Av. do Trabalhador São-Carlense, 400 - Centro - Cx. Postal 668 São Carlos - São Paulo - Brasil",*USP,2004,Brazil
324,Analysing Spectroscopic Data Using Hierarchical Cooperative Maximum Likelihood Hebbian Learning,2004_003_0028.png,Neural Networks & Deep Learning,Donald MacDonald,University of Burgos,Department of Civil Engineering | Applied Computational Intelligence Research Unit,"Burgos, Spain | Paisley, Scotland","Department of Civil Engineering, University of Burgos, Spain. | Applied Computational Intelligence Research Unit, University of Paisley, Scotland",~UB,2004,United Kingdom
325,Analysing Spectroscopic Data Using Hierarchical Cooperative Maximum Likelihood Hebbian Learning,2004_003_0028.png,Neural Networks & Deep Learning,Donald MacDonald,University of Paisley,Department of Civil Engineering | Applied Computational Intelligence Research Unit,"Burgos, Spain | Paisley, Scotland","Department of Civil Engineering, University of Burgos, Spain. | Applied Computational Intelligence Research Unit, University of Paisley, Scotland",*UOP,2004,United Kingdom
326,Analysing Spectroscopic Data Using Hierarchical Cooperative Maximum Likelihood Hebbian Learning,2004_003_0028.png,Neural Networks & Deep Learning,Emilio Corchado,University of Burgos,Department of Civil Engineering | Applied Computational Intelligence Research Unit,"Burgos, Spain | Paisley, Scotland","Department of Civil Engineering, University of Burgos, Spain. | Applied Computational Intelligence Research Unit, University of Paisley, Scotland",~UB,2004,United Kingdom
327,Analysing Spectroscopic Data Using Hierarchical Cooperative Maximum Likelihood Hebbian Learning,2004_003_0028.png,Neural Networks & Deep Learning,Emilio Corchado,University of Paisley,Department of Civil Engineering | Applied Computational Intelligence Research Unit,"Burgos, Spain | Paisley, Scotland","Department of Civil Engineering, University of Burgos, Spain. | Applied Computational Intelligence Research Unit, University of Paisley, Scotland",*UOP,2004,United Kingdom
328,Analysing Spectroscopic Data Using Hierarchical Cooperative Maximum Likelihood Hebbian Learning,2004_003_0028.png,Neural Networks & Deep Learning,Colin Fyfe,University of Paisley,Applied Computational Intelligence Research Unit,"Paisley, Scotland","Applied Computational Intelligence Research Unit, University of Paisley, Scotland",*UOP,2004,United Kingdom
329,Feature Selection-Ranking Methods in a Very Large Electric Database,2004_003_0029.png,Data Mining & Knowledge Discovery,Manuel Mejía-Lavalle,Instituto de Investigaciones Eléctricas,Gerencia de Sistemas Informáticos,"Cuernavaca, Morelos, México","Instituto de Investigaciones Eléctricas, Gerencia de Sistemas Informáticos Reforma 113, 62490 Cuernavaca, Morelos, México",IIE,2004,Mexico
330,Feature Selection-Ranking Methods in a Very Large Electric Database,2004_003_0029.png,Data Mining & Knowledge Discovery,Guillermo Rodríguez-Ortiz,Instituto de Investigaciones Eléctricas,Gerencia de Sistemas Informáticos,"Cuernavaca, Morelos, México","Instituto de Investigaciones Eléctricas, Gerencia de Sistemas Informáticos Reforma 113, 62490 Cuernavaca, Morelos, México",IIE,2004,Mexico
331,Feature Selection-Ranking Methods in a Very Large Electric Database,2004_003_0029.png,Data Mining & Knowledge Discovery,Gustavo Arroyo,Instituto de Investigaciones Eléctricas,Gerencia de Sistemas Informáticos,"Cuernavaca, Morelos, México","Instituto de Investigaciones Eléctricas, Gerencia de Sistemas Informáticos Reforma 113, 62490 Cuernavaca, Morelos, México",IIE,2004,Mexico
332,Feature Selection-Ranking Methods in a Very Large Electric Database,2004_003_0029.png,Data Mining & Knowledge Discovery,Eduardo F. Morales,ITESM,Cuernavaca,Cuernavaca,ITESM - Cuernavaca,ITESM,2004,Mexico
333,Automatic Case Adaptation with a Hybrid Committee Approach,2004_003_0030.png,Knowledge Representation & Reasoning,Claudio A. Policastro,University of Sao Paulo,Institute of Mathematical and Computer Sciences,"Sao Carlos, Sao Paulo, Brazil","Institute of Mathematical and Computer Sciences – University of Sao Paulo. Av. Trabalhador Sao-Carlense, 400 – 13560-970 – Sao Carlos, Sao Paulo, Brazil.",*USP,2004,Brazil
334,Automatic Case Adaptation with a Hybrid Committee Approach,2004_003_0030.png,Knowledge Representation & Reasoning,André C.P.L.F. de Carvalho,University of Sao Paulo,Institute of Mathematical and Computer Sciences,"Sao Carlos, Sao Paulo, Brazil","Institute of Mathematical and Computer Sciences – University of Sao Paulo. Av. Trabalhador Sao-Carlense, 400 – 13560-970 – Sao Carlos, Sao Paulo, Brazil.",*USP,2004,Brazil
335,Automatic Case Adaptation with a Hybrid Committee Approach,2004_003_0030.png,Knowledge Representation & Reasoning,Alexandre C.B. Delbem,University of Sao Paulo,Institute of Mathematical and Computer Sciences,"Sao Carlos, Sao Paulo, Brazil","Institute of Mathematical and Computer Sciences – University of Sao Paulo. Av. Trabalhador Sao-Carlense, 400 – 13560-970 – Sao Carlos, Sao Paulo, Brazil.",*USP,2004,Brazil
336,Class Imbalances versus Class Overlapping: An Analysis of a Learning System Behavior,2004_003_0031.png,Supervised Machine Learning,Ronaldo C. Prati,University of São Paulo,"Laboratory of Computational Intelligence - LABIC, Department of Computer Science and Statistics - SCE, Institute of Mathematics and Computer Science - ICMC, Campus of São Carlos","São Carlos, SP, Brazil","Laboratory of Computational Intelligence - LABIC
Department of Computer Science and Statistics - SCE
Institute of Mathematics and Computer Science - ICMC
University of São Paulo - Campus of São Carlos
P. O. Box 668, 13560-970, São Carlos, SP, Brazil
Phone: +55-16-273-9692. FAX: +55-16-273-9751.
{prati,gbatista,mcmonard}@icmc.usp.br",*USP,2004,Brazil
337,Class Imbalances versus Class Overlapping: An Analysis of a Learning System Behavior,2004_003_0031.png,Supervised Machine Learning,Gustavo E.A.P.A. Batista,University of São Paulo,"Laboratory of Computational Intelligence - LABIC, Department of Computer Science and Statistics - SCE, Institute of Mathematics and Computer Science - ICMC, Campus of São Carlos","São Carlos, SP, Brazil","Laboratory of Computational Intelligence - LABIC
Department of Computer Science and Statistics - SCE
Institute of Mathematics and Computer Science - ICMC
University of São Paulo - Campus of São Carlos
P. O. Box 668, 13560-970, São Carlos, SP, Brazil
Phone: +55-16-273-9692. FAX: +55-16-273-9751.
{prati,gbatista,mcmonard}@icmc.usp.br",*USP,2004,Brazil
338,Class Imbalances versus Class Overlapping: An Analysis of a Learning System Behavior,2004_003_0031.png,Supervised Machine Learning,Maria C. Monard,University of São Paulo,"Laboratory of Computational Intelligence - LABIC, Department of Computer Science and Statistics - SCE, Institute of Mathematics and Computer Science - ICMC, Campus of São Carlos","São Carlos, SP, Brazil","Laboratory of Computational Intelligence - LABIC
Department of Computer Science and Statistics - SCE
Institute of Mathematics and Computer Science - ICMC
University of São Paulo - Campus of São Carlos
P. O. Box 668, 13560-970, São Carlos, SP, Brazil
Phone: +55-16-273-9692. FAX: +55-16-273-9751.
{prati,gbatista,mcmonard}@icmc.usp.br",*USP,2004,Brazil
339,Advanced Clustering Technique for Medical Data Using Semantic Information,2004_003_0032.png,Unsupervised Machine Learning,Kwangcheol Shin,Chung-Ang University,School of Computer Science and Engineering,"Seoul, Korea","School of Computer Science and Engineering, Chung-Ang University, 221 HukSuk-Dong, DongJak-Ku, Seoul, 156-756, Korea",~CU,2004,South Korea
340,Advanced Clustering Technique for Medical Data Using Semantic Information,2004_003_0032.png,Unsupervised Machine Learning,Sang-Yong Han,Chung-Ang University,School of Computer Science and Engineering,"Seoul, Korea","School of Computer Science and Engineering, Chung-Ang University, 221 HukSuk-Dong, DongJak-Ku, Seoul, 156-756, Korea",~CU,2004,South Korea
341,Advanced Clustering Technique for Medical Data Using Semantic Information,2004_003_0032.png,Unsupervised Machine Learning,Alexander Gelbukh,Chung-Ang University,School of Computer Science and Engineering | Center for Computing Research,"Seoul, Korea | Mexico City, Mexico","School of Computer Science and Engineering, Chung-Ang University, 221 HukSuk-Dong, DongJak-Ku, Seoul, 156-756, Korea | Center for Computing Research, National Polytechnic Institute, Mexico City, Mexico",~CU,2004,Mexico
342,Advanced Clustering Technique for Medical Data Using Semantic Information,2004_003_0032.png,Unsupervised Machine Learning,Alexander Gelbukh,National Polytechnic Institute,School of Computer Science and Engineering | Center for Computing Research,"Seoul, Korea | Mexico City, Mexico","School of Computer Science and Engineering, Chung-Ang University, 221 HukSuk-Dong, DongJak-Ku, Seoul, 156-756, Korea | Center for Computing Research, National Polytechnic Institute, Mexico City, Mexico",IPN,2004,Mexico
343,Strict Valued Preference Relations and Choice Functions in Decision-Making Procedures,2004_003_0033.png,Fuzzy Logic & Fuzzy Systems,Ildar Batyrshin,Mexican Petroleum Institute,,"Mexico, D.F.","Mexican Petroleum Institute, Eje Central Lazaro, 152, Mexico, D.F., 07730",IMP,2004,Mexico
344,Strict Valued Preference Relations and Choice Functions in Decision-Making Procedures,2004_003_0033.png,Fuzzy Logic & Fuzzy Systems,Natalja Shajdullina,Kazan State Technological University,,"Kazan, Russia","Kazan State Technological University, K. Marx st., 68, Kazan, Russia",~KSTU,2004,Russia
345,Strict Valued Preference Relations and Choice Functions in Decision-Making Procedures,2004_003_0033.png,Fuzzy Logic & Fuzzy Systems,Leonid Sheremetov,Mexican Petroleum Institute,,"Mexico, D.F.","Mexican Petroleum Institute, Eje Central Lazaro, 152, Mexico, D.F., 07730",IMP,2004,Mexico
346,Adaptation in the Presence of Exogeneous Information in an Artificial Financial Market,2004_003_0034.png,Bio-inspired & Evolutionary Computing,José L. Gordillo,UNAM,Dirección Gral. de Serv. de Cómputo Académico,,"Dirección Gral. de Serv. de Cómputo Académico, UNAM.",UNAM,2004,Mexico
347,Adaptation in the Presence of Exogeneous Information in an Artificial Financial Market,2004_003_0034.png,Bio-inspired & Evolutionary Computing,Juan Pablo Pardo-Guerra,UNAM,Facultad de Ciencias,,"Facultad de Ciencias, UNAM.",UNAM,2004,Mexico
348,Adaptation in the Presence of Exogeneous Information in an Artificial Financial Market,2004_003_0034.png,Bio-inspired & Evolutionary Computing,Christopher R. Stephens,UNAM,Instituto de Ciencias Nucleares,,"Instituto de Ciencias Nucleares, UNAM.",UNAM,2004,Mexico
349,Design Patterns for Multiagent Systems Design,2004_003_0035.png,Multi-Agent Systems & Distributed AI,Sylvain Sauvage,université de Caen,GREY — CNRS UMR 6072 | IIUN,France | Switzerland,"GREY — CNRS UMR 6072, université de Caen (France) | IIUN — université de Neuchâtel (Switzerland)",~UC,2004,Multiple
350,Design Patterns for Multiagent Systems Design,2004_003_0035.png,Multi-Agent Systems & Distributed AI,Sylvain Sauvage,université de Neuchâtel,GREY — CNRS UMR 6072 | IIUN,France | Switzerland,"GREY — CNRS UMR 6072, université de Caen (France) | IIUN — université de Neuchâtel (Switzerland)",~UN,2004,Multiple
351,A Faster Optimal Allocation Algorithm in Combinatorial Auctions,2004_003_0036.png,Multi-Agent Systems & Distributed AI,Jin-Woo Song,Yonsei University,Dept. of Computer Science,"Seoul, 120-749, Korea","Dept. of Computer Science
Yonsei University, Seoul, 120-749, Korea",~YU,2004,South Korea
352,A Faster Optimal Allocation Algorithm in Combinatorial Auctions,2004_003_0036.png,Multi-Agent Systems & Distributed AI,Sung-Bong Yang,Yonsei University,Dept. of Computer Science,"Seoul, 120-749, Korea","Dept. of Computer Science
Yonsei University, Seoul, 120-749, Korea",~YU,2004,South Korea
353,An Agent Based Framework for Modelling Neuronal Regulators of the Biological Systems,2004_003_0037.png,Multi-Agent Systems & Distributed AI,Antonio Soriano Payá,University of Alicante,Department of Computing and Information Technology,"Alicante, Spain","Department of Computing and Information Technology, University of Alicante, P.O. 99, Alicante, Spain",*UA,2004,Spain
354,An Agent Based Framework for Modelling Neuronal Regulators of the Biological Systems,2004_003_0037.png,Multi-Agent Systems & Distributed AI,Juan Manuel García Chamizo,University of Alicante,Department of Computing and Information Technology,"Alicante, Spain","Department of Computing and Information Technology, University of Alicante, P.O. 99, Alicante, Spain",*UA,2004,Spain
355,An Agent Based Framework for Modelling Neuronal Regulators of the Biological Systems,2004_003_0037.png,Multi-Agent Systems & Distributed AI,Francisco Maciá Pérez,University of Alicante,Department of Computing and Information Technology,"Alicante, Spain","Department of Computing and Information Technology, University of Alicante, P.O. 99, Alicante, Spain",*UA,2004,Spain
356,Possibilistic Reasoning and Privacy/Efficiency Tradeoffs in Multi-agent Systems,2004_003_0038.png,Multi-Agent Systems & Distributed AI,Richard J. Wallace,University College Cork,Cork Constraint Computation Center,"Cork, Ireland","Cork Constraint Computation Center, University College Cork, Cork, Ireland",~UCC,2004,Ireland
357,Possibilistic Reasoning and Privacy/Efficiency Tradeoffs in Multi-agent Systems,2004_003_0038.png,Multi-Agent Systems & Distributed AI,Eugene C. Freuder,University College Cork,Cork Constraint Computation Center,"Cork, Ireland","Cork Constraint Computation Center, University College Cork, Cork, Ireland",~UCC,2004,Ireland
358,Possibilistic Reasoning and Privacy/Efficiency Tradeoffs in Multi-agent Systems,2004_003_0038.png,Multi-Agent Systems & Distributed AI,Marius Minca,"Ecora, Inc.",,"Portsmouth, NH, USA","Ecora, Inc., Portsmouth, NH, USA",~EI,2004,United States
359,A Biologically Motivated and Computationally Efficient Natural Language Processor,2004_003_0039.png,Natural Language Processing (NLP),João Luís Garcia Rosa,Pontifícia Universidade Católica de Campinas - PUC-Campinas,"Centro de Ciências Exatas, Ambientais e de Tecnologias","Campinas, SP, Brazil","Centro de Ciências Exatas, Ambientais e de Tecnologias
Pontifícia Universidade Católica de Campinas - PUC-Campinas
Rodovia D. Pedro I, km. 136 - Caixa Postal 317
13012-970 - Campinas - SP - Brazil",~PUCC-P,2004,Brazil
360,A Question-Answering System Using Argumentation,2004_003_0040.png,Natural Language Processing (NLP),Emanuela Moreale,The Open University,Knowledge Media Institute,"Milton Keynes, England","Knowledge Media Institute, The Open University, Walton Hall, Milton Keynes MK7 6AA, England",~OU,2004,United Kingdom
361,A Question-Answering System Using Argumentation,2004_003_0040.png,Natural Language Processing (NLP),Maria Vargas-Vera,The Open University,Knowledge Media Institute,"Milton Keynes, England","Knowledge Media Institute, The Open University, Walton Hall, Milton Keynes MK7 6AA, England",~OU,2004,United Kingdom
362,Recognition of Named Entities in Spanish Texts,2004_003_0041.png,Natural Language Processing (NLP),Sofía N. Galicia-Haro,UNAM,Faculty of Sciences,"Mexico City, Mexico","Faculty of Sciences
UNAM Ciudad Universitaria Mexico City, Mexico",UNAM,2004,Mexico
363,Recognition of Named Entities in Spanish Texts,2004_003_0041.png,Natural Language Processing (NLP),Alexander Gelbukh,National Polytechnic Institute,Center for Computing Research | Department of Computer Science and Engineering,"Mexico City, Mexico | Seoul, Korea","Center for Computing Research
National Polytechnic Institute, Mexico City, Mexico | Department of Computer Science and Engineering, Chung-Ang University,
221 Huksuk-Dong, DongJak-Ku, Seoul, 156-756, Korea",IPN,2004,South Korea
364,Recognition of Named Entities in Spanish Texts,2004_003_0041.png,Natural Language Processing (NLP),Alexander Gelbukh,Chung-Ang University,Center for Computing Research | Department of Computer Science and Engineering,"Mexico City, Mexico | Seoul, Korea","Center for Computing Research
National Polytechnic Institute, Mexico City, Mexico | Department of Computer Science and Engineering, Chung-Ang University,
221 Huksuk-Dong, DongJak-Ku, Seoul, 156-756, Korea",~CU,2004,South Korea
365,Recognition of Named Entities in Spanish Texts,2004_003_0041.png,Natural Language Processing (NLP),Igor A. Bolshakov,National Polytechnic Institute,Center for Computing Research,"Mexico City, Mexico","Center for Computing Research
National Polytechnic Institute, Mexico City, Mexico",IPN,2004,Mexico
366,Automatic Enrichment of a Very Large Dictionary of Word Combinations on the Basis of Dependency Formalism*,2004_003_0042.png,Natural Language Processing (NLP),Alexander Gelbukh,National Polytechnic Institute,"Natural Language and Text Processing Laboratory, Center for Computing Research | Department of Computer Science and Engineering","Mexico City, Mexico | Seoul, Korea","Natural Language and Text Processing Laboratory, Center for Computing Research, National Polytechnic Institute, Av. Juan Dios Batiz s/n, Zacatenco 07738, Mexico City, Mexico | Department of Computer Science and Engineering, Chung-Ang University, 221 Huksuk-Dong, DongJak-Ku, Seoul, 156-756, Korea",IPN,2004,South Korea
367,Automatic Enrichment of a Very Large Dictionary of Word Combinations on the Basis of Dependency Formalism*,2004_003_0042.png,Natural Language Processing (NLP),Alexander Gelbukh,Chung-Ang University,"Natural Language and Text Processing Laboratory, Center for Computing Research | Department of Computer Science and Engineering","Mexico City, Mexico | Seoul, Korea","Natural Language and Text Processing Laboratory, Center for Computing Research, National Polytechnic Institute, Av. Juan Dios Batiz s/n, Zacatenco 07738, Mexico City, Mexico | Department of Computer Science and Engineering, Chung-Ang University, 221 Huksuk-Dong, DongJak-Ku, Seoul, 156-756, Korea",~CU,2004,South Korea
368,Automatic Enrichment of a Very Large Dictionary of Word Combinations on the Basis of Dependency Formalism*,2004_003_0042.png,Natural Language Processing (NLP),Grigori Sidorov,National Polytechnic Institute,"Natural Language and Text Processing Laboratory, Center for Computing Research","Mexico City, Mexico","Natural Language and Text Processing Laboratory, Center for Computing Research, National Polytechnic Institute, Av. Juan Dios Batiz s/n, Zacatenco 07738, Mexico City, Mexico",IPN,2004,Mexico
369,Automatic Enrichment of a Very Large Dictionary of Word Combinations on the Basis of Dependency Formalism*,2004_003_0042.png,Natural Language Processing (NLP),San-Yong Han,Chung-Ang University,Department of Computer Science and Engineering,"Seoul, Korea","Department of Computer Science and Engineering, Chung-Ang University, 221 Huksuk-Dong, DongJak-Ku, Seoul, 156-756, Korea",~CU,2004,South Korea
370,Automatic Enrichment of a Very Large Dictionary of Word Combinations on the Basis of Dependency Formalism*,2004_003_0042.png,Natural Language Processing (NLP),Erika Hernández-Rubio,National Polytechnic Institute,"Natural Language and Text Processing Laboratory, Center for Computing Research","Mexico City, Mexico","Natural Language and Text Processing Laboratory, Center for Computing Research, National Polytechnic Institute, Av. Juan Dios Batiz s/n, Zacatenco 07738, Mexico City, Mexico",IPN,2004,Mexico
371,Towards an Efficient Evolutionary Decoding Algorithm for Statistical Machine Translation*,2004_003_0043.png,Natural Language Processing (NLP),Eridan Otto,Universidad Técnica Federico Santa María,Departamento de Informática,"Valparaíso, Chile","Departamento de Informática | Universidad Técnica Federico Santa María | Valparaíso, Chile",~UTFSM,2004,Chile
372,Towards an Efficient Evolutionary Decoding Algorithm for Statistical Machine Translation*,2004_003_0043.png,Natural Language Processing (NLP),María Cristina Riff,Universidad Técnica Federico Santa María,Departamento de Informática,"Valparaíso, Chile","Departamento de Informática | Universidad Técnica Federico Santa María | Valparaíso, Chile",~UTFSM,2004,Chile
373,"The Role of Imperatives in Inference, Agents, and Actions",2004_003_0044.png,Logic & Automated Reasoning,Miguel Pérez-Ramírez,Instituto de Investigaciones Eléctricas,,"Cuernavaca, Morelos, México","Instituto de Investigaciones Eléctricas. Reforma 113. Cuernavaca Mor., México. CP 62490.",IIE,2004,Mexico
374,"The Role of Imperatives in Inference, Agents, and Actions",2004_003_0044.png,Logic & Automated Reasoning,Chris Fox,University of Essex,Computer Science Department,"Colchester, Essex, UK","University of Essex. Computer Science Department Wivenhoe Park, Colchester CO4 3SQ, Essex, UK.",~UE,2004,United Kingdom
375,Automatic Multilinguality for Time Expression Resolution*,2004_003_0045.png,Natural Language Processing (NLP),E. Saquete,Universidad de Alicante,Grupo de investigación del Procesamiento del Lenguaje y Sistemas de Información. Departamento de Lenguajes y Sistemas Informáticos.,"Alicante, Spain","Grupo de investigación del Procesamiento del Lenguaje y Sistemas de Información. Departamento de Lenguajes y Sistemas Informáticos. Universidad de Alicante. Alicante, Spain",*UA,2004,Spain
376,Automatic Multilinguality for Time Expression Resolution*,2004_003_0045.png,Natural Language Processing (NLP),P. Martínez-Barco,Universidad de Alicante,Grupo de investigación del Procesamiento del Lenguaje y Sistemas de Información. Departamento de Lenguajes y Sistemas Informáticos.,"Alicante, Spain","Grupo de investigación del Procesamiento del Lenguaje y Sistemas de Información. Departamento de Lenguajes y Sistemas Informáticos. Universidad de Alicante. Alicante, Spain",*UA,2004,Spain
377,Automatic Multilinguality for Time Expression Resolution*,2004_003_0045.png,Natural Language Processing (NLP),R. Muñoz,Universidad de Alicante,Grupo de investigación del Procesamiento del Lenguaje y Sistemas de Información. Departamento de Lenguajes y Sistemas Informáticos.,"Alicante, Spain","Grupo de investigación del Procesamiento del Lenguaje y Sistemas de Información. Departamento de Lenguajes y Sistemas Informáticos. Universidad de Alicante. Alicante, Spain",*UA,2004,Spain
378,AQUA – Ontology-Based Question Answering System,2004_003_0046.png,Knowledge Representation & Reasoning,Maria Vargas-Vera,The Open University,Knowledge Media Institute (KMi),"Milton Keynes, United Kingdom","Knowledge Media Institute (KMi), The Open University, Walton Hall, Milton Keynes, MK7 6AA, United Kingdom",~OU,2004,United Kingdom
379,AQUA – Ontology-Based Question Answering System,2004_003_0046.png,Knowledge Representation & Reasoning,Enrico Motta,The Open University,Knowledge Media Institute (KMi),"Milton Keynes, United Kingdom","Knowledge Media Institute (KMi), The Open University, Walton Hall, Milton Keynes, MK7 6AA, United Kingdom",~OU,2004,United Kingdom
380,Phrase Chunking for Efficient Parsing in Machine Translation System,2004_003_0047.png,Natural Language Processing (NLP),Jaehyung Yang,Kangnam University,School of Computer and Media Engineering,"Yongin-si, Kyunggi-do, Korea","School of Computer and Media Engineering, Kangnam University, Yongin-si, Kyunggi-do, 449-702, Korea",~KU,2004,South Korea
381,Motion Planning Based on Geometric Features,2004_003_0048.png,Robotics,Antonio Benitez,Universidad de las Américas,CENTIA,"Cholula, Puebla, México","Universidad de las Américas, CENTIA. Sta. Catarina Mártir, Cholula, Puebla 72820 México",UDLAP,2004,Mexico
382,Motion Planning Based on Geometric Features,2004_003_0048.png,Robotics,Daniel Vallejo,Universidad de las Américas,CENTIA,"Cholula, Puebla, México","Universidad de las Américas, CENTIA. Sta. Catarina Mártir, Cholula, Puebla 72820 México",UDLAP,2004,Mexico
383,Comparative Evaluation of Temporal Nodes Bayesian Networks and Networks of Probabilistic Events in Discrete Time,2004_003_0049.png,Probabilistic & Statistical Reasoning,S.F. Galán,UNED,Departamento de Inteligencia Artificial,"Madrid, Spain","Departamento de Inteligencia Artificial, UNED, Madrid, Spain",UNED,2004,Spain
384,Comparative Evaluation of Temporal Nodes Bayesian Networks and Networks of Probabilistic Events in Discrete Time,2004_003_0049.png,Probabilistic & Statistical Reasoning,G. Arroyo-Figueroa,Instituto de Investigaciones Eléctricas,,"Cuernavaca, Mexico","Instituto de Investigaciones Eléctricas, Cuernavaca, Mexico",IIE,2004,Mexico
385,Comparative Evaluation of Temporal Nodes Bayesian Networks and Networks of Probabilistic Events in Discrete Time,2004_003_0049.png,Probabilistic & Statistical Reasoning,F.J. Díez,UNED,Departamento de Inteligencia Artificial,"Madrid, Spain","Departamento de Inteligencia Artificial, UNED, Madrid, Spain",UNED,2004,Spain
386,Comparative Evaluation of Temporal Nodes Bayesian Networks and Networks of Probabilistic Events in Discrete Time,2004_003_0049.png,Probabilistic & Statistical Reasoning,L.E. Sucar,ITESM,Campus Cuernavaca,"Cuernavaca, Mexico","ITESM - Campus Cuernavaca, Mexico",ITESM,2004,Mexico
387,Function Approximation through Fuzzy Systems Using Taylor Series Expansion-Based Rules: Interpretability and Parameter Tuning,2004_003_0050.png,Fuzzy Logic & Fuzzy Systems,Luis Javier Herrera,University of Granada,"Department of Computer Architecture and Technology, E.T.S. Computer Engineering","Granada, Spain","University of Granada, Department of Computer Architecture and Technology, E.T.S. Computer Engineering, 18071 Granada, Spain http://atc.ugr.es",*UGR,2004,Spain
388,Function Approximation through Fuzzy Systems Using Taylor Series Expansion-Based Rules: Interpretability and Parameter Tuning,2004_003_0050.png,Fuzzy Logic & Fuzzy Systems,Héctor Pomares,University of Granada,"Department of Computer Architecture and Technology, E.T.S. Computer Engineering","Granada, Spain","University of Granada, Department of Computer Architecture and Technology, E.T.S. Computer Engineering, 18071 Granada, Spain http://atc.ugr.es",*UGR,2004,Spain
389,Function Approximation through Fuzzy Systems Using Taylor Series Expansion-Based Rules: Interpretability and Parameter Tuning,2004_003_0050.png,Fuzzy Logic & Fuzzy Systems,Ignacio Rojas,University of Granada,"Department of Computer Architecture and Technology, E.T.S. Computer Engineering","Granada, Spain","University of Granada, Department of Computer Architecture and Technology, E.T.S. Computer Engineering, 18071 Granada, Spain http://atc.ugr.es",*UGR,2004,Spain
390,Function Approximation through Fuzzy Systems Using Taylor Series Expansion-Based Rules: Interpretability and Parameter Tuning,2004_003_0050.png,Fuzzy Logic & Fuzzy Systems,Jesús González,University of Granada,"Department of Computer Architecture and Technology, E.T.S. Computer Engineering","Granada, Spain","University of Granada, Department of Computer Architecture and Technology, E.T.S. Computer Engineering, 18071 Granada, Spain http://atc.ugr.es",*UGR,2004,Spain
391,Function Approximation through Fuzzy Systems Using Taylor Series Expansion-Based Rules: Interpretability and Parameter Tuning,2004_003_0050.png,Fuzzy Logic & Fuzzy Systems,Olga Valenzuela,University of Granada,"Department of Applied Mathematics, Science faculty","Granada, Spain","University of Granada, Department of Applied Mathematics, Science faculty, Granada, Spain",*UGR,2004,Spain
392,Causal Identification in Design Networks*,2004_003_0051.png,Probabilistic & Statistical Reasoning,Ana Maria Madrigal,University of Warwick,,,University of Warwick,*WARWICK,2004,United Kingdom
393,Causal Identification in Design Networks*,2004_003_0051.png,Probabilistic & Statistical Reasoning,Jim Q. Smith,University of Warwick,,,University of Warwick,*WARWICK,2004,United Kingdom
394,Bayes-N: An Algorithm for Learning Bayesian Networks from Data Using Local Measures of Information Gain Applied to Classification Problems,2004_003_0052.png,Probabilistic & Statistical Reasoning,Manuel Martínez-Morales,Universidad Veracruzana,Facultad de Física e Inteligencia Artificial,"Xalapa, Veracruz, México","Facultad de Física e Inteligencia Artificial, Universidad Veracruzana, Xalapa, Veracruz, México.",UV,2004,Mexico
395,Bayes-N: An Algorithm for Learning Bayesian Networks from Data Using Local Measures of Information Gain Applied to Classification Problems,2004_003_0052.png,Probabilistic & Statistical Reasoning,Nicandro Cruz-Ramírez,Laboratorio Nacional de Informática Avanzada (LANIA),,"Xalapa, Veracruz, México","Laboratorio Nacional de Informática Avanzada (LANIA), Xalapa, Veracruz, México.",LANIA,2004,Mexico
396,Bayes-N: An Algorithm for Learning Bayesian Networks from Data Using Local Measures of Information Gain Applied to Classification Problems,2004_003_0052.png,Probabilistic & Statistical Reasoning,José Luis Jiménez-Andrade,Universidad Veracruzana,Facultad de Física e Inteligencia Artificial,"Xalapa, Veracruz, México","Facultad de Física e Inteligencia Artificial, Universidad Veracruzana, Xalapa, Veracruz, México.",UV,2004,Mexico
397,Bayes-N: An Algorithm for Learning Bayesian Networks from Data Using Local Measures of Information Gain Applied to Classification Problems,2004_003_0052.png,Probabilistic & Statistical Reasoning,Ramiro Garza-Domínguez,Universidad Veracruzana,Facultad de Física e Inteligencia Artificial,"Xalapa, Veracruz, México","Facultad de Física e Inteligencia Artificial, Universidad Veracruzana, Xalapa, Veracruz, México.",UV,2004,Mexico
398,Methodology for Handling Uncertainty by Using Interval Type-2 Fuzzy Logic Systems,2004_003_0053.png,Fuzzy Logic & Fuzzy Systems,Germán Montalvo,Tecnológico de Monterrey,"Center for Intelligent Systems, Campus Monterrey","Monterrey, México","Center for Intelligent Systems, Tecnológico de Monterrey, Campus Monterrey, México",ITESM,2004,Mexico
399,Methodology for Handling Uncertainty by Using Interval Type-2 Fuzzy Logic Systems,2004_003_0053.png,Fuzzy Logic & Fuzzy Systems,Rogelio Soto,Tecnológico de Monterrey,"Center for Intelligent Systems, Campus Monterrey","Monterrey, México","Center for Intelligent Systems, Tecnológico de Monterrey, Campus Monterrey, México",ITESM,2004,Mexico
400,Online Diagnosis Using Influence Diagrams,2004_003_0054.png,Probabilistic & Statistical Reasoning,Baldramino Morales Sánchez,Instituto de Investigaciones Eléctricas,,"Cuernavaca, Mor., México","Instituto de Investigaciones Eléctricas
Av. Reforma 113, Palmira
Cuernavaca, Mor., 62490, México",IIE,2004,Mexico
401,Online Diagnosis Using Influence Diagrams,2004_003_0054.png,Probabilistic & Statistical Reasoning,Pablo H. Ibargüengoytia,Instituto de Investigaciones Eléctricas,,"Cuernavaca, Mor., México","Instituto de Investigaciones Eléctricas
Av. Reforma 113, Palmira
Cuernavaca, Mor., 62490, México",IIE,2004,Mexico
402,Toward a New Approach for Online Fault Diagnosis Combining Particle Filtering and Parametric Identification,2004_003_0055.png,Probabilistic & Statistical Reasoning,Rubén Morales-Menéndez,Tecnológico de Monterrey,Center for Industrial Automation,"Monterrey, NL, México","ITESM campus Monterrey, Center for Industrial Automation Monterrey NL, México",ITESM,2004,Mexico
403,Toward a New Approach for Online Fault Diagnosis Combining Particle Filtering and Parametric Identification,2004_003_0055.png,Probabilistic & Statistical Reasoning,Ricardo Ramírez-Mendoza,Tecnológico de Monterrey,Center for Industrial Automation,"Monterrey, NL, México","ITESM campus Monterrey, Center for Industrial Automation Monterrey NL, México",ITESM,2004,Mexico
404,Toward a New Approach for Online Fault Diagnosis Combining Particle Filtering and Parametric Identification,2004_003_0055.png,Probabilistic & Statistical Reasoning,Jim Mutch,University of British Columbia,Dept. of Computer Science,"Vancouver, BC, Canada","University of British Columbia, Dept. of Computer Science Vancouver, BC, Canada",*UBC,2004,Canada
405,Toward a New Approach for Online Fault Diagnosis Combining Particle Filtering and Parametric Identification,2004_003_0055.png,Probabilistic & Statistical Reasoning,Federico Guedea-Elizalde,University of Waterloo,Systems Design Engineering,"Waterloo, ON, Canada","University of Waterloo, Systems Design Engineering Waterloo, ON, Canada",*UW,2004,Canada
406,Power Plant Operator Assistant: An Industrial Application of Factored MDPs,2004_003_0056.png,Reinforcement Learning,Alberto Reyes,Instituto de Investigaciones Eléctricas, | Campus Cuernavaca,"Cuernavaca, Morelos, México","Instituto de Investigaciones Eléctricas / ITESM Cuernavaca
Av. Reforma 113, Palmira
Cuernavaca, Mor., 62490, México",IIE,2004,Mexico
407,Power Plant Operator Assistant: An Industrial Application of Factored MDPs,2004_003_0056.png,Reinforcement Learning,Alberto Reyes,Tecnológico de Monterrey, | Campus Cuernavaca,"Cuernavaca, Morelos, México","Instituto de Investigaciones Eléctricas / ITESM Cuernavaca
Av. Reforma 113, Palmira
Cuernavaca, Mor., 62490, México",ITESM,2004,Mexico
408,Power Plant Operator Assistant: An Industrial Application of Factored MDPs,2004_003_0056.png,Reinforcement Learning,Pablo H. Ibargüengoytia,Instituto de Investigaciones Eléctricas, | Campus Cuernavaca,"Cuernavaca, Morelos, México","Instituto de Investigaciones Eléctricas / ITESM Cuernavaca
Av. Reforma 113, Palmira
Cuernavaca, Mor., 62490, México",IIE,2004,Mexico
409,Power Plant Operator Assistant: An Industrial Application of Factored MDPs,2004_003_0056.png,Reinforcement Learning,Pablo H. Ibargüengoytia,Tecnológico de Monterrey, | Campus Cuernavaca,"Cuernavaca, Morelos, México","Instituto de Investigaciones Eléctricas / ITESM Cuernavaca
Av. Reforma 113, Palmira
Cuernavaca, Mor., 62490, México",ITESM,2004,Mexico
410,Power Plant Operator Assistant: An Industrial Application of Factored MDPs,2004_003_0056.png,Reinforcement Learning,L. Enrique Sucar,Instituto de Investigaciones Eléctricas, | Campus Cuernavaca,"Cuernavaca, Morelos, México","Instituto de Investigaciones Eléctricas / ITESM Cuernavaca
Av. Reforma 113, Palmira
Cuernavaca, Mor., 62490, México",IIE,2004,Mexico
411,Power Plant Operator Assistant: An Industrial Application of Factored MDPs,2004_003_0056.png,Reinforcement Learning,L. Enrique Sucar,Tecnológico de Monterrey, | Campus Cuernavaca,"Cuernavaca, Morelos, México","Instituto de Investigaciones Eléctricas / ITESM Cuernavaca
Av. Reforma 113, Palmira
Cuernavaca, Mor., 62490, México",ITESM,2004,Mexico
412,Scene Modeling by ICA and Color Segmentation,2004_003_0057.png,Computer Vision,J. Gabriel Aviña-Cervantes,Laboratoire d’Analyse et d’Architecture des Systèmes," | Facultad de Ingeniería Mecánica, Eléctrica y Electrónica","Toulouse, France | Salamanca, Guanajuato, México","Laboratoire d’Analyse et d’Architecture des Systèmes, 7, Avenue du Colonel Roche, 31077 Toulouse Cedex 4, FRANCE | Facultad de Ingeniería Mecánica, Eléctrica y Electrónica, Universidad de Guanajuato. Avenida Tampico 912. Salamanca, Guanajuato. 36730, México.",~LDEDDS,2004,Mexico
413,Scene Modeling by ICA and Color Segmentation,2004_003_0057.png,Computer Vision,J. Gabriel Aviña-Cervantes,Universidad de Guanajuato," | Facultad de Ingeniería Mecánica, Eléctrica y Electrónica","Toulouse, France | Salamanca, Guanajuato, México","Laboratoire d’Analyse et d’Architecture des Systèmes, 7, Avenue du Colonel Roche, 31077 Toulouse Cedex 4, FRANCE | Facultad de Ingeniería Mecánica, Eléctrica y Electrónica, Universidad de Guanajuato. Avenida Tampico 912. Salamanca, Guanajuato. 36730, México.",UG,2004,Mexico
414,Scene Modeling by ICA and Color Segmentation,2004_003_0057.png,Computer Vision,Michel Devy,Laboratoire d’Analyse et d’Architecture des Systèmes,,"Toulouse, France","Laboratoire d’Analyse et d’Architecture des Systèmes, 7, Avenue du Colonel Roche, 31077 Toulouse Cedex 4, FRANCE",~LDEDDS,2004,France
415,Non–parametric Registration as a Way to Obtain an Accurate Camera Calibration,2004_003_0058.png,Computer Vision,Félix Calderón,Universidad Michoacana de San Nicolás de Hidalgo,"División de Estudios de Postgrado, Facultad de Ingeniería Eléctrica","Morelia, Michoacán, México","División de Estudios de Postgrado
Facultad de Ingeniería Eléctrica
Universidad Michoacana de San Nicolás de Hidalgo
Santiago Tapia 403 Morelia. Michoacán. México",~UMSNH,2004,Mexico
416,Non–parametric Registration as a Way to Obtain an Accurate Camera Calibration,2004_003_0058.png,Computer Vision,Leonardo Romero,Universidad Michoacana de San Nicolás de Hidalgo,"División de Estudios de Postgrado, Facultad de Ingeniería Eléctrica","Morelia, Michoacán, México","División de Estudios de Postgrado
Facultad de Ingeniería Eléctrica
Universidad Michoacana de San Nicolás de Hidalgo
Santiago Tapia 403 Morelia. Michoacán. México",~UMSNH,2004,Mexico
417,A Probability-Based Flow Analysis Using MV Information in Compressed Domain,2004_003_0059.png,Computer Vision,N.W. Kim,Chung-Ang University,"Department of Image Engineering, Graduate School of Advanced Imaging Science, Multimedia, and Film",,"Department of Image Engineering, Graduate School of Advanced Imaging Science, Multimedia, and Film, Chung-Ang University",~CU,2004,South Korea
418,A Probability-Based Flow Analysis Using MV Information in Compressed Domain,2004_003_0059.png,Computer Vision,T.Y. Kim,Chung-Ang University,"Department of Image Engineering, Graduate School of Advanced Imaging Science, Multimedia, and Film",,"Department of Image Engineering, Graduate School of Advanced Imaging Science, Multimedia, and Film, Chung-Ang University",~CU,2004,South Korea
419,A Probability-Based Flow Analysis Using MV Information in Compressed Domain,2004_003_0059.png,Computer Vision,J.S. Choi,Chung-Ang University,"Department of Image Engineering, Graduate School of Advanced Imaging Science, Multimedia, and Film",,"Department of Image Engineering, Graduate School of Advanced Imaging Science, Multimedia, and Film, Chung-Ang University",~CU,2004,South Korea
420,How Does the Hue Contribute to Construct Better Colour Features?,2004_003_0060.png,Computer Vision,Giovani Gomez Estrada,Max-Planck-Institute,,"Stuttgart, Germany","Max-Planck-Institute, Heisenberstraße 3, D-70569, Stuttgart, Germany, {giovani,hjgao}@mf.mpg.de",~M,2004,Germany
421,How Does the Hue Contribute to Construct Better Colour Features?,2004_003_0060.png,Computer Vision,Eduardo Morales,Tecnológico de Monterrey,Campus Cuernavaca,"Temixco, Morelos, Mexico","ITESM Cuernavaca, Reforma 182-A, Temixco, 62589, Morelos, Mexico, eduardo.morales@itesm.mx",ITESM,2004,Mexico
422,How Does the Hue Contribute to Construct Better Colour Features?,2004_003_0060.png,Computer Vision,Huajian Gao,Max-Planck-Institute,,"Stuttgart, Germany","Max-Planck-Institute, Heisenberstraße 3, D-70569, Stuttgart, Germany, {giovani,hjgao}@mf.mpg.de",~M,2004,Germany
423,Morphological Contrast Measure and Contrast Mappings: One Application to the Segmentation of Brain MRI,2004_003_0061.png,Computer Vision,Jorge D. Mendiola-Santibañez,Universidad Autónoma de Querétaro,Doctorado en Instrumentación y Control Automático,"Querétaro, México","Doctorado en Instrumentación y Control Automático, Universidad Autónoma de Querétaro, 76000, Querétaro, México",UAQ,2004,Mexico
424,Morphological Contrast Measure and Contrast Mappings: One Application to the Segmentation of Brain MRI,2004_003_0061.png,Computer Vision,Iván R. Terol-Villalobos,"CIDETEQ,S.C.",Parque Tecnológico Querétaro,"San Fandila-Pedro Escobedo, Querétaro México","CIDETEQ,S.C., Parque Tecnológico Querétaro, S/N, San Fandila-Pedro Escobedo, 76700, Querétaro México, famter@ciateq.net.mx",CIDETEQ,2004,Mexico
425,Morphological Contrast Measure and Contrast Mappings: One Application to the Segmentation of Brain MRI,2004_003_0061.png,Computer Vision,Antonio Fernández-Bouzas,UNAM,"Instituto de Neurobiología, Campus Juriquilla","Juriquilla, Qro. México","Instituto de Neurobiología, UNAM Campus Juriquilla, Juriquilla, 76001, Qro. México",UNAM,2004,Mexico
426,Gaze Detection by Dual Camera and Dual IR-LED Illuminators,2004_003_0062.png,Computer Vision,Kang Ryoung Park,SangMyung Univ.,Division of Media Tech.,"7 Hongji-Dong, JongRo-Gu, Seoul, Republic of Korea","Division of Media Tech., SangMyung Univ., 7 Hongji-Dong, JongRo-Gu, Seoul, Republic of Korea",~SU,2004,South Korea
427,Gaze Detection by Dual Camera and Dual IR-LED Illuminators,2004_003_0062.png,Computer Vision,Jaihie Kim,Yonsei University,Dept. of Electrical and Electronic Engineering,"Seoul, Republic of Korea","Dept. of Electrical and Electronic Engineering, Yonsei University, Seoul, Republic of Korea",~YU,2004,South Korea
428,Image Processing and Neural Networks for Early Detection of Histological Changes,2004_003_0063.png,Neural Networks & Deep Learning,J. Ramírez-Niño,Instituto de Investigaciones Eléctricas,,"Cuernavaca, Morelos, México","Instituto de Investigaciones Eléctricas, apartado postal 1-475, Cuernavaca, Morelos 62000, México",IIE,2004,Mexico
429,Image Processing and Neural Networks for Early Detection of Histological Changes,2004_003_0063.png,Neural Networks & Deep Learning,M.A. Flores,Centro Nacional de Investigación y Desarrollo Tecnológico,,"Cuernavaca, Morelos, México","Centro Nacional de Investigación y Desarrollo Tecnológico, apartado postal 5-164, Cuernavaca, Morelos 62000, México",CENIDET,2004,Mexico
430,Image Processing and Neural Networks for Early Detection of Histological Changes,2004_003_0063.png,Neural Networks & Deep Learning,C. Ramírez,Instituto de Investigaciones Eléctricas,,"Cuernavaca, Morelos, México","Instituto de Investigaciones Eléctricas, apartado postal 1-475, Cuernavaca, Morelos 62000, México",IIE,2004,Mexico
431,Image Processing and Neural Networks for Early Detection of Histological Changes,2004_003_0063.png,Neural Networks & Deep Learning,V.M. Castaño,Universidad Nacional Autónoma de México,Centro de Física Aplicada y Tecnología Avanzada,"Querétaro, Querétaro, México","Centro de Física Aplicada y Tecnología Avanzada, U.N.A.M., apartado postal 1-1010, Querétaro, Querétaro 76000, México",UNAM,2004,Mexico
432,An Improved ICP Algorithm Based on the Sensor Projection for Automatic 3D Registration,2004_003_0064.png,Computer Vision,Sang-Hoon Kim,Chung-Ang Univ.,"Dept. of Image Eng., Graduate School of Advanced Imaging Science, Multimedia and Film","Seoul, Korea","Dept. of Image Eng., Graduate School of Advanced Imaging Science, Multimedia and Film, Chung-Ang Univ., 221 Huksuk-dong, Dongjak-ku, Seoul, 156-756, KOREA",~CU,2004,South Korea
433,An Improved ICP Algorithm Based on the Sensor Projection for Automatic 3D Registration,2004_003_0064.png,Computer Vision,Yong-Ho Hwang,Chung-Ang Univ.,"Dept. of Image Eng., Graduate School of Advanced Imaging Science, Multimedia and Film","Seoul, Korea","Dept. of Image Eng., Graduate School of Advanced Imaging Science, Multimedia and Film, Chung-Ang Univ., 221 Huksuk-dong, Dongjak-ku, Seoul, 156-756, KOREA",~CU,2004,South Korea
434,An Improved ICP Algorithm Based on the Sensor Projection for Automatic 3D Registration,2004_003_0064.png,Computer Vision,Hyun-Ki Hong,Chung-Ang Univ.,"Dept. of Image Eng., Graduate School of Advanced Imaging Science, Multimedia and Film","Seoul, Korea","Dept. of Image Eng., Graduate School of Advanced Imaging Science, Multimedia and Film, Chung-Ang Univ., 221 Huksuk-dong, Dongjak-ku, Seoul, 156-756, KOREA",~CU,2004,South Korea
435,An Improved ICP Algorithm Based on the Sensor Projection for Automatic 3D Registration,2004_003_0064.png,Computer Vision,Min-Hyung Choi,Univ. of Colorado at Denver,Dept. of Computer Science and Eng.,"Denver, Colorado, USA","Dept. of Computer Science and Eng., Univ. of Colorado at Denver, Colorado, USA",~UCD,2004,United States
436,Structure and Motion Recovery Using Two Step Sampling for 3D Match Move,2004_003_0065.png,Computer Vision,Jung-Kak Seo,Chung-Ang Univ.,"Dept. of Image Eng., Graduate School of Advanced Imaging Science, Multimedia and Film","Seoul, KOREA","Dept. of Image Eng., Graduate School of Advanced Imaging Science, Multimedia and Film, Chung-Ang Univ., 221 Huksuk-dong, Dongjak-ku, Seoul, 156-756, KOREA",~CU,2004,South Korea
437,Structure and Motion Recovery Using Two Step Sampling for 3D Match Move,2004_003_0065.png,Computer Vision,Yong-Ho Hwang,Chung-Ang Univ.,"Dept. of Image Eng., Graduate School of Advanced Imaging Science, Multimedia and Film","Seoul, KOREA","Dept. of Image Eng., Graduate School of Advanced Imaging Science, Multimedia and Film, Chung-Ang Univ., 221 Huksuk-dong, Dongjak-ku, Seoul, 156-756, KOREA",~CU,2004,South Korea
438,Structure and Motion Recovery Using Two Step Sampling for 3D Match Move,2004_003_0065.png,Computer Vision,Hyun-Ki Hong,Chung-Ang Univ.,"Dept. of Image Eng., Graduate School of Advanced Imaging Science, Multimedia and Film","Seoul, KOREA","Dept. of Image Eng., Graduate School of Advanced Imaging Science, Multimedia and Film, Chung-Ang Univ., 221 Huksuk-dong, Dongjak-ku, Seoul, 156-756, KOREA",~CU,2004,South Korea
439,Multiscale Image Enhancement and Segmentation Based on Morphological Connected Contrast Mappings,2004_003_0066.png,Computer Vision,Iván R. Terol-Villalobos,"CIDETEQ,S.C.",,"SanFandila-Pedro Escobedo, Querétaro, Mexico","CIDETEQ,S.C., Parque Tecnológico Querétaro, S/N, SanFandila-Pedro Escobedo, 76700, Querétaro Mexico",CIDETEQ,2004,Mexico
440,Active Object Recognition Using Mutual Information,2004_003_0067.png,Computer Vision,Felipe Trujillo-Romero,Universidad de Guanajuato,FIMEE,"Salamanca, Gto., Mexico","Universidad de Guanajuato FIMEE Tampico 912 36730 Salamanca, Gto. Mexico",UG,2004,Mexico
441,Active Object Recognition Using Mutual Information,2004_003_0067.png,Computer Vision,Victor Ayala-Ramírez,Universidad de Guanajuato,FIMEE,"Salamanca, Gto., Mexico","Universidad de Guanajuato FIMEE Tampico 912 36730 Salamanca, Gto. Mexico",UG,2004,Mexico
442,Active Object Recognition Using Mutual Information,2004_003_0067.png,Computer Vision,Antonio Marín-Hernández,LAAS-CNRS,,"Toulouse Cedex, France","LAAS-CNRS 7, Av. du Col. Roche 31077 Toulouse Cedex France",LAAS-CNRS,2004,France
443,Active Object Recognition Using Mutual Information,2004_003_0067.png,Computer Vision,Michel Devy,LAAS-CNRS,,"Toulouse Cedex, France","LAAS-CNRS 7, Av. du Col. Roche 31077 Toulouse Cedex France",LAAS-CNRS,2004,France
444,An Approach to Automatic Morphing of Face Images in Frontal View,2004_003_0068.png,Computer Vision,Vittorio Zanella,Universidad Popular Autónoma del Estado de Puebla,,"Puebla, México","Universidad Popular Autónoma del Estado de Puebla 21 sur #1103 Col. Santiago Puebla 72160, México | Instituto Nacional de Astrofísica Optica y Electrónica Luis Enrique Erro #1 Sta. María Tonantzintla Puebla 72840, México",UPAEP,2004,Mexico
445,An Approach to Automatic Morphing of Face Images in Frontal View,2004_003_0068.png,Computer Vision,Olac Fuentes,Instituto Nacional de Astrofísica Optica y Electrónica,,"Sta. María Tonantzintla, Puebla, México","Instituto Nacional de Astrofísica Optica y Electrónica Luis Enrique Erro #1 Sta. María Tonantzintla Puebla 72840, México",INAOE,2004,Mexico
446,A Study of the Parallelization of a Coevolutionary Multi-objective Evolutionary Algorithm,2004_003_0069.png,Bio-inspired & Evolutionary Computing,Carlos A. Coello Coello,CINVESTAV-IPN,"Evolutionary Computation Group, Departamento de Ingeniería Eléctrica, Sección de Computación","México D.F., MÉXICO","CINVESTAV-IPN (Evolutionary Computation Group) Departamento de Ingeniería Eléctrica, Sección de Computación Av. IPN No. 2508. Col. San Pedro Zacatenco, México D.F. 07300, MÉXICO",CINVESTAV,2004,Mexico
447,A Study of the Parallelization of a Coevolutionary Multi-objective Evolutionary Algorithm,2004_003_0069.png,Bio-inspired & Evolutionary Computing,Margarita Reyes Sierra,CINVESTAV-IPN,"Evolutionary Computation Group, Departamento de Ingeniería Eléctrica, Sección de Computación","México D.F., MÉXICO","CINVESTAV-IPN (Evolutionary Computation Group) Departamento de Ingeniería Eléctrica, Sección de Computación Av. IPN No. 2508. Col. San Pedro Zacatenco, México D.F. 07300, MÉXICO",CINVESTAV,2004,Mexico
448,Reactive Agents to Improve a Parallel Genetic Algorithm Solution,2004_003_0070.png,Bio-inspired & Evolutionary Computing,Ana Lilia Laureano-Cruces,Universidad Autónoma Metropolitana,"Unidad Azcapotzalco, CBI, Departamento de Sistemas","Azcapotzalco, DF, México","Universidad Autónoma Metropolitana, Unidad Azcapotzalco, CBI, Departamento de Sistemas, Av. San Pablo 180, Col. Reynosa, Azcapotzalco, DF 02200, México.",UAM,2004,Mexico
449,Reactive Agents to Improve a Parallel Genetic Algorithm Solution,2004_003_0070.png,Bio-inspired & Evolutionary Computing,José Manuel de la Cruz-González,Universidad Autónoma Metropolitana,"Unidad Azcapotzalco, CBI, Departamento de Sistemas","Azcapotzalco, DF, México","Universidad Autónoma Metropolitana, Unidad Azcapotzalco, CBI, Departamento de Sistemas, Av. San Pablo 180, Col. Reynosa, Azcapotzalco, DF 02200, México.",UAM,2004,Mexico
450,Reactive Agents to Improve a Parallel Genetic Algorithm Solution,2004_003_0070.png,Bio-inspired & Evolutionary Computing,Javier Ramírez-Rodríguez,Universidad Autónoma Metropolitana,"Unidad Azcapotzalco, CBI, Departamento de Sistemas","Azcapotzalco, DF, México","Universidad Autónoma Metropolitana, Unidad Azcapotzalco, CBI, Departamento de Sistemas, Av. San Pablo 180, Col. Reynosa, Azcapotzalco, DF 02200, México.",UAM,2004,Mexico
451,Reactive Agents to Improve a Parallel Genetic Algorithm Solution,2004_003_0070.png,Bio-inspired & Evolutionary Computing,Julio Solano-González,Universidad Nacional Autónoma de México,DISCA-IIMAS,"Álvaro Obregón, DF, México","DISCA-IIMAS-, Universidad Nacional Autónoma de México, P.O. Box 20-726,. Álvaro Obregón, DF 01000, México.",UNAM,2004,Mexico
452,Simple Feasibility Rules and Differential Evolution for Constrained Optimization,2004_003_0071.png,Bio-inspired & Evolutionary Computing,Efrén Mezura-Montes,CINVESTAV-IPN,"Evolutionary Computation Group (EVOCINV), Departamento de Ingeniería Eléctrica, Sección de Computación","México D.F., México","CINVESTAV-IPN Evolutionary Computation Group (EVOCINV) Departamento de Ingeniería Eléctrica Sección de Computación Av. Instituto Politécnico Nacional No. 2508 Col. San Pedro Zacatenco México D.F. 07300, MÉXICO",CINVESTAV,2004,Mexico
453,Simple Feasibility Rules and Differential Evolution for Constrained Optimization,2004_003_0071.png,Bio-inspired & Evolutionary Computing,Carlos A. Coello Coello,CINVESTAV-IPN,"Evolutionary Computation Group (EVOCINV), Departamento de Ingeniería Eléctrica, Sección de Computación","México D.F., México","CINVESTAV-IPN Evolutionary Computation Group (EVOCINV) Departamento de Ingeniería Eléctrica Sección de Computación Av. Instituto Politécnico Nacional No. 2508 Col. San Pedro Zacatenco México D.F. 07300, MÉXICO",CINVESTAV,2004,Mexico
454,Simple Feasibility Rules and Differential Evolution for Constrained Optimization,2004_003_0071.png,Bio-inspired & Evolutionary Computing,Edy I. Tun-Morales,Instituto Tecnológico de Villahermosa,,"Villahermosa, Tabasco, México",Instituto Tecnológico de Villahermosa Carretera Villahermosa-Frontera Km. 3.5 Cd. Industrial Villahermosa Tabasco,ITVH,2004,Mexico
455,Symbolic Regression Problems by Genetic Programming with Multi-branches,2004_003_0072.png,Bio-inspired & Evolutionary Computing,Carlos Oliver Morales,National Autonomous University of Mexico,"DISCA, IIMAS","Mexico City, Mexico","DISCA, IIMAS, National Autonomous University of Mexico, Circuito Escolar Ciudad Universitaria, Mexico City, 04510, Mexico.",UNAM,2004,Mexico
456,Symbolic Regression Problems by Genetic Programming with Multi-branches,2004_003_0072.png,Bio-inspired & Evolutionary Computing,Katya Rodríguez Vázquez,National Autonomous University of Mexico,"DISCA, IIMAS","Mexico City, Mexico","DISCA, IIMAS, National Autonomous University of Mexico, Circuito Escolar Ciudad Universitaria, Mexico City, 04510, Mexico.",UNAM,2004,Mexico
457,A Preprocessing That Combines Heuristic and Surrogate Constraint Analysis to Fix Variables in TSP,2004_003_0073.png,Heuristic Search & Optimization,M. Osorio,Universidad Autónoma de Puebla,School of Computer Science,"Puebla, México","School of Computer Science, Universidad Autónoma de Puebla, 72560, Puebla, México",BUAP,2004,Mexico
458,A Preprocessing That Combines Heuristic and Surrogate Constraint Analysis to Fix Variables in TSP,2004_003_0073.png,Heuristic Search & Optimization,D. Pinto,Universidad Autónoma de Puebla,School of Computer Science,"Puebla, México","School of Computer Science, Universidad Autónoma de Puebla, 72560, Puebla, México",BUAP,2004,Mexico
459,An Evolutionary Algorithm for Automatic Spatial Partitioning in Reconfigurable Environments,2004_003_0074.png,Bio-inspired & Evolutionary Computing,P. Pratibha,"Indian Institute of Technology, Madras","Digital Circuits and VLSI Laboratory, Department of Computer Science and Engineering","Chennai, India","Digital Circuits and VLSI Laboratory,
Department of Computer Science and Engineering,
Indian Institute of Technology, Madras
Chennai - 600036, India",~IITM,2004,India
460,An Evolutionary Algorithm for Automatic Spatial Partitioning in Reconfigurable Environments,2004_003_0074.png,Bio-inspired & Evolutionary Computing,B.S.N. Rao,"Indian Institute of Technology, Madras","Digital Circuits and VLSI Laboratory, Department of Computer Science and Engineering","Chennai, India","Digital Circuits and VLSI Laboratory,
Department of Computer Science and Engineering,
Indian Institute of Technology, Madras
Chennai - 600036, India",~IITM,2004,India
461,An Evolutionary Algorithm for Automatic Spatial Partitioning in Reconfigurable Environments,2004_003_0074.png,Bio-inspired & Evolutionary Computing,Muthukaruppan,"Indian Institute of Technology, Madras","Digital Circuits and VLSI Laboratory, Department of Computer Science and Engineering","Chennai, India","Digital Circuits and VLSI Laboratory,
Department of Computer Science and Engineering,
Indian Institute of Technology, Madras
Chennai - 600036, India",~IITM,2004,India
462,An Evolutionary Algorithm for Automatic Spatial Partitioning in Reconfigurable Environments,2004_003_0074.png,Bio-inspired & Evolutionary Computing,S. Suresh,"Indian Institute of Technology, Madras","Digital Circuits and VLSI Laboratory, Department of Computer Science and Engineering","Chennai, India","Digital Circuits and VLSI Laboratory,
Department of Computer Science and Engineering,
Indian Institute of Technology, Madras
Chennai - 600036, India",~IITM,2004,India
463,An Evolutionary Algorithm for Automatic Spatial Partitioning in Reconfigurable Environments,2004_003_0074.png,Bio-inspired & Evolutionary Computing,V. Kamakoti,"Indian Institute of Technology, Madras","Digital Circuits and VLSI Laboratory, Department of Computer Science and Engineering","Chennai, India","Digital Circuits and VLSI Laboratory,
Department of Computer Science and Engineering,
Indian Institute of Technology, Madras
Chennai - 600036, India",~IITM,2004,India
464,GA with Exaptation: New Algorithms to Tackle Dynamic Problems,2004_003_0075.png,Bio-inspired & Evolutionary Computing,Luis Torres-T,ITESM,"Centro de Sistemas Inteligentes, Campus Monterrey","Nuevo Leon, Mexico","Centro de Sistemas Inteligentes, ITESM, Campus Monterrey, CETEC Torre Sur, 5° Nivel, Ave. Eugenio Garza Sada 2501 Sur, Col. Tecnológico, Phone (0181) 8328 - 4258, Nuevo Leon, Mexico.",ITESM,2004,Mexico
465,Intelligent Control Algorithm for Steam Temperature Regulation of Thermal Power Plants,2004_003_0076.png,Fuzzy Logic & Fuzzy Systems,A. Sanchez-Lopez,Instituto de Investigaciones Electricas,,"Cuernavaca, Morelos, Mexico","Instituto de Investigaciones Electricas
Calle Reforma No.113 Colonia Palmira
62490 Cuernavaca, Morelos, Mexico",IIE,2004,Mexico
466,Intelligent Control Algorithm for Steam Temperature Regulation of Thermal Power Plants,2004_003_0076.png,Fuzzy Logic & Fuzzy Systems,G. Arroyo-Figueroa,Instituto de Investigaciones Electricas,,"Cuernavaca, Morelos, Mexico","Instituto de Investigaciones Electricas
Calle Reforma No.113 Colonia Palmira
62490 Cuernavaca, Morelos, Mexico",IIE,2004,Mexico
467,Intelligent Control Algorithm for Steam Temperature Regulation of Thermal Power Plants,2004_003_0076.png,Fuzzy Logic & Fuzzy Systems,A. Villavicencio-Ramirez,Instituto de Investigaciones Electricas,,"Cuernavaca, Morelos, Mexico","Instituto de Investigaciones Electricas
Calle Reforma No.113 Colonia Palmira
62490 Cuernavaca, Morelos, Mexico",IIE,2004,Mexico
468,A Fed-Batch Fermentation Process Identification and Direct Adaptive Neural Control with Integral Term,2004_003_0077.png,Neural Networks & Deep Learning,Ieroham S. Baruch,CINVESTAV-IPN,Department of Automatic Control,"Mexico D.F., Mexico","CINVESTAV-IPN, Ave. IPN No 2508, A.P. 14-470 Mexico D.F., C.P. 07360 MEXICO, Department of Automatic Control",CINVESTAV,2004,Mexico
469,A Fed-Batch Fermentation Process Identification and Direct Adaptive Neural Control with Integral Term,2004_003_0077.png,Neural Networks & Deep Learning,Josefina Barrera-Cortés,CINVESTAV-IPN,Department of Biotechnology and Bioengineering,"Mexico D.F., Mexico","CINVESTAV-IPN, Ave. IPN No 2508, A.P. 14-470 Mexico D.F., C.P. 07360 MEXICO, Department of Biotechnology and Bioengineering",CINVESTAV,2004,Mexico
470,A Fed-Batch Fermentation Process Identification and Direct Adaptive Neural Control with Integral Term,2004_003_0077.png,Neural Networks & Deep Learning,Luis A. Hernández,CINVESTAV-IPN,Department of Automatic Control,"Mexico D.F., Mexico","CINVESTAV-IPN, Ave. IPN No 2508, A.P. 14-470 Mexico D.F., C.P. 07360 MEXICO, Department of Automatic Control",CINVESTAV,2004,Mexico
471,A Fuzzy-Neural Multi-model for Mechanical Systems Identification and Control,2004_003_0078.png,Fuzzy Logic & Fuzzy Systems,Ieroham S. Baruch,CINVESTAV-IPN,,"Mexico D.F., Mexico","CINVESTAV-IPN, Ave. IPN No 2508, A.P. 14-470 Mexico D.F., C.P. 07360 MEXICO",CINVESTAV,2004,Mexico
472,A Fuzzy-Neural Multi-model for Mechanical Systems Identification and Control,2004_003_0078.png,Fuzzy Logic & Fuzzy Systems,Rafael Beltran L,CINVESTAV-IPN,,"Mexico D.F., Mexico","CINVESTAV-IPN, Ave. IPN No 2508, A.P. 14-470 Mexico D.F., C.P. 07360 MEXICO",CINVESTAV,2004,Mexico
473,A Fuzzy-Neural Multi-model for Mechanical Systems Identification and Control,2004_003_0078.png,Fuzzy Logic & Fuzzy Systems,Jose-Luis Olivares,CINVESTAV-IPN,,"Mexico D.F., Mexico","CINVESTAV-IPN, Ave. IPN No 2508, A.P. 14-470 Mexico D.F., C.P. 07360 MEXICO",CINVESTAV,2004,Mexico
474,A Fuzzy-Neural Multi-model for Mechanical Systems Identification and Control,2004_003_0078.png,Fuzzy Logic & Fuzzy Systems,Ruben Garrido,CINVESTAV-IPN,,"Mexico D.F., Mexico","CINVESTAV-IPN, Ave. IPN No 2508, A.P. 14-470 Mexico D.F., C.P. 07360 MEXICO",CINVESTAV,2004,Mexico
475,Tuning of Fuzzy Controllers,2004_003_0079.png,Fuzzy Logic & Fuzzy Systems,Eduardo Gómez-Ramírez,La Salle University,Laboratory of Advance Technology Research and Development LIDETEA,"México, D.F., México","Laboratory of Advance Technology Research and Development LIDETEA
La Salle University
Benjamín Franklin 47 Col. Condesa
06140, México, D.F. México",~SU,2004,Mexico
476,Tuning of Fuzzy Controllers,2004_003_0079.png,Fuzzy Logic & Fuzzy Systems,Armando Chávez-Plascencia,La Salle University,Laboratory of Advance Technology Research and Development LIDETEA,"México, D.F., México","Laboratory of Advance Technology Research and Development LIDETEA
La Salle University
Benjamín Franklin 47 Col. Condesa
06140, México, D.F. México",~SU,2004,Mexico
477,Predictive Control of a Solar Power Plant with Neuro-Fuzzy Identification and Evolutionary Programming Optimization,2004_003_0080.png,Fuzzy Logic & Fuzzy Systems,Mahdi Jalili-Kharaajoo,Islamic Azad University,Young Researchers Club,"Tehran, Iran","Young Researchers Club, Islamic Azad University, Iran",~IAU,2004,Iran
478,Modeling of a Coupled Industrial Tank System with ANFIS,2004_003_0081.png,Fuzzy Logic & Fuzzy Systems,S.N. Engin,Yildiz Technical University,Department of Electrical Engineering,"Besiktas, Istanbul, Turkey","Department of Electrical Engineering, Yildiz Technical University, 34800 Besiktas, Istanbul Turkey",~YTU,2004,Turkey
479,Modeling of a Coupled Industrial Tank System with ANFIS,2004_003_0081.png,Fuzzy Logic & Fuzzy Systems,J. Kuvulmaz,Yildiz Technical University,Department of Electrical Engineering,"Besiktas, Istanbul, Turkey","Department of Electrical Engineering, Yildiz Technical University, 34800 Besiktas, Istanbul Turkey",~YTU,2004,Turkey
480,Modeling of a Coupled Industrial Tank System with ANFIS,2004_003_0081.png,Fuzzy Logic & Fuzzy Systems,V.E. Ömürlü,Yildiz Technical University,Department of Mechanical Engineering,"Besiktas, Istanbul, Turkey","Department of Mechanical Engineering, Yildiz Technical University, 34800 Besiktas, Istanbul, Turkey",~YTU,2004,Turkey
481,Robust Bootstrapping Neural Networks,2004_003_0082.png,Neural Networks & Deep Learning,Héctor Allende,Universidad Técnica Federico Santa María,Dept. de Informática | Facultad de Ciencia y Tecnología,"Valparaíso, Chile | ",Universidad Técnica Federico Santa María; Dept. de Informática; Casilla 110-V; Valparaíso-Chile; | Universidad Adolfo Ibáñez; Facultad de Ciencia y Tecnología.,~UTFSM,2004,Chile
482,Robust Bootstrapping Neural Networks,2004_003_0082.png,Neural Networks & Deep Learning,Héctor Allende,Universidad Adolfo Ibáñez,Dept. de Informática | Facultad de Ciencia y Tecnología,"Valparaíso, Chile | ",Universidad Técnica Federico Santa María; Dept. de Informática; Casilla 110-V; Valparaíso-Chile; | Universidad Adolfo Ibáñez; Facultad de Ciencia y Tecnología.,~UAI,2004,Chile
483,Robust Bootstrapping Neural Networks,2004_003_0082.png,Neural Networks & Deep Learning,Ricardo Ñanculef,Universidad Técnica Federico Santa María,Dept. de Informática,"Valparaíso, Chile",Universidad Técnica Federico Santa María; Dept. de Informática; Casilla 110-V; Valparaíso-Chile;,~UTFSM,2004,Chile
484,Robust Bootstrapping Neural Networks,2004_003_0082.png,Neural Networks & Deep Learning,Rodrigo Salas,Universidad Técnica Federico Santa María,Dept. de Informática,"Valparaíso, Chile",Universidad Técnica Federico Santa María; Dept. de Informática; Casilla 110-V; Valparaíso-Chile;,~UTFSM,2004,Chile
485,A Kernel Method for Classification,2004_003_0083.png,Unsupervised Machine Learning,Donald MacDonald,The University of Paisley,School of Information and Communication Technologies,"Paisley, Scotland","School of Information and Communication Technologies, The University of Paisley, High Street, Paisley, PA1-2BE, Scotland.",*UOP,2004,United Kingdom
486,A Kernel Method for Classification,2004_003_0083.png,Unsupervised Machine Learning,Jos Koetsier,The University of Paisley,School of Information and Communication Technologies,"Paisley, Scotland","School of Information and Communication Technologies, The University of Paisley, High Street, Paisley, PA1-2BE, Scotland.",*UOP,2004,United Kingdom
487,A Kernel Method for Classification,2004_003_0083.png,Unsupervised Machine Learning,Emilio Corchado,The University of Paisley,School of Information and Communication Technologies,"Paisley, Scotland","School of Information and Communication Technologies, The University of Paisley, High Street, Paisley, PA1-2BE, Scotland.",*UOP,2004,United Kingdom
488,A Kernel Method for Classification,2004_003_0083.png,Unsupervised Machine Learning,Colin Fyfe,The University of Paisley,School of Information and Communication Technologies,"Paisley, Scotland","School of Information and Communication Technologies, The University of Paisley, High Street, Paisley, PA1-2BE, Scotland.",*UOP,2004,United Kingdom
489,A Kernel Method for Classification,2004_003_0083.png,Unsupervised Machine Learning,Juan Corchado,Universidad de Salamanca,Departamento de Informática y Automática,Spain,"Departamento de Informática y Automática, Universidad de Salamanca, Spain.",*USALM,2004,Spain
490,Applying Genetic and Symbolic Learning Algorithms to Extract Rules from Artificial Neural Networks,2004_003_0084.png,"XAI, AI Ethics, Safety & Governance",Claudia R. Milaré,University of São Paulo - USP,"Institute of Mathematics and Computer Science - ICMC, Department of Computer Science and Statistics - SCE, Laboratory of Computational Intelligence - LABIC","São Carlos, SP, Brazil","University of São Paulo - USP, Institute of Mathematics and Computer Science - ICMC, Department of Computer Science and Statistics - SCE, Laboratory of Computational Intelligence - LABIC, P. O. Box 668, 13560-970, São Carlos, SP, Brazil",*USP,2004,Brazil
491,Applying Genetic and Symbolic Learning Algorithms to Extract Rules from Artificial Neural Networks,2004_003_0084.png,"XAI, AI Ethics, Safety & Governance",Gustavo E.A.P.A. Batista,University of São Paulo - USP,"Institute of Mathematics and Computer Science - ICMC, Department of Computer Science and Statistics - SCE, Laboratory of Computational Intelligence - LABIC","São Carlos, SP, Brazil","University of São Paulo - USP, Institute of Mathematics and Computer Science - ICMC, Department of Computer Science and Statistics - SCE, Laboratory of Computational Intelligence - LABIC, P. O. Box 668, 13560-970, São Carlos, SP, Brazil",*USP,2004,Brazil
492,Applying Genetic and Symbolic Learning Algorithms to Extract Rules from Artificial Neural Networks,2004_003_0084.png,"XAI, AI Ethics, Safety & Governance",André C.P.L.F. de Carvalho,University of São Paulo - USP,"Institute of Mathematics and Computer Science - ICMC, Department of Computer Science and Statistics - SCE, Laboratory of Computational Intelligence - LABIC","São Carlos, SP, Brazil","University of São Paulo - USP, Institute of Mathematics and Computer Science - ICMC, Department of Computer Science and Statistics - SCE, Laboratory of Computational Intelligence - LABIC, P. O. Box 668, 13560-970, São Carlos, SP, Brazil",*USP,2004,Brazil
493,Applying Genetic and Symbolic Learning Algorithms to Extract Rules from Artificial Neural Networks,2004_003_0084.png,"XAI, AI Ethics, Safety & Governance",Maria C. Monard,University of São Paulo - USP,"Institute of Mathematics and Computer Science - ICMC, Department of Computer Science and Statistics - SCE, Laboratory of Computational Intelligence - LABIC","São Carlos, SP, Brazil","University of São Paulo - USP, Institute of Mathematics and Computer Science - ICMC, Department of Computer Science and Statistics - SCE, Laboratory of Computational Intelligence - LABIC, P. O. Box 668, 13560-970, São Carlos, SP, Brazil",*USP,2004,Brazil
494,Combining MLP and RBF Neural Networks for Novelty Detection in Short Time Series,2004_003_0085.png,Neural Networks & Deep Learning,A.L.I. Oliveira,Pernambuco University,Polytechnic School | Center of Informatics,"Recife, PE, Brazil","Polytechnic School, Pernambuco University, Rua Benfica, 455, Madalena, Recife – PE, Brazil, 50.750-410 | Center of Informatics, Federal University of Pernambuco, P.O. Box 7851, Cidade Universitaria, Recife – PE, Brazil, 50.732-970",~PU,2004,Brazil
495,Combining MLP and RBF Neural Networks for Novelty Detection in Short Time Series,2004_003_0085.png,Neural Networks & Deep Learning,A.L.I. Oliveira,Federal University of Pernambuco,Polytechnic School | Center of Informatics,"Recife, PE, Brazil","Polytechnic School, Pernambuco University, Rua Benfica, 455, Madalena, Recife – PE, Brazil, 50.750-410 | Center of Informatics, Federal University of Pernambuco, P.O. Box 7851, Cidade Universitaria, Recife – PE, Brazil, 50.732-970",~FUP,2004,Brazil
496,Combining MLP and RBF Neural Networks for Novelty Detection in Short Time Series,2004_003_0085.png,Neural Networks & Deep Learning,F.B.L. Neto,Pernambuco University,Polytechnic School | Center of Informatics,"Recife, PE, Brazil","Polytechnic School, Pernambuco University, Rua Benfica, 455, Madalena, Recife – PE, Brazil, 50.750-410 | Center of Informatics, Federal University of Pernambuco, P.O. Box 7851, Cidade Universitaria, Recife – PE, Brazil, 50.732-970",~PU,2004,Brazil
497,Combining MLP and RBF Neural Networks for Novelty Detection in Short Time Series,2004_003_0085.png,Neural Networks & Deep Learning,F.B.L. Neto,Federal University of Pernambuco,Polytechnic School | Center of Informatics,"Recife, PE, Brazil","Polytechnic School, Pernambuco University, Rua Benfica, 455, Madalena, Recife – PE, Brazil, 50.750-410 | Center of Informatics, Federal University of Pernambuco, P.O. Box 7851, Cidade Universitaria, Recife – PE, Brazil, 50.732-970",~FUP,2004,Brazil
498,Combining MLP and RBF Neural Networks for Novelty Detection in Short Time Series,2004_003_0085.png,Neural Networks & Deep Learning,S.R.L. Meira,Federal University of Pernambuco,Center of Informatics,"Recife, PE, Brazil","Center of Informatics, Federal University of Pernambuco, P.O. Box 7851, Cidade Universitaria, Recife – PE, Brazil, 50.732-970",~FUP,2004,Brazil
499,Treatment of Gradual Knowledge Using Sigma-Pi Neural Networks,2004_003_0086.png,Hybrid AI & Expert Systems,Gerardo Reyes Salgado,Centro Nacional de Investigación y Desarrollo Tecnológico (CENIDET),,Mexico,"Centro Nacional de Investigación y Desarrollo Tecnológico (CENIDET), Mexico",CENIDET,2004,Mexico
500,Treatment of Gradual Knowledge Using Sigma-Pi Neural Networks,2004_003_0086.png,Hybrid AI & Expert Systems,Bernard Amy,Laboratoire LEIBNIZ-IMAG,,"Grenoble, France","Laboratoire LEIBNIZ-IMAG, Grenoble, France",~LL,2004,France
501,A Method to Obtain Sensing Requirements in Robotic Assemblies by Geometric Reasoning,2004_003_0087.png,Robotics,Santiago E. Conant-Pablos,ITESM,"Center for Intelligent Systems, Campus Monterrey","Monterrey, México","Center for Intelligent Systems, ITESM Campus Monterrey, México",ITESM,2004,Mexico
502,A Method to Obtain Sensing Requirements in Robotic Assemblies by Geometric Reasoning,2004_003_0087.png,Robotics,Katsushi Ikeuchi,The University of Tokyo,Institute of Industrial Science,Japan,"Institute of Industrial Science, The University of Tokyo, Japan",*UTOKYO,2004,Japan
503,A Method to Obtain Sensing Requirements in Robotic Assemblies by Geometric Reasoning,2004_003_0087.png,Robotics,Horacio Martínez-Alfaro,ITESM,"Center for Intelligent Systems, Campus Monterrey","Monterrey, México","Center for Intelligent Systems, ITESM Campus Monterrey, México",ITESM,2004,Mexico
504,Intelligent Task Level Planning for Robotic Assembly: Issues and Experiments,2004_003_0088.png,Robotics,Jorge Corona Castuera,"CIATEQ, A.C.",Mechatronics and Intelligent Manufacturing Systems Research Group (MIMSRG),"El Marqués, Qro., México","Mechatronics and Intelligent Manufacturing Systems Research Group (MIMSRG) CIATEQ, A.C. Advanced Technology Centre, Manantiales 23-A, Parque Industrial Bernardo Quintana 76246 El Marqués, Qro., México",CIATEQ,2004,Mexico
505,Intelligent Task Level Planning for Robotic Assembly: Issues and Experiments,2004_003_0088.png,Robotics,Ismael Lopez-Juarez,"CIATEQ, A.C.",Mechatronics and Intelligent Manufacturing Systems Research Group (MIMSRG),"El Marqués, Qro., México","Mechatronics and Intelligent Manufacturing Systems Research Group (MIMSRG) CIATEQ, A.C. Advanced Technology Centre, Manantiales 23-A, Parque Industrial Bernardo Quintana 76246 El Marqués, Qro., México",CIATEQ,2004,Mexico
506,Wrapper Components for Distributed Robotic Systems,2004_003_0089.png,Robotics,Federico Guedea-Elizalde,ITESM,"Campus Monterrey, Center for Intelligent Systems and Center for Industrial Automation",,"ITESM, Campus Monterrey, Center for Intelligent Systems and Center for Industrial Automation",ITESM,2004,Mexico
507,Wrapper Components for Distributed Robotic Systems,2004_003_0089.png,Robotics,Ruben Morales-Menéndez,ITESM,"Campus Monterrey, Center for Intelligent Systems and Center for Industrial Automation",,"ITESM, Campus Monterrey, Center for Intelligent Systems and Center for Industrial Automation",ITESM,2004,Mexico
508,Wrapper Components for Distributed Robotic Systems,2004_003_0089.png,Robotics,Rogelio Soto,ITESM,"Campus Monterrey, Center for Intelligent Systems and Center for Industrial Automation",,"ITESM, Campus Monterrey, Center for Intelligent Systems and Center for Industrial Automation",ITESM,2004,Mexico
509,Wrapper Components for Distributed Robotic Systems,2004_003_0089.png,Robotics,Insop Song,University of Waterloo,Systems Design Engineering,"Waterloo, Ontario, Canada","University of Waterloo, Systems Design Engineering, Waterloo, Ontario, Canada",*UW,2004,Canada
510,Wrapper Components for Distributed Robotic Systems,2004_003_0089.png,Robotics,Fakhri Karray,University of Waterloo,Systems Design Engineering,"Waterloo, Ontario, Canada","University of Waterloo, Systems Design Engineering, Waterloo, Ontario, Canada",*UW,2004,Canada
511,Fuzzy Sliding Mode Control of Robotic Manipulators Based on Genetic Algorithms,2004_003_0090.png,Bio-inspired & Evolutionary Computing,Mahdi Jalili-Kharaajoo,Islamic Azad University,Young Researchers Club,"Tehran, Iran","Young Researchers Club, Islamic Azad University, Iran",~IAU,2004,Iran
512,Fuzzy Sliding Mode Control of Robotic Manipulators Based on Genetic Algorithms,2004_003_0090.png,Bio-inspired & Evolutionary Computing,Hossein Rouhani,Islamic Azad University,Young Researchers Club,"Tehran, Iran","Young Researchers Club, Islamic Azad University, Iran",~IAU,2004,Iran
513,Collective Behavior as Assembling of Spatial Puzzles,2004_003_0091.png,Robotics,Angélica Muñoz Meléndez,INAOE,,"Tonantzintla, Puebla, México","INAOE, Luis Enrique Erro No. 1
72840 Tonantzintla Puebla, México",INAOE,2004,Mexico
514,Collective Behavior as Assembling of Spatial Puzzles,2004_003_0091.png,Robotics,Alexis Drogoul,UPMC,LIP6,"Paris, France","LIP6 - UPMC, Case 169 - 4, place Jussieu
75252 Paris Cedex 05",UPMC,2004,France
515,Collective Behavior as Assembling of Spatial Puzzles,2004_003_0091.png,Robotics,Pierre-Emmanuel Viel,UPMC,LIP6,"Paris, France","LIP6 - UPMC, Case 169 - 4, place Jussieu
75252 Paris Cedex 05",UPMC,2004,France
516,Towards Derandomizing PRM Planners,2004_003_0092.png,Robotics,Abraham Sánchez,BUAP,Facultad de Ciencias de la Computación,"Puebla, Pue., México","Facultad de Ciencias de la Computación, BUAP 14 Sur esq. San Claudio, CP 72550 Puebla, Pue., México",BUAP,2004,Mexico
517,Towards Derandomizing PRM Planners,2004_003_0092.png,Robotics,René Zapata,CNRS,"LIRMM, UMR5506","Montpellier Cedex 5, France","LIRMM, UMR5506 CNRS, 161 rue Ada 34392, Montpellier Cedex 5, France",CNRS,2004,France
518,Modelling Human Intelligence: A Learning Mechanism,2005_004_0000.png,Neural Networks & Deep Learning,Enrique Carlos Segura,Universidad de Buenos Aires,"Departamento de Computacion, Facultad de Ciencias Exactas y Naturales","Ciudad Universitaria, Buenos Aires, Argentina","Departamento de Computacion, Facultad de Ciencias Exactas y Naturales, Universidad de Buenos Aires, Ciudad Universitaria, Pabellon I, (1428) Buenos Aires, Argentina",~UBA,2005,Argentina
519,Modelling Human Intelligence: A Learning Mechanism,2005_004_0000.png,Neural Networks & Deep Learning,Robin Whitty,London South Bank University,"School of Business, Computing and Information Management","London, UK","School of Business, Computing and Information Management, London South Bank University, London SE1A 0AA, UK",~LSBU,2005,United Kingdom
520,Compilation of Symbolic Knowledge and Integration with Numeric Knowledge Using Hybrid Systems,2005_004_0001.png,Hybrid AI & Expert Systems,Vianey Guadalupe Cruz Sánchez,Centro Nacional de Investigación y Desarrollo Tecnológico (cenidet),Computer Science Department,"Cuernavaca, Morelos, México","Centro Nacional de Investigación y Desarrollo Tecnológico (cenidet), Computer Science Department, Av. Palmira S/n, Col. Palmira. C. P. 62490. Cuernavaca Morelos México",CENIDET,2005,Mexico
521,Compilation of Symbolic Knowledge and Integration with Numeric Knowledge Using Hybrid Systems,2005_004_0001.png,Hybrid AI & Expert Systems,Gerardo Reyes Salgado,Centro Nacional de Investigación y Desarrollo Tecnológico (cenidet),Computer Science Department,"Cuernavaca, Morelos, México","Centro Nacional de Investigación y Desarrollo Tecnológico (cenidet), Computer Science Department, Av. Palmira S/n, Col. Palmira. C. P. 62490. Cuernavaca Morelos México",CENIDET,2005,Mexico
522,Compilation of Symbolic Knowledge and Integration with Numeric Knowledge Using Hybrid Systems,2005_004_0001.png,Hybrid AI & Expert Systems,Osslan Osiris Vergara Villegas,Centro Nacional de Investigación y Desarrollo Tecnológico (cenidet),Computer Science Department,"Cuernavaca, Morelos, México","Centro Nacional de Investigación y Desarrollo Tecnológico (cenidet), Computer Science Department, Av. Palmira S/n, Col. Palmira. C. P. 62490. Cuernavaca Morelos México",CENIDET,2005,Mexico
523,Compilation of Symbolic Knowledge and Integration with Numeric Knowledge Using Hybrid Systems,2005_004_0001.png,Hybrid AI & Expert Systems,Joaquín Perez Ortega,Centro Nacional de Investigación y Desarrollo Tecnológico (cenidet),Computer Science Department,"Cuernavaca, Morelos, México","Centro Nacional de Investigación y Desarrollo Tecnológico (cenidet), Computer Science Department, Av. Palmira S/n, Col. Palmira. C. P. 62490. Cuernavaca Morelos México",CENIDET,2005,Mexico
524,Compilation of Symbolic Knowledge and Integration with Numeric Knowledge Using Hybrid Systems,2005_004_0001.png,Hybrid AI & Expert Systems,Azucena Montes Rendón,Centro Nacional de Investigación y Desarrollo Tecnológico (cenidet),Computer Science Department,"Cuernavaca, Morelos, México","Centro Nacional de Investigación y Desarrollo Tecnológico (cenidet), Computer Science Department, Av. Palmira S/n, Col. Palmira. C. P. 62490. Cuernavaca Morelos México",CENIDET,2005,Mexico
525,The Topological Effect of Improving Knowledge Acquisition,2005_004_0002.png,Knowledge Representation & Reasoning,Bernhard Heinemann,FernUniversität in Hagen,Fachbereich Informatik,"Hagen, Germany","Fachbereich Informatik, FernUniversität in Hagen, 58084 Hagen, Germany",~FH,2005,Germany
526,Belief Revision Revisited,2005_004_0003.png,Knowledge Representation & Reasoning,Ewa Madalińska-Bugaj,Warsaw University,Institute of Informatics,"Warsaw, Poland","Institute of Informatics, Warsaw University, Warsaw, Poland",~WU,2005,Poland
527,Belief Revision Revisited,2005_004_0003.png,Knowledge Representation & Reasoning,Witold Łukaszewicz,Linköping University,Dept. of Computer Science | ,"Sweden | Olsztyn, Poland","Dept. of Computer Science, Linköping University, Sweden and College of Economics and Computer Science TWP, Olsztyn, Poland",~LU,2005,Poland
528,Belief Revision Revisited,2005_004_0003.png,Knowledge Representation & Reasoning,Witold Łukaszewicz,College of Economics and Computer Science TWP,Dept. of Computer Science | ,"Sweden | Olsztyn, Poland","Dept. of Computer Science, Linköping University, Sweden and College of Economics and Computer Science TWP, Olsztyn, Poland",~CECST,2005,Poland
529,Knowledge and Reasoning Supported by Cognitive Maps,2005_004_0004.png,Knowledge Representation & Reasoning,Alejandro Peña,National Polytechnic Institute,"WOLNM, UPIICSA & CIC","DF, México","WOLNM, UPIICSA & CIC – National Polytechnic Institute, 31 Julio 1859, # 1099-B, Leyes Reforma, DF, 09310, México",IPN,2005,Mexico
530,Knowledge and Reasoning Supported by Cognitive Maps,2005_004_0004.png,Knowledge Representation & Reasoning,Humberto Sossa,National Polytechnic Institute,CIC,"DF, México","CIC – National Polytechnic Institute, 31 Julio 1859, # 1099-B, Leyes Reforma, DF, 09310, México",IPN,2005,Mexico
531,Knowledge and Reasoning Supported by Cognitive Maps,2005_004_0004.png,Knowledge Representation & Reasoning,Agustin Gutiérrez,National Polytechnic Institute,CIC,"DF, México","CIC – National Polytechnic Institute, 31 Julio 1859, # 1099-B, Leyes Reforma, DF, 09310, México",IPN,2005,Mexico
532,Temporal Reasoning on Chronological Annotation,2005_004_0005.png,Knowledge Representation & Reasoning,Tiphaine Accary-Barbier,INSA de Lyon,LIRIS CNRS UMR 5205,"Villeurbanne cedex, France","LIRIS CNRS UMR 5205, INSA de Lyon, Bat. Blaise Pascal 7, avenue Jean Capelle, 69621 Villeurbanne cedex, France",~IL,2005,France
533,Temporal Reasoning on Chronological Annotation,2005_004_0005.png,Knowledge Representation & Reasoning,Sylvie Calabretto,INSA de Lyon,LIRIS CNRS UMR 5205,"Villeurbanne cedex, France","LIRIS CNRS UMR 5205, INSA de Lyon, Bat. Blaise Pascal 7, avenue Jean Capelle, 69621 Villeurbanne cedex, France",~IL,2005,France
534,EventNet: Inferring Temporal Relations Between Commonsense Events,2005_004_0006.png,Knowledge Representation & Reasoning,Jose Espinosa,MIT,"Media Lab, Software Agents Group","Cambridge, Massachusetts, USA","MIT Media Lab, Software Agents Group, 20 Ames St., Cambridge, Massachusetts, 02139, USA",*MIT,2005,United States
535,EventNet: Inferring Temporal Relations Between Commonsense Events,2005_004_0006.png,Knowledge Representation & Reasoning,Henry Lieberman,MIT,"Media Lab, Software Agents Group","Cambridge, Massachusetts, USA","MIT Media Lab, Software Agents Group, 20 Ames St., Cambridge, Massachusetts, 02139, USA",*MIT,2005,United States
536,Multi Agent Ontology Mapping Framework in the AQUA Question Answering System,2005_004_0007.png,Multi-Agent Systems & Distributed AI,Miklos Nagy,The Open University,Knowledge Media Institute (KMi),"Milton Keynes, United Kingdom","Knowledge Media Institute (KMi), The Open University, Walton Hall, Milton Keynes, MK7 6AA, United Kingdom",~OU,2005,United Kingdom
537,Multi Agent Ontology Mapping Framework in the AQUA Question Answering System,2005_004_0007.png,Multi-Agent Systems & Distributed AI,Maria Vargas-Vera,The Open University,Knowledge Media Institute (KMi),"Milton Keynes, United Kingdom","Knowledge Media Institute (KMi), The Open University, Walton Hall, Milton Keynes, MK7 6AA, United Kingdom",~OU,2005,United Kingdom
538,Multi Agent Ontology Mapping Framework in the AQUA Question Answering System,2005_004_0007.png,Multi-Agent Systems & Distributed AI,Enrico Motta,The Open University,Knowledge Media Institute (KMi),"Milton Keynes, United Kingdom","Knowledge Media Institute (KMi), The Open University, Walton Hall, Milton Keynes, MK7 6AA, United Kingdom",~OU,2005,United Kingdom
539,A Three-Level Approach to Ontology Merging,2005_004_0008.png,Knowledge Representation & Reasoning,Agustina Buccella,Universidad Nacional del Comahue,Departamento de Ciencias de la Computación,"Neuquén, Argentina","Departamento de Ciencias de la Computación, Universidad Nacional del Comahue, Buenos Aires 1400, Neuquén, Argentina",~UNC,2005,Argentina
540,A Three-Level Approach to Ontology Merging,2005_004_0008.png,Knowledge Representation & Reasoning,Alejandra Cechich,Universidad Nacional del Comahue,Departamento de Ciencias de la Computación,"Neuquén, Argentina","Departamento de Ciencias de la Computación, Universidad Nacional del Comahue, Buenos Aires 1400, Neuquén, Argentina",~UNC,2005,Argentina
541,A Three-Level Approach to Ontology Merging,2005_004_0008.png,Knowledge Representation & Reasoning,Nieves Brisaboa,Universidade de A Coruña,Departamento de Computación,"La Coruña, España","Departamento de Computación, Universidade de A Coruña, La Coruña, España",~UC,2005,Spain
542,Domain and Competences Ontologies and Their Maintenance for an Intelligent Dissemination of Documents,2005_004_0009.png,Knowledge Representation & Reasoning,Yassine Gargouri,University of Quebec at Montreal,Laboratory of Cognitive Information Analysis,"Montreal, Quebec, Canada","Laboratory of Cognitive Information Analysis, University of Quebec at Montreal, Montreal (Quebec) H3C 3P8, Canada",~UQM,2005,Canada
543,Domain and Competences Ontologies and Their Maintenance for an Intelligent Dissemination of Documents,2005_004_0009.png,Knowledge Representation & Reasoning,Bernard Lefebvre,University of Quebec at Montreal,"Laboratory of Knowledge Management, Diffusion and Acquisition","Montreal, Quebec, Canada","Laboratory of Knowledge Management, Diffusion and Acquisition, University of Quebec at Montreal, Montreal (Quebec) H3C 3P8, Canada",~UQM,2005,Canada
544,Domain and Competences Ontologies and Their Maintenance for an Intelligent Dissemination of Documents,2005_004_0009.png,Knowledge Representation & Reasoning,Jean-Guy Meunier,University of Quebec at Montreal,Laboratory of Cognitive Information Analysis,"Montreal, Quebec, Canada","Laboratory of Cognitive Information Analysis, University of Quebec at Montreal, Montreal (Quebec) H3C 3P8, Canada",~UQM,2005,Canada
545,Modelling Power and Trust for Knowledge Distribution: An Argumentative Approach,2005_004_0010.png,Knowledge Representation & Reasoning,Carlos Iván Chesñevar,Universitat de Lleida,"Artificial Intelligence Research Group, Department of Computer Science, Campus Cappont","Lleida, Spain","Artificial Intelligence Research Group, Department of Computer Science, Universitat de Lleida, Campus Cappont, C/Jaume II, 69, E-25001 Lleida, Spain",*UdL,2005,Spain
546,Modelling Power and Trust for Knowledge Distribution: An Argumentative Approach,2005_004_0010.png,Knowledge Representation & Reasoning,Ramón F. Brena,Tecnológico de Monterrey,Centro de Sistemas Inteligentes,"Monterrey, N.L., México","Centro de Sistemas Inteligentes, Tecnológico de Monterrey, 64849 Monterrey, N.L., México",ITESM,2005,Mexico
547,Modelling Power and Trust for Knowledge Distribution: An Argumentative Approach,2005_004_0010.png,Knowledge Representation & Reasoning,José Luis Aguirre,Tecnológico de Monterrey,Centro de Sistemas Inteligentes,"Monterrey, N.L., México","Centro de Sistemas Inteligentes, Tecnológico de Monterrey, 64849 Monterrey, N.L., México",ITESM,2005,Mexico
548,Deductive Systems' Representation and an Incompleteness Result in the Situation Calculus,2005_004_0011.png,Knowledge Representation & Reasoning,Pablo Sáez,University of Concepción,"Departamento de Ingeniería Informática y Ciencia de la Computación, Facultad de Ingeniería","Concepción, Chile","Departamento de Ingeniería Informática y Ciencia de la Computación, Facultad de Ingeniería, University of Concepción, Chile",~UC,2005,Chile
549,Geometric Aspects Related to Solutions of #kSAT,2005_004_0012.png,Logic & Automated Reasoning,Guillermo Morales-Luna,CINVESTAV-IPN,Computer Science,"Mexico City, Mexico","Computer Science, CINVESTAV-IPN, Av. IPN 2508, Mexico City, Mexico",CINVESTAV,2005,Mexico
550,A Syntactical Approach to Belief Update,2005_004_0013.png,Knowledge Representation & Reasoning,Jerusa Marchi,Universidade Federal de Santa Catarina,Departamento de Automação e Sistemas | IRIT,"Florianópolis, SC, Brazil | Toulouse, France","Departamento de Automação e Sistemas, Universidade Federal de Santa Catarina, 88040-900, Florianópolis, SC, Brazil | IRIT - Université Toulouse I, Manufacture des Tabacs, 21, allée de Brienne, F-31042, Toulouse, France",~UFSC,2005,France
551,A Syntactical Approach to Belief Update,2005_004_0013.png,Knowledge Representation & Reasoning,Jerusa Marchi,Université Toulouse I,Departamento de Automação e Sistemas | IRIT,"Florianópolis, SC, Brazil | Toulouse, France","Departamento de Automação e Sistemas, Universidade Federal de Santa Catarina, 88040-900, Florianópolis, SC, Brazil | IRIT - Université Toulouse I, Manufacture des Tabacs, 21, allée de Brienne, F-31042, Toulouse, France",~UTI,2005,France
552,A Syntactical Approach to Belief Update,2005_004_0013.png,Knowledge Representation & Reasoning,Guilherme Bittencourt,Universidade Federal de Santa Catarina,Departamento de Automação e Sistemas,"Florianópolis, SC, Brazil","Departamento de Automação e Sistemas, Universidade Federal de Santa Catarina, 88040-900, Florianópolis, SC, Brazil",~UFSC,2005,Brazil
553,A Syntactical Approach to Belief Update,2005_004_0013.png,Knowledge Representation & Reasoning,Laurent Perrussel,Université Toulouse I,IRIT,"Toulouse, France","IRIT - Université Toulouse I, Manufacture des Tabacs, 21, allée de Brienne, F-31042, Toulouse, France",~UTI,2005,France
554,A Fuzzy Extension of Description Logic ALCH *,2005_004_0014.png,Fuzzy Logic & Fuzzy Systems,Yanhui Li,Southeast University,Department of Computer Science and Engineering,"Nanjing, P.R. China","Department of Computer Science and Engineering, Southeast University, Nanjing 210096, P.R. China | Jiangsu Institute of Software Quality, Nanjing 210096, P.R. China",~SU,2005,China
555,A Fuzzy Extension of Description Logic ALCH *,2005_004_0014.png,Fuzzy Logic & Fuzzy Systems,Yanhui Li,Jiangsu Institute of Software Quality,Department of Computer Science and Engineering,"Nanjing, P.R. China","Department of Computer Science and Engineering, Southeast University, Nanjing 210096, P.R. China | Jiangsu Institute of Software Quality, Nanjing 210096, P.R. China",~JISQ,2005,China
556,A Fuzzy Extension of Description Logic ALCH *,2005_004_0014.png,Fuzzy Logic & Fuzzy Systems,Jianjiang Lu,Southeast University,Department of Computer Science and Engineering,"Nanjing, P.R. China","Department of Computer Science and Engineering, Southeast University, Nanjing 210096, P.R. China | Jiangsu Institute of Software Quality, Nanjing 210096, P.R. China | PLA University of Science and Technology, Nanjing, 210007, China",~SU,2005,China
557,A Fuzzy Extension of Description Logic ALCH *,2005_004_0014.png,Fuzzy Logic & Fuzzy Systems,Jianjiang Lu,Jiangsu Institute of Software Quality,Department of Computer Science and Engineering,"Nanjing, P.R. China","Department of Computer Science and Engineering, Southeast University, Nanjing 210096, P.R. China | Jiangsu Institute of Software Quality, Nanjing 210096, P.R. China | PLA University of Science and Technology, Nanjing, 210007, China",~JISQ,2005,China
558,A Fuzzy Extension of Description Logic ALCH *,2005_004_0014.png,Fuzzy Logic & Fuzzy Systems,Jianjiang Lu,PLA University of Science and Technology,Department of Computer Science and Engineering,"Nanjing, P.R. China","Department of Computer Science and Engineering, Southeast University, Nanjing 210096, P.R. China | Jiangsu Institute of Software Quality, Nanjing 210096, P.R. China | PLA University of Science and Technology, Nanjing, 210007, China",~PUST,2005,China
559,A Fuzzy Extension of Description Logic ALCH *,2005_004_0014.png,Fuzzy Logic & Fuzzy Systems,Baowen Xu,Southeast University,Department of Computer Science and Engineering,"Nanjing, P.R. China","Department of Computer Science and Engineering, Southeast University, Nanjing 210096, P.R. China | Jiangsu Institute of Software Quality, Nanjing 210096, P.R. China",~SU,2005,China
560,A Fuzzy Extension of Description Logic ALCH *,2005_004_0014.png,Fuzzy Logic & Fuzzy Systems,Baowen Xu,Jiangsu Institute of Software Quality,Department of Computer Science and Engineering,"Nanjing, P.R. China","Department of Computer Science and Engineering, Southeast University, Nanjing 210096, P.R. China | Jiangsu Institute of Software Quality, Nanjing 210096, P.R. China",~JISQ,2005,China
561,A Fuzzy Extension of Description Logic ALCH *,2005_004_0014.png,Fuzzy Logic & Fuzzy Systems,Dazhou Kang,Southeast University,Department of Computer Science and Engineering,"Nanjing, P.R. China","Department of Computer Science and Engineering, Southeast University, Nanjing 210096, P.R. China | Jiangsu Institute of Software Quality, Nanjing 210096, P.R. China",~SU,2005,China
562,A Fuzzy Extension of Description Logic ALCH *,2005_004_0014.png,Fuzzy Logic & Fuzzy Systems,Dazhou Kang,Jiangsu Institute of Software Quality,Department of Computer Science and Engineering,"Nanjing, P.R. China","Department of Computer Science and Engineering, Southeast University, Nanjing 210096, P.R. China | Jiangsu Institute of Software Quality, Nanjing 210096, P.R. China",~JISQ,2005,China
563,A Fuzzy Extension of Description Logic ALCH *,2005_004_0014.png,Fuzzy Logic & Fuzzy Systems,Jixiang Jiang,Southeast University,Department of Computer Science and Engineering,"Nanjing, P.R. China","Department of Computer Science and Engineering, Southeast University, Nanjing 210096, P.R. China | Jiangsu Institute of Software Quality, Nanjing 210096, P.R. China",~SU,2005,China
564,A Fuzzy Extension of Description Logic ALCH *,2005_004_0014.png,Fuzzy Logic & Fuzzy Systems,Jixiang Jiang,Jiangsu Institute of Software Quality,Department of Computer Science and Engineering,"Nanjing, P.R. China","Department of Computer Science and Engineering, Southeast University, Nanjing 210096, P.R. China | Jiangsu Institute of Software Quality, Nanjing 210096, P.R. China",~JISQ,2005,China
565,An Approach for Dynamic Split Strategies in Constraint Solving,2005_004_0015.png,Heuristic Search & Optimization,Carlos Castro,Universidad Técnica Federico Santa María,,"Valparaíso, Chile","Universidad Técnica Federico Santa María, Valparaíso, Chile",~UTFSM,2005,Chile
566,An Approach for Dynamic Split Strategies in Constraint Solving,2005_004_0015.png,Heuristic Search & Optimization,Eric Monfroy,Universidad Técnica Federico Santa María,,"Valparaíso, Chile | Nantes, France","Universidad Técnica Federico Santa María, Valparaíso, Chile | LINA, Université de Nantes, France",~UTFSM,2005,France
567,An Approach for Dynamic Split Strategies in Constraint Solving,2005_004_0015.png,Heuristic Search & Optimization,Eric Monfroy,"LINA, Université de Nantes",,"Valparaíso, Chile | Nantes, France","Universidad Técnica Federico Santa María, Valparaíso, Chile | LINA, Université de Nantes, France",~LUN,2005,France
568,An Approach for Dynamic Split Strategies in Constraint Solving,2005_004_0015.png,Heuristic Search & Optimization,Christian Figueroa,Universidad Técnica Federico Santa María,,"Valparaíso, Chile","Universidad Técnica Federico Santa María, Valparaíso, Chile",~UTFSM,2005,Chile
569,An Approach for Dynamic Split Strategies in Constraint Solving,2005_004_0015.png,Heuristic Search & Optimization,Rafael Meneses,Universidad Técnica Federico Santa María,,"Valparaíso, Chile","Universidad Técnica Federico Santa María, Valparaíso, Chile",~UTFSM,2005,Chile
570,Applying Constraint Logic Programming to Predicate Abstraction of RTL Verilog Descriptions,2005_004_0016.png,Logic & Automated Reasoning,Tun Li,National University of Defense Technology,,"ChangSha, HuNan, China","National University of Defense Technology, 410073 ChangSha, HuNan, China",~NUDT,2005,China
571,Applying Constraint Logic Programming to Predicate Abstraction of RTL Verilog Descriptions,2005_004_0016.png,Logic & Automated Reasoning,Yang Guo,National University of Defense Technology,,"ChangSha, HuNan, China","National University of Defense Technology, 410073 ChangSha, HuNan, China",~NUDT,2005,China
572,Applying Constraint Logic Programming to Predicate Abstraction of RTL Verilog Descriptions,2005_004_0016.png,Logic & Automated Reasoning,SiKun Li,National University of Defense Technology,,"ChangSha, HuNan, China","National University of Defense Technology, 410073 ChangSha, HuNan, China",~NUDT,2005,China
573,Applying Constraint Logic Programming to Predicate Abstraction of RTL Verilog Descriptions,2005_004_0016.png,Logic & Automated Reasoning,Dan Zhu,National University of Defense Technology,,"ChangSha, HuNan, China","National University of Defense Technology, 410073 ChangSha, HuNan, China",~NUDT,2005,China
574,Scheduling Transportation Events with Grouping Genetic Algorithms and the Heuristic DJD,2005_004_0017.png,Bio-inspired & Evolutionary Computing,Hugo Terashima-Marín,Tecnológico de Monterrey,Center for Intelligent Systems,"Monterrey, Nuevo León, Mexico","Center for Intelligent Systems, Tecnológico de Monterrey, Ave. Eugenio Garza Sada 2501 Sur, Monterrey, Nuevo León 64849 Mexico",ITESM,2005,Mexico
575,Scheduling Transportation Events with Grouping Genetic Algorithms and the Heuristic DJD,2005_004_0017.png,Bio-inspired & Evolutionary Computing,Juan Manuel Tavernier-Deloya,Tecnológico de Monterrey,Center for Intelligent Systems,"Monterrey, Nuevo León, Mexico","Center for Intelligent Systems, Tecnológico de Monterrey, Ave. Eugenio Garza Sada 2501 Sur, Monterrey, Nuevo León 64849 Mexico",ITESM,2005,Mexico
576,Scheduling Transportation Events with Grouping Genetic Algorithms and the Heuristic DJD,2005_004_0017.png,Bio-inspired & Evolutionary Computing,Manuel Valenzuela-Rendón,Tecnológico de Monterrey,Center for Intelligent Systems,"Monterrey, Nuevo León, Mexico","Center for Intelligent Systems, Tecnológico de Monterrey, Ave. Eugenio Garza Sada 2501 Sur, Monterrey, Nuevo León 64849 Mexico",ITESM,2005,Mexico
577,Radial Search: A Simple Solution Approach to Hard Combinatorial Problems,2005_004_0018.png,Heuristic Search & Optimization,José Antonio Vázquez Rodríguez,The University of Essex,,"Colchester, UK","The University of Essex, Colchester CO43SQ, UK",~UE,2005,United Kingdom
578,Radial Search: A Simple Solution Approach to Hard Combinatorial Problems,2005_004_0018.png,Heuristic Search & Optimization,Abdellah Salhi,The University of Essex,,"Colchester, UK","The University of Essex, Colchester CO43SQ, UK",~UE,2005,United Kingdom
579,Rough Sets and Decision Rules in Fuzzy Set-Valued Information Systems,2005_004_0019.png,Data Mining & Knowledge Discovery,Danjun Zhu,Xi'an Jiaotong University,School of Electronics and Information Engineering,"Xi'an, China","School of Electronics and Information Engineering, Xi'an Jiaotong University, Xi'an, 710049, China",~XJU,2005,China
580,Rough Sets and Decision Rules in Fuzzy Set-Valued Information Systems,2005_004_0019.png,Data Mining & Knowledge Discovery,Boqin Feng,Xi'an Jiaotong University,School of Electronics and Information Engineering,"Xi'an, China","School of Electronics and Information Engineering, Xi'an Jiaotong University, Xi'an, 710049, China",~XJU,2005,China
581,Rough Sets and Decision Rules in Fuzzy Set-Valued Information Systems,2005_004_0019.png,Data Mining & Knowledge Discovery,Tao Guan,Tsinghua University,"State Key Laboratory of Intelligent Technology and Systems(LITS), Department of Computer Science and Technology","Beijing, China","State Key Laboratory of Intelligent Technology and Systems(LITS), Department of Computer Science and Technology, Tsinghua University, Beijing, 100084, China",*TSINGHUA,2005,China
582,Directed Cycles in Bayesian Belief Networks: Probabilistic Semantics and Consistency Checking Complexity,2005_004_0020.png,Probabilistic & Statistical Reasoning,Alexander L. Tulupyev,Russian Academy of Sciences,St.Petersburg Institute for Informatics and Automation,,St.Petersburg Institute for Informatics and Automation of the Russian Academy of Sciences,~RAS,2005,Russia
583,Directed Cycles in Bayesian Belief Networks: Probabilistic Semantics and Consistency Checking Complexity,2005_004_0020.png,Probabilistic & Statistical Reasoning,Sergey I. Nikolenko,Russian Academy of Sciences,St.Petersburg Institute for Informatics and Automation,,St.Petersburg Institute for Informatics and Automation of the Russian Academy of Sciences,~RAS,2005,Russia
584,Fuzzeval: A Fuzzy Controller-Based Approach in Adaptive Learning for Backgammon Game,2005_004_0021.png,Fuzzy Logic & Fuzzy Systems,Mikael Heinze,Aalborg University,Computer Science and Engineering Department,"Esbjerg, Denmark","Computer Science and Engineering Department, Aalborg University, Esbjerg Denmark",~AU,2005,Denmark
585,Fuzzeval: A Fuzzy Controller-Based Approach in Adaptive Learning for Backgammon Game,2005_004_0021.png,Fuzzy Logic & Fuzzy Systems,Daniel Ortiz-Arroyo,Aalborg University,Computer Science and Engineering Department,"Esbjerg, Denmark","Computer Science and Engineering Department, Aalborg University, Esbjerg Denmark",~AU,2005,Denmark
586,Fuzzeval: A Fuzzy Controller-Based Approach in Adaptive Learning for Backgammon Game,2005_004_0021.png,Fuzzy Logic & Fuzzy Systems,Henrik Legind Larsen,Aalborg University,Computer Science and Engineering Department,"Esbjerg, Denmark","Computer Science and Engineering Department, Aalborg University, Esbjerg Denmark",~AU,2005,Denmark
587,Fuzzeval: A Fuzzy Controller-Based Approach in Adaptive Learning for Backgammon Game,2005_004_0021.png,Fuzzy Logic & Fuzzy Systems,Francisco Rodriguez-Henriquez,CINVESTAV,Computer Science Section,"Mexico DF, Mexico","Computer Science Section, CINVESTAV, Mexico DF, Mexico",CINVESTAV,2005,Mexico
588,Analysis of Performance of Fuzzy Logic-Based Production Scheduling by Simulation,2005_004_0022.png,Fuzzy Logic & Fuzzy Systems,Alejandra Duenas,Coventry University,"Control Theory and Applications Centre, School of Mathematical and Information Sciences","Coventry, UK","Control Theory and Applications Centre, School of Mathematical and Information Sciences, Coventry University, Priory Street, Coventry, CV1 5FB, UK",~CU,2005,United Kingdom
589,Analysis of Performance of Fuzzy Logic-Based Production Scheduling by Simulation,2005_004_0022.png,Fuzzy Logic & Fuzzy Systems,Dobrila Petrovic,Coventry University,"Control Theory and Applications Centre, School of Mathematical and Information Sciences","Coventry, UK","Control Theory and Applications Centre, School of Mathematical and Information Sciences, Coventry University, Priory Street, Coventry, CV1 5FB, UK",~CU,2005,United Kingdom
590,Analysis of Performance of Fuzzy Logic-Based Production Scheduling by Simulation,2005_004_0022.png,Fuzzy Logic & Fuzzy Systems,Sanja Petrovic,University of Nottingham,"Automated Scheduling, Optimisation and Planning Research Group, School of Computer Science and IT","Nottingham, United Kingdom","Automated Scheduling, Optimisation and Planning Research Group, School of Computer Science and IT, University of Nottingham, Nottingham, United Kingdom",*UON,2005,United Kingdom
591,Effects of Inter-agent Communication in Ant-Based Clustering Algorithms: A Case Study on Communication Policies in Swarm Systems,2005_004_0023.png,Multi-Agent Systems & Distributed AI,Marco Antonio Montes de Oca,Tecnológico de Monterrey,"Centro de Sistemas Inteligentes, Campus Monterrey","Monterrey, México","Centro de Sistemas Inteligentes Tecnológico de Monterrey, Campus Monterrey, Eugenio Garza Sada 2501, C.P. 64849. Monterrey, México",ITESM,2005,Mexico
592,Effects of Inter-agent Communication in Ant-Based Clustering Algorithms: A Case Study on Communication Policies in Swarm Systems,2005_004_0023.png,Multi-Agent Systems & Distributed AI,Leonardo Garrido,Tecnológico de Monterrey,"Centro de Sistemas Inteligentes, Campus Monterrey","Monterrey, México","Centro de Sistemas Inteligentes Tecnológico de Monterrey, Campus Monterrey, Eugenio Garza Sada 2501, C.P. 64849. Monterrey, México",ITESM,2005,Mexico
593,Effects of Inter-agent Communication in Ant-Based Clustering Algorithms: A Case Study on Communication Policies in Swarm Systems,2005_004_0023.png,Multi-Agent Systems & Distributed AI,José Luis Aguirre,Tecnológico de Monterrey,"Centro de Sistemas Inteligentes, Campus Monterrey","Monterrey, México","Centro de Sistemas Inteligentes Tecnológico de Monterrey, Campus Monterrey, Eugenio Garza Sada 2501, C.P. 64849. Monterrey, México",ITESM,2005,Mexico
594,Coordination Through Plan Repair,2005_004_0024.png,Multi-Agent Systems & Distributed AI,Roman van der Krogt,Delft University of Technology,,"Delft, The Netherlands","Delft University of Technology, PO Box 5031, 2600 GA Delft, The Netherlands",~DUT,2005,Netherlands
595,Coordination Through Plan Repair,2005_004_0024.png,Multi-Agent Systems & Distributed AI,Mathijs de Weerdt,Delft University of Technology,,"Delft, The Netherlands","Delft University of Technology, PO Box 5031, 2600 GA Delft, The Netherlands",~DUT,2005,Netherlands
596,Enabling Intelligent Organizations: An Electronic Institutions Approach for Controlling and Executing Problem Solving Methods,2005_004_0025.png,Multi-Agent Systems & Distributed AI,Armando Robles P.,TCA Research Group,,"Barcelona, Spain","1 TCA Research Group | 2 Institut d'Investigació en Intel.ligència Artificial, IIIA-CSIC. Barcelona, Spain",~TRG,2005,Spain
597,Enabling Intelligent Organizations: An Electronic Institutions Approach for Controlling and Executing Problem Solving Methods,2005_004_0025.png,Multi-Agent Systems & Distributed AI,Armando Robles P.,IIIA-CSIC,,"Barcelona, Spain","1 TCA Research Group | 2 Institut d'Investigació en Intel.ligència Artificial, IIIA-CSIC. Barcelona, Spain",IIIA-CSIC,2005,Spain
598,Enabling Intelligent Organizations: An Electronic Institutions Approach for Controlling and Executing Problem Solving Methods,2005_004_0025.png,Multi-Agent Systems & Distributed AI,B.V. Pablo Noriega,IIIA-CSIC,Institut d'Investigació en Intel.ligència Artificial,"Barcelona, Spain","2 Institut d'Investigació en Intel.ligència Artificial, IIIA-CSIC. Barcelona, Spain",IIIA-CSIC,2005,Spain
599,Enabling Intelligent Organizations: An Electronic Institutions Approach for Controlling and Executing Problem Solving Methods,2005_004_0025.png,Multi-Agent Systems & Distributed AI,Francisco Cantú,ITESM,Research and Graduate Studies Office,"Monterrey, NL, México","3 Research and Graduate Studies Office, ITESM",ITESM,2005,Mexico
600,Enabling Intelligent Organizations: An Electronic Institutions Approach for Controlling and Executing Problem Solving Methods,2005_004_0025.png,Multi-Agent Systems & Distributed AI,Rubén Morales-Menéndez,ITESM,Center for Innovation in Design and Technology,"Monterrey, NL, México","4 Center for Innovation in Design and Technology, ITESM, Monterrey, NL, México",ITESM,2005,Mexico
601,An Extended Behavior Network for a Game Agent: An Investigation of Action Selection Quality and Agent Performance in Unreal Tournament,2005_004_0026.png,Hybrid AI & Expert Systems,Hugo da Silva Corrêa Pinto,Universidade Federal do Rio Grande do Sul (UFRGS),Instituto de Informática,"Porto Alegre, RS, Brazil","Instituto de Informática, Universidade Federal do Rio Grande do Sul (UFRGS), Caixa Postal 15.064, 91.501-970, Porto Alegre, RS, Brazil",~UFDRGDS(,2005,Brazil
602,An Extended Behavior Network for a Game Agent: An Investigation of Action Selection Quality and Agent Performance in Unreal Tournament,2005_004_0026.png,Hybrid AI & Expert Systems,Luis Otávio Alvares,Universidade Federal do Rio Grande do Sul (UFRGS),Instituto de Informática,"Porto Alegre, RS, Brazil","Instituto de Informática, Universidade Federal do Rio Grande do Sul (UFRGS), Caixa Postal 15.064, 91.501-970, Porto Alegre, RS, Brazil",~UFDRGDS(,2005,Brazil
603,Air Pollution Assessment Through a Multiagent-Based Traffic Simulation,2005_004_0027.png,Multi-Agent Systems & Distributed AI,Jesús Héctor Domínguez,Tecnológico de Monterrey,"Center for Intelligent Systems, Campus Monterrey","Monterrey, México","Center for Intelligent Systems, Tecnológico de Monterrey, Campus Monterrey, Monterrey, México",ITESM,2005,Mexico
604,Air Pollution Assessment Through a Multiagent-Based Traffic Simulation,2005_004_0027.png,Multi-Agent Systems & Distributed AI,Luis Marcelo Fernández,Tecnológico de Monterrey,"Center for Intelligent Systems, Campus Monterrey","Monterrey, México","Center for Intelligent Systems, Tecnológico de Monterrey, Campus Monterrey, Monterrey, México",ITESM,2005,Mexico
605,Air Pollution Assessment Through a Multiagent-Based Traffic Simulation,2005_004_0027.png,Multi-Agent Systems & Distributed AI,José Luis Aguirre,Tecnológico de Monterrey,"Center for Intelligent Systems, Campus Monterrey","Monterrey, México","Center for Intelligent Systems, Tecnológico de Monterrey, Campus Monterrey, Monterrey, México",ITESM,2005,Mexico
606,Air Pollution Assessment Through a Multiagent-Based Traffic Simulation,2005_004_0027.png,Multi-Agent Systems & Distributed AI,Leonardo Garrido,Tecnológico de Monterrey,"Center for Intelligent Systems, Campus Monterrey","Monterrey, México","Center for Intelligent Systems, Tecnológico de Monterrey, Campus Monterrey, Monterrey, México",ITESM,2005,Mexico
607,Air Pollution Assessment Through a Multiagent-Based Traffic Simulation,2005_004_0027.png,Multi-Agent Systems & Distributed AI,Ramón Brena,Tecnológico de Monterrey,"Center for Intelligent Systems, Campus Monterrey","Monterrey, México","Center for Intelligent Systems, Tecnológico de Monterrey, Campus Monterrey, Monterrey, México",ITESM,2005,Mexico
608,A Noise-Driven Paradigm for Solving the Stereo Correspondence Problem,2005_004_0028.png,Computer Vision,Patrice Delmas,The University of Auckland,Department of Computer Science,"Auckland, New Zealand","Department of Computer Science, The University of Auckland, Private Bag 92019, Auckland",~UA,2005,New Zealand
609,A Noise-Driven Paradigm for Solving the Stereo Correspondence Problem,2005_004_0028.png,Computer Vision,Georgy Gimel’farb,The University of Auckland,Department of Computer Science,"Auckland, New Zealand","Department of Computer Science, The University of Auckland, Private Bag 92019, Auckland",~UA,2005,New Zealand
610,A Noise-Driven Paradigm for Solving the Stereo Correspondence Problem,2005_004_0028.png,Computer Vision,Jiang Liu,The University of Auckland,Department of Computer Science,"Auckland, New Zealand","Department of Computer Science, The University of Auckland, Private Bag 92019, Auckland",~UA,2005,New Zealand
611,A Noise-Driven Paradigm for Solving the Stereo Correspondence Problem,2005_004_0028.png,Computer Vision,John Morris,The University of Auckland,Department of Computer Science,"Auckland, New Zealand","Department of Computer Science, The University of Auckland, Private Bag 92019, Auckland",~UA,2005,New Zealand
612,Invariant Descriptions and Associative Processing Applied to Object Recognition Under Occlusions,2005_004_0029.png,Computer Vision,Roberto Antonio Vázquez,Instituto Politécnico Nacional,Centro de Investigación en Computación,"Ciudad de México, México","Centro de Investigación en Computación – IPN, Av. Juan de Dios Batíz, esquina con Miguel Otón de Mendizábal, Ciudad de México, 07738, México",IPN,2005,Mexico
613,Invariant Descriptions and Associative Processing Applied to Object Recognition Under Occlusions,2005_004_0029.png,Computer Vision,Humberto Sossa,Instituto Politécnico Nacional,Centro de Investigación en Computación,"Ciudad de México, México","Centro de Investigación en Computación – IPN, Av. Juan de Dios Batíz, esquina con Miguel Otón de Mendizábal, Ciudad de México, 07738, México",IPN,2005,Mexico
614,Invariant Descriptions and Associative Processing Applied to Object Recognition Under Occlusions,2005_004_0029.png,Computer Vision,Ricardo Barrón,Instituto Politécnico Nacional,Centro de Investigación en Computación,"Ciudad de México, México","Centro de Investigación en Computación – IPN, Av. Juan de Dios Batíz, esquina con Miguel Otón de Mendizábal, Ciudad de México, 07738, México",IPN,2005,Mexico
615,Real Time Facial Expression Recognition Using Local Binary Patterns and Linear Programming,2005_004_0030.png,Computer Vision,Xiaoyi Feng,Northwestern Polytechnic University,College of Electronics and Information,"Xi'an, China","College of Electronics and Information, Northwestern Polytechnic University, 710072 Xi'an, China",~NPU,2005,China
616,Real Time Facial Expression Recognition Using Local Binary Patterns and Linear Programming,2005_004_0030.png,Computer Vision,Jie Cui,Northwestern Polytechnic University,College of Electronics and Information,"Xi'an, China","College of Electronics and Information, Northwestern Polytechnic University, 710072 Xi'an, China",~NPU,2005,China
617,Real Time Facial Expression Recognition Using Local Binary Patterns and Linear Programming,2005_004_0030.png,Computer Vision,Matti Pietikäinen,University of Oulu,"Machine Vision Group, Infotech Oulu and Dept. of Electrical and Information Engineering","Oulu, Finland","Machine Vision Group, Infotech Oulu and Dept. of Electrical and Information Engineering, P. O. Box 4500 Fin-90014 University of Oulu, Finland",~UO,2005,Finland
618,Real Time Facial Expression Recognition Using Local Binary Patterns and Linear Programming,2005_004_0030.png,Computer Vision,Abdenour Hadid,University of Oulu,"Machine Vision Group, Infotech Oulu and Dept. of Electrical and Information Engineering","Oulu, Finland","Machine Vision Group, Infotech Oulu and Dept. of Electrical and Information Engineering, P. O. Box 4500 Fin-90014 University of Oulu, Finland",~UO,2005,Finland
619,People Detection and Tracking Through Stereo Vision for Human-Robot Interaction*,2005_004_0031.png,Computer Vision,Rafael Muñoz-Salinas,University of Granada,"Depto. de Ciencias de la Computacion e Inteligencia Artificial, E.T.S. Ingeniera Informática","Granada, Spain","Depto. de Ciencias de la Computacion e Inteligencia Artificial, E.T.S. Ingeniera Informática, University of Granada, Granada, Spain",*UGR,2005,Spain
620,People Detection and Tracking Through Stereo Vision for Human-Robot Interaction*,2005_004_0031.png,Computer Vision,Eugenio Aguirre,University of Granada,"Depto. de Ciencias de la Computacion e Inteligencia Artificial, E.T.S. Ingeniera Informática","Granada, Spain","Depto. de Ciencias de la Computacion e Inteligencia Artificial, E.T.S. Ingeniera Informática, University of Granada, Granada, Spain",*UGR,2005,Spain
621,People Detection and Tracking Through Stereo Vision for Human-Robot Interaction*,2005_004_0031.png,Computer Vision,Miguel García-Silvente,University of Granada,"Depto. de Ciencias de la Computacion e Inteligencia Artificial, E.T.S. Ingeniera Informática","Granada, Spain","Depto. de Ciencias de la Computacion e Inteligencia Artificial, E.T.S. Ingeniera Informática, University of Granada, Granada, Spain",*UGR,2005,Spain
622,People Detection and Tracking Through Stereo Vision for Human-Robot Interaction*,2005_004_0031.png,Computer Vision,Antonio Gonzalez,University of Granada,"Depto. de Ciencias de la Computacion e Inteligencia Artificial, E.T.S. Ingeniera Informática","Granada, Spain","Depto. de Ciencias de la Computacion e Inteligencia Artificial, E.T.S. Ingeniera Informática, University of Granada, Granada, Spain",*UGR,2005,Spain
623,Mapping Visual Behavior to Robotic Assembly Tasks,2005_004_0032.png,Robotics,Mario Peña-Cabrera,Universidad Nacional Autónoma de México,Instituto de Investigaciones en Matemáticas Aplicadas y en Sistemas (IIMAS),"Ciudad Universitaria, México D.F., México","Instituto de Investigaciones en Matemáticas Aplicadas y en Sistemas (IIMAS), Ciudad Universitaria, Univesidad Nacional Autónoma de México, México D.F. CP 04510",UNAM,2005,Mexico
624,Mapping Visual Behavior to Robotic Assembly Tasks,2005_004_0032.png,Robotics,Ismael López-Juárez,CIATEQ A.C.,,"El Marqués, Querétaro, México","CIATEQ A.C. Centro de Tecnología Avanzada, Av. Manantiales 23-A, CP 76246, El Marqués, Querétaro, México",CIATEQ,2005,Mexico
625,Mapping Visual Behavior to Robotic Assembly Tasks,2005_004_0032.png,Robotics,Reyes Rios-Cabrera,CIATEQ A.C.,,"El Marqués, Querétaro, México","CIATEQ A.C. Centro de Tecnología Avanzada, Av. Manantiales 23-A, CP 76246, El Marqués, Querétaro, México",CIATEQ,2005,Mexico
626,Mapping Visual Behavior to Robotic Assembly Tasks,2005_004_0032.png,Robotics,Jorge Corona-Castuera,CIATEQ A.C.,,"El Marqués, Querétaro, México","CIATEQ A.C. Centro de Tecnología Avanzada, Av. Manantiales 23-A, CP 76246, El Marqués, Querétaro, México",CIATEQ,2005,Mexico
627,Mapping Visual Behavior to Robotic Assembly Tasks,2005_004_0032.png,Robotics,Roman Osorio,Universidad Nacional Autónoma de México,Instituto de Investigaciones en Matemáticas Aplicadas y en Sistemas (IIMAS),"Ciudad Universitaria, México D.F., México","Instituto de Investigaciones en Matemáticas Aplicadas y en Sistemas (IIMAS), Ciudad Universitaria, Univesidad Nacional Autónoma de México, México D.F. CP 04510",UNAM,2005,Mexico
628,Multilevel Seed Region Growth Segmentation,2005_004_0033.png,Computer Vision,Raziel Álvarez,Tecnológico de Monterrey,"Mechatronics Research Center (CIMe), Campus Estado de México","Atizapán de Zaragoza, Estado de México, Mexico","Mechatronics Research Center (CIMe), Tecnológico de Monterrey, Campus Estado de México, Km 3.5 Carretera al Lago de Guadalupe, Atizapán de Zaragoza, Estado de México, Mexico, 52926",ITESM,2005,Mexico
629,Multilevel Seed Region Growth Segmentation,2005_004_0033.png,Computer Vision,Erik Millán,Tecnológico de Monterrey,"Mechatronics Research Center (CIMe), Campus Estado de México","Atizapán de Zaragoza, Estado de México, Mexico","Mechatronics Research Center (CIMe), Tecnológico de Monterrey, Campus Estado de México, Km 3.5 Carretera al Lago de Guadalupe, Atizapán de Zaragoza, Estado de México, Mexico, 52926",ITESM,2005,Mexico
630,Multilevel Seed Region Growth Segmentation,2005_004_0033.png,Computer Vision,Ricardo Swain-Oropeza,Tecnológico de Monterrey,"Mechatronics Research Center (CIMe), Campus Estado de México","Atizapán de Zaragoza, Estado de México, Mexico","Mechatronics Research Center (CIMe), Tecnológico de Monterrey, Campus Estado de México, Km 3.5 Carretera al Lago de Guadalupe, Atizapán de Zaragoza, Estado de México, Mexico, 52926",ITESM,2005,Mexico
631,A CLS Hierarchy for the Classification of Images,2005_004_0034.png,Computer Vision,Antonio Sanchez,LANIA,,"Xalapa, Veracruz, México | Fort Worth, Texas","LANIA, Xalapa,Veracruz, México 72820 & TCU, Fort Worth Texas 76129",LANIA,2005,United States
632,A CLS Hierarchy for the Classification of Images,2005_004_0034.png,Computer Vision,Antonio Sanchez,TCU,,"Xalapa, Veracruz, México | Fort Worth, Texas","LANIA, Xalapa,Veracruz, México 72820 & TCU, Fort Worth Texas 76129",TCU,2005,United States
633,A CLS Hierarchy for the Classification of Images,2005_004_0034.png,Computer Vision,Raul Diaz,LANIA,,"Xalapa, Veracruz, México","LANIA , Xalapa,Veracruz, México 72820",LANIA,2005,Mexico
634,A CLS Hierarchy for the Classification of Images,2005_004_0034.png,Computer Vision,Peter Bock,GWU,,Washington D.C.,"GWU, Washington D.C. 20006",GWU,2005,United States
635,Performance Evaluation of a Segmentation Algorithm for Synthetic Texture Images,2005_004_0035.png,Computer Vision,Dora Luz Almanza-Ojeda,Universidad de Guanajuato,F.I.M.E.E.,"Salamanca, Mexico","Universidad de Guanajuato, F.I.M.E.E., Salamanca, Mexico",UG,2005,Mexico
636,Performance Evaluation of a Segmentation Algorithm for Synthetic Texture Images,2005_004_0035.png,Computer Vision,Victor Ayala-Ramirez,Universidad de Guanajuato,F.I.M.E.E.,"Salamanca, Mexico","Universidad de Guanajuato, F.I.M.E.E., Salamanca, Mexico",UG,2005,Mexico
637,Performance Evaluation of a Segmentation Algorithm for Synthetic Texture Images,2005_004_0035.png,Computer Vision,Raul E. Sanchez-Yanez,Universidad de Guanajuato,F.I.M.E.E.,"Salamanca, Mexico","Universidad de Guanajuato, F.I.M.E.E., Salamanca, Mexico",UG,2005,Mexico
638,Performance Evaluation of a Segmentation Algorithm for Synthetic Texture Images,2005_004_0035.png,Computer Vision,Gabriel Avina-Cervantes,Universidad de Guanajuato,F.I.M.E.E.,"Salamanca, Mexico","Universidad de Guanajuato, F.I.M.E.E., Salamanca, Mexico",UG,2005,Mexico
639,Image Retrieval Based on Salient Points from DCT Domain,2005_004_0036.png,Computer Vision,Wenyin Zhang,East China Normal University,The software engineering institute | The Department of Computer Science,"Shanghai, P.R. China | Linyi, 276005, P.R. China","The software engineering institute, East China Normal University, Shanghai, P.R. China | The Department of Computer Science, Shandong Linyi Normal University, Linyi, 276005, P.R. China",~ECNU,2005,China
640,Image Retrieval Based on Salient Points from DCT Domain,2005_004_0036.png,Computer Vision,Wenyin Zhang,Shandong Linyi Normal University,The software engineering institute | The Department of Computer Science,"Shanghai, P.R. China | Linyi, 276005, P.R. China","The software engineering institute, East China Normal University, Shanghai, P.R. China | The Department of Computer Science, Shandong Linyi Normal University, Linyi, 276005, P.R. China",~SLNU,2005,China
641,Image Retrieval Based on Salient Points from DCT Domain,2005_004_0036.png,Computer Vision,Zhenli Nie,Shandong Linyi Normal University,The Department of Computer Science,"Linyi, 276005, P.R. China","The Department of Computer Science, Shandong Linyi Normal University, Linyi, 276005, P.R. China",~SLNU,2005,China
642,Image Retrieval Based on Salient Points from DCT Domain,2005_004_0036.png,Computer Vision,Zhenbing Zeng,East China Normal University,The software engineering institute,"Shanghai, P.R. China","The software engineering institute, East China Normal University, Shanghai, P.R. China",~ECNU,2005,China
643,Selection of the Optimal Parameter Value for the ISOMAP Algorithm,2005_004_0037.png,Unsupervised Machine Learning,Chao Shao,Beijing Jiaotong University,School of Computer and Information Technology,"Beijing, China","School of Computer and Information Technology, Beijing Jiaotong University, Beijing, 100044, China",~BJU,2005,China
644,Selection of the Optimal Parameter Value for the ISOMAP Algorithm,2005_004_0037.png,Unsupervised Machine Learning,Houkuan Huang,Beijing Jiaotong University,School of Computer and Information Technology,"Beijing, China","School of Computer and Information Technology, Beijing Jiaotong University, Beijing, 100044, China",~BJU,2005,China
645,Proximity Searching in High Dimensional Spaces with a Proximity Preserving Order*,2005_004_0038.png,Supervised Machine Learning,Edgar Chávez,Universidad Michoacana,Facultad de Ciencias Físico-Matemáticas,México,"Facultad de Ciencias Físico-Matemáticas, Universidad Michoacana, México",UMSNH,2005,Mexico
646,Proximity Searching in High Dimensional Spaces with a Proximity Preserving Order*,2005_004_0038.png,Supervised Machine Learning,Karina Figueroa,Universidad Michoacana,"Facultad de Ciencias Físico-Matemáticas | Center for Web Research, Dept. of Computer Science",México | ,"Facultad de Ciencias Físico-Matemáticas, Universidad Michoacana, México | Center for Web Research, Dept. of Computer Science, University of Chile",UMSNH,2005,Mexico
647,Proximity Searching in High Dimensional Spaces with a Proximity Preserving Order*,2005_004_0038.png,Supervised Machine Learning,Karina Figueroa,University of Chile,"Facultad de Ciencias Físico-Matemáticas | Center for Web Research, Dept. of Computer Science",México | ,"Facultad de Ciencias Físico-Matemáticas, Universidad Michoacana, México | Center for Web Research, Dept. of Computer Science, University of Chile",~UC,2005,Mexico
648,Proximity Searching in High Dimensional Spaces with a Proximity Preserving Order*,2005_004_0038.png,Supervised Machine Learning,Gonzalo Navarro,University of Chile,"Center for Web Research, Dept. of Computer Science",,"Center for Web Research, Dept. of Computer Science, University of Chile",~UC,2005,Chile
649,A Neurobiologically Motivated Model for Self-organized Learning,2005_004_0039.png,Reinforcement Learning,Frank Emmert-Streib,Universität Bremen,Institut für Theoretische Physik,"Bremen, Germany | Kansas City, MO, USA","Institut für Theoretische Physik, Universität Bremen, Otto-Hahn-Allee, 28334 Bremen, Germany | Stowers Institute for Medical Research, 1000 E. 50th Street, Kansas City, MO 64110, USA",~UB,2005,United States
650,A Neurobiologically Motivated Model for Self-organized Learning,2005_004_0039.png,Reinforcement Learning,Frank Emmert-Streib,Stowers Institute for Medical Research,Institut für Theoretische Physik,"Bremen, Germany | Kansas City, MO, USA","Institut für Theoretische Physik, Universität Bremen, Otto-Hahn-Allee, 28334 Bremen, Germany | Stowers Institute for Medical Research, 1000 E. 50th Street, Kansas City, MO 64110, USA",~SIMR,2005,United States
651,Using Boolean Differences for Discovering Ill-Defined Attributes in Propositional Machine Learning,2005_004_0040.png,Supervised Machine Learning,Sylvain Hallé,Université du Québec à Montréal,,"Montréal, Canada","Université du Québec à Montréal, C. P. 8888, Succ. Centre-Ville, Montréal, Canada H3C 3P8",~UDQÀM,2005,Canada
652,Simplify Decision Function of Reduced Support Vector Machines,2005_004_0041.png,Supervised Machine Learning,Yuangui Li,Shanghai Jiaotong University,Department of Automation,"Shanghai, P. R. China","Department of Automation, Shanghai Jiaotong University, Shanghai 200030, P. R. China",~SJU,2005,China
653,Simplify Decision Function of Reduced Support Vector Machines,2005_004_0041.png,Supervised Machine Learning,Weidong Zhang,Shanghai Jiaotong University,Department of Automation,"Shanghai, P. R. China","Department of Automation, Shanghai Jiaotong University, Shanghai 200030, P. R. China",~SJU,2005,China
654,Simplify Decision Function of Reduced Support Vector Machines,2005_004_0041.png,Supervised Machine Learning,Guoli Wang,Sun Yat-Sen University,"Department of Electronic and Communication Engineering, School of Information Science and Technology","Guangzhou, P.R. China","Department of Electronic and Communication Engineering, School of Information Science and Technology, Sun Yat-Sen University, Guangzhou 510275, P.R. China",~SYU,2005,China
655,Simplify Decision Function of Reduced Support Vector Machines,2005_004_0041.png,Supervised Machine Learning,Yunze Cai,Shanghai Jiaotong University,Department of Automation,"Shanghai, P. R. China","Department of Automation, Shanghai Jiaotong University, Shanghai 200030, P. R. China",~SJU,2005,China
656,On-Line Learning of Decision Trees in Problems with Unknown Dynamics,2005_004_0042.png,Supervised Machine Learning,Marlon Núñez,Universidad de Málaga,"Departament of Languages and Computer Science, Campus de Teatinos","Málaga, Spain","Departament of Languages and Computer Science, Campus de Teatinos, Universidad de Málaga, 29071, Málaga, Spain",~UM,2005,Spain
657,On-Line Learning of Decision Trees in Problems with Unknown Dynamics,2005_004_0042.png,Supervised Machine Learning,Raúl Fidalgo,Universidad de Málaga,"Departament of Languages and Computer Science, Campus de Teatinos","Málaga, Spain","Departament of Languages and Computer Science, Campus de Teatinos, Universidad de Málaga, 29071, Málaga, Spain",~UM,2005,Spain
658,On-Line Learning of Decision Trees in Problems with Unknown Dynamics,2005_004_0042.png,Supervised Machine Learning,Rafael Morales,Universidad de Málaga,"Departament of Languages and Computer Science, Campus de Teatinos","Málaga, Spain","Departament of Languages and Computer Science, Campus de Teatinos, Universidad de Málaga, 29071, Málaga, Spain",~UM,2005,Spain
659,Improved Pairwise Coupling Support Vector Machines with Correcting Classifiers*,2005_004_0043.png,Supervised Machine Learning,Huaqing Li,Shanghai Jiao Tong University,Department of Computer Science and Engineering,"Shanghai, P.R. China","Department of Computer Science and Engineering, Shanghai Jiao Tong University, Shanghai 200030, P.R. China",~SJTU,2005,China
660,Improved Pairwise Coupling Support Vector Machines with Correcting Classifiers*,2005_004_0043.png,Supervised Machine Learning,Feihu Qi,Shanghai Jiao Tong University,Department of Computer Science and Engineering,"Shanghai, P.R. China","Department of Computer Science and Engineering, Shanghai Jiao Tong University, Shanghai 200030, P.R. China",~SJTU,2005,China
661,Improved Pairwise Coupling Support Vector Machines with Correcting Classifiers*,2005_004_0043.png,Supervised Machine Learning,Shaoyu Wang,Shanghai Jiao Tong University,Department of Computer Science and Engineering,"Shanghai, P.R. China","Department of Computer Science and Engineering, Shanghai Jiao Tong University, Shanghai 200030, P.R. China",~SJTU,2005,China
662,Least Squares Littlewood-Paley Wavelet Support Vector Machine,2005_004_0044.png,Supervised Machine Learning,Fangfang Wu,Xi'an Jiaotong University,Institute of Neocomputer,"Xi'an, People's Republic of China","Institute of Neocomputer, Xi'an Jiaotong University, Xi'an 710049, People's Republic of China",~XJU,2005,China
663,Least Squares Littlewood-Paley Wavelet Support Vector Machine,2005_004_0044.png,Supervised Machine Learning,Yinliang Zhao,Xi'an Jiaotong University,Institute of Neocomputer,"Xi'an, People's Republic of China","Institute of Neocomputer, Xi'an Jiaotong University, Xi'an 710049, People's Republic of China",~XJU,2005,China
664,Minimizing State Transition Model for Multiclassification by Mixed-Integer Programming,2005_004_0045.png,Heuristic Search & Optimization,Nobuo Inui,Tokyo University of Agriculture and Technology,,"Koganei Tokyo, Japan","Tokyo University of Agriculture and Technology, Koganei Tokyo 184-8588, Japan",~TUAT,2005,Japan
665,Minimizing State Transition Model for Multiclassification by Mixed-Integer Programming,2005_004_0045.png,Heuristic Search & Optimization,Yuuji Shinano,Tokyo University of Agriculture and Technology,,"Koganei Tokyo, Japan","Tokyo University of Agriculture and Technology, Koganei Tokyo 184-8588, Japan",~TUAT,2005,Japan
666,Overview of Metaheuristics Methods in Compilation,2005_004_0046.png,Heuristic Search & Optimization,Fernanda Kri,Universidad de Santiago de Chile,Departamento de Ingeniería Informática,"Santiago, Chile","Universidad de Santiago de Chile, Departamento de Ingeniería Informática, Av. Ecuador 3659, Santiago, Chile",~USC,2005,Chile
667,Overview of Metaheuristics Methods in Compilation,2005_004_0046.png,Heuristic Search & Optimization,Carlos Gómez,Universidad de Santiago de Chile,Departamento de Ingeniería Informática,"Santiago, Chile","Universidad de Santiago de Chile, Departamento de Ingeniería Informática, Av. Ecuador 3659, Santiago, Chile",~USC,2005,Chile
668,Overview of Metaheuristics Methods in Compilation,2005_004_0046.png,Heuristic Search & Optimization,Paz Caro,Universidad de Santiago de Chile,Departamento de Ingeniería Informática,"Santiago, Chile","Universidad de Santiago de Chile, Departamento de Ingeniería Informática, Av. Ecuador 3659, Santiago, Chile",~USC,2005,Chile
669,Comparison of SVM-Fuzzy Modelling Techniques for System Identification,2005_004_0047.png,Fuzzy Logic & Fuzzy Systems,Ariel García-Gamboa,Tecnológico de Monterrey,"Intelligent Systems Research Group, Campus Estado de México","Atizapán de Zaragoza, Estado de México, Mexico","Intelligent Systems Research Group, Tecnológico de Monterrey, Campus Estado de México, Km 3.5 Carretera al Lago de Guadalupe, Col. Margarita Maza de Jurez, Atizapán de Zaragoza, Estado de México, Mexico, 52926",ITESM,2005,Mexico
670,Comparison of SVM-Fuzzy Modelling Techniques for System Identification,2005_004_0047.png,Fuzzy Logic & Fuzzy Systems,Miguel González-Mendoza,Tecnológico de Monterrey,"Intelligent Systems Research Group, Campus Estado de México","Atizapán de Zaragoza, Estado de México, Mexico","Intelligent Systems Research Group, Tecnológico de Monterrey, Campus Estado de México, Km 3.5 Carretera al Lago de Guadalupe, Col. Margarita Maza de Jurez, Atizapán de Zaragoza, Estado de México, Mexico, 52926",ITESM,2005,Mexico
671,Comparison of SVM-Fuzzy Modelling Techniques for System Identification,2005_004_0047.png,Fuzzy Logic & Fuzzy Systems,Rodolfo Ibarra-Orozco,Tecnológico de Monterrey,"Intelligent Systems Research Group, Campus Estado de México","Atizapán de Zaragoza, Estado de México, Mexico","Intelligent Systems Research Group, Tecnológico de Monterrey, Campus Estado de México, Km 3.5 Carretera al Lago de Guadalupe, Col. Margarita Maza de Jurez, Atizapán de Zaragoza, Estado de México, Mexico, 52926",ITESM,2005,Mexico
672,Comparison of SVM-Fuzzy Modelling Techniques for System Identification,2005_004_0047.png,Fuzzy Logic & Fuzzy Systems,Neil Hernández-Gress,Tecnológico de Monterrey,"Intelligent Systems Research Group, Campus Estado de México","Atizapán de Zaragoza, Estado de México, Mexico","Intelligent Systems Research Group, Tecnológico de Monterrey, Campus Estado de México, Km 3.5 Carretera al Lago de Guadalupe, Col. Margarita Maza de Jurez, Atizapán de Zaragoza, Estado de México, Mexico, 52926",ITESM,2005,Mexico
673,Comparison of SVM-Fuzzy Modelling Techniques for System Identification,2005_004_0047.png,Fuzzy Logic & Fuzzy Systems,Jaime Mora-Vargas,Tecnológico de Monterrey,"Intelligent Systems Research Group, Campus Estado de México","Atizapán de Zaragoza, Estado de México, Mexico","Intelligent Systems Research Group, Tecnológico de Monterrey, Campus Estado de México, Km 3.5 Carretera al Lago de Guadalupe, Col. Margarita Maza de Jurez, Atizapán de Zaragoza, Estado de México, Mexico, 52926",ITESM,2005,Mexico
674,Time-Series Forecasting by Means of Linear and Nonlinear Models,2005_004_0048.png,Neural Networks & Deep Learning,Janset Kuvulmaz,Yildiz Technical University,Department of Electrical Engineering,"Besiktas, Istanbul, Turkey","Department of Electrical Engineering, Yildiz Technical University, 34349 Besiktas, Istanbul Turkey",~YTU,2005,Turkey
675,Time-Series Forecasting by Means of Linear and Nonlinear Models,2005_004_0048.png,Neural Networks & Deep Learning,Serkan Usanmaz,Marmara University,Department of Quantitative Methods,"Goztepe, Istanbul, Turkey","Department of Quantitative Methods, Marmara University, 34722 Goztepe, Istanbul Turkey",~MU,2005,Turkey
676,Time-Series Forecasting by Means of Linear and Nonlinear Models,2005_004_0048.png,Neural Networks & Deep Learning,Seref Naci Engin,Yildiz Technical University,Department of Electrical Engineering,"Besiktas, Istanbul, Turkey","Department of Electrical Engineering, Yildiz Technical University, 34349 Besiktas, Istanbul Turkey",~YTU,2005,Turkey
677,Perception Based Time Series Data Mining with MAP Transform,2005_004_0049.png,Data Mining & Knowledge Discovery,Ildar Batyrshin,Mexican Petroleum Institute,,"Mexico, D.F.","Mexican Petroleum Institute, Eje Central Lazaro, 152, Mexico, D.F., 07730",IMP,2005,Mexico
678,Perception Based Time Series Data Mining with MAP Transform,2005_004_0049.png,Data Mining & Knowledge Discovery,Leonid Sheremetov,Mexican Petroleum Institute,,"Mexico, D.F.","Mexican Petroleum Institute, Eje Central Lazaro, 152, Mexico, D.F., 07730",IMP,2005,Mexico
679,A Graph Theoretic Approach to Key Equivalence,2005_004_0050.png,Heuristic Search & Optimization,J. Horacio Camacho,University of Essex,,"Colchester, UK","University of Essex, Colchester CO43SQ, UK",~UE,2005,United Kingdom
680,A Graph Theoretic Approach to Key Equivalence,2005_004_0050.png,Heuristic Search & Optimization,Abdellah Salhi,University of Essex,,"Colchester, UK","University of Essex, Colchester CO43SQ, UK",~UE,2005,United Kingdom
681,A Graph Theoretic Approach to Key Equivalence,2005_004_0050.png,Heuristic Search & Optimization,Qingfu Zhang,University of Essex,,"Colchester, UK","University of Essex, Colchester CO43SQ, UK",~UE,2005,United Kingdom
682,Improvement of Data Visualization Based on ISOMAP,2005_004_0051.png,Unsupervised Machine Learning,Chao Shao,Beijing Jiaotong University,School of Computer and Information Technology,"Beijing, China","School of Computer and Information Technology, Beijing Jiaotong University, 100044 Beijing, China",~BJU,2005,China
683,Improvement of Data Visualization Based on ISOMAP,2005_004_0051.png,Unsupervised Machine Learning,Houkuan Huang,Beijing Jiaotong University,School of Computer and Information Technology,"Beijing, China","School of Computer and Information Technology, Beijing Jiaotong University, 100044 Beijing, China",~BJU,2005,China
684,Supporting Generalized Cases in Conversational CBR,2005_004_0052.png,Hybrid AI & Expert Systems,Mingyang Gu,Norwegian University of Science and Technology,Department of Computer and Information Science,"Trondheim, Norway","Department of Computer and Information Science, Norwegian University of Science and Technology, Sem Saelands vei 7-9, N-7491, Trondheim, Norway",~NUST,2005,Norway
685,Organizing Large Case Library by Linear Programming,2005_004_0053.png,Heuristic Search & Optimization,Caihong Sun,Renmin University of China,Information School,"Beijing, P.R. China","Information School, Renmin University of China, Beijing, 100872, P.R. China",~RUC,2005,China
686,Organizing Large Case Library by Linear Programming,2005_004_0053.png,Heuristic Search & Optimization,Simon Chi Keung Shiu,The Hong Kong Polytechnic University,Computing Department,"Hung Hum, Kowloon, Hong Kong","Computing Department, The Hong Kong Polytechnic University, Hung Hum, Kowloon, Hong Kong",~HKPU,2005,China
687,Organizing Large Case Library by Linear Programming,2005_004_0053.png,Heuristic Search & Optimization,Xizhao Wang,Hebei University,College of Mathematics and Computer,"Baoding City, Hebei Province, P.R. China","College of Mathematics and Computer, Hebei University, Baoding City, Hebei Province, 071002, P.R. China",~HU,2005,China
688,Classifying Faces with Discriminant Isometric Feature Mapping,2005_004_0054.png,Computer Vision,Ruifan Li,Beijing University of Posts and Telecommunications,School of Information Engineering,"Beijing, China","School of Information Engineering, Beijing University of Posts and Telecommunications, Beijing, China, 100876",~BUPT,2005,China
689,Classifying Faces with Discriminant Isometric Feature Mapping,2005_004_0054.png,Computer Vision,Cong Wang,Beijing University of Posts and Telecommunications,School of Information Engineering,"Beijing, China","School of Information Engineering, Beijing University of Posts and Telecommunications, Beijing, China, 100876",~BUPT,2005,China
690,Classifying Faces with Discriminant Isometric Feature Mapping,2005_004_0054.png,Computer Vision,Hongwei Hao,University of Science and Technology Beijing,School of Information Engineering,"Beijing, China","School of Information Engineering, University of Science and Technology Beijing, Beijing, China, 100083",~USTB,2005,China
691,Classifying Faces with Discriminant Isometric Feature Mapping,2005_004_0054.png,Computer Vision,Xuyan Tu,Beijing University of Posts and Telecommunications,School of Information Engineering | School of Information Engineering,"Beijing, China | Beijing, China","School of Information Engineering, Beijing University of Posts and Telecommunications, Beijing, China, 100876 | School of Information Engineering, University of Science and Technology Beijing, Beijing, China, 100083",~BUPT,2005,China
692,Classifying Faces with Discriminant Isometric Feature Mapping,2005_004_0054.png,Computer Vision,Xuyan Tu,University of Science and Technology Beijing,School of Information Engineering | School of Information Engineering,"Beijing, China | Beijing, China","School of Information Engineering, Beijing University of Posts and Telecommunications, Beijing, China, 100876 | School of Information Engineering, University of Science and Technology Beijing, Beijing, China, 100083",~USTB,2005,China
693,A Grey-Markov Forecasting Model for the Electric Power Requirement in China,2005_004_0055.png,Probabilistic & Statistical Reasoning,Yong He,Zhejiang University,College of Biosystems Engineering and Food Science,"Hangzhou, China","College of Biosystems Engineering and Food Science, Zhejiang University, Hangzhou, 310029, China",~ZU,2005,China
694,A Grey-Markov Forecasting Model for the Electric Power Requirement in China,2005_004_0055.png,Probabilistic & Statistical Reasoning,Min Huang,Zhejiang University,College of Biosystems Engineering and Food Science,"Hangzhou, China","College of Biosystems Engineering and Food Science, Zhejiang University, Hangzhou, 310029, China",~ZU,2005,China
695,A Fault Detection Approach Based on Machine Learning Models,2005_004_0056.png,Supervised Machine Learning,Luis E. Garza Castañón,ITESM,"Department of Mechatronics and Automation, Monterrey Campus","Monterrey, N.L., México","Department of Mechatronics and Automation, ITESM Monterrey Campus",ITESM,2005,Mexico
696,A Fault Detection Approach Based on Machine Learning Models,2005_004_0056.png,Supervised Machine Learning,Francisco J. Cantú Ortiz,ITESM,"Research and Graduate Programs Office, Monterrey Campus","Monterrey, N.L., México","Research and Graduate Programs Office, ITESM Monterrey Campus, Av. Eugenio Garza Sada Sur No. 2501, Monterrey, N.L. 64,489 México",ITESM,2005,Mexico
697,A Fault Detection Approach Based on Machine Learning Models,2005_004_0056.png,Supervised Machine Learning,Rubén Morales-Menéndez,ITESM,"Department of Mechatronics and Automation, Monterrey Campus","Monterrey, N.L., México","Department of Mechatronics and Automation, ITESM Monterrey Campus",ITESM,2005,Mexico
698,A Fault Detection Approach Based on Machine Learning Models,2005_004_0056.png,Supervised Machine Learning,Ricardo Ramírez,ITESM,"Department of Mechatronics and Automation, Monterrey Campus","Monterrey, N.L., México","Department of Mechatronics and Automation, ITESM Monterrey Campus",ITESM,2005,Mexico
699,A Mixed Mutation Strategy Evolutionary Programming Combined with Species Conservation Technique,2005_004_0057.png,Bio-inspired & Evolutionary Computing,Hongbin Dong,Beijing Jiaotong University,School of Computer Science and Information Technology | Department of Computer Science,"Beijing, China | Harbin, China","1 School of Computer Science and Information Technology, Beijing Jiaotong University, Beijing 100044, China | 2 Department of Computer Science, Harbin Normal University, Harbin 150080, China",~BJU,2005,China
700,A Mixed Mutation Strategy Evolutionary Programming Combined with Species Conservation Technique,2005_004_0057.png,Bio-inspired & Evolutionary Computing,Hongbin Dong,Harbin Normal University,School of Computer Science and Information Technology | Department of Computer Science,"Beijing, China | Harbin, China","1 School of Computer Science and Information Technology, Beijing Jiaotong University, Beijing 100044, China | 2 Department of Computer Science, Harbin Normal University, Harbin 150080, China",~HNU,2005,China
701,A Mixed Mutation Strategy Evolutionary Programming Combined with Species Conservation Technique,2005_004_0057.png,Bio-inspired & Evolutionary Computing,Jun He,Beijing Jiaotong University,School of Computer Science and Information Technology | School of Computer Science,"Beijing, China | Birmingham, UK","1 School of Computer Science and Information Technology, Beijing Jiaotong University, Beijing 100044, China | 3 School of Computer Science, University of Birmingham, Birmingham B15 2TT, UK",~BJU,2005,United Kingdom
702,A Mixed Mutation Strategy Evolutionary Programming Combined with Species Conservation Technique,2005_004_0057.png,Bio-inspired & Evolutionary Computing,Jun He,University of Birmingham,School of Computer Science and Information Technology | School of Computer Science,"Beijing, China | Birmingham, UK","1 School of Computer Science and Information Technology, Beijing Jiaotong University, Beijing 100044, China | 3 School of Computer Science, University of Birmingham, Birmingham B15 2TT, UK",~UB,2005,United Kingdom
703,A Mixed Mutation Strategy Evolutionary Programming Combined with Species Conservation Technique,2005_004_0057.png,Bio-inspired & Evolutionary Computing,Houkuan Huang,Beijing Jiaotong University,School of Computer Science and Information Technology,"Beijing, China","1 School of Computer Science and Information Technology, Beijing Jiaotong University, Beijing 100044, China",~BJU,2005,China
704,A Mixed Mutation Strategy Evolutionary Programming Combined with Species Conservation Technique,2005_004_0057.png,Bio-inspired & Evolutionary Computing,Wei Hou,Harbin Normal University,Department of Computer Science,"Harbin, China","2 Department of Computer Science, Harbin Normal University, Harbin 150080, China",~HNU,2005,China
705,Coevolutionary Multi-objective Optimization Using Clustering Techniques,2005_004_0058.png,Bio-inspired & Evolutionary Computing,Margarita Reyes Sierra,CINVESTAV-IPN,"Evolutionary Computation Group, Electrical Eng. Department, Computer Science Dept.","México D.F., México","CINVESTAV-IPN (Evolutionary Computation Group), Electrical Eng. Department, Computer Science Dept., Av. IPN No. 2508, Col. San Pedro Zacatenco, México D.F. 07300, México",CINVESTAV,2005,Mexico
706,Coevolutionary Multi-objective Optimization Using Clustering Techniques,2005_004_0058.png,Bio-inspired & Evolutionary Computing,Carlos A. Coello Coello,CINVESTAV-IPN,"Evolutionary Computation Group, Electrical Eng. Department, Computer Science Dept.","México D.F., México","CINVESTAV-IPN (Evolutionary Computation Group), Electrical Eng. Department, Computer Science Dept., Av. IPN No. 2508, Col. San Pedro Zacatenco, México D.F. 07300, México",CINVESTAV,2005,Mexico
707,A Comparison of Memetic Recombination Operators for the MinLA Problem,2005_004_0059.png,Bio-inspired & Evolutionary Computing,Eduardo Rodriguez-Tello,Université d’Angers,LERIA,"Angers, France","LERIA, Université d’Angers, 2 Boulevard Lavoisier, 49045 Angers, France",~UD,2005,France
708,A Comparison of Memetic Recombination Operators for the MinLA Problem,2005_004_0059.png,Bio-inspired & Evolutionary Computing,Jin-Kao Hao,Université d’Angers,LERIA,"Angers, France","LERIA, Université d’Angers, 2 Boulevard Lavoisier, 49045 Angers, France",~UD,2005,France
709,A Comparison of Memetic Recombination Operators for the MinLA Problem,2005_004_0059.png,Bio-inspired & Evolutionary Computing,Jose Torres-Jimenez,University of Guerrero,Mathematics Department,"Acapulco, Guerrero, Mexico","Mathematics Department, University of Guerrero, 54 Carlos E. Adame, 39650 Acapulco Guerrero, Mexico",~UG,2005,Mexico
710,Hybrid Particle Swarm – Evolutionary Algorithm for Search and Optimization,2005_004_0060.png,Bio-inspired & Evolutionary Computing,Crina Grosan,Babeş-Bolyai University,Department of Computer Science,"Cluj-Napoca, Romania","Department of Computer Science, Babeş-Bolyai University, Cluj-Napoca, 3400, Romania",~BU,2005,Romania
711,Hybrid Particle Swarm – Evolutionary Algorithm for Search and Optimization,2005_004_0060.png,Bio-inspired & Evolutionary Computing,Ajith Abraham,Chung-Ang University,School of Computer Science and Engineering,"Seoul, Korea","School of Computer Science and Engineering, Chung-Ang University, Seoul 156-756, Korea",~CU,2005,South Korea
712,Hybrid Particle Swarm – Evolutionary Algorithm for Search and Optimization,2005_004_0060.png,Bio-inspired & Evolutionary Computing,Sangyong Han,Chung-Ang University,School of Computer Science and Engineering,"Seoul, Korea","School of Computer Science and Engineering, Chung-Ang University, Seoul 156-756, Korea",~CU,2005,South Korea
713,Hybrid Particle Swarm – Evolutionary Algorithm for Search and Optimization,2005_004_0060.png,Bio-inspired & Evolutionary Computing,Alexander Gelbukh,Instituto Politécnico Nacional (IPN),Centro de Investigacin en Computacin (CIC),Mexico,"Centro de Investigacin en Computacin (CIC), Instituto Politécnico Nacional (IPN), Mexico",IPN,2005,Mexico
714,Particle Swarm Optimization with Opposite Particles,2005_004_0061.png,Heuristic Search & Optimization,Rujing Wang,Chinese Academy of Science,Institute of Intelligent Machines (IIM),"Hefei, Anhui, P.R. China","Institute of Intelligent Machines (IIM) of Chinese Academy of Science, 230031 Hefei, Anhui, P.R. China",~CAS,2005,China
715,Particle Swarm Optimization with Opposite Particles,2005_004_0061.png,Heuristic Search & Optimization,Xiaoming Zhang,Chinese Academy of Science,Institute of Intelligent Machines (IIM),"Hefei, Anhui, P.R. China","Institute of Intelligent Machines (IIM) of Chinese Academy of Science, 230031 Hefei, Anhui, P.R. China",~CAS,2005,China
716,Particle Evolutionary Swarm Optimization with Linearly Decreasing ε-Tolerance,2005_004_0062.png,Bio-inspired & Evolutionary Computing,Angel E. Muñoz Zavala,Center for Research in Mathematics (CIMAT),Department of Computer Science,"Guanajuato, Gto., México","Center for Research in Mathematics (CIMAT), Department of Computer Science, A.P. 402, Guanajuato, Gto. 36240, México",CIMAT,2005,Mexico
717,Particle Evolutionary Swarm Optimization with Linearly Decreasing ε-Tolerance,2005_004_0062.png,Bio-inspired & Evolutionary Computing,Arturo Hernández Aguirre,Center for Research in Mathematics (CIMAT),Department of Computer Science,"Guanajuato, Gto., México","Center for Research in Mathematics (CIMAT), Department of Computer Science, A.P. 402, Guanajuato, Gto. 36240, México",CIMAT,2005,Mexico
718,Particle Evolutionary Swarm Optimization with Linearly Decreasing ε-Tolerance,2005_004_0062.png,Bio-inspired & Evolutionary Computing,Enrique R. Villa Diharce,Center for Research in Mathematics (CIMAT),Department of Computer Science,"Guanajuato, Gto., México","Center for Research in Mathematics (CIMAT), Department of Computer Science, A.P. 402, Guanajuato, Gto. 36240, México",CIMAT,2005,Mexico
719,Useful Infeasible Solutions in Engineering Optimization with Evolutionary Algorithms,2005_004_0063.png,Bio-inspired & Evolutionary Computing,Efrén Mezura-Montes,CINVESTAV-IPN,"Evolutionary Computation Group (EVOCINV), Computer Science Section, Electrical Engineering Department","San Pedro Zacatenco, México D.F., México","CINVESTAV-IPN, Evolutionary Computation Group (EVOCINV), Computer Science Section, Electrical Engineering Department, Av. IPN No. 2508 Col, San Pedro Zacatenco México D.F. 07300, México",CINVESTAV,2005,Mexico
720,Useful Infeasible Solutions in Engineering Optimization with Evolutionary Algorithms,2005_004_0063.png,Bio-inspired & Evolutionary Computing,Carlos A. Coello Coello,CINVESTAV-IPN,"Evolutionary Computation Group (EVOCINV), Computer Science Section, Electrical Engineering Department","San Pedro Zacatenco, México D.F., México","CINVESTAV-IPN, Evolutionary Computation Group (EVOCINV), Computer Science Section, Electrical Engineering Department, Av. IPN No. 2508 Col, San Pedro Zacatenco México D.F. 07300, México",CINVESTAV,2005,Mexico
721,A Hybrid Self-adjusted Memetic Algorithm for Multi-objective Optimization,2005_004_0064.png,Heuristic Search & Optimization,Xiuping Guo,Shanghai Jiaotong University,Department of Automation,"Shanghai, P.R. China","Department of Automation, Shanghai Jiaotong University, Shanghai 200030, Shanghai, P.R. China",~SJU,2005,China
722,A Hybrid Self-adjusted Memetic Algorithm for Multi-objective Optimization,2005_004_0064.png,Heuristic Search & Optimization,Genke Yang,Shanghai Jiaotong University,Department of Automation,"Shanghai, P.R. China","Department of Automation, Shanghai Jiaotong University, Shanghai 200030, Shanghai, P.R. China",~SJU,2005,China
723,A Hybrid Self-adjusted Memetic Algorithm for Multi-objective Optimization,2005_004_0064.png,Heuristic Search & Optimization,Zhiming Wu,Shanghai Jiaotong University,Department of Automation,"Shanghai, P.R. China","Department of Automation, Shanghai Jiaotong University, Shanghai 200030, Shanghai, P.R. China",~SJU,2005,China
724,Evolutionary Multiobjective Optimization Approach for Evolving Ensemble of Intelligent Paradigms for Stock Market Modeling,2005_004_0065.png,Bio-inspired & Evolutionary Computing,Ajith Abraham,Chung-Ang University,School of Computer Science and Engineering,"Seoul, Korea","School of Computer Science and Engineering, Chung-Ang University, Seoul 156-756, Korea",~CU,2005,South Korea
725,Evolutionary Multiobjective Optimization Approach for Evolving Ensemble of Intelligent Paradigms for Stock Market Modeling,2005_004_0065.png,Bio-inspired & Evolutionary Computing,Crina Grosan,Babeş-Bolyai University,Department of Computer Science,"Cluj-Napoca, Romania","Department of Computer Science, Babeş-Bolyai University, Cluj-Napoca, 3400, Romania",~BU,2005,Romania
726,Evolutionary Multiobjective Optimization Approach for Evolving Ensemble of Intelligent Paradigms for Stock Market Modeling,2005_004_0065.png,Bio-inspired & Evolutionary Computing,Sang Yong Han,Chung-Ang University,School of Computer Science and Engineering,"Seoul, Korea","School of Computer Science and Engineering, Chung-Ang University, Seoul 156-756, Korea",~CU,2005,South Korea
727,Evolutionary Multiobjective Optimization Approach for Evolving Ensemble of Intelligent Paradigms for Stock Market Modeling,2005_004_0065.png,Bio-inspired & Evolutionary Computing,Alexander Gelbukh,Instituto Politécnico Nacional,Centro de Investigacin en Computacin (CIC),Mexico,"Centro de Investigacin en Computacin (CIC), Instituto Politécnico Nacional (IPN), Mexico",IPN,2005,Mexico
728,Genetic Algorithms for Feature Weighting: Evolution vs. Coevolution and Darwin vs. Lamarck,2005_004_0066.png,Bio-inspired & Evolutionary Computing,Alexandre Blansché,CNRS-ULP,"LSIIT, UMR 7005","Illkirch, France","LSIIT, UMR 7005 CNRS-ULP, Parc d’Innovation, Boulevard Sébastien Brant, 67412 Illkirch, France",CNRS-ULP,2005,France
729,Genetic Algorithms for Feature Weighting: Evolution vs. Coevolution and Darwin vs. Lamarck,2005_004_0066.png,Bio-inspired & Evolutionary Computing,Pierre Gançarski,CNRS-ULP,"LSIIT, UMR 7005","Illkirch, France","LSIIT, UMR 7005 CNRS-ULP, Parc d’Innovation, Boulevard Sébastien Brant, 67412 Illkirch, France",CNRS-ULP,2005,France
730,Genetic Algorithms for Feature Weighting: Evolution vs. Coevolution and Darwin vs. Lamarck,2005_004_0066.png,Bio-inspired & Evolutionary Computing,Jerzy J. Korczak,CNRS-ULP,"LSIIT, UMR 7005","Illkirch, France","LSIIT, UMR 7005 CNRS-ULP, Parc d’Innovation, Boulevard Sébastien Brant, 67412 Illkirch, France",CNRS-ULP,2005,France
731,A Deterministic Alternative to Competent Genetic Algorithms That Solves to Optimality Linearly Decomposable Non-overlapping Problems in Polynomial Time,2005_004_0067.png,Bio-inspired & Evolutionary Computing,Manuel Valenzuela-Rendón,Tecnológico de Monterrey,"Centro de Sistemas Inteligentes, Campus Monterrey","Monterrey, N.L., Mexico","Centro de Sistemas Inteligentes, Tecnológico de Monterrey, Campus Monterrey, Av. Eugenio Garza Sada 2501 Sur, C.P. 64849, Monterrey, N.L., Mexico",ITESM,2005,Mexico
732,A Deterministic Alternative to Competent Genetic Algorithms That Solves to Optimality Linearly Decomposable Non-overlapping Problems in Polynomial Time,2005_004_0067.png,Bio-inspired & Evolutionary Computing,Horacio Martínez-Alfaro,Tecnológico de Monterrey,"Centro de Sistemas Inteligentes, Campus Monterrey","Monterrey, N.L., Mexico","Centro de Sistemas Inteligentes, Tecnológico de Monterrey, Campus Monterrey, Av. Eugenio Garza Sada 2501 Sur, C.P. 64849, Monterrey, N.L., Mexico",ITESM,2005,Mexico
733,A Deterministic Alternative to Competent Genetic Algorithms That Solves to Optimality Linearly Decomposable Non-overlapping Problems in Polynomial Time,2005_004_0067.png,Bio-inspired & Evolutionary Computing,Hugo Terashima-Marín,Tecnológico de Monterrey,"Centro de Sistemas Inteligentes, Campus Monterrey","Monterrey, N.L., Mexico","Centro de Sistemas Inteligentes, Tecnológico de Monterrey, Campus Monterrey, Av. Eugenio Garza Sada 2501 Sur, C.P. 64849, Monterrey, N.L., Mexico",ITESM,2005,Mexico
734,K-Dynamical Self Organizing Maps*,2005_004_0068.png,Unsupervised Machine Learning,Carolina Saavedra,Universidad Técnica Federico Santa María,Dept. de Informática,"Valparaíso, Chile","Universidad Técnica Federico Santa María, Dept. de Informática, Casilla 110-V, Valparaíso-Chile",~UTFSM,2005,Chile
735,K-Dynamical Self Organizing Maps*,2005_004_0068.png,Unsupervised Machine Learning,Héctor Allende,Universidad Técnica Federico Santa María,Dept. de Informática,"Valparaíso, Chile","Universidad Técnica Federico Santa María, Dept. de Informática, Casilla 110-V, Valparaíso-Chile",~UTFSM,2005,Chile
736,K-Dynamical Self Organizing Maps*,2005_004_0068.png,Unsupervised Machine Learning,Sebastián Moreno,Universidad Técnica Federico Santa María,Dept. de Informática,"Valparaíso, Chile","Universidad Técnica Federico Santa María, Dept. de Informática, Casilla 110-V, Valparaíso-Chile",~UTFSM,2005,Chile
737,K-Dynamical Self Organizing Maps*,2005_004_0068.png,Unsupervised Machine Learning,Rodrigo Salas,Universidad Técnica Federico Santa María,Dept. de Informática | Departamento de Computación,"Valparaíso, Chile","Universidad Técnica Federico Santa María, Dept. de Informática, Casilla 110-V, Valparaíso-Chile | Universidad de Valparaíso, Departamento de Computación",~UTFSM,2005,Chile
738,K-Dynamical Self Organizing Maps*,2005_004_0068.png,Unsupervised Machine Learning,Rodrigo Salas,Universidad de Valparaíso,Dept. de Informática | Departamento de Computación,"Valparaíso, Chile","Universidad Técnica Federico Santa María, Dept. de Informática, Casilla 110-V, Valparaíso-Chile | Universidad de Valparaíso, Departamento de Computación",~UV,2005,Chile
739,Study of Application Model on BP Neural Network Optimized by Fuzzy Clustering,2005_004_0069.png,Neural Networks & Deep Learning,Yong He,Zhejiang University,College of Biosystems Engineering and Food Science,"Hangzhou, P.R. China","College of Biosystems Engineering and Food Science, Zhejiang University, 286 Kaixuan Road, 310029 Hangzhou, P.R. China",~ZU,2005,China
740,Study of Application Model on BP Neural Network Optimized by Fuzzy Clustering,2005_004_0069.png,Neural Networks & Deep Learning,Yun Zhang,Zhejiang University,College of Biosystems Engineering and Food Science,"Hangzhou, P.R. China","College of Biosystems Engineering and Food Science, Zhejiang University, 286 Kaixuan Road, 310029 Hangzhou, P.R. China",~ZU,2005,China
741,Study of Application Model on BP Neural Network Optimized by Fuzzy Clustering,2005_004_0069.png,Neural Networks & Deep Learning,Liguo Xiang,Zhejiang University,College of Biosystems Engineering and Food Science,"Hangzhou, P.R. China","College of Biosystems Engineering and Food Science, Zhejiang University, 286 Kaixuan Road, 310029 Hangzhou, P.R. China",~ZU,2005,China
742,Application of Modified Neural Network Weights' Matrices Explaining Determinants of Foreign Investment Patterns in the Emerging Markets,2005_004_0070.png,Neural Networks & Deep Learning,Darius Plikynas,Vilnius Management Academy,Informatics department,"Vilnius, Lithuania, EU","Informatics department, Vilnius Management Academy, Basanaviciaus 29a, Vilnius, Lithuania, EU",~VMA,2005,European Union
743,Application of Modified Neural Network Weights' Matrices Explaining Determinants of Foreign Investment Patterns in the Emerging Markets,2005_004_0070.png,Neural Networks & Deep Learning,Yusaf H. Akbar,Southern New Hampshire University,School of Business,"Manchester, NH, USA","School of Business, Southern New Hampshire University, 2500 North River Rd, Manchester, NH 03106, USA",~SNHU,2005,United States
744,Neural Network and Trend Prediction for Technological Processes Monitoring,2005_004_0071.png,Neural Networks & Deep Learning,Luis Paster Sanchez Fernandez,National Polytechnic Institute,Center for Computing Research,"Mexico City, Mexico","Center for Computing Research, National Polytechnic Institute, Av. Juan de Dios Batiz s/n casi esq. Miguel Othon de Mendizabal, Col. Nueva Industrial Vallejo, CP 07738, Mexico City, Mexico",IPN,2005,Mexico
745,Neural Network and Trend Prediction for Technological Processes Monitoring,2005_004_0071.png,Neural Networks & Deep Learning,Oleksiy Pogrebnyak,National Polytechnic Institute,Center for Computing Research,"Mexico City, Mexico","Center for Computing Research, National Polytechnic Institute, Av. Juan de Dios Batiz s/n casi esq. Miguel Othon de Mendizabal, Col. Nueva Industrial Vallejo, CP 07738, Mexico City, Mexico",IPN,2005,Mexico
746,Neural Network and Trend Prediction for Technological Processes Monitoring,2005_004_0071.png,Neural Networks & Deep Learning,Cornelio Yanez Marquez,National Polytechnic Institute,Center for Computing Research,"Mexico City, Mexico","Center for Computing Research, National Polytechnic Institute, Av. Juan de Dios Batiz s/n casi esq. Miguel Othon de Mendizabal, Col. Nueva Industrial Vallejo, CP 07738, Mexico City, Mexico",IPN,2005,Mexico
747,Underspecified Semantics for Dependency Grammars*,2005_004_0072.png,Natural Language Processing (NLP),Alexander Dikovsky,Université de Nantes,LINA-FRE CNRS 2729,"Nantes, France","LINA-FRE CNRS 2729, Université de Nantes, 2, rue de la Houssinière BP 92208 F 44322, Nantes cedex 3, France",~UN,2005,France
748,Distributed English Text Chunking Using Multi-agent Based Architecture*,2005_004_0073.png,Natural Language Processing (NLP),Ying-Hong Liang,Harbin Institute of Technology,MOE-MS Key Laboratory of Natural Language Processing and Speech | School of Information and Computer Engineering,"Harbin, China","1 MOE-MS Key Laboratory of Natural Language Processing and Speech in Harbin Institute of Technology, Harbin, 150001 | 2 School of Information and Computer Engineering in North East Forestry University, Harbin, 150080",~HIT,2005,China
749,Distributed English Text Chunking Using Multi-agent Based Architecture*,2005_004_0073.png,Natural Language Processing (NLP),Ying-Hong Liang,North East Forestry University,MOE-MS Key Laboratory of Natural Language Processing and Speech | School of Information and Computer Engineering,"Harbin, China","1 MOE-MS Key Laboratory of Natural Language Processing and Speech in Harbin Institute of Technology, Harbin, 150001 | 2 School of Information and Computer Engineering in North East Forestry University, Harbin, 150080",~NEFU,2005,China
750,Distributed English Text Chunking Using Multi-agent Based Architecture*,2005_004_0073.png,Natural Language Processing (NLP),Tie-Jun Zhao,Harbin Institute of Technology,MOE-MS Key Laboratory of Natural Language Processing and Speech,"Harbin, China","1 MOE-MS Key Laboratory of Natural Language Processing and Speech in Harbin Institute of Technology, Harbin, 150001",~HIT,2005,China
751,A Similarity-Based Approach to Data Sparseness Problem of Chinese Language Modeling,2005_004_0074.png,Natural Language Processing (NLP),Jinghui Xiao,Harbin Institute of Technology,School of Computer Science and Techniques,"Harbin, China","School of Computer Science and Techniques, Harbin Institute of Technology, Harbin, 150001, China",~HIT,2005,China
752,A Similarity-Based Approach to Data Sparseness Problem of Chinese Language Modeling,2005_004_0074.png,Natural Language Processing (NLP),Bingquan Liu,Harbin Institute of Technology,School of Computer Science and Techniques,"Harbin, China","School of Computer Science and Techniques, Harbin Institute of Technology, Harbin, 150001, China",~HIT,2005,China
753,A Similarity-Based Approach to Data Sparseness Problem of Chinese Language Modeling,2005_004_0074.png,Natural Language Processing (NLP),Xiaolong Wang,Harbin Institute of Technology,School of Computer Science and Techniques,"Harbin, China","School of Computer Science and Techniques, Harbin Institute of Technology, Harbin, 150001, China",~HIT,2005,China
754,A Similarity-Based Approach to Data Sparseness Problem of Chinese Language Modeling,2005_004_0074.png,Natural Language Processing (NLP),Bing Li,Harbin Institute of Technology,School of Computer Science and Techniques,"Harbin, China","School of Computer Science and Techniques, Harbin Institute of Technology, Harbin, 150001, China",~HIT,2005,China
755,Self-training and Co-training Applied to Spanish Named Entity Recognition,2005_004_0075.png,Natural Language Processing (NLP),Zornitsa Kozareva,Universidad de Alicante,Departamento de Lenguajes y Sistemas Informáticos,Spain,"Departamento de Lenguajes y Sistemas Informáticos, Universidad de Alicante, Spain",*UA,2005,Spain
756,Self-training and Co-training Applied to Spanish Named Entity Recognition,2005_004_0075.png,Natural Language Processing (NLP),Boyan Bonev,Universidad de Alicante,Departamento de Lenguajes y Sistemas Informáticos,Spain,"Departamento de Lenguajes y Sistemas Informáticos, Universidad de Alicante, Spain",*UA,2005,Spain
757,Self-training and Co-training Applied to Spanish Named Entity Recognition,2005_004_0075.png,Natural Language Processing (NLP),Andres Montoyo,Universidad de Alicante,Departamento de Lenguajes y Sistemas Informáticos,Spain,"Departamento de Lenguajes y Sistemas Informáticos, Universidad de Alicante, Spain",*UA,2005,Spain
758,Towards the Automatic Learning of Idiomatic Prepositional Phrases*,2005_004_0076.png,Natural Language Processing (NLP),Sofía N. Galicia-Haro,Universidad Nacional Autónoma de México,Faculty of Sciences,"Mexico City, Mexico","Faculty of Sciences UNAM Universitary City, Mexico City, Mexico",UNAM,2005,Mexico
759,Towards the Automatic Learning of Idiomatic Prepositional Phrases*,2005_004_0076.png,Natural Language Processing (NLP),Alexander Gelbukh,Instituto Politécnico Nacional,Center for Computing Research,Mexico,"Center for Computing Research, National Polytechnic Institute, Mexico",IPN,2005,Mexico
760,Measurements of Lexico-Syntactic Cohesion by Means of Internet*,2005_004_0077.png,Natural Language Processing (NLP),Igor A. Bolshakov,National Polytechnic Institute (IPN),Center for Computing Research (CIC),"Mexico City, Mexico","Center for Computing Research (CIC), National Polytechnic Institute (IPN), Mexico City, Mexico",IPN,2005,Mexico
761,Measurements of Lexico-Syntactic Cohesion by Means of Internet*,2005_004_0077.png,Natural Language Processing (NLP),Elena I. Bolshakova,Moscow State Lomonosov University,Faculty of Computational Mathematics and Cybernetics,"Moscow, Russia","Moscow State Lomonosov University, Faculty of Computational Mathematics and Cybernetics, Moscow, Russia",~MSLU,2005,Russia
762,Inferring Rules for Finding Syllables in Spanish,2005_004_0078.png,Natural Language Processing (NLP),René MacKinney-Romero,Universidad Autónoma Metropolitana,Departamento de Ingeniería Eléctrica,"México D.F., México","Departmento de Ingeniería Eléctrica, Universidad Autónoma Metropolitana, México D.F. 09950, México",UAM,2005,Mexico
763,Inferring Rules for Finding Syllables in Spanish,2005_004_0078.png,Natural Language Processing (NLP),John Goddard,Universidad Autónoma Metropolitana,Departamento de Ingeniería Eléctrica,"México D.F., México","Departmento de Ingeniería Eléctrica, Universidad Autónoma Metropolitana, México D.F. 09950, México",UAM,2005,Mexico
764,A Multilingual SVM-Based Question Classification System*,2005_004_0079.png,Natural Language Processing (NLP),Empar Bisbal,Universidad Politécnica de Valencia,Departamento de Sistemas Informáticos y Computación,"Valencia, Spain","Departamento de Sistemas Informáticos y Computación, Universidad Politécnica de Valencia, Spain",~UPV,2005,Spain
765,A Multilingual SVM-Based Question Classification System*,2005_004_0079.png,Natural Language Processing (NLP),David Tomás,Universidad de Alicante,Departamento de Lenguajes y Sistemas Informáticos,"Alicante, Spain","Departamento de Lenguajes y Sistemas Informáticos, Universidad de Alicante, Spain",*UA,2005,Spain
766,A Multilingual SVM-Based Question Classification System*,2005_004_0079.png,Natural Language Processing (NLP),Lidia Moreno,Universidad Politécnica de Valencia,Departamento de Sistemas Informáticos y Computación,"Valencia, Spain","Departamento de Sistemas Informáticos y Computación, Universidad Politécnica de Valencia, Spain",~UPV,2005,Spain
767,A Multilingual SVM-Based Question Classification System*,2005_004_0079.png,Natural Language Processing (NLP),José L. Vicedo,Universidad de Alicante,Departamento de Lenguajes y Sistemas Informáticos,"Alicante, Spain","Departamento de Lenguajes y Sistemas Informáticos, Universidad de Alicante, Spain",*UA,2005,Spain
768,A Multilingual SVM-Based Question Classification System*,2005_004_0079.png,Natural Language Processing (NLP),Armando Suárez,Universidad de Alicante,Departamento de Lenguajes y Sistemas Informáticos,"Alicante, Spain","Departamento de Lenguajes y Sistemas Informáticos, Universidad de Alicante, Spain",*UA,2005,Spain
769,Language Independent Passage Retrieval for Question Answering,2005_004_0080.png,Natural Language Processing (NLP),José Manuel Gómez-Soriano,Polytechnic University of Valencia,,Spain,"Polytechnic University of Valencia, Spain",*UPV,2005,Spain
770,Language Independent Passage Retrieval for Question Answering,2005_004_0080.png,Natural Language Processing (NLP),Manuel Montes-y-Gómez,"National Institute of Astrophysics, Optics and Electronics",,Mexico,"National Institute of Astrophysics, Optics and Electronics, Mexico",INAOE,2005,Mexico
771,Language Independent Passage Retrieval for Question Answering,2005_004_0080.png,Natural Language Processing (NLP),Emilio Sanchis-Arnal,Polytechnic University of Valencia,,Spain,"Polytechnic University of Valencia, Spain",*UPV,2005,Spain
772,Language Independent Passage Retrieval for Question Answering,2005_004_0080.png,Natural Language Processing (NLP),Luis Villaseñor-Pineda,"National Institute of Astrophysics, Optics and Electronics",,Mexico,"National Institute of Astrophysics, Optics and Electronics, Mexico",INAOE,2005,Mexico
773,Language Independent Passage Retrieval for Question Answering,2005_004_0080.png,Natural Language Processing (NLP),Paolo Rosso,Polytechnic University of Valencia,,Spain,"Polytechnic University of Valencia, Spain",*UPV,2005,Spain
774,A New PU Learning Algorithm for Text Classification,2005_004_0081.png,Natural Language Processing (NLP),Hailong Yu,Jilin University,"College of Computer Science and Technology, Key Laboratory of Symbol Computation and Knowledge Engineering of the Ministry of Education","Changchun, China","College of Computer Science and Technology, Jilin University, Key Laboratory of Symbol Computation and Knowledge Engineering of the Ministry of Education, Changchun 130012, China",~JU,2005,China
775,A New PU Learning Algorithm for Text Classification,2005_004_0081.png,Natural Language Processing (NLP),Wanli Zuo,Jilin University,"College of Computer Science and Technology, Key Laboratory of Symbol Computation and Knowledge Engineering of the Ministry of Education","Changchun, China","College of Computer Science and Technology, Jilin University, Key Laboratory of Symbol Computation and Knowledge Engineering of the Ministry of Education, Changchun 130012, China",~JU,2005,China
776,A New PU Learning Algorithm for Text Classification,2005_004_0081.png,Natural Language Processing (NLP),Tao Peng,Jilin University,"College of Computer Science and Technology, Key Laboratory of Symbol Computation and Knowledge Engineering of the Ministry of Education","Changchun, China","College of Computer Science and Technology, Jilin University, Key Laboratory of Symbol Computation and Knowledge Engineering of the Ministry of Education, Changchun 130012, China",~JU,2005,China
777,A Domain Independent Natural Language Interface to Databases Capable of Processing Complex Queries,2005_004_0082.png,Natural Language Processing (NLP),Rodolfo A. Pazos Rangel,National Center for Investigation and Technological Development (CENIDET),,,National Center for Investigation and Technological Development (CENIDET),~NCITD(,2005,
778,A Domain Independent Natural Language Interface to Databases Capable of Processing Complex Queries,2005_004_0082.png,Natural Language Processing (NLP),Joaquín Pérez O.,National Center for Investigation and Technological Development (CENIDET),,,National Center for Investigation and Technological Development (CENIDET),~NCITD(,2005,
779,A Domain Independent Natural Language Interface to Databases Capable of Processing Complex Queries,2005_004_0082.png,Natural Language Processing (NLP),Juan Javier González B.,Technological Institute of Cd. Madero,,"Cd. Madero, México","Technological Institute of Cd. Madero, México",~TICM,2005,Mexico
780,A Domain Independent Natural Language Interface to Databases Capable of Processing Complex Queries,2005_004_0082.png,Natural Language Processing (NLP),Alexander Gelbukh,National Polytechnic Institute (IPN),Center for Computing Research(CIC),México,"Center for Computing Research(CIC), National Polytechnic Institute(IPN), México",IPN,2005,Mexico
781,A Domain Independent Natural Language Interface to Databases Capable of Processing Complex Queries,2005_004_0082.png,Natural Language Processing (NLP),Grigori Sidorov,National Polytechnic Institute (IPN),Center for Computing Research(CIC),México,"Center for Computing Research(CIC), National Polytechnic Institute(IPN), México",IPN,2005,Mexico
782,A Domain Independent Natural Language Interface to Databases Capable of Processing Complex Queries,2005_004_0082.png,Natural Language Processing (NLP),Myriam J. Rodríguez M.,Technological Institute of Cd. Madero,,"Cd. Madero, México","Technological Institute of Cd. Madero, México",~TICM,2005,Mexico
783,An Efficient Hybrid Approach for Online Recognition of Handwritten Symbols,2005_004_0083.png,Neural Networks & Deep Learning,John A. Fitzgerald,University College Dublin,Department of Computer Science,"Belfield, Dublin 4, Ireland","Department of Computer Science, University College Dublin, Belfield, Dublin 4, Ireland",~UCD,2005,Ireland
784,An Efficient Hybrid Approach for Online Recognition of Handwritten Symbols,2005_004_0083.png,Neural Networks & Deep Learning,Bing Quan Huang,University College Dublin,Department of Computer Science,"Belfield, Dublin 4, Ireland","Department of Computer Science, University College Dublin, Belfield, Dublin 4, Ireland",~UCD,2005,Ireland
785,An Efficient Hybrid Approach for Online Recognition of Handwritten Symbols,2005_004_0083.png,Neural Networks & Deep Learning,Tahar Kechadi,University College Dublin,Department of Computer Science,"Belfield, Dublin 4, Ireland","Department of Computer Science, University College Dublin, Belfield, Dublin 4, Ireland",~UCD,2005,Ireland
786,Environment Compensation Based on Maximum a Posteriori Estimation for Improved Speech Recognition,2005_004_0084.png,Natural Language Processing (NLP),Haifeng Shen,Beijing University of Posts and Telecommunications,,"Beijing, China","Beijing University of Posts and Telecommunications, 100876, Beijing, China",~BUPT,2005,China
787,Environment Compensation Based on Maximum a Posteriori Estimation for Improved Speech Recognition,2005_004_0084.png,Natural Language Processing (NLP),Jun Guo,Beijing University of Posts and Telecommunications,,"Beijing, China","Beijing University of Posts and Telecommunications, 100876, Beijing, China",~BUPT,2005,China
788,Environment Compensation Based on Maximum a Posteriori Estimation for Improved Speech Recognition,2005_004_0084.png,Natural Language Processing (NLP),Gang Liu,Beijing University of Posts and Telecommunications,,"Beijing, China","Beijing University of Posts and Telecommunications, 100876, Beijing, China",~BUPT,2005,China
789,Environment Compensation Based on Maximum a Posteriori Estimation for Improved Speech Recognition,2005_004_0084.png,Natural Language Processing (NLP),Pingmu Huang,Beijing University of Posts and Telecommunications,,"Beijing, China","Beijing University of Posts and Telecommunications, 100876, Beijing, China",~BUPT,2005,China
790,Environment Compensation Based on Maximum a Posteriori Estimation for Improved Speech Recognition,2005_004_0084.png,Natural Language Processing (NLP),Qunxia Li,University of Science and Technology Beijing,,"Beijing, China","University of Science and Technology Beijing, 100083, Beijing, China",~USTB,2005,China
791,ASR Based on the Analasys of the Short-MelFrequencyCepstra Time Transform,2005_004_0085.png,Natural Language Processing (NLP),Juan Arturo Nolazco-Flores,ITESM,"Computer Science Department, Campus Monterrey","Monterrey, N.L., México","Computer Science Department, ITESM, Campus Monterrey, Av. Eugenio Garza Sada 2501 Sur, Col. Tecnológico, Monterrey, N.L., México, C.P. 64849",ITESM,2005,Mexico
792,A New Approach to Sequence Representation of Proteins in Bioinformatics,2005_004_0086.png,Data Mining & Knowledge Discovery,Angel F. Kuri-Morales,Instituto Tecnológico Autónomo de México,Departamento de Computación,,"Departamento de Computación, Instituto Tecnológico Autónomo de México",ITAM,2005,
793,A New Approach to Sequence Representation of Proteins in Bioinformatics,2005_004_0086.png,Data Mining & Knowledge Discovery,Martha R. Ortiz-Posadas,Universidad Autónoma Metropolitana Iztapalapa,Laboratorio de Informática Médica. Departamento de Ingeniería Eléctrica,,"Laboratorio de Informática Médica. Departamento de Ingeniería Eléctrica, Universidad Autónoma Metropolitana Iztapalapa",~UAMI,2005,
794,Computing Confidence Measures in Stochastic Logic Programs,2005_004_0087.png,Knowledge Representation & Reasoning,Huma Lodhi,Imperial College,Department of Computing,"London, UK","Department of Computing, Imperial College, 180 Queen’s Gate, London, SW7 2AZ, UK",~IC,2005,United Kingdom
795,Computing Confidence Measures in Stochastic Logic Programs,2005_004_0087.png,Knowledge Representation & Reasoning,Stephen Muggleton,Imperial College,Department of Computing,"London, UK","Department of Computing, Imperial College, 180 Queen’s Gate, London, SW7 2AZ, UK",~IC,2005,United Kingdom
796,Using Inductive Rules in Medical Case-Based Reasoning System,2005_004_0088.png,Hybrid AI & Expert Systems,Wenqi Shi,The University of Birmingham,School of Computer Science,"Edgbaston, Birmingham, UK","School of Computer Science, The University of Birmingham, Edgbaston, Birmingham, B15 2TT, UK",~UB,2005,United Kingdom
797,Using Inductive Rules in Medical Case-Based Reasoning System,2005_004_0088.png,Hybrid AI & Expert Systems,John A. Barnden,The University of Birmingham,School of Computer Science,"Edgbaston, Birmingham, UK","School of Computer Science, The University of Birmingham, Edgbaston, Birmingham, B15 2TT, UK",~UB,2005,United Kingdom
798,Prostate Segmentation Using Pixel Classification and Genetic Algorithms,2005_004_0089.png,Computer Vision,Fernando Arámbula Cosío,UNAM,"Lab. de Análisis de Imágenes y Visualización, CCADET","México, D.F.","Lab. de Análisis de Imágenes y Visualización, CCADET, UNAM, México, D.F., 04510",UNAM,2005,Mexico
799,A Novel Approach for Adaptive Unsupervised Segmentation of MRI Brain Images,2005_004_0090.png,Unsupervised Machine Learning,Jun Kong,Northeast Normal University,Computer School,"Changchun, Jilin Province, China","Computer School, Northeast Normal University, Changchun, Jilin Province, China",~NNU,2005,China
800,A Novel Approach for Adaptive Unsupervised Segmentation of MRI Brain Images,2005_004_0090.png,Unsupervised Machine Learning,Jingdan Zhang,Northeast Normal University,Computer School,"Changchun, Jilin Province, China","Computer School, Northeast Normal University, Changchun, Jilin Province, China",~NNU,2005,China
801,A Novel Approach for Adaptive Unsupervised Segmentation of MRI Brain Images,2005_004_0090.png,Unsupervised Machine Learning,Yinghua Lu,Northeast Normal University,Computer School | Computer School,"Changchun, Jilin Province, China","Computer School, Northeast Normal University, Changchun, Jilin Province, China | Computer School, Jilin University, Changchun, Jilin Province, China",~NNU,2005,China
802,A Novel Approach for Adaptive Unsupervised Segmentation of MRI Brain Images,2005_004_0090.png,Unsupervised Machine Learning,Yinghua Lu,Jilin University,Computer School | Computer School,"Changchun, Jilin Province, China","Computer School, Northeast Normal University, Changchun, Jilin Province, China | Computer School, Jilin University, Changchun, Jilin Province, China",~JU,2005,China
803,A Novel Approach for Adaptive Unsupervised Segmentation of MRI Brain Images,2005_004_0090.png,Unsupervised Machine Learning,Jianzhong Wang,Northeast Normal University,Computer School,"Changchun, Jilin Province, China","Computer School, Northeast Normal University, Changchun, Jilin Province, China",~NNU,2005,China
804,A Novel Approach for Adaptive Unsupervised Segmentation of MRI Brain Images,2005_004_0090.png,Unsupervised Machine Learning,Yanjun Zhou,Northeast Normal University,Computer School,"Changchun, Jilin Province, China","Computer School, Northeast Normal University, Changchun, Jilin Province, China",~NNU,2005,China
805,Towards Formalising Agent Argumentation over the Viability of Human Organs for Transplantation,2005_004_0091.png,Knowledge Representation & Reasoning,Sanjay Modgil,Cancer Research UK,Advanced Computation Lab,,"Advanced Computation Lab, Cancer Research UK",~CRU,2005,United Kingdom
806,Towards Formalising Agent Argumentation over the Viability of Human Organs for Transplantation,2005_004_0091.png,Knowledge Representation & Reasoning,Pancho Tolchinsky,Universitat Politècnica de Catalunya,,,Universitat Politècnica de Catalunya,~UPC,2005,Spain
807,Towards Formalising Agent Argumentation over the Viability of Human Organs for Transplantation,2005_004_0091.png,Knowledge Representation & Reasoning,Ulises Cortés,Universitat Politècnica de Catalunya,,,Universitat Politècnica de Catalunya,~UPC,2005,Spain
808,A Comparative Study on Machine Learning Techniques for Prediction of Success of Dental Implants,2005_004_0092.png,Supervised Machine Learning,Adriano Lorena Inácio Oliveira,Pernambuco State University,"Department of Computing Systems, Polytechnic School of Engineering","Recife, PE, Brazil","Department of Computing Systems, Polytechnic School of Engineering, Pernambuco State University, Rua Benfica, 455, Madalena, Recife – PE, Brazil, 50.750-410",~PSU,2005,Brazil
809,A Comparative Study on Machine Learning Techniques for Prediction of Success of Dental Implants,2005_004_0092.png,Supervised Machine Learning,Carolina Baldisserotto,Pernambuco State University,"Department of Computing Systems, Polytechnic School of Engineering","Recife, PE, Brazil","Department of Computing Systems, Polytechnic School of Engineering, Pernambuco State University, Rua Benfica, 455, Madalena, Recife – PE, Brazil, 50.750-410",~PSU,2005,Brazil
810,A Comparative Study on Machine Learning Techniques for Prediction of Success of Dental Implants,2005_004_0092.png,Supervised Machine Learning,Julio Baldisserotto,Universidade Federal do Rio Grande do Sul,Faculdade de Odontologia,"Porto Alegre, RS, Brazil","Faculdade de Odontologia, Universidade Federal do Rio Grande do Sul, Rua Ramiro Barcelos, 2492, Porto Alegre – RS, Brazil, 90.040-060",~UFDRGDS,2005,Brazil
811,Infant Cry Classification to Identify Hypo Acoustics and Asphyxia Comparing an Evolutionary-Neural System with a Neural Network System,2005_004_0093.png,Bio-inspired & Evolutionary Computing,Orion Fausto Reyes Galaviz,Universidad Autónoma de Tlaxcala,,"Apizaco, Tlaxcala, México","Universidad Autónoma de Tlaxcala, Calzada Apizaquito S/N, Apizaco, Tlaxcala, 90400, México",~UAT,2005,Mexico
812,Infant Cry Classification to Identify Hypo Acoustics and Asphyxia Comparing an Evolutionary-Neural System with a Neural Network System,2005_004_0093.png,Bio-inspired & Evolutionary Computing,Carlos Alberto Reyes García,"Instituto Nacional de Astrofísica, Óptica Electrónica",,"Tonantzintl, Puebla, México","Instituto Nacional de Astrofísica, Óptica Electrónica, Luis E. Erro 1, Tonantzintl, Puebla, 72840, México",INAOE,2005,Mexico
813,Applying the GFM Prospective Paradigm to the Autonomous and Adaptative Control of a Virtual Robot,2005_004_0094.png,Robotics,Jérôme Leboeuf Pasquier,Universidad de Guadalajara,"Departamento de Ingeniería de Proyectos, Centro Universitario de Ciencias Exactas e Ingenierías","Zapopan, Jalisco, México","Departamento de Ingeniería de Proyectos, Centro Universitario de Ciencias Exactas e Ingenierías, Universidad de Guadalajara, Apdo. Postal 307, CP 45101, Zapopan, Jalisco, México",~UG,2005,Mexico
814,Maximizing Future Options: An On-Line Real-Time Planning Method,2005_004_0095.png,Heuristic Search & Optimization,Ramon F. Brena,Monterrey Institute of Technology,Center for Intelligent Systemsm,,"Center for Intelligent Systemsm, Monterrey Institute of Technology",ITESM,2005,Mexico
815,Maximizing Future Options: An On-Line Real-Time Planning Method,2005_004_0095.png,Heuristic Search & Optimization,Emmanuel Martinez,Monterrey Institute of Technology,Center for Intelligent Systemsm,,"Center for Intelligent Systemsm, Monterrey Institute of Technology",ITESM,2005,Mexico
816,On the Use of Randomized Low-Discrepancy Sequences in Sampling-Based Motion Planning,2005_004_0096.png,Robotics,Abraham Sánchez,BUAP,Facultad de Ciencias de la Computación,"Puebla, Pue., México","Facultad de Ciencias de la Computación, BUAP, 14 Sur esq. San Claudio, CP 72550, Puebla, Pue., México",BUAP,2005,Mexico
817,On the Use of Randomized Low-Discrepancy Sequences in Sampling-Based Motion Planning,2005_004_0096.png,Robotics,Maria A. Osorio,BUAP,Facultad de Ciencias de la Computación,"Puebla, Pue., México","Facultad de Ciencias de la Computación, BUAP, 14 Sur esq. San Claudio, CP 72550, Puebla, Pue., México",BUAP,2005,Mexico
818,A Framework for Reactive Motion and Sensing Planning: A Critical Events-Based Approach,2005_004_0097.png,Robotics,R. Murrieta-Cid,Tec de Monterrey,Campus Estado de México,,Tec de Monterrey Campus Estado de México,ITESM,2005,Mexico
819,A Framework for Reactive Motion and Sensing Planning: A Critical Events-Based Approach,2005_004_0097.png,Robotics,A. Sarmiento,University of Illinois at Urbana-Champaign,,,University of Illinois at Urbana-Champaign,~UIU,2005,United States
820,A Framework for Reactive Motion and Sensing Planning: A Critical Events-Based Approach,2005_004_0097.png,Robotics,T. Muppirala,University of Illinois at Urbana-Champaign,,,University of Illinois at Urbana-Champaign,~UIU,2005,United States
821,A Framework for Reactive Motion and Sensing Planning: A Critical Events-Based Approach,2005_004_0097.png,Robotics,S. Hutchinson,University of Illinois at Urbana-Champaign,,,University of Illinois at Urbana-Champaign,~UIU,2005,United States
822,A Framework for Reactive Motion and Sensing Planning: A Critical Events-Based Approach,2005_004_0097.png,Robotics,R. Monroy,Tec de Monterrey,Campus Estado de México,,Tec de Monterrey Campus Estado de México,ITESM,2005,Mexico
823,A Framework for Reactive Motion and Sensing Planning: A Critical Events-Based Approach,2005_004_0097.png,Robotics,M. Alencastre,Tec de Monterrey,Campus Estado de México,,Tec de Monterrey Campus Estado de México,ITESM,2005,Mexico
824,A Framework for Reactive Motion and Sensing Planning: A Critical Events-Based Approach,2005_004_0097.png,Robotics,L. Muñoz,Tec de Monterrey,Campus Estado de México,,Tec de Monterrey Campus Estado de México,ITESM,2005,Mexico
825,A Framework for Reactive Motion and Sensing Planning: A Critical Events-Based Approach,2005_004_0097.png,Robotics,R. Swain,Tec de Monterrey,Campus Estado de México,,Tec de Monterrey Campus Estado de México,ITESM,2005,Mexico
826,Visual Planning for Autonomous Mobile Robot Navigation,2005_004_0098.png,Robotics,Antonio Marin-Hernandez,Universidad Veracruzana,Facultad de Física e Inteligencia Artificial,"Xalapa, Ver., Mexico","Facultad de Física e Inteligencia Artificial, Universidad Veracruzana, Sebastián Camacho No. 5, Centro, 91000, Xalapa, Ver., Mexico",UV,2005,Mexico
827,Visual Planning for Autonomous Mobile Robot Navigation,2005_004_0098.png,Robotics,Michel Devy,LAAS - CNRS,,"Toulouse, France","LAAS - CNRS, 7 avenue Colonel Roche, 31077 Toulouse, Cedex 04, France",~L-C,2005,France
828,Visual Planning for Autonomous Mobile Robot Navigation,2005_004_0098.png,Robotics,Victor Ayala-Ramirez,Universidad de Guanajuato,FIMEE,"Salamanca, Gto., Mexico","FIMEE, Universidad de Guanajuato, Tampico 912, 36730, Salamanca, Gto., Mexico",UG,2005,Mexico
829,Gait Synthesis Based on FWN and PD Controller for a Five-Link Biped Robot,2005_004_0099.png,Robotics,Pengfei Liu,Xi'an Jiaotong University,School of Electronics and Information Engineering,"Xi'an, P.R.China","School of Electronics and Information Engineering, Xi'an Jiaotong University, Xi'an, 710049, P.R.China",~XJU,2005,China
830,Gait Synthesis Based on FWN and PD Controller for a Five-Link Biped Robot,2005_004_0099.png,Robotics,Jiuqiang Han,Xi'an Jiaotong University,School of Electronics and Information Engineering,"Xi'an, P.R.China","School of Electronics and Information Engineering, Xi'an Jiaotong University, Xi'an, 710049, P.R.China",~XJU,2005,China
831,Hybrid Fuzzy/Expert System to Control Grasping with Deformation Detection,2005_004_0100.png,Hybrid AI & Expert Systems,Jorge Axel Domínguez-López,Centro de Investigación en Matemáticas,CIMAT,"Guanajuato, MEXICO","Centro de Investigación en Matemáticas (CIMAT), Guanajuato CP36240, MEXICO",~CIEM,2005,Mexico
832,Hybrid Fuzzy/Expert System to Control Grasping with Deformation Detection,2005_004_0100.png,Hybrid AI & Expert Systems,Gilberto Marrufo,Centro de Investigación en Matemáticas,CIMAT,"Guanajuato, MEXICO","Centro de Investigación en Matemáticas (CIMAT), Guanajuato CP36240, MEXICO",~CIEM,2005,Mexico
833,Adaptive Neuro-Fuzzy-Expert Controller of a Robotic Gripper,2005_004_0101.png,Fuzzy Logic & Fuzzy Systems,Jorge Axel Domínguez-López,Centro de Investigación en Matemáticas (CIMAT),,"Guanajuato, Mexico","Centro de Investigación en Matemáticas (CIMAT), Callejon de Jalisco s/n, Guanajuato CP36240, Mexico",CIMAT,2005,Mexico
834,A Semantically-Based Software Component Selection Mechanism for Intelligent Service Robots,2005_004_0102.png,Robotics,Hwayoun Lee,Information and Communications University,,"Daejeon, Korea","Information and Communications University, 119 Munjiro, Yuseong-gu, Daejeon, 305-732, Korea",~ICU,2005,South Korea
835,A Semantically-Based Software Component Selection Mechanism for Intelligent Service Robots,2005_004_0102.png,Robotics,Ho-Jin Choi,Information and Communications University,,"Daejeon, Korea","Information and Communications University, 119 Munjiro, Yuseong-gu, Daejeon, 305-732, Korea",~ICU,2005,South Korea
836,A Semantically-Based Software Component Selection Mechanism for Intelligent Service Robots,2005_004_0102.png,Robotics,In-Young Ko,Information and Communications University,,"Daejeon, Korea","Information and Communications University, 119 Munjiro, Yuseong-gu, Daejeon, 305-732, Korea",~ICU,2005,South Korea
837,An Approach for Intelligent Fixtureless Assembly: Issues and Experiments,2005_004_0103.png,Robotics,Jorge Corona-Castuera,CIATEQ A.C.,Advanced Technology Center,"El Marques, Queretaro, Mexico","CIATEQ A.C. Advanced Technology Center, Manantiales 23A, Parque Industrial Bernardo Quintana, 76246 El Marques, Queretaro, Mexico",CIATEQ,2005,Mexico
838,An Approach for Intelligent Fixtureless Assembly: Issues and Experiments,2005_004_0103.png,Robotics,Reyes Rios-Cabrera,CIATEQ A.C.,Advanced Technology Center,"El Marques, Queretaro, Mexico","CIATEQ A.C. Advanced Technology Center, Manantiales 23A, Parque Industrial Bernardo Quintana, 76246 El Marques, Queretaro, Mexico",CIATEQ,2005,Mexico
839,An Approach for Intelligent Fixtureless Assembly: Issues and Experiments,2005_004_0103.png,Robotics,Ismael Lopez-Juarez,CIATEQ A.C.,Advanced Technology Center,"El Marques, Queretaro, Mexico","CIATEQ A.C. Advanced Technology Center, Manantiales 23A, Parque Industrial Bernardo Quintana, 76246 El Marques, Queretaro, Mexico",CIATEQ,2005,Mexico
840,An Approach for Intelligent Fixtureless Assembly: Issues and Experiments,2005_004_0103.png,Robotics,Mario Peña-Cabrera,UNAM,Instituto de Investigaciones en Matematicas Aplicadas y Sistemas IIMAS,"Cd. Universitaria, DF, Mexico","Instituto de Investigaciones en Matematicas Aplicadas y Sistemas IIMAS-UNAM, Circuito Escolar, Cd. Universitaria 76246, DF, Mexico",UNAM,2005,Mexico
841,On the Design of a Multimodal Cognitive Architecture for Perceptual Learning in Industrial Robots,2005_004_0104.png,Robotics,Ismael Lopez-Juarez,CIATEQ A.C.,Advanced Technology Centre,"El Marques, Queretaro, Mexico","CIATEQ A.C. Advanced Technology Centre, Manantiales 23A, Parque Industrial Bernardo Quintana, 76246. El Marques, Queretaro, Mexico",CIATEQ,2005,Mexico
842,On the Design of a Multimodal Cognitive Architecture for Perceptual Learning in Industrial Robots,2005_004_0104.png,Robotics,Keny Ordaz-Hernández,CIATEQ A.C.,Advanced Technology Centre | Laboratoire en Ingénierie des Processus et des Services Industriels LIPSI,"El Marques, Queretaro, Mexico | Bidart, France","CIATEQ A.C. Advanced Technology Centre, Manantiales 23A, Parque Industrial Bernardo Quintana, 76246. El Marques, Queretaro, Mexico | Laboratoire en Ingénierie des Processus et des Services Industriels LIPSI-ESTIA, Technopôle Izarbel; 64210 Bidart, France",CIATEQ,2005,France
843,On the Design of a Multimodal Cognitive Architecture for Perceptual Learning in Industrial Robots,2005_004_0104.png,Robotics,Keny Ordaz-Hernández,ESTIA,Advanced Technology Centre | Laboratoire en Ingénierie des Processus et des Services Industriels LIPSI,"El Marques, Queretaro, Mexico | Bidart, France","CIATEQ A.C. Advanced Technology Centre, Manantiales 23A, Parque Industrial Bernardo Quintana, 76246. El Marques, Queretaro, Mexico | Laboratoire en Ingénierie des Processus et des Services Industriels LIPSI-ESTIA, Technopôle Izarbel; 64210 Bidart, France",ESTIA,2005,France
844,On the Design of a Multimodal Cognitive Architecture for Perceptual Learning in Industrial Robots,2005_004_0104.png,Robotics,Mario Peña-Cabrera,UNAM,Instituto de Investigaciones en Matemáticas Aplicadas y Sistemas IIMAS,"Cd. Universitaria, DF, Mexico","Instituto de Investigaciones en Matemáticas Aplicadas y Sistemas IIMAS-UNAM, Circuito Escolar, Cd. Universitaria 76246, DF, Mexico",UNAM,2005,Mexico
845,On the Design of a Multimodal Cognitive Architecture for Perceptual Learning in Industrial Robots,2005_004_0104.png,Robotics,Jorge Corona-Castuera,CIATEQ A.C.,Advanced Technology Centre,"El Marques, Queretaro, Mexico","CIATEQ A.C. Advanced Technology Centre, Manantiales 23A, Parque Industrial Bernardo Quintana, 76246. El Marques, Queretaro, Mexico",CIATEQ,2005,Mexico
846,On the Design of a Multimodal Cognitive Architecture for Perceptual Learning in Industrial Robots,2005_004_0104.png,Robotics,Reyes Rios-Cabrera,CIATEQ A.C.,Advanced Technology Centre,"El Marques, Queretaro, Mexico","CIATEQ A.C. Advanced Technology Centre, Manantiales 23A, Parque Industrial Bernardo Quintana, 76246. El Marques, Queretaro, Mexico",CIATEQ,2005,Mexico
847,CORBA Distributed Robotic System: A Case Study Using a Motoman 6-DOF Arm Manipulator,2005_004_0105.png,Robotics,Federico Guedea-Elizalde,ITESM,"Center for Innovation in Design and Technology, Campus Monterrey","Monterrey, Nuevo León, México","ITESM, Campus Monterrey, Center for Innovation in Design and Technology, Eugenio Garza Sada 2501, 64849 Monterrey, Nuevo León, México",ITESM,2005,Mexico
848,CORBA Distributed Robotic System: A Case Study Using a Motoman 6-DOF Arm Manipulator,2005_004_0105.png,Robotics,Josafat M. Mata-Hernández,ITESM,"Center for Innovation in Design and Technology, Campus Monterrey","Monterrey, Nuevo León, México","ITESM, Campus Monterrey, Center for Innovation in Design and Technology, Eugenio Garza Sada 2501, 64849 Monterrey, Nuevo León, México",ITESM,2005,Mexico
849,CORBA Distributed Robotic System: A Case Study Using a Motoman 6-DOF Arm Manipulator,2005_004_0105.png,Robotics,Rubén Morales-Menéndez,ITESM,"Center for Innovation in Design and Technology, Campus Monterrey","Monterrey, Nuevo León, México","ITESM, Campus Monterrey, Center for Innovation in Design and Technology, Eugenio Garza Sada 2501, 64849 Monterrey, Nuevo León, México",ITESM,2005,Mexico
850,An Integration of FDI and DX Techniques for Determining the Minimal Diagnosis in an Automatic Way,2005_004_0106.png,Knowledge Representation & Reasoning,Rafael Ceballos,Universidad de Sevilla,"Departamento de Lenguajes y Sistemas Informticos, Escuela Tcnica Superior de Ingeniera Informtica","Sevilla, Spain","Departamento de Lenguajes y Sistemas Informticos, Universidad de Sevilla, Escuela Tcnica Superior de Ingeniera Informtica, Avenida Reina Mercedes s/n 41012 Sevilla, Spain",~US,2005,Spain
851,An Integration of FDI and DX Techniques for Determining the Minimal Diagnosis in an Automatic Way,2005_004_0106.png,Knowledge Representation & Reasoning,Sergio Pozo,Universidad de Sevilla,"Departamento de Lenguajes y Sistemas Informticos, Escuela Tcnica Superior de Ingeniera Informtica","Sevilla, Spain","Departamento de Lenguajes y Sistemas Informticos, Universidad de Sevilla, Escuela Tcnica Superior de Ingeniera Informtica, Avenida Reina Mercedes s/n 41012 Sevilla, Spain",~US,2005,Spain
852,An Integration of FDI and DX Techniques for Determining the Minimal Diagnosis in an Automatic Way,2005_004_0106.png,Knowledge Representation & Reasoning,Carmelo Del Valle,Universidad de Sevilla,"Departamento de Lenguajes y Sistemas Informticos, Escuela Tcnica Superior de Ingeniera Informtica","Sevilla, Spain","Departamento de Lenguajes y Sistemas Informticos, Universidad de Sevilla, Escuela Tcnica Superior de Ingeniera Informtica, Avenida Reina Mercedes s/n 41012 Sevilla, Spain",~US,2005,Spain
853,An Integration of FDI and DX Techniques for Determining the Minimal Diagnosis in an Automatic Way,2005_004_0106.png,Knowledge Representation & Reasoning,Rafael M. Gasca,Universidad de Sevilla,"Departamento de Lenguajes y Sistemas Informticos, Escuela Tcnica Superior de Ingeniera Informtica","Sevilla, Spain","Departamento de Lenguajes y Sistemas Informticos, Universidad de Sevilla, Escuela Tcnica Superior de Ingeniera Informtica, Avenida Reina Mercedes s/n 41012 Sevilla, Spain",~US,2005,Spain
854,Evolutionary Dynamic Optimization of a Continuously Variable Transmission for Mechanical Efficiency Maximization,2005_004_0107.png,Bio-inspired & Evolutionary Computing,Jaime Alvarez-Gallegos,CINVESTAV-IPN,Electrical Engineering Department,"Mexico DF, Mexico","CINVESTAV-IPN, Electrical Engineering Department, Apdo. Postal 14-740, 07300, Mexico DF, Mexico",CINVESTAV,2005,Mexico
855,Evolutionary Dynamic Optimization of a Continuously Variable Transmission for Mechanical Efficiency Maximization,2005_004_0107.png,Bio-inspired & Evolutionary Computing,Carlos Alberto Cruz Villar,CINVESTAV-IPN,Electrical Engineering Department,"Mexico DF, Mexico","CINVESTAV-IPN, Electrical Engineering Department, Apdo. Postal 14-740, 07300, Mexico DF, Mexico",CINVESTAV,2005,Mexico
856,Evolutionary Dynamic Optimization of a Continuously Variable Transmission for Mechanical Efficiency Maximization,2005_004_0107.png,Bio-inspired & Evolutionary Computing,Edgar Alfredo Portilla Flores,Universidad Autónoma de Tlaxcala,Engineering and Technology Department,"Apizaco, Tlax., Mexico","Universidad Autónoma de Tlaxcala, Engineering and Technology Department, Calz. Apizaquito S/N Km. 15, 90300, Apizaco, Tlax. Mexico",~UAT,2005,Mexico
857,Performance Improvement of Ad-Hoc Networks by Using a Behavior-Based Architecture,2005_004_0108.png,Hybrid AI & Expert Systems,Horacio Martínez-Alfaro,Tecnológico de Monterrey,Center for Intelligent Systems,"Monterrey, N.L., México","Center for Intelligent Systems, Tecnológico de Monterrey, Monterrey, N.L. 64849 México",ITESM,2005,Mexico
858,Performance Improvement of Ad-Hoc Networks by Using a Behavior-Based Architecture,2005_004_0108.png,Hybrid AI & Expert Systems,Griselda P. Cervantes-Casillas,Motorola,Nogales IESS,"Nogales, Son., Mexico","Motorola Nogales IESS, Nogales, Son. Mexico",Motorola,2005,Mexico
859,Analysis of the Performance of Different Fuzzy System Controllers,2005_004_0109.png,Fuzzy Logic & Fuzzy Systems,Patrick B. Moratori,Universidade Federal do Rio de Janeiro (UFRJ),Instituto de Matemática / NCE,"Rio de Janeiro, RJ, Brasil","Instituto de Matemática / NCE - Universidade Federal do Rio de Janeiro (UFRJ), Caixa Postal 68.530 - 21945-970 - Rio de Janeiro - RJ - Brasil",~UFDRJ(,2005,Brazil
860,Analysis of the Performance of Different Fuzzy System Controllers,2005_004_0109.png,Fuzzy Logic & Fuzzy Systems,Adriano J.O. Cruz,Universidade Federal do Rio de Janeiro (UFRJ),Instituto de Matemática / NCE,"Rio de Janeiro, RJ, Brasil","Instituto de Matemática / NCE - Universidade Federal do Rio de Janeiro (UFRJ), Caixa Postal 68.530 - 21945-970 - Rio de Janeiro - RJ - Brasil",~UFDRJ(,2005,Brazil
861,Analysis of the Performance of Different Fuzzy System Controllers,2005_004_0109.png,Fuzzy Logic & Fuzzy Systems,Laci Mary B. Manhães,Universidade Federal do Rio de Janeiro (UFRJ),Instituto de Matemática / NCE | ,"Rio de Janeiro, RJ, Brasil | Macaé, RJ, Brasil","Instituto de Matemática / NCE - Universidade Federal do Rio de Janeiro (UFRJ), Caixa Postal 68.530 - 21945-970 - Rio de Janeiro - RJ - Brasil | Faculdade Salesiana Maria Auxiliadora (FSMA), Rua Monte Elísio s/nº - Macaé - RJ - Brasil",~UFDRJ(,2005,Brazil
862,Analysis of the Performance of Different Fuzzy System Controllers,2005_004_0109.png,Fuzzy Logic & Fuzzy Systems,Laci Mary B. Manhães,Faculdade Salesiana Maria Auxiliadora (FSMA),Instituto de Matemática / NCE | ,"Rio de Janeiro, RJ, Brasil | Macaé, RJ, Brasil","Instituto de Matemática / NCE - Universidade Federal do Rio de Janeiro (UFRJ), Caixa Postal 68.530 - 21945-970 - Rio de Janeiro - RJ - Brasil | Faculdade Salesiana Maria Auxiliadora (FSMA), Rua Monte Elísio s/nº - Macaé - RJ - Brasil",~FSMA(,2005,Brazil
863,Analysis of the Performance of Different Fuzzy System Controllers,2005_004_0109.png,Fuzzy Logic & Fuzzy Systems,Emília B. Ferreira,Universidade Federal do Rio de Janeiro (UFRJ),Instituto de Matemática / NCE,"Rio de Janeiro, RJ, Brasil","Instituto de Matemática / NCE - Universidade Federal do Rio de Janeiro (UFRJ), Caixa Postal 68.530 - 21945-970 - Rio de Janeiro - RJ - Brasil",~UFDRJ(,2005,Brazil
864,Analysis of the Performance of Different Fuzzy System Controllers,2005_004_0109.png,Fuzzy Logic & Fuzzy Systems,Márcia V. Pedro,Universidade Federal do Rio de Janeiro (UFRJ),Instituto de Matemática / NCE,"Rio de Janeiro, RJ, Brasil","Instituto de Matemática / NCE - Universidade Federal do Rio de Janeiro (UFRJ), Caixa Postal 68.530 - 21945-970 - Rio de Janeiro - RJ - Brasil",~UFDRJ(,2005,Brazil
865,Analysis of the Performance of Different Fuzzy System Controllers,2005_004_0109.png,Fuzzy Logic & Fuzzy Systems,Cabral Lima,Universidade Federal do Rio de Janeiro (UFRJ),Instituto de Matemática / NCE,"Rio de Janeiro, RJ, Brasil","Instituto de Matemática / NCE - Universidade Federal do Rio de Janeiro (UFRJ), Caixa Postal 68.530 - 21945-970 - Rio de Janeiro - RJ - Brasil",~UFDRJ(,2005,Brazil
866,Analysis of the Performance of Different Fuzzy System Controllers,2005_004_0109.png,Fuzzy Logic & Fuzzy Systems,Leila C.V. Andrade,Universidade Federal do Rio de Janeiro (UFRJ),Instituto de Matemática / NCE | Escola de Informática Aplicada,"Rio de Janeiro, RJ, Brasil | Rio de Janeiro, RJ, Brasil","Instituto de Matemática / NCE - Universidade Federal do Rio de Janeiro (UFRJ), Caixa Postal 68.530 - 21945-970 - Rio de Janeiro - RJ - Brasil | Escola de Informática Aplicada da Universidade Federal do Estado do Rio de Janeiro (UNIRIO), Avenida Pasteur 458 - Urca - Rio de Janeiro - RJ - Brasil",~UFDRJ(,2005,Brazil
867,Analysis of the Performance of Different Fuzzy System Controllers,2005_004_0109.png,Fuzzy Logic & Fuzzy Systems,Leila C.V. Andrade,Universidade Federal do Estado do Rio de Janeiro (UNIRIO),Instituto de Matemática / NCE | Escola de Informática Aplicada,"Rio de Janeiro, RJ, Brasil | Rio de Janeiro, RJ, Brasil","Instituto de Matemática / NCE - Universidade Federal do Rio de Janeiro (UFRJ), Caixa Postal 68.530 - 21945-970 - Rio de Janeiro - RJ - Brasil | Escola de Informática Aplicada da Universidade Federal do Estado do Rio de Janeiro (UNIRIO), Avenida Pasteur 458 - Urca - Rio de Janeiro - RJ - Brasil",~UFDEDRJ(,2005,Brazil
868,Discrete-Time Quasi-Sliding Mode Feedback-Error-Learning Neurocontrol of a Class of Uncertain Systems,2005_004_0110.png,Neural Networks & Deep Learning,Andon Venelinov Topalov,Technical University of Sofia,"Control Systems Department, branch Plovdiv","Plovdiv, Bulgaria","Control Systems Department, Technical University of Sofia, branch Plovdiv, 25, Canko Dustabanov str.,4000, Plovdiv, Bulgaria",~TUS,2005,Bulgaria
869,Discrete-Time Quasi-Sliding Mode Feedback-Error-Learning Neurocontrol of a Class of Uncertain Systems,2005_004_0110.png,Neural Networks & Deep Learning,Okyay Kaynak,Bogazici University,"Electrical & Electronic Engineering Department, Mechatronics Research and Application Center","Istanbul, Turkey","Electrical & Electronic Engineering Department, Mechatronics Research and Application Center, Bogazici University, Bebek, 34342 Istanbul, Turkey",~BU,2005,Turkey
870,Stable Task Space Neuro Controller for Robot Manipulators Without Velocity Measurements,2005_004_0111.png,Robotics,Gerardo Loreto,CINVESTAV-IPN,Departamento de Control Automático,"México D.F., México","Departamento de Control Automático, CINVESTAV-IPN, Av.IPN 2508 México D.F., 07360, México",CINVESTAV,2005,Mexico
871,Stable Task Space Neuro Controller for Robot Manipulators Without Velocity Measurements,2005_004_0111.png,Robotics,Rubén Garrido,CINVESTAV-IPN,Departamento de Control Automático,"México D.F., México","Departamento de Control Automático, CINVESTAV-IPN, Av.IPN 2508 México D.F., 07360, México",CINVESTAV,2005,Mexico
872,Input-Output Data Modelling Using Fully Tuned RBF Networks for a Four Degree-of-Freedom Tilt Rotor Aircraft Platform,2005_004_0112.png,Neural Networks & Deep Learning,Changjie Yu,Tsinghua University,"State Key Lab of Intelligent Technology and Systems, Department of Computer Science and Technology","Beijing, China","State Key Lab of Intelligent Technology and Systems, Department of Computer Science and Technology, Tsinghua University, Beijing 100084, China",*TSINGHUA,2005,China
873,Input-Output Data Modelling Using Fully Tuned RBF Networks for a Four Degree-of-Freedom Tilt Rotor Aircraft Platform,2005_004_0112.png,Neural Networks & Deep Learning,Jihong Zhu,Tsinghua University,"State Key Lab of Intelligent Technology and Systems, Department of Computer Science and Technology","Beijing, China","State Key Lab of Intelligent Technology and Systems, Department of Computer Science and Technology, Tsinghua University, Beijing 100084, China",*TSINGHUA,2005,China
874,Input-Output Data Modelling Using Fully Tuned RBF Networks for a Four Degree-of-Freedom Tilt Rotor Aircraft Platform,2005_004_0112.png,Neural Networks & Deep Learning,Jianguo Che,Air Defence Command College,,"Zhengzhou, China","Air Defence Command College, Zhengzhou 450052, China",~ADCC,2005,China
875,Input-Output Data Modelling Using Fully Tuned RBF Networks for a Four Degree-of-Freedom Tilt Rotor Aircraft Platform,2005_004_0112.png,Neural Networks & Deep Learning,Zengqi Sun,Tsinghua University,"State Key Lab of Intelligent Technology and Systems, Department of Computer Science and Technology","Beijing, China","State Key Lab of Intelligent Technology and Systems, Department of Computer Science and Technology, Tsinghua University, Beijing 100084, China",*TSINGHUA,2005,China
876,A Frugal Fuzzy Logic Based Approach for Autonomous Flight Control of Unmanned Aerial Vehicles,2005_004_0113.png,Fuzzy Logic & Fuzzy Systems,Sefer Kurnaz,Turkish Airforce Academy,Aeronautics and Space Technologies Institude,"Yesilyurt, İstanbul, Turkey","Aeronautics and Space Technologies Institude, Turkish Airforce Academy, Yesilyurt, 34807 İstanbul,Turkey",~TAA,2005,Turkey
877,A Frugal Fuzzy Logic Based Approach for Autonomous Flight Control of Unmanned Aerial Vehicles,2005_004_0113.png,Fuzzy Logic & Fuzzy Systems,Emre Eroglu,Turkish Airforce Academy,Aeronautics and Space Technologies Institude,"Yesilyurt, İstanbul, Turkey","Aeronautics and Space Technologies Institude, Turkish Airforce Academy, Yesilyurt, 34807 İstanbul,Turkey",~TAA,2005,Turkey
878,A Frugal Fuzzy Logic Based Approach for Autonomous Flight Control of Unmanned Aerial Vehicles,2005_004_0113.png,Fuzzy Logic & Fuzzy Systems,Okyay Kaynak,Turkish Airforce Academy,Aeronautics and Space Technologies Institude | Department of Electrical and Electronic Engineering,"Yesilyurt, İstanbul, Turkey | Bebek, 34342 Istanbul, Turkey","Aeronautics and Space Technologies Institude, Turkish Airforce Academy, Yesilyurt, 34807 İstanbul,Turkey | Bogazici University, Department of Electrical and Electronic Engineering, Bebek, 34342 Istanbul, Turkey",~TAA,2005,Turkey
879,A Frugal Fuzzy Logic Based Approach for Autonomous Flight Control of Unmanned Aerial Vehicles,2005_004_0113.png,Fuzzy Logic & Fuzzy Systems,Okyay Kaynak,Bogazici University,Aeronautics and Space Technologies Institude | Department of Electrical and Electronic Engineering,"Yesilyurt, İstanbul, Turkey | Bebek, 34342 Istanbul, Turkey","Aeronautics and Space Technologies Institude, Turkish Airforce Academy, Yesilyurt, 34807 İstanbul,Turkey | Bogazici University, Department of Electrical and Electronic Engineering, Bebek, 34342 Istanbul, Turkey",~BU,2005,Turkey
880,A Frugal Fuzzy Logic Based Approach for Autonomous Flight Control of Unmanned Aerial Vehicles,2005_004_0113.png,Fuzzy Logic & Fuzzy Systems,Umit Malkoc,Bogazici University,Department of Electrical and Electronic Engineering,"Bebek, 34342 Istanbul, Turkey","Bogazici University, Department of Electrical and Electronic Engineering, Bebek, 34342 Istanbul, Turkey",~BU,2005,Turkey
881,Sensor-Fusion System for Monitoring a CNC-Milling Center,2005_004_0114.png,Neural Networks & Deep Learning,Rubén Morales-Menéndez,ITESM,Monterrey campus,"Monterrey NL, México","ITESM Monterrey campus, Av. Garza Sada # 2501, 64,489 Monterrey NL, México",ITESM,2005,Mexico
882,Sensor-Fusion System for Monitoring a CNC-Milling Center,2005_004_0114.png,Neural Networks & Deep Learning,Sheyla Aguilar M,ITESM,Monterrey campus,"Monterrey NL, México","ITESM Monterrey campus, Av. Garza Sada # 2501, 64,489 Monterrey NL, México",ITESM,2005,Mexico
883,Sensor-Fusion System for Monitoring a CNC-Milling Center,2005_004_0114.png,Neural Networks & Deep Learning,Ciro A. Rodríguez,ITESM,Monterrey campus,"Monterrey NL, México","ITESM Monterrey campus, Av. Garza Sada # 2501, 64,489 Monterrey NL, México",ITESM,2005,Mexico
884,Sensor-Fusion System for Monitoring a CNC-Milling Center,2005_004_0114.png,Neural Networks & Deep Learning,Federico Guedea Elizalde,ITESM,Monterrey campus,"Monterrey NL, México","ITESM Monterrey campus, Av. Garza Sada # 2501, 64,489 Monterrey NL, México",ITESM,2005,Mexico
885,Sensor-Fusion System for Monitoring a CNC-Milling Center,2005_004_0114.png,Neural Networks & Deep Learning,Luis E. Garza Castañón,ITESM,Monterrey campus,"Monterrey NL, México","ITESM Monterrey campus, Av. Garza Sada # 2501, 64,489 Monterrey NL, México",ITESM,2005,Mexico
886,A Probabilistic Model of Affective Behavior for Intelligent Tutoring Systems,2005_004_0115.png,Probabilistic & Statistical Reasoning,Yasmín Hernández,Instituto de Investigaciones Eléctricas,Gerencia de Sistemas Informáticos,"Cuernavaca, Morelos, México","Instituto de Investigaciones Eléctricas, Gerencia de Sistemas Informáticos, Reforma 113, Col. Palmira, 62490 Cuernavaca, Morelos, México",IIE,2005,Mexico
887,A Probabilistic Model of Affective Behavior for Intelligent Tutoring Systems,2005_004_0115.png,Probabilistic & Statistical Reasoning,Julieta Noguez,Tecnológico de Monterrey,Campus Cd. de México,"México, D. F., México","Tecnológico de Monterrey, Campus Cd. de México, Calle del Puente 222, Col. Ejidos de Huipulco, Tlalpan 14380 México, D. F., México",ITESM,2005,Mexico
888,A Probabilistic Model of Affective Behavior for Intelligent Tutoring Systems,2005_004_0115.png,Probabilistic & Statistical Reasoning,Enrique Sucar,Tecnológico de Monterrey,Campus Cuernavaca,"Temixco, Morelos, México","Tecnológico de Monterrey, Campus Cuernavaca, Paseo de la Reforma 182-A, Col. Lomas de Cuernavaca, 62589 Temixco, Morelos, México",ITESM,2005,Mexico
889,A Probabilistic Model of Affective Behavior for Intelligent Tutoring Systems,2005_004_0115.png,Probabilistic & Statistical Reasoning,Gustavo Arroyo-Figueroa,Instituto de Investigaciones Eléctricas,Gerencia de Sistemas Informáticos,"Cuernavaca, Morelos, México","Instituto de Investigaciones Eléctricas, Gerencia de Sistemas Informáticos, Reforma 113, Col. Palmira, 62490 Cuernavaca, Morelos, México",IIE,2005,Mexico
890,A Semi-open Learning Environment for Virtual Laboratories,2005_004_0116.png,Hybrid AI & Expert Systems,Julieta Noguez,Tecnológico de Monterrey,Campus Ciudad de México,"México, D.F., México","Tecnológico de Monterrey, Campus Ciudad de México, Calle del Puente 222, Col. Ejidos de Huipulco, Tlalpan 14380 México, D.F., México",ITESM,2005,Mexico
891,A Semi-open Learning Environment for Virtual Laboratories,2005_004_0116.png,Hybrid AI & Expert Systems,L. Enrique Sucar,Tecnológico de Monterrey,Campus Cuernavaca,"Temixco, Morelos, México","Tecnológico de Monterrey, Campus Cuernavaca, Paseo de la Reforma 182-A, Col. Lomas de Cuernavaca, 62589 Temixco, Morelos, México",ITESM,2005,Mexico
892,Properties of Markovian Subgraphs of a Decomposable Graph,2006_005_0000.png,Probabilistic & Statistical Reasoning,Sung-Ho Kim,Korea Advanced Institute of Science and Technology,,"Daejeon, 305-701, South Korea","Korea Advanced Institute of Science and Technology, Daejeon, 305-701, South Korea",~KAIST,2006,South Korea
893,A Recognition-Inference Procedure for a Knowledge Representation Scheme Based on Fuzzy Petri Nets,2006_005_0001.png,Fuzzy Logic & Fuzzy Systems,Slobodan Ribarić,University of Zagreb,Faculty of Electrical Engineering and Computing,"Zagreb, Croatia","Faculty of Electrical Engineering and Computing, University of Zagreb, Unska 3, 10000 Zagreb, Croatia",~UZ,2006,Croatia
894,A Recognition-Inference Procedure for a Knowledge Representation Scheme Based on Fuzzy Petri Nets,2006_005_0001.png,Fuzzy Logic & Fuzzy Systems,Nikola Pavešić,University of Ljubljana,Faculty of Electrical Engineering,"Ljubljana, Slovenia","Faculty of Electrical Engineering, University of Ljubljana, Tržaška c. 25, 1000 Ljubljana, Slovenia",~UL,2006,Slovenia
895,Inference Scheme for Order-Sorted Logic Using Noun Phrases with Variables as Sorts,2006_005_0002.png,Logic & Automated Reasoning,Masaki Kitano,Takushoku University,Department of Computer Science,"Hachioji-shi, Tokyo, Japan","Department of Computer Science, Takushoku University
815-1, Tatemachi, Hachioji-shi, Tokyo 193-0985 Japan",~TU,2006,Japan
896,Inference Scheme for Order-Sorted Logic Using Noun Phrases with Variables as Sorts,2006_005_0002.png,Logic & Automated Reasoning,Seikoh Nishita,Takushoku University,Department of Computer Science,"Hachioji-shi, Tokyo, Japan","Department of Computer Science, Takushoku University
815-1, Tatemachi, Hachioji-shi, Tokyo 193-0985 Japan",~TU,2006,Japan
897,Inference Scheme for Order-Sorted Logic Using Noun Phrases with Variables as Sorts,2006_005_0002.png,Logic & Automated Reasoning,Tsutomu Ishikawa,Takushoku University,Department of Computer Science,"Hachioji-shi, Tokyo, Japan","Department of Computer Science, Takushoku University
815-1, Tatemachi, Hachioji-shi, Tokyo 193-0985 Japan",~TU,2006,Japan
898,Answer Set General Theories and Preferences,2006_005_0003.png,Knowledge Representation & Reasoning,Mauricio Osorio,Universidad de las Américas,CENTIA,"Sta. Catarina Mártir, Cholula, Puebla, México","Universidad de las Américas, CENTIA, Sta. Catarina Mártir, Cholula, Puebla, 72820 México",UDLAP,2006,Mexico
899,Answer Set General Theories and Preferences,2006_005_0003.png,Knowledge Representation & Reasoning,Claudia Zepeda,Universidad Tecnológica de la Mixteca,División de Estudios de Posgrado,"Huajuapan de Leon, Oaxaca, México","Universidad Tecnológica de la Mixteca, División de Estudios de Posgrado, Huajuapan de Leon, Oaxaca, 69000 México",~UTM,2006,Mexico
900,Fuzzy State Estimation of Discrete Event Systems,2006_005_0004.png,Fuzzy Logic & Fuzzy Systems,Juan Carlos González-Castolo,CINVESTAV-IPN,Unidad Guadalajara,"Zapopan, Jalisco, México","CINVESTAV-IPN Unidad Guadalajara, Av. Científica 1145, Col. El Bajío, 45010 Zapopan, Jal., México",CINVESTAV,2006,Mexico
901,Fuzzy State Estimation of Discrete Event Systems,2006_005_0004.png,Fuzzy Logic & Fuzzy Systems,Ernesto López-Mellado,CINVESTAV-IPN,Unidad Guadalajara,"Zapopan, Jalisco, México","CINVESTAV-IPN Unidad Guadalajara, Av. Científica 1145, Col. El Bajío, 45010 Zapopan, Jal., México",CINVESTAV,2006,Mexico
902,Real-Time Adaptive Fuzzy Motivations for Evolutionary Behavior Learning by a Mobile Robot,2006_005_0005.png,Fuzzy Logic & Fuzzy Systems,Wolfgang Freund,Universidad Técnica Federico Santa María,Departamento de Electrónica,"Valparaíso, Chile","Universidad Técnica Federico Santa María, Valparaíso, Chile, Departamento de Electrónica, Casilla 110 V, Valparaíso, Chile",~UTFSM,2006,Chile
903,Real-Time Adaptive Fuzzy Motivations for Evolutionary Behavior Learning by a Mobile Robot,2006_005_0005.png,Fuzzy Logic & Fuzzy Systems,Tomas Arredondo Vidal,Universidad Técnica Federico Santa María,Departamento de Electrónica,"Valparaíso, Chile","Universidad Técnica Federico Santa María, Valparaíso, Chile, Departamento de Electrónica, Casilla 110 V, Valparaíso, Chile",~UTFSM,2006,Chile
904,Real-Time Adaptive Fuzzy Motivations for Evolutionary Behavior Learning by a Mobile Robot,2006_005_0005.png,Fuzzy Logic & Fuzzy Systems,César Muñoz,Universidad Técnica Federico Santa María,Departamento de Electrónica,"Valparaíso, Chile","Universidad Técnica Federico Santa María, Valparaíso, Chile, Departamento de Electrónica, Casilla 110 V, Valparaíso, Chile",~UTFSM,2006,Chile
905,Real-Time Adaptive Fuzzy Motivations for Evolutionary Behavior Learning by a Mobile Robot,2006_005_0005.png,Fuzzy Logic & Fuzzy Systems,Nicolás Navarro,Universidad Técnica Federico Santa María,Departamento de Electrónica,"Valparaíso, Chile","Universidad Técnica Federico Santa María, Valparaíso, Chile, Departamento de Electrónica, Casilla 110 V, Valparaíso, Chile",~UTFSM,2006,Chile
906,Real-Time Adaptive Fuzzy Motivations for Evolutionary Behavior Learning by a Mobile Robot,2006_005_0005.png,Fuzzy Logic & Fuzzy Systems,Fernando Quirós,Universidad Técnica Federico Santa María,Departamento de Electrónica,"Valparaíso, Chile","Universidad Técnica Federico Santa María, Valparaíso, Chile, Departamento de Electrónica, Casilla 110 V, Valparaíso, Chile",~UTFSM,2006,Chile
907,Error Bounds Between Marginal Probabilities and Beliefs of Loopy Belief Propagation Algorithm,2006_005_0006.png,Probabilistic & Statistical Reasoning,Nobuyuki Taga,Tokyo Institute of Technology,,"Meguro-ku, Tokyo, Japan","Tokyo Institute of Technology, Ookayama 2-12-1-w8-28, Meguro-ku, Tokyo 152-8552, Japan",~TIT,2006,Japan
908,Error Bounds Between Marginal Probabilities and Beliefs of Loopy Belief Propagation Algorithm,2006_005_0006.png,Probabilistic & Statistical Reasoning,Shigeru Mase,Tokyo Institute of Technology,,"Meguro-ku, Tokyo, Japan","Tokyo Institute of Technology, Ookayama 2-12-1-w8-28, Meguro-ku, Tokyo 152-8552, Japan",~TIT,2006,Japan
909,Applications of Gibbs Measure Theory to Loopy Belief Propagation Algorithm,2006_005_0007.png,Probabilistic & Statistical Reasoning,Nobuyuki Taga,Tokyo Institute of Technology,,"Meguro-ku, Tokyo, Japan","Tokyo Institute of Technology, Ookayama 2-12-1-w8-28, Meguro-ku, Tokyo 152-8552, Japan",~TIT,2006,Japan
910,Applications of Gibbs Measure Theory to Loopy Belief Propagation Algorithm,2006_005_0007.png,Probabilistic & Statistical Reasoning,Shigeru Mase,Tokyo Institute of Technology,,"Meguro-ku, Tokyo, Japan","Tokyo Institute of Technology, Ookayama 2-12-1-w8-28, Meguro-ku, Tokyo 152-8552, Japan",~TIT,2006,Japan
911,Constructing Virtual Sensors Using Probabilistic Reasoning,2006_005_0008.png,Probabilistic & Statistical Reasoning,Pablo H. Ibargüengoytia,Instituto de Investigaciones Eléctricas,,"Cuernavaca, Mor., México","Instituto de Investigaciones Eléctricas
Av. Reforma 113, Palmira
Cuernavaca, Mor., 62490, México",IIE,2006,Mexico
912,Constructing Virtual Sensors Using Probabilistic Reasoning,2006_005_0008.png,Probabilistic & Statistical Reasoning,Alberto Reyes,Instituto de Investigaciones Eléctricas,,"Cuernavaca, Mor., México","Instituto de Investigaciones Eléctricas
Av. Reforma 113, Palmira
Cuernavaca, Mor., 62490, México",IIE,2006,Mexico
913,Solving Hybrid Markov Decision Processes,2006_005_0009.png,Probabilistic & Statistical Reasoning,Alberto Reyes,Instituto de Investigaciones Eléctricas, | Campus Cuernavaca,"Cuernavaca, Mor., México","Instituto de Investigaciones Eléctricas, Av. Reforma 113, Palmira, Cuernavaca, Mor., 62490, México | Ph.D. Student at ITESM Campus Cuernavaca, Av. Reforma 182-A, Lomas, Cuernavaca, Mor., México",IIE,2006,Mexico
914,Solving Hybrid Markov Decision Processes,2006_005_0009.png,Probabilistic & Statistical Reasoning,Alberto Reyes,ITESM, | Campus Cuernavaca,"Cuernavaca, Mor., México","Instituto de Investigaciones Eléctricas, Av. Reforma 113, Palmira, Cuernavaca, Mor., 62490, México | Ph.D. Student at ITESM Campus Cuernavaca, Av. Reforma 182-A, Lomas, Cuernavaca, Mor., México",ITESM,2006,Mexico
915,Solving Hybrid Markov Decision Processes,2006_005_0009.png,Probabilistic & Statistical Reasoning,L. Enrique Sucar,INAOE,,"Sta. Ma. Tonantzintla, Pue., México","INAOE, Luis Enrique Erro 1, Sta. Ma. Tonantzintla, Pue., México",INAOE,2006,Mexico
916,Solving Hybrid Markov Decision Processes,2006_005_0009.png,Probabilistic & Statistical Reasoning,Eduardo F. Morales,INAOE,,"Sta. Ma. Tonantzintla, Pue., México","INAOE, Luis Enrique Erro 1, Sta. Ma. Tonantzintla, Pue., México",INAOE,2006,Mexico
917,Solving Hybrid Markov Decision Processes,2006_005_0009.png,Probabilistic & Statistical Reasoning,Pablo H. Ibargüengoytia,Instituto de Investigaciones Eléctricas,,"Cuernavaca, Mor., 62490, México","Instituto de Investigaciones Eléctricas, Av. Reforma 113, Palmira, Cuernavaca, Mor., 62490, México",IIE,2006,Mexico
918,Comparing Fuzzy Naive Bayes and Gaussian Naive Bayes for Decision Making in RoboCup 3D,2006_005_0010.png,Probabilistic & Statistical Reasoning,Carlos Bustamante,Tecnológico de Monterrey,Centro de Sistemas Inteligentes,"Monterrey, N.L. 64849, México","Centro de Sistemas Inteligentes
Tecnológico de Monterrey
Monterrey, N.L. 64849, México",ITESM,2006,Mexico
919,Comparing Fuzzy Naive Bayes and Gaussian Naive Bayes for Decision Making in RoboCup 3D,2006_005_0010.png,Probabilistic & Statistical Reasoning,Leonardo Garrido,Tecnológico de Monterrey,Centro de Sistemas Inteligentes,"Monterrey, N.L. 64849, México","Centro de Sistemas Inteligentes
Tecnológico de Monterrey
Monterrey, N.L. 64849, México",ITESM,2006,Mexico
920,Comparing Fuzzy Naive Bayes and Gaussian Naive Bayes for Decision Making in RoboCup 3D,2006_005_0010.png,Probabilistic & Statistical Reasoning,Rogelio Soto,Tecnológico de Monterrey,Centro de Sistemas Inteligentes,"Monterrey, N.L. 64849, México","Centro de Sistemas Inteligentes
Tecnológico de Monterrey
Monterrey, N.L. 64849, México",ITESM,2006,Mexico
921,Qualitative Reasoning and Bifurcations in Dynamic Systems,2006_005_0011.png,Knowledge Representation & Reasoning,Juan J. Flores,Universidad Michoacana,"Division de Estudios de Postgrado, Facultad de Ingenieria Electrica","Morelia, Mexico","Division de Estudios de Postgrado, Facultad de Ingenieria Electrica, Universidad Michoacana, Morelia, Mexico",UMSNH,2006,Mexico
922,Qualitative Reasoning and Bifurcations in Dynamic Systems,2006_005_0011.png,Knowledge Representation & Reasoning,Andrzej Proskurowski,University of Oregon,Computer Science Department,"Eugene, OR, USA","Computer Science Department, University of Oregon, Eugene, OR, USA",~UO,2006,United States
923,Evolutionary Method for Nonlinear Systems of Equations,2006_005_0012.png,Bio-inspired & Evolutionary Computing,Crina Grosan,Babeş-Bolyai University,Department of Computer Science,"Cluj-Napoca, Romania","Department of Computer Science Babeş-Bolyai University, Cluj-Napoca, 3400, Romania",~BU,2006,Romania
924,Evolutionary Method for Nonlinear Systems of Equations,2006_005_0012.png,Bio-inspired & Evolutionary Computing,Ajith Abraham,Yonsei University,"IITA Professorship Program, School of Computer Science and Engineering","Seoul, Korea","IITA Professorship Program, School of Computer Science and Engineering, Yonsei University, 134 Shinchon-dong, Sudaemoon-ku, Seoul 120-749, Korea",~YU,2006,South Korea
925,Evolutionary Method for Nonlinear Systems of Equations,2006_005_0012.png,Bio-inspired & Evolutionary Computing,Alexander Gelbukh,Instituto Politécnico Nacional,Centro de Investigación en Computación (CIC),Mexico,"Centro de Investigación en Computación (CIC) Instituto Politécnico Nacional (IPN), Mexico",IPN,2006,Mexico
926,A Multi-objective Particle Swarm Optimizer Hybridized with Scatter Search,2006_005_0013.png,Bio-inspired & Evolutionary Computing,Luis V. Santana-Quintero,CINVESTAV-IPN,"Electrical Engineering Department, Computer Science Area","San Pedro Zacatenco, México D.F., México","CINVESTAV-IPN, Electrical Engineering Department, Computer Science Area, Av. IPN No. 2508, San Pedro Zacatenco, México D.F. 07360, México",CINVESTAV,2006,Mexico
927,A Multi-objective Particle Swarm Optimizer Hybridized with Scatter Search,2006_005_0013.png,Bio-inspired & Evolutionary Computing,Noel Ramírez,CINVESTAV-IPN,"Electrical Engineering Department, Computer Science Area","San Pedro Zacatenco, México D.F., México","CINVESTAV-IPN, Electrical Engineering Department, Computer Science Area, Av. IPN No. 2508, San Pedro Zacatenco, México D.F. 07360, México",CINVESTAV,2006,Mexico
928,A Multi-objective Particle Swarm Optimizer Hybridized with Scatter Search,2006_005_0013.png,Bio-inspired & Evolutionary Computing,Carlos Coello Coello,CINVESTAV-IPN,"Electrical Engineering Department, Computer Science Area","San Pedro Zacatenco, México D.F., México","CINVESTAV-IPN, Electrical Engineering Department, Computer Science Area, Av. IPN No. 2508, San Pedro Zacatenco, México D.F. 07360, México",CINVESTAV,2006,Mexico
929,The Adaptive Learning Rates of Extended Kalman Filter Based Training Algorithm for Wavelet Neural Networks,2006_005_0014.png,Neural Networks & Deep Learning,Kyoung Joo Kim,Yonsei University,,"Seodaemun-Gu, Seoul, Korea","Yonsei University, Seodaemun-Gu, Seoul, 120-749, Korea",~YU,2006,South Korea
930,The Adaptive Learning Rates of Extended Kalman Filter Based Training Algorithm for Wavelet Neural Networks,2006_005_0014.png,Neural Networks & Deep Learning,Jin Bae Park,Yonsei University,,"Seodaemun-Gu, Seoul, Korea","Yonsei University, Seodaemun-Gu, Seoul, 120-749, Korea",~YU,2006,South Korea
931,The Adaptive Learning Rates of Extended Kalman Filter Based Training Algorithm for Wavelet Neural Networks,2006_005_0014.png,Neural Networks & Deep Learning,Yoon Ho Choi,Kyonggi University,,"Suwon, Kyonggi-Do, Korea","Kyonggi University, Suwon, Kyonggi-Do 443-760, Korea",~KU,2006,South Korea
932,Complexity of Alpha-Beta Bidirectional Associative Memories,2006_005_0015.png,Neural Networks & Deep Learning,María Elena Acevedo-Mosqueda,Instituto Politécnico Nacional,"Centro de Investigación en Computación, Laboratorio de Inteligencia Artificial","México, D. F., México","Centro de Investigación en Computación, Instituto Politécnico Nacional, Laboratorio de Inteligencia Artificial, Av. Juan de Dios Bátiz s/n, México, D. F., 07738, México",IPN,2006,Mexico
933,Complexity of Alpha-Beta Bidirectional Associative Memories,2006_005_0015.png,Neural Networks & Deep Learning,Cornelio Yáñez-Márquez,Instituto Politécnico Nacional,"Centro de Investigación en Computación, Laboratorio de Inteligencia Artificial","México, D. F., México","Centro de Investigación en Computación, Instituto Politécnico Nacional, Laboratorio de Inteligencia Artificial, Av. Juan de Dios Bátiz s/n, México, D. F., 07738, México",IPN,2006,Mexico
934,Complexity of Alpha-Beta Bidirectional Associative Memories,2006_005_0015.png,Neural Networks & Deep Learning,Itzamá López-Yáñez,Instituto Politécnico Nacional,"Centro de Investigación en Computación, Laboratorio de Inteligencia Artificial","México, D. F., México","Centro de Investigación en Computación, Instituto Politécnico Nacional, Laboratorio de Inteligencia Artificial, Av. Juan de Dios Bátiz s/n, México, D. F., 07738, México",IPN,2006,Mexico
935,A Hybrid Ant Algorithm for the Airline Crew Pairing Problem,2006_005_0016.png,Bio-inspired & Evolutionary Computing,Broderick Crawford,Pontificia Universidad Católica de Valparaíso,,"Valparaíso, Chile","Pontificia Universidad Católica de Valparaíso, PUCV, Chile | Universidad Técnica Federico Santa María, Valparaíso, Chile",~PUCV,2006,Chile
936,A Hybrid Ant Algorithm for the Airline Crew Pairing Problem,2006_005_0016.png,Bio-inspired & Evolutionary Computing,Carlos Castro,Universidad Técnica Federico Santa María,,"Valparaíso, Chile","Universidad Técnica Federico Santa María, Valparaíso, Chile",~UTFSM,2006,Chile
937,A Hybrid Ant Algorithm for the Airline Crew Pairing Problem,2006_005_0016.png,Bio-inspired & Evolutionary Computing,Eric Monfroy,Universidad Técnica Federico Santa María,LINA,"Valparaíso, Chile | Nantes, France","Universidad Técnica Federico Santa María, Valparaíso, Chile | LINA, Université de Nantes, France",~UTFSM,2006,France
938,A Hybrid Ant Algorithm for the Airline Crew Pairing Problem,2006_005_0016.png,Bio-inspired & Evolutionary Computing,Eric Monfroy,Université de Nantes,LINA,"Valparaíso, Chile | Nantes, France","Universidad Técnica Federico Santa María, Valparaíso, Chile | LINA, Université de Nantes, France",~UN,2006,France
939,A Refined Evaluation Function for the MinLA Problem,2006_005_0017.png,Heuristic Search & Optimization,Eduardo Rodriguez-Tello,Université d’Angers,LERIA,"Angers, France","LERIA, Université d’Angers. 2 Boulevard Lavoisier, 49045 Angers, France",~UD,2006,France
940,A Refined Evaluation Function for the MinLA Problem,2006_005_0017.png,Heuristic Search & Optimization,Jin-Kao Hao,Université d’Angers,LERIA,"Angers, France","LERIA, Université d’Angers. 2 Boulevard Lavoisier, 49045 Angers, France",~UD,2006,France
941,A Refined Evaluation Function for the MinLA Problem,2006_005_0017.png,Heuristic Search & Optimization,Jose Torres-Jimenez,University of Guerrero,Mathematics Department,"Acapulco, Guerrero, Mexico","Mathematics Department, University of Guerrero. 54 Carlos E. Adame, 39650 Acapulco Guerrero, Mexico",~UG,2006,Mexico
942,ILS-Perturbation Based on Local Optima Structure for the QAP Problem,2006_005_0018.png,Heuristic Search & Optimization,Everardo Gutiérrez,CICESE Research Center,Computer Science Department,"Ensenada, B.C., México","Computer Science Department, CICESE Research Center Km 107 Carr. Tijuana-Ensenada, Ensenada, B.C., México",~CRC,2006,Mexico
943,ILS-Perturbation Based on Local Optima Structure for the QAP Problem,2006_005_0018.png,Heuristic Search & Optimization,Carlos A. Brizuela,CICESE Research Center,Computer Science Department,"Ensenada, B.C., México","Computer Science Department, CICESE Research Center Km 107 Carr. Tijuana-Ensenada, Ensenada, B.C., México",~CRC,2006,Mexico
944,Application of Fuzzy Multi-objective Programming Approach to Supply Chain Distribution Network Design Problem,2006_005_0019.png,Fuzzy Logic & Fuzzy Systems,Hasan Selim,Dokuz Eylul University,Department of Industrial Engineering,"Izmir, Turkey","Dokuz Eylul University, Department of Industrial Engineering, 35100, Izmir, Turkey",~DEU,2006,Turkey
945,Application of Fuzzy Multi-objective Programming Approach to Supply Chain Distribution Network Design Problem,2006_005_0019.png,Fuzzy Logic & Fuzzy Systems,Irem Ozkarahan,Dokuz Eylul University,Department of Industrial Engineering,"Izmir, Turkey","Dokuz Eylul University, Department of Industrial Engineering, 35100, Izmir, Turkey",~DEU,2006,Turkey
946,A New Algorithm That Obtains an Approximation of the Critical Path in the Job Shop Scheduling Problem,2006_005_0020.png,Heuristic Search & Optimization,Marco Antonio Cruz-Chávez,Autonomous University of Morelos State,CIICAp,"Cuernavaca Morelos, México","CIICAp, Autonomous University of Morelos State
Av. Universidad 1001, Chamilpa, 62209, Cuernavaca Morelos, México",~AUMS,2006,Mexico
947,A New Algorithm That Obtains an Approximation of the Critical Path in the Job Shop Scheduling Problem,2006_005_0020.png,Heuristic Search & Optimization,Juan Frausto-Solis,ITESM,"Department of Computer Science, Campus Cuernavaca","Temixco, Morelos, México","Department of Computer Science, ITESM, Campus Cuernavaca
Paseo de la Reforma 182-A, Lomas de Cuernavaca, 62589, Temixco, Morelos, México",ITESM,2006,Mexico
948,A Quay Crane Scheduling Method Considering Interference of Yard Cranes in Container Terminals,2006_005_0021.png,Heuristic Search & Optimization,Da Hun Jung,Pusan National University,Department of Industrial Engineering,"Busan, Korea","Department of Industrial Engineering, Pusan National University, Busan 609-735, Korea",~PNU,2006,South Korea
949,A Quay Crane Scheduling Method Considering Interference of Yard Cranes in Container Terminals,2006_005_0021.png,Heuristic Search & Optimization,Young-Man Park,Korea Naval Academy,Department of Management Science,"Jinhae, Korea","Department of Management Science, Korea Naval Academy, Jinhae 645-797, Korea",~KNA,2006,South Korea
950,A Quay Crane Scheduling Method Considering Interference of Yard Cranes in Container Terminals,2006_005_0021.png,Heuristic Search & Optimization,Byung Kwon Lee,Pusan National University,Department of Industrial Engineering,"Busan, Korea","Department of Industrial Engineering, Pusan National University, Busan 609-735, Korea",~PNU,2006,South Korea
951,A Quay Crane Scheduling Method Considering Interference of Yard Cranes in Container Terminals,2006_005_0021.png,Heuristic Search & Optimization,Kap Hwan Kim,Pusan National University,Department of Industrial Engineering,"Busan, Korea","Department of Industrial Engineering, Pusan National University, Busan 609-735, Korea",~PNU,2006,South Korea
952,A Quay Crane Scheduling Method Considering Interference of Yard Cranes in Container Terminals,2006_005_0021.png,Heuristic Search & Optimization,Kwang Ryel Ryu,Pusan National University,Department of Computer Engineering,"Busan, Korea","Department of Computer Engineering, Pusan National University, Busan 609-735, Korea",~PNU,2006,South Korea
953,Comparing Schedule Generation Schemes in Memetic Algorithms for the Job Shop Scheduling Problem with Sequence Dependent Setup Times,2006_005_0022.png,Bio-inspired & Evolutionary Computing,Miguel A. González,University of Oviedo,Artificial Intelligence Center. Dep. of Computer Science,"Gijón, Spain","Artificial Intelligence Center. Dep. of Computer Science, University of Oviedo Campus de Viesques, 33271 Gijón, Spain",~UO,2006,Spain
954,Comparing Schedule Generation Schemes in Memetic Algorithms for the Job Shop Scheduling Problem with Sequence Dependent Setup Times,2006_005_0022.png,Bio-inspired & Evolutionary Computing,Camino R. Vela,University of Oviedo,Artificial Intelligence Center. Dep. of Computer Science,"Gijón, Spain","Artificial Intelligence Center. Dep. of Computer Science, University of Oviedo Campus de Viesques, 33271 Gijón, Spain",~UO,2006,Spain
955,Comparing Schedule Generation Schemes in Memetic Algorithms for the Job Shop Scheduling Problem with Sequence Dependent Setup Times,2006_005_0022.png,Bio-inspired & Evolutionary Computing,María Sierra,University of Oviedo,Artificial Intelligence Center. Dep. of Computer Science,"Gijón, Spain","Artificial Intelligence Center. Dep. of Computer Science, University of Oviedo Campus de Viesques, 33271 Gijón, Spain",~UO,2006,Spain
956,Comparing Schedule Generation Schemes in Memetic Algorithms for the Job Shop Scheduling Problem with Sequence Dependent Setup Times,2006_005_0022.png,Bio-inspired & Evolutionary Computing,Inés González,University of Oviedo,Artificial Intelligence Center. Dep. of Computer Science,"Gijón, Spain","Artificial Intelligence Center. Dep. of Computer Science, University of Oviedo Campus de Viesques, 33271 Gijón, Spain",~UO,2006,Spain
957,Comparing Schedule Generation Schemes in Memetic Algorithms for the Job Shop Scheduling Problem with Sequence Dependent Setup Times,2006_005_0022.png,Bio-inspired & Evolutionary Computing,Ramiro Varela,University of Oviedo,Artificial Intelligence Center. Dep. of Computer Science,"Gijón, Spain","Artificial Intelligence Center. Dep. of Computer Science, University of Oviedo Campus de Viesques, 33271 Gijón, Spain",~UO,2006,Spain
958,A Novel Hybrid System with Neural Networks and Hidden Markov Models in Fault Diagnosis,2006_005_0023.png,Hybrid AI & Expert Systems,Qiang Miao,University of Electronic Science and Technology of China,School of Mechatronics Engineering,"Chengdu, Sichuan, China","School of Mechatronics Engineering, University of Electronic Science and Technology of China, Chengdu, Sichuan, 610054, China",~UESTC,2006,China
959,A Novel Hybrid System with Neural Networks and Hidden Markov Models in Fault Diagnosis,2006_005_0023.png,Hybrid AI & Expert Systems,Hong-Zhong Huang,University of Electronic Science and Technology of China,School of Mechatronics Engineering,"Chengdu, Sichuan, China","School of Mechatronics Engineering, University of Electronic Science and Technology of China, Chengdu, Sichuan, 610054, China",~UESTC,2006,China
960,A Novel Hybrid System with Neural Networks and Hidden Markov Models in Fault Diagnosis,2006_005_0023.png,Hybrid AI & Expert Systems,Xianfeng Fan,University of Electronic Science and Technology of China,School of Mechatronics Engineering,"Chengdu, Sichuan, China","School of Mechatronics Engineering, University of Electronic Science and Technology of China, Chengdu, Sichuan, 610054, China",~UESTC,2006,China
961,On Combining Fractal Dimension with GA for Feature Subset Selecting*,2006_005_0024.png,Bio-inspired & Evolutionary Computing,GuangHui Yan,NorthWestern Polytechnical University,Dept. Computer Science & Software | Key Laboratory of Opto-Electronic Technology and Intelligent Control,"Xian, P.R. China | Lanzhou, China","Dept. Computer Science & Software NorthWestern Polytechnical University, Xian 710072, P.R. China | Key Laboratory of Opto-Electronic Technology and Intelligent Control (Lanzhou Jiaotong University), Ministry of Education, 730070 Lanzhou",~NPU,2006,China
962,On Combining Fractal Dimension with GA for Feature Subset Selecting*,2006_005_0024.png,Bio-inspired & Evolutionary Computing,GuangHui Yan,Lanzhou Jiaotong University,Dept. Computer Science & Software | Key Laboratory of Opto-Electronic Technology and Intelligent Control,"Xian, P.R. China | Lanzhou, China","Dept. Computer Science & Software NorthWestern Polytechnical University, Xian 710072, P.R. China | Key Laboratory of Opto-Electronic Technology and Intelligent Control (Lanzhou Jiaotong University), Ministry of Education, 730070 Lanzhou",~LJU,2006,China
963,On Combining Fractal Dimension with GA for Feature Subset Selecting*,2006_005_0024.png,Bio-inspired & Evolutionary Computing,ZhanHuai Li,NorthWestern Polytechnical University,Dept. Computer Science & Software,"Xian, P.R. China","Dept. Computer Science & Software NorthWestern Polytechnical University, Xian 710072, P.R. China",~NPU,2006,China
964,On Combining Fractal Dimension with GA for Feature Subset Selecting*,2006_005_0024.png,Bio-inspired & Evolutionary Computing,Liu Yuan,NorthWestern Polytechnical University,Dept. Computer Science & Software,"Xian, P.R. China","Dept. Computer Science & Software NorthWestern Polytechnical University, Xian 710072, P.R. China",~NPU,2006,China
965,Fuzzy Pairwise Multiclass Support Vector Machines,2006_005_0025.png,Fuzzy Logic & Fuzzy Systems,J.M. Puche,University of Granada,Dept. Computer Science and Artificial Intelligence,"Granada, Spain","Dept. Computer Science and Artificial Intelligence, University of Granada, 18071 Granada, Spain",*UGR,2006,Spain
966,Fuzzy Pairwise Multiclass Support Vector Machines,2006_005_0025.png,Fuzzy Logic & Fuzzy Systems,J.M. Benítez,University of Granada,Dept. Computer Science and Artificial Intelligence,"Granada, Spain","Dept. Computer Science and Artificial Intelligence, University of Granada, 18071 Granada, Spain",*UGR,2006,Spain
967,Fuzzy Pairwise Multiclass Support Vector Machines,2006_005_0025.png,Fuzzy Logic & Fuzzy Systems,J.L. Castro,University of Granada,Dept. Computer Science and Artificial Intelligence,"Granada, Spain","Dept. Computer Science and Artificial Intelligence, University of Granada, 18071 Granada, Spain",*UGR,2006,Spain
968,Fuzzy Pairwise Multiclass Support Vector Machines,2006_005_0025.png,Fuzzy Logic & Fuzzy Systems,C.J. Mantas,University of Granada,Dept. Computer Science and Artificial Intelligence,"Granada, Spain","Dept. Computer Science and Artificial Intelligence, University of Granada, 18071 Granada, Spain",*UGR,2006,Spain
969,Support Vector Machine Classification Based on Fuzzy Clustering for Large Data Sets,2006_005_0026.png,Supervised Machine Learning,Jair Cervantes,CINVESTAV-IPN,Sección de Computación Departamento de Ingeniería Elétrica,"México D.F., México","Sección de Computación Departamento de Ingeniería Elétrica
CINVESTAV-IPN
A.P. 14-740, Av.IPN 2508, México D.F., 07360, México",CINVESTAV,2006,Mexico
970,Support Vector Machine Classification Based on Fuzzy Clustering for Large Data Sets,2006_005_0026.png,Supervised Machine Learning,Xiaoou Li,CINVESTAV-IPN,Sección de Computación Departamento de Ingeniería Elétrica,"México D.F., México","Sección de Computación Departamento de Ingeniería Elétrica
CINVESTAV-IPN
A.P. 14-740, Av.IPN 2508, México D.F., 07360, México",CINVESTAV,2006,Mexico
971,Support Vector Machine Classification Based on Fuzzy Clustering for Large Data Sets,2006_005_0026.png,Supervised Machine Learning,Wen Yu,CINVESTAV-IPN,Departamento de Control Automático,"México D.F., México","Departamento de Control Automático, CINVESTAV-IPN
A.P. 14-740, Av.IPN 2508, México D.F., 07360, México",CINVESTAV,2006,Mexico
972,Decision Forests with Oblique Decision Trees,2006_005_0027.png,Supervised Machine Learning,Peter J. Tan,Monash University,School of Computer Science and Software Engineering,"Clayton, Vic 3800, Australia","School of Computer Science and Software Engineering, Monash University, Clayton, Vic 3800, Australia",~MU,2006,Australia
973,Decision Forests with Oblique Decision Trees,2006_005_0027.png,Supervised Machine Learning,David L. Dowe,Monash University,School of Computer Science and Software Engineering,"Clayton, Vic 3800, Australia","School of Computer Science and Software Engineering, Monash University, Clayton, Vic 3800, Australia",~MU,2006,Australia
974,Using Reliable Short Rules to Avoid Unnecessary Tests in Decision Trees,2006_005_0028.png,Supervised Machine Learning,Hyontai Sug,Dongseo University,Division of Computer and Information Engineering,"Busan, South Korea","Division of Computer and Information Engineering, Dongseo University, Busan, 617-716, South Korea",~DU,2006,South Korea
975,Hybrid Method for Detecting Masqueraders Using Session Folding and Hidden Markov Models,2006_005_0029.png,Probabilistic & Statistical Reasoning,Román Posadas,ITESM,"Center for Electronics and Telecommunications, Campus Monterrey","Monterrey, N. L., Mexico","Center for Electronics and Telecommunications, ITESM, Campus Monterrey Av. Eugenio garza Sada 2501 Sur, Col. Tecnologico Monterrey, N. L., CP 64849 Mexico",ITESM,2006,Mexico
976,Hybrid Method for Detecting Masqueraders Using Session Folding and Hidden Markov Models,2006_005_0029.png,Probabilistic & Statistical Reasoning,Carlos Mex-Perera,ITESM,"Center for Electronics and Telecommunications, Campus Monterrey","Monterrey, N. L., Mexico","Center for Electronics and Telecommunications, ITESM, Campus Monterrey Av. Eugenio garza Sada 2501 Sur, Col. Tecnologico Monterrey, N. L., CP 64849 Mexico",ITESM,2006,Mexico
977,Hybrid Method for Detecting Masqueraders Using Session Folding and Hidden Markov Models,2006_005_0029.png,Probabilistic & Statistical Reasoning,Raúl Monroy,ITESM,"Computer Science Department, Campus Estado de Mexico","Estado de Mexico, Mexico","Computer Science Department, ITESM, Campus Estado de Mexico Carretera al lago de Guadalupe, Km. 3.5, Estado de Mexico, CP 52926, Mexico",ITESM,2006,Mexico
978,Hybrid Method for Detecting Masqueraders Using Session Folding and Hidden Markov Models,2006_005_0029.png,Probabilistic & Statistical Reasoning,Juan Nolazco-Flores,ITESM,"Computer Science Department, Campus Monterrey","Monterrey, N. L., Mexico","Computer Science Department, ITESM, Campus Monterrey Av. Eugenio garza Sada 2501 Sur, Col. Tecnologico Monterrey, N. L., CP 64849 Mexico",ITESM,2006,Mexico
979,Automatic Construction of Bayesian Network Structures by Means of a Concurrent Search Mechanism,2006_005_0030.png,Probabilistic & Statistical Reasoning,Mondragón-Becerra R.,Universidad Veracruzana,"Facultad de Física e Inteligencia Artificial, Departamento de Inteligencia Artificial","Xalapa, Ver., México","Facultad de Física e Inteligencia Artificial, Departamento de Inteligencia Artificial, Universidad Veracruzana, Sebastián Camacho No 5, Xalapa, Ver., México, 91000",UV,2006,Mexico
980,Automatic Construction of Bayesian Network Structures by Means of a Concurrent Search Mechanism,2006_005_0030.png,Probabilistic & Statistical Reasoning,Cruz-Ramírez N.,Universidad Veracruzana,"Facultad de Física e Inteligencia Artificial, Departamento de Inteligencia Artificial","Xalapa, Ver., México","Facultad de Física e Inteligencia Artificial, Departamento de Inteligencia Artificial, Universidad Veracruzana, Sebastián Camacho No 5, Xalapa, Ver., México, 91000",UV,2006,Mexico
981,Automatic Construction of Bayesian Network Structures by Means of a Concurrent Search Mechanism,2006_005_0030.png,Probabilistic & Statistical Reasoning,García-López D.A.,Universidad Veracruzana,"Facultad de Física e Inteligencia Artificial, Departamento de Inteligencia Artificial","Xalapa, Ver., México","Facultad de Física e Inteligencia Artificial, Departamento de Inteligencia Artificial, Universidad Veracruzana, Sebastián Camacho No 5, Xalapa, Ver., México, 91000",UV,2006,Mexico
982,Automatic Construction of Bayesian Network Structures by Means of a Concurrent Search Mechanism,2006_005_0030.png,Probabilistic & Statistical Reasoning,Gutiérrez-Fragoso K.,Universidad Veracruzana,"Facultad de Física e Inteligencia Artificial, Departamento de Inteligencia Artificial","Xalapa, Ver., México","Facultad de Física e Inteligencia Artificial, Departamento de Inteligencia Artificial, Universidad Veracruzana, Sebastián Camacho No 5, Xalapa, Ver., México, 91000",UV,2006,Mexico
983,Automatic Construction of Bayesian Network Structures by Means of a Concurrent Search Mechanism,2006_005_0030.png,Probabilistic & Statistical Reasoning,Luna-Ramírez W.A.,Universidad Veracruzana,"Facultad de Física e Inteligencia Artificial, Departamento de Inteligencia Artificial","Xalapa, Ver., México","Facultad de Física e Inteligencia Artificial, Departamento de Inteligencia Artificial, Universidad Veracruzana, Sebastián Camacho No 5, Xalapa, Ver., México, 91000",UV,2006,Mexico
984,Automatic Construction of Bayesian Network Structures by Means of a Concurrent Search Mechanism,2006_005_0030.png,Probabilistic & Statistical Reasoning,Ortiz-Hernández G.,Universidad Veracruzana,"Facultad de Física e Inteligencia Artificial, Departamento de Inteligencia Artificial","Xalapa, Ver., México","Facultad de Física e Inteligencia Artificial, Departamento de Inteligencia Artificial, Universidad Veracruzana, Sebastián Camacho No 5, Xalapa, Ver., México, 91000",UV,2006,Mexico
985,Automatic Construction of Bayesian Network Structures by Means of a Concurrent Search Mechanism,2006_005_0030.png,Probabilistic & Statistical Reasoning,Piña-García C.A.,Universidad Veracruzana,"Facultad de Física e Inteligencia Artificial, Departamento de Inteligencia Artificial","Xalapa, Ver., México","Facultad de Física e Inteligencia Artificial, Departamento de Inteligencia Artificial, Universidad Veracruzana, Sebastián Camacho No 5, Xalapa, Ver., México, 91000",UV,2006,Mexico
986,Collaborative Design Optimization Based on Knowledge Discovery from Simulation,2006_005_0031.png,Data Mining & Knowledge Discovery,Jie Hu,Shanghai Jiao Tong University,"Institute of Knowledge Based Engineering, School of Mechanical Engineering","Shanghai, P.R. China","Institute of Knowledge Based Engineering, School of Mechanical Engineering, Shanghai Jiao Tong University, 1954 Hua Shan Road, Shanghai, 200030, P.R. China",~SJTU,2006,China
987,Collaborative Design Optimization Based on Knowledge Discovery from Simulation,2006_005_0031.png,Data Mining & Knowledge Discovery,Yinghong Peng,Shanghai Jiao Tong University,"Institute of Knowledge Based Engineering, School of Mechanical Engineering","Shanghai, P.R. China","Institute of Knowledge Based Engineering, School of Mechanical Engineering, Shanghai Jiao Tong University, 1954 Hua Shan Road, Shanghai, 200030, P.R. China",~SJTU,2006,China
988,The MineSP Operator for Mining Sequential Patterns in Inductive Databases,2006_005_0032.png,Data Mining & Knowledge Discovery,Edgard Benítez-Guerrero,"Laboratorio Nacional de Informática Avanzada, A. C.",,"Xalapa, México","Laboratorio Nacional de Informática Avanzada, A. C.
Rebsamen No. 80, Col. Centro, CP 91000, Xalapa, México",~LNIAAC,2006,Mexico
989,The MineSP Operator for Mining Sequential Patterns in Inductive Databases,2006_005_0032.png,Data Mining & Knowledge Discovery,Alma-Rosa Hernández-López,"Laboratorio Nacional de Informática Avanzada, A. C.",,"Xalapa, México","Laboratorio Nacional de Informática Avanzada, A. C.
Rebsamen No. 80, Col. Centro, CP 91000, Xalapa, México",~LNIAAC,2006,Mexico
990,A Fast Model-Based Vision System for a Robot Soccer Team,2006_005_0033.png,Computer Vision,Murilo F. Martins,Centro Universitário da FEI,,"São Bernardo do Campo, SP, Brazil","Centro Universitário da FEI
Av. Humberto A. C. Branco, 3972. 09850-901 – São Bernardo do Campo – SP, Brazil",~CUDF,2006,Brazil
991,A Fast Model-Based Vision System for a Robot Soccer Team,2006_005_0033.png,Computer Vision,Flavio Tonidandel,Centro Universitário da FEI,,"São Bernardo do Campo, SP, Brazil","Centro Universitário da FEI
Av. Humberto A. C. Branco, 3972. 09850-901 – São Bernardo do Campo – SP, Brazil",~CUDF,2006,Brazil
992,A Fast Model-Based Vision System for a Robot Soccer Team,2006_005_0033.png,Computer Vision,Reinaldo A.C. Bianchi,Centro Universitário da FEI,,"São Bernardo do Campo, SP, Brazil","Centro Universitário da FEI
Av. Humberto A. C. Branco, 3972. 09850-901 – São Bernardo do Campo – SP, Brazil",~CUDF,2006,Brazil
993,Statistics of Visual and Partial Depth Data for Mobile Robot Environment Modeling,2006_005_0034.png,Robotics,Luz A. Torres-Méndez,CINVESTAV,Unidad Saltillo,"Ramos Arizpe, Coahuila, Mexico","CINVESTAV Unidad Saltillo, Ramos Arizpe, Coahuila, C.P. 25900, Mexico",CINVESTAV,2006,Mexico
994,Statistics of Visual and Partial Depth Data for Mobile Robot Environment Modeling,2006_005_0034.png,Robotics,Gregory Dudek,McGill University,Centre for Intelligent Machines,"Montreal, Quebec, Canada","Centre for Intelligent Machines, McGill University, Montreal, Quebec, H3A 2A7, CA",~MU,2006,Canada
995,IMM Method Using Tracking Filter with Fuzzy Gain,2006_005_0035.png,Fuzzy Logic & Fuzzy Systems,Sun Young Noh,Yonsei University,,"Seodaemun-gu, Seoul, Korea","Yonsei University, Seodaemun-gu, Seoul, 120-749, Korea",~YU,2006,South Korea
996,IMM Method Using Tracking Filter with Fuzzy Gain,2006_005_0035.png,Fuzzy Logic & Fuzzy Systems,Jin Bae Park,Yonsei University,,"Seodaemun-gu, Seoul, Korea","Yonsei University, Seodaemun-gu, Seoul, 120-749, Korea",~YU,2006,South Korea
997,IMM Method Using Tracking Filter with Fuzzy Gain,2006_005_0035.png,Fuzzy Logic & Fuzzy Systems,Young Hoon Joo,Kunsan National University,,"Kunsan, Chunbuk, Korea","Kunsan National University, Kunsan, Chunbuk, 573-701, Korea",~KNU,2006,South Korea
998,A Hybrid Segmentation Method Applied to Color Images and 3D Information,2006_005_0036.png,Computer Vision,Rafael Murrieta-Cid,Centro de Investigación en Matemáticas,,,Centro de Investigación en Matemáticas,~CIEM,2006,Mexico
999,A Hybrid Segmentation Method Applied to Color Images and 3D Information,2006_005_0036.png,Computer Vision,Raúl Monroy,Tec de Monterrey,Campus Estado de México,,"Tec de Monterrey, Campus Estado de México",ITESM,2006,Mexico
1000,Segmentation of Medical Images by Using Wavelet Transform and Incremental Self-Organizing Map,2006_005_0037.png,Unsupervised Machine Learning,Zümray Dokur,Istanbul Technical University,Electronics and Communication Engineering,"Istanbul, Turkey","Istanbul Technical University, Electronics and Communication Engineering 34469 Istanbul, Turkey",~ITU,2006,Turkey
1001,Segmentation of Medical Images by Using Wavelet Transform and Incremental Self-Organizing Map,2006_005_0037.png,Unsupervised Machine Learning,Zafer Iscan,Istanbul Technical University,Electronics and Communication Engineering,"Istanbul, Turkey","Istanbul Technical University, Electronics and Communication Engineering 34469 Istanbul, Turkey",~ITU,2006,Turkey
1002,Segmentation of Medical Images by Using Wavelet Transform and Incremental Self-Organizing Map,2006_005_0037.png,Unsupervised Machine Learning,Tamer Ölmez,Istanbul Technical University,Electronics and Communication Engineering,"Istanbul, Turkey","Istanbul Technical University, Electronics and Communication Engineering 34469 Istanbul, Turkey",~ITU,2006,Turkey
1003,Optimal Sampling for Feature Extraction in Iris Recognition Systems,2006_005_0038.png,Computer Vision,Luis E. Garza Castañón,Tecnológico de Monterrey,Dept. of Mechatronics and Automation,"Monterrey, NL, México","Tecnológico de Monterrey, campus Monterrey, Dept. of Mechatronics and Automation",ITESM,2006,Mexico
1004,Optimal Sampling for Feature Extraction in Iris Recognition Systems,2006_005_0038.png,Computer Vision,Saul Montes de Oca,Tecnológico de Monterrey,Automation Graduate Program Student,"Monterrey, NL, México","Tecnológico de Monterrey, campus Monterrey, Automation Graduate Program Student",ITESM,2006,Mexico
1005,Optimal Sampling for Feature Extraction in Iris Recognition Systems,2006_005_0038.png,Computer Vision,Rubén Morales-Menéndez,Tecnológico de Monterrey,Center for Innovation in Design and Technology,"Monterrey, NL, México","Tecnológico de Monterrey, campus Monterrey, Center for Innovation in Design and Technology Avenida Eugenio Garza Sada 2501 Sur 64, 489 Monterrey NL, México",ITESM,2006,Mexico
1006,"Histograms, Wavelets and Neural Networks Applied to Image Retrieval",2006_005_0039.png,Computer Vision,Alain C. Gonzalez,Technologic Institute of Toluca,Electronics and Electrical Engineering Department | Computing Research Center,"Metepec, México | México, D.F.","Technologic Institute of Toluca, Electronics and Electrical Engineering Department Av. Instituto Tecnológico w/n Ex Rancho La Virgen, Metepec, México, P.O. 52140 | Computing Research Center, National Polytechnic Institute Av. Juan de Dios Batiz and Miguel Othon de Mendizabal, P.O. 07738, México, D.F.",~TIT,2006,Mexico
1007,"Histograms, Wavelets and Neural Networks Applied to Image Retrieval",2006_005_0039.png,Computer Vision,Alain C. Gonzalez,National Polytechnic Institute,Electronics and Electrical Engineering Department | Computing Research Center,"Metepec, México | México, D.F.","Technologic Institute of Toluca, Electronics and Electrical Engineering Department Av. Instituto Tecnológico w/n Ex Rancho La Virgen, Metepec, México, P.O. 52140 | Computing Research Center, National Polytechnic Institute Av. Juan de Dios Batiz and Miguel Othon de Mendizabal, P.O. 07738, México, D.F.",IPN,2006,Mexico
1008,"Histograms, Wavelets and Neural Networks Applied to Image Retrieval",2006_005_0039.png,Computer Vision,Juan H. Sossa,National Polytechnic Institute,Computing Research Center,"México, D.F.","Computing Research Center, National Polytechnic Institute Av. Juan de Dios Batiz and Miguel Othon de Mendizabal, P.O. 07738, México, D.F.",IPN,2006,Mexico
1009,"Histograms, Wavelets and Neural Networks Applied to Image Retrieval",2006_005_0039.png,Computer Vision,Edgardo Manuel Felipe Riveron,National Polytechnic Institute,Computing Research Center,"México, D.F.","Computing Research Center, National Polytechnic Institute Av. Juan de Dios Batiz and Miguel Othon de Mendizabal, P.O. 07738, México, D.F.",IPN,2006,Mexico
1010,"Histograms, Wavelets and Neural Networks Applied to Image Retrieval",2006_005_0039.png,Computer Vision,Oleksiy Pogrebnyak,National Polytechnic Institute,Computing Research Center,"México, D.F.","Computing Research Center, National Polytechnic Institute Av. Juan de Dios Batiz and Miguel Othon de Mendizabal, P.O. 07738, México, D.F.",IPN,2006,Mexico
1011,Adaptive-Tangent Space Representation for Image Retrieval Based on Kansei,2006_005_0040.png,Computer Vision,Myunggwon Hwang,Chosun University,Dept. of Computer Engineering,"Gwangju, Korea","Dept. of Computer Engineering, Chosun University, Gwangju 501-759, Korea",~CU,2006,South Korea
1012,Adaptive-Tangent Space Representation for Image Retrieval Based on Kansei,2006_005_0040.png,Computer Vision,Sunkyoung Baek,Chosun University,Dept. of Computer Engineering,"Gwangju, Korea","Dept. of Computer Engineering, Chosun University, Gwangju 501-759, Korea",~CU,2006,South Korea
1013,Adaptive-Tangent Space Representation for Image Retrieval Based on Kansei,2006_005_0040.png,Computer Vision,Hyunjang Kong,Chosun University,Dept. of Computer Engineering,"Gwangju, Korea","Dept. of Computer Engineering, Chosun University, Gwangju 501-759, Korea",~CU,2006,South Korea
1014,Adaptive-Tangent Space Representation for Image Retrieval Based on Kansei,2006_005_0040.png,Computer Vision,Juhyun Shin,Chosun University,Dept. of Computer Engineering,"Gwangju, Korea","Dept. of Computer Engineering, Chosun University, Gwangju 501-759, Korea",~CU,2006,South Korea
1015,Adaptive-Tangent Space Representation for Image Retrieval Based on Kansei,2006_005_0040.png,Computer Vision,Wonpil Kim,Chonnam National University,Dept. of Computer Science,"Gwangju, Korea","Dept. of Computer Science, Chonnam National University, Gwangju 500-700, Korea",~CNU,2006,South Korea
1016,Adaptive-Tangent Space Representation for Image Retrieval Based on Kansei,2006_005_0040.png,Computer Vision,Soohyung Kim,Chonnam National University,Dept. of Computer Science,"Gwangju, Korea","Dept. of Computer Science, Chonnam National University, Gwangju 500-700, Korea",~CNU,2006,South Korea
1017,Adaptive-Tangent Space Representation for Image Retrieval Based on Kansei,2006_005_0040.png,Computer Vision,Pankoo Kim,Chosun University,Dept. of Computer Engineering,"Gwangju, Korea","Dept. of Computer Engineering, Chosun University, Gwangju 501-759, Korea",~CU,2006,South Korea
1018,Distributions of Functional and Content Words Differ Radically*,2006_005_0041.png,Natural Language Processing (NLP),Igor A. Bolshakov,National Polytechnic Institute (IPN),Center for Computing Research (CIC),"Mexico City, Mexico","Center for Computing Research (CIC) National Polytechnic Institute (IPN), Mexico City, Mexico",IPN,2006,Mexico
1019,Distributions of Functional and Content Words Differ Radically*,2006_005_0041.png,Natural Language Processing (NLP),Denis M. Filatov,National Polytechnic Institute (IPN),Center for Computing Research (CIC),"Mexico City, Mexico","Center for Computing Research (CIC) National Polytechnic Institute (IPN), Mexico City, Mexico",IPN,2006,Mexico
1020,Speeding Up Target-Language Driven Part-of-Speech Tagger Training for Machine Translation,2006_005_0042.png,Natural Language Processing (NLP),Felipe Sánchez-Martínez,Universitat d'Alacant,Transducens Group – Departament de Llenguatges i Sistemes Informàtics,"Alacant, Spain","Transducens Group – Departament de Llenguatges i Sistemes Informàtics, Universitat d'Alacant, E-03071 Alacant, Spain",~UD,2006,Spain
1021,Speeding Up Target-Language Driven Part-of-Speech Tagger Training for Machine Translation,2006_005_0042.png,Natural Language Processing (NLP),Juan Antonio Pérez-Ortiz,Universitat d'Alacant,Transducens Group – Departament de Llenguatges i Sistemes Informàtics,"Alacant, Spain","Transducens Group – Departament de Llenguatges i Sistemes Informàtics, Universitat d'Alacant, E-03071 Alacant, Spain",~UD,2006,Spain
1022,Speeding Up Target-Language Driven Part-of-Speech Tagger Training for Machine Translation,2006_005_0042.png,Natural Language Processing (NLP),Mikel L. Forcada,Universitat d'Alacant,Transducens Group – Departament de Llenguatges i Sistemes Informàtics,"Alacant, Spain","Transducens Group – Departament de Llenguatges i Sistemes Informàtics, Universitat d'Alacant, E-03071 Alacant, Spain",~UD,2006,Spain
1023,Defining Classifier Regions for WSD Ensembles Using Word Space Features,2006_005_0043.png,Natural Language Processing (NLP),Harri M.T. Saarikoski,Helsinki University,KIT Language Technology Doctorate School,Finland,"KIT Language Technology Doctorate School, Helsinki University, Finland",~HU,2006,Finland
1024,Defining Classifier Regions for WSD Ensembles Using Word Space Features,2006_005_0043.png,Natural Language Processing (NLP),Steve Legrand,University of Jyväskylä,Department of Computer Science,Finland,"Department of Computer Science, University of Jyväskylä, Finland",~UJ,2006,Finland
1025,Defining Classifier Regions for WSD Ensembles Using Word Space Features,2006_005_0043.png,Natural Language Processing (NLP),Alexander Gelbukh,Instituto Politecnico Nacional,,"Mexico City, Mexico","Instituto Politecnico Nacional, Mexico City, Mexico",~IPN,2006,Mexico
1026,Impact of Feature Selection for Corpus-Based WSD in Turkish,2006_005_0044.png,Natural Language Processing (NLP),Zeynep Orhan,Fatih University,Department of Computer Engineering,"Büyükçekmece, Istanbul, Turkey","Department of Computer Engineering, Fatih University 34500, Büyükçekmece, Istanbul, Turkey",~FU,2006,Turkey
1027,Impact of Feature Selection for Corpus-Based WSD in Turkish,2006_005_0044.png,Natural Language Processing (NLP),Zeynep Altan,Maltepe University,Department of Computer Engineering,"Maltepe, Istanbul, Turkey","Department of Computer Engineering, Maltepe University 34857, Maltepe, Istanbul, Turkey",~MU,2006,Turkey
1028,Spanish All-Words Semantic Class Disambiguation Using Cast3LB Corpus*,2006_005_0045.png,Natural Language Processing (NLP),Rubén Izquierdo-Beviá,Universidad de Alicante,Departamento de Lenguajes y Sistemas Informáticos,Spain,Departamento de Lenguajes y Sistemas Informáticos. Universidad de Alicante. Spain,*UA,2006,Spain
1029,Spanish All-Words Semantic Class Disambiguation Using Cast3LB Corpus*,2006_005_0045.png,Natural Language Processing (NLP),Lorenza Moreno-Monteagudo,Universidad de Alicante,Departamento de Lenguajes y Sistemas Informáticos,Spain,Departamento de Lenguajes y Sistemas Informáticos. Universidad de Alicante. Spain,*UA,2006,Spain
1030,Spanish All-Words Semantic Class Disambiguation Using Cast3LB Corpus*,2006_005_0045.png,Natural Language Processing (NLP),Borja Navarro,Universidad de Alicante,Departamento de Lenguajes y Sistemas Informáticos,Spain,Departamento de Lenguajes y Sistemas Informáticos. Universidad de Alicante. Spain,*UA,2006,Spain
1031,Spanish All-Words Semantic Class Disambiguation Using Cast3LB Corpus*,2006_005_0045.png,Natural Language Processing (NLP),Armando Suárez,Universidad de Alicante,Departamento de Lenguajes y Sistemas Informáticos,Spain,Departamento de Lenguajes y Sistemas Informáticos. Universidad de Alicante. Spain,*UA,2006,Spain
1032,An Approach for Textual Entailment Recognition Based on Stacking and Voting,2006_005_0046.png,Natural Language Processing (NLP),Zornitsa Kozareva,Universidad de Alicante,Departamento de Lenguajes y Sistemas Informáticos,"Alicante, Spain","Departamento de Lenguajes y Sistemas Informáticos
Universidad de Alicante, Spain",*UA,2006,Spain
1033,An Approach for Textual Entailment Recognition Based on Stacking and Voting,2006_005_0046.png,Natural Language Processing (NLP),Andrés Montoyo,Universidad de Alicante,Departamento de Lenguajes y Sistemas Informáticos,"Alicante, Spain","Departamento de Lenguajes y Sistemas Informáticos
Universidad de Alicante, Spain",*UA,2006,Spain
1034,Textual Entailment Beyond Semantic Similarity Information,2006_005_0047.png,Natural Language Processing (NLP),Sonia Vázquez,University of Alicante,Department of Software and Computing Systems,,"Department of Software and Computing Systems, University of Alicante",*UA,2006,Spain
1035,Textual Entailment Beyond Semantic Similarity Information,2006_005_0047.png,Natural Language Processing (NLP),Zornitsa Kozareva,University of Alicante,Department of Software and Computing Systems,,"Department of Software and Computing Systems, University of Alicante",*UA,2006,Spain
1036,Textual Entailment Beyond Semantic Similarity Information,2006_005_0047.png,Natural Language Processing (NLP),Andrés Montoyo,University of Alicante,Department of Software and Computing Systems,,"Department of Software and Computing Systems, University of Alicante",*UA,2006,Spain
1037,On the Identification of Temporal Clauses,2006_005_0048.png,Natural Language Processing (NLP),Georgiana Pușcașu,University of Alicante,Department of Software and Computing Systems,"Alicante, Spain","Department of Software and Computing Systems, University of Alicante, Spain | University of Wolverhampton, United Kingdom",*UA,2006,Spain
1038,On the Identification of Temporal Clauses,2006_005_0048.png,Natural Language Processing (NLP),Patricio Martínez Barco,University of Alicante,Department of Software and Computing Systems,"Alicante, Spain","Department of Software and Computing Systems, University of Alicante, Spain",*UA,2006,Spain
1039,On the Identification of Temporal Clauses,2006_005_0048.png,Natural Language Processing (NLP),Estela Saquete Boró,University of Alicante,Department of Software and Computing Systems,"Alicante, Spain","Department of Software and Computing Systems, University of Alicante, Spain",*UA,2006,Spain
1040,Issues in Translating from Natural Language to SQL in a Domain-Independent Natural Language Interface to Databases,2006_005_0049.png,Natural Language Processing (NLP),Juan J. González B.,Instituto Tecnológico de Cd. Madero,,Mexico,"Instituto Tecnológico de Cd. Madero, Mexico",ITCM,2006,Mexico
1041,Issues in Translating from Natural Language to SQL in a Domain-Independent Natural Language Interface to Databases,2006_005_0049.png,Natural Language Processing (NLP),Rodolfo A. Pazos Rangel,Centro Nacional de Investigación y Desarrollo Tecnológico (CENIDET),,,Centro Nacional de Investigación y Desarrollo Tecnológico (CENIDET),CENIDET,2006,Mexico
1042,Issues in Translating from Natural Language to SQL in a Domain-Independent Natural Language Interface to Databases,2006_005_0049.png,Natural Language Processing (NLP),I. Cristina Cruz C.,Instituto Tecnológico de Cd. Madero,,Mexico,"Instituto Tecnológico de Cd. Madero, Mexico",ITCM,2006,Mexico
1043,Issues in Translating from Natural Language to SQL in a Domain-Independent Natural Language Interface to Databases,2006_005_0049.png,Natural Language Processing (NLP),Héctor J. Fraire H.,Instituto Tecnológico de Cd. Madero,,Mexico,"Instituto Tecnológico de Cd. Madero, Mexico",ITCM,2006,Mexico
1044,Issues in Translating from Natural Language to SQL in a Domain-Independent Natural Language Interface to Databases,2006_005_0049.png,Natural Language Processing (NLP),Santos Aguilar de L.,Instituto Tecnológico de Cd. Madero,,Mexico,"Instituto Tecnológico de Cd. Madero, Mexico",ITCM,2006,Mexico
1045,Issues in Translating from Natural Language to SQL in a Domain-Independent Natural Language Interface to Databases,2006_005_0049.png,Natural Language Processing (NLP),Joaquín Pérez O.,Centro Nacional de Investigación y Desarrollo Tecnológico (CENIDET),,,Centro Nacional de Investigación y Desarrollo Tecnológico (CENIDET),CENIDET,2006,Mexico
1046,Interlinguas: A Classical Approach for the Semantic Web. A Practical Case*,2006_005_0050.png,Knowledge Representation & Reasoning,Jesús Cardeñosa,Universidad Politécnica de Madrid,"Validation and Business Applications Research Group, Facultad de Informática","Madrid, Spain","Validation and Business Applications Research Group, Facultad de Informática. Universidad Politécnica de Madrid, 28660 Madrid, Spain",*UPM,2006,Spain
1047,Interlinguas: A Classical Approach for the Semantic Web. A Practical Case*,2006_005_0050.png,Knowledge Representation & Reasoning,Carolina Gallardo,Universidad Politécnica de Madrid,"Validation and Business Applications Research Group, Facultad de Informática","Madrid, Spain","Validation and Business Applications Research Group, Facultad de Informática. Universidad Politécnica de Madrid, 28660 Madrid, Spain",*UPM,2006,Spain
1048,Interlinguas: A Classical Approach for the Semantic Web. A Practical Case*,2006_005_0050.png,Knowledge Representation & Reasoning,Luis Iraola,Universidad Politécnica de Madrid,"Validation and Business Applications Research Group, Facultad de Informática","Madrid, Spain","Validation and Business Applications Research Group, Facultad de Informática. Universidad Politécnica de Madrid, 28660 Madrid, Spain",*UPM,2006,Spain
1049,A Fuzzy Embedded GA for Information Retrieving from Related Data Set,2006_005_0051.png,Fuzzy Logic & Fuzzy Systems,Yang Yi,ZhongShan University,Computer Science Department,"GuangZhou, China","Computer Science Department, ZhongShan University, GuangZhou 510275, China",~ZU,2006,China
1050,A Fuzzy Embedded GA for Information Retrieving from Related Data Set,2006_005_0051.png,Fuzzy Logic & Fuzzy Systems,JinFeng Mei,ZhongShan University,Computer Science Department,"GuangZhou, China","Computer Science Department, ZhongShan University, GuangZhou 510275, China",~ZU,2006,China
1051,A Fuzzy Embedded GA for Information Retrieving from Related Data Set,2006_005_0051.png,Fuzzy Logic & Fuzzy Systems,ZhiJiao Xiao,ZhongShan University,Computer Science Department,"GuangZhou, China","Computer Science Department, ZhongShan University, GuangZhou 510275, China",~ZU,2006,China
1052,"On Musical Performances Identification, Entropy and String Matching",2006_005_0052.png,Data Mining & Knowledge Discovery,Antonio Camarena-Ibarrola,Universidad Michoacana de Sán Nicolás de Hidalgo,,"Morelia, Mich., México","Universidad Michoacana de Sán Nicolás de Hidalgo Edif “B” Ciudad Universitaria CP 58000 Morelia, Mich., México",~UMSNH,2006,Mexico
1053,"On Musical Performances Identification, Entropy and String Matching",2006_005_0052.png,Data Mining & Knowledge Discovery,Edgar Chávez,Universidad Michoacana de Sán Nicolás de Hidalgo,,"Morelia, Mich., México","Universidad Michoacana de Sán Nicolás de Hidalgo Edif “B” Ciudad Universitaria CP 58000 Morelia, Mich., México",~UMSNH,2006,Mexico
1054,Adaptive Topical Web Crawling for Domain-Specific Resource Discovery Guided by Link-Context,2006_005_0053.png,Data Mining & Knowledge Discovery,Tao Peng,Jilin University,"College of Computer Science and Technology, Key Laboratory of Symbol Computation and Knowledge Engineering of the Ministry of Education","Changchun, China","College of Computer Science and Technology, Jilin University, Key Laboratory of Symbol Computation and Knowledge Engineering of the Ministry of Education, Changchun 130012, China",~JU,2006,China
1055,Adaptive Topical Web Crawling for Domain-Specific Resource Discovery Guided by Link-Context,2006_005_0053.png,Data Mining & Knowledge Discovery,Fengling He,Jilin University,"College of Computer Science and Technology, Key Laboratory of Symbol Computation and Knowledge Engineering of the Ministry of Education","Changchun, China","College of Computer Science and Technology, Jilin University, Key Laboratory of Symbol Computation and Knowledge Engineering of the Ministry of Education, Changchun 130012, China",~JU,2006,China
1056,Adaptive Topical Web Crawling for Domain-Specific Resource Discovery Guided by Link-Context,2006_005_0053.png,Data Mining & Knowledge Discovery,Wanli Zuo,Jilin University,"College of Computer Science and Technology, Key Laboratory of Symbol Computation and Knowledge Engineering of the Ministry of Education","Changchun, China","College of Computer Science and Technology, Jilin University, Key Laboratory of Symbol Computation and Knowledge Engineering of the Ministry of Education, Changchun 130012, China",~JU,2006,China
1057,Adaptive Topical Web Crawling for Domain-Specific Resource Discovery Guided by Link-Context,2006_005_0053.png,Data Mining & Knowledge Discovery,Changli Zhang,Jilin University,"College of Computer Science and Technology, Key Laboratory of Symbol Computation and Knowledge Engineering of the Ministry of Education","Changchun, China","College of Computer Science and Technology, Jilin University, Key Laboratory of Symbol Computation and Knowledge Engineering of the Ministry of Education, Changchun 130012, China",~JU,2006,China
1058,Evaluating Subjective Compositions by the Cooperation Between Human and Adaptive Agents,2006_005_0054.png,Bio-inspired & Evolutionary Computing,Chung-Yuan Huang,Chang Gung University,Department of Computer Science and Information Engineering,"Taoyuan, Taiwan, Republic of China","Department of Computer Science and Information Engineering
Chang Gung University
259 Wen Hwa 1st Road, Taoyuan 333, Taiwan, Republic of China",~CGU,2006,China
1059,Evaluating Subjective Compositions by the Cooperation Between Human and Adaptive Agents,2006_005_0054.png,Bio-inspired & Evolutionary Computing,Ji-Lung Hsieh,National Chiao Tung University,Department of Computer Science,"Hsinchu, Taiwan, Republic of China","Department of Computer Science
National Chiao Tung University
1001 Ta Hsueh Road, Hsinchu 300, Taiwan, Republic of China",~NCTU,2006,China
1060,Evaluating Subjective Compositions by the Cooperation Between Human and Adaptive Agents,2006_005_0054.png,Bio-inspired & Evolutionary Computing,Chuen-Tsai Sun,National Chiao Tung University,Department of Computer Science,"Hsinchu, Taiwan, Republic of China","Department of Computer Science
National Chiao Tung University
1001 Ta Hsueh Road, Hsinchu 300, Taiwan, Republic of China",~NCTU,2006,China
1061,Evaluating Subjective Compositions by the Cooperation Between Human and Adaptive Agents,2006_005_0054.png,Bio-inspired & Evolutionary Computing,Chia-Ying Cheng,National Chiao Tung University,Department of Computer Science,"Hsinchu, Taiwan, Republic of China","Department of Computer Science
National Chiao Tung University
1001 Ta Hsueh Road, Hsinchu 300, Taiwan, Republic of China",~NCTU,2006,China
1062,Using Syntactic Distributional Patterns for Data-Driven Answer Extraction from the Web,2006_005_0055.png,Natural Language Processing (NLP),Alejandro Figueroa,Deutsches Forschungszentrum für Künstliche Intelligenz,DFKI,"Saarbrücken, Germany","Deutsches Forschungszentrum für Künstliche Intelligenz - DFKI, Stuhlsatzenhausweg 3, D - 66123, Saarbrücken, Germany",~DFFKI,2006,Germany
1063,Using Syntactic Distributional Patterns for Data-Driven Answer Extraction from the Web,2006_005_0055.png,Natural Language Processing (NLP),John Atkinson,Universidad de Concepción,Department of Computer Sciences,"Concepción, Chile","Department of Computer Sciences, Universidad de Concepción, Concepción, Chile",~UC,2006,Chile
1064,Applying NLP Techniques and Biomedical Resources to Medical Questions in QA Performance,2006_005_0056.png,Natural Language Processing (NLP),Rafael M. Terol,Universidad de Alicante,Departamento de Lenguajes y Sistemas Informáticos,"Alicante, Spain","Departamento de Lenguajes y Sistemas Informáticos
Universidad de Alicante
Carretera de San Vicente del Raspeig - Alicante - Spain",*UA,2006,Spain
1065,Applying NLP Techniques and Biomedical Resources to Medical Questions in QA Performance,2006_005_0056.png,Natural Language Processing (NLP),Patricio Martinez-Barco,Universidad de Alicante,Departamento de Lenguajes y Sistemas Informáticos,"Alicante, Spain","Departamento de Lenguajes y Sistemas Informáticos
Universidad de Alicante
Carretera de San Vicente del Raspeig - Alicante - Spain",*UA,2006,Spain
1066,Applying NLP Techniques and Biomedical Resources to Medical Questions in QA Performance,2006_005_0056.png,Natural Language Processing (NLP),Manuel Palomar,Universidad de Alicante,Departamento de Lenguajes y Sistemas Informáticos,"Alicante, Spain","Departamento de Lenguajes y Sistemas Informáticos
Universidad de Alicante
Carretera de San Vicente del Raspeig - Alicante - Spain",*UA,2006,Spain
1067,Fast Text Categorization Based on a Novel Class Space Model,2006_005_0057.png,Natural Language Processing (NLP),Yingfan Gao,Beijing Institute of Technology,School of Computer Science & Technology,"Beijing, P.R. China","School of Computer Science & Technology, Beijing Institute of Technology, Beijing, P.R. China",~BIT,2006,China
1068,Fast Text Categorization Based on a Novel Class Space Model,2006_005_0057.png,Natural Language Processing (NLP),Runbo Ma,Shanxi University,College of Physics and Electronics,"Taiyuan, P.R. China","College of Physics and Electronics,Shanxi University,Taiyuan, P.R. China",~SU,2006,China
1069,Fast Text Categorization Based on a Novel Class Space Model,2006_005_0057.png,Natural Language Processing (NLP),Yushu Liu,Beijing Institute of Technology,School of Computer Science & Technology,"Beijing, P.R. China","School of Computer Science & Technology, Beijing Institute of Technology, Beijing, P.R. China",~BIT,2006,China
1070,A High Performance Prototype System for Chinese Text Categorization,2006_005_0058.png,Natural Language Processing (NLP),Xinghua Fan,Chongqing University of Posts and Telecommunications,College of Computer Science and Technology,"Chongqing, P.R. China","College of Computer Science and Technology, Chongqing University of Posts and Telecommunications, Chongqing 400065, P.R. China",~CUPT,2006,China
1071,A Bayesian Approach to Classify Conference Papers,2006_005_0059.png,Probabilistic & Statistical Reasoning,Kok-Chin Khor,Multimedia University,Faculty of Information Technology,"Cyberjaya, Malaysia","Faculty of Information Technology
Multimedia University
63100 Cyberjaya, Malaysia",~MU,2006,Malaysia
1072,A Bayesian Approach to Classify Conference Papers,2006_005_0059.png,Probabilistic & Statistical Reasoning,Choo-Yee Ting,Multimedia University,Faculty of Information Technology,"Cyberjaya, Malaysia","Faculty of Information Technology
Multimedia University
63100 Cyberjaya, Malaysia",~MU,2006,Malaysia
1073,An Ontology Based for Drilling Report Classification,2006_005_0060.png,Natural Language Processing (NLP),Ivan Rizzo Guilherme,São Paulo State University,"IGCE, DEMAC","Rio Claro, Brazil","São Paulo State University, IGCE, DEMAC, Av. 24A 1511, 13506700 Rio Claro, Brazil",~SPSU,2006,Brazil
1074,An Ontology Based for Drilling Report Classification,2006_005_0060.png,Natural Language Processing (NLP),Adriane Beatriz de Souza Serapião,São Paulo State University,"IGCE, DEMAC","Rio Claro, Brazil","São Paulo State University, IGCE, DEMAC, Av. 24A 1511, 13506700 Rio Claro, Brazil",~SPSU,2006,Brazil
1075,An Ontology Based for Drilling Report Classification,2006_005_0060.png,Natural Language Processing (NLP),Clarice Rabelo,The State University of Campinas,"FEM, DEP","Campinas, Brazil","The State University of Campinas, FEM, DEP, Campinas, Brazil",~SUC,2006,Brazil
1076,An Ontology Based for Drilling Report Classification,2006_005_0060.png,Natural Language Processing (NLP),José Ricardo Pelaquim Mendes,The State University of Campinas,"FEM, DEP","Campinas, Brazil","The State University of Campinas, FEM, DEP, Campinas, Brazil",~SUC,2006,Brazil
1077,Topic Selection of Web Documents Using Specific Domain Ontology,2006_005_0061.png,Data Mining & Knowledge Discovery,Hyunjang Kong,Chosun University,Dept. of Computer Engineering,"Gwangju, South Korea","Dept. of Computer Engineering, Chosun University, 375 Seosuk-dong Dong-Ku Gwangju 501-759 South Korea",~CU,2006,South Korea
1078,Topic Selection of Web Documents Using Specific Domain Ontology,2006_005_0061.png,Data Mining & Knowledge Discovery,Myunggwon Hwang,Chosun University,Dept. of Computer Engineering,"Gwangju, South Korea","Dept. of Computer Engineering, Chosun University, 375 Seosuk-dong Dong-Ku Gwangju 501-759 South Korea",~CU,2006,South Korea
1079,Topic Selection of Web Documents Using Specific Domain Ontology,2006_005_0061.png,Data Mining & Knowledge Discovery,Gwangsu Hwang,Chosun University,Dept. of Computer Engineering,"Gwangju, South Korea","Dept. of Computer Engineering, Chosun University, 375 Seosuk-dong Dong-Ku Gwangju 501-759 South Korea",~CU,2006,South Korea
1080,Topic Selection of Web Documents Using Specific Domain Ontology,2006_005_0061.png,Data Mining & Knowledge Discovery,Jaehong Shim,Chosun University,Dept. of Computer Engineering,"Gwangju, South Korea","Dept. of Computer Engineering, Chosun University, 375 Seosuk-dong Dong-Ku Gwangju 501-759 South Korea",~CU,2006,South Korea
1081,Topic Selection of Web Documents Using Specific Domain Ontology,2006_005_0061.png,Data Mining & Knowledge Discovery,Pankoo Kim,Chosun University,Dept. of Computer Engineering,"Gwangju, South Korea","Corresponding Author, Dept. of Computer Engineering, Chosun University",~CU,2006,South Korea
1082,"Speech Recognition Using Energy, MFCCs and Rho Parameters to Classify Syllables in the Spanish Language",2006_005_0062.png,Natural Language Processing (NLP),Sergio Suárez Guerra,National Polytechnic Institute,Computing Research Center,Mexico,"Computing Research Center, National Polytechnic Institute, Juan de Dios Batiz s/n, P.O. 07038, Mexico",IPN,2006,Mexico
1083,"Speech Recognition Using Energy, MFCCs and Rho Parameters to Classify Syllables in the Spanish Language",2006_005_0062.png,Natural Language Processing (NLP),José Luis Oropeza Rodríguez,National Polytechnic Institute,Computing Research Center,Mexico,"Computing Research Center, National Polytechnic Institute, Juan de Dios Batiz s/n, P.O. 07038, Mexico",IPN,2006,Mexico
1084,"Speech Recognition Using Energy, MFCCs and Rho Parameters to Classify Syllables in the Spanish Language",2006_005_0062.png,Natural Language Processing (NLP),Edgardo Manuel Felipe Riveron,National Polytechnic Institute,Computing Research Center,Mexico,"Computing Research Center, National Polytechnic Institute, Juan de Dios Batiz s/n, P.O. 07038, Mexico",IPN,2006,Mexico
1085,"Speech Recognition Using Energy, MFCCs and Rho Parameters to Classify Syllables in the Spanish Language",2006_005_0062.png,Natural Language Processing (NLP),Jesús Figueroa Nazuno,National Polytechnic Institute,Computing Research Center,Mexico,"Computing Research Center, National Polytechnic Institute, Juan de Dios Batiz s/n, P.O. 07038, Mexico",IPN,2006,Mexico
1086,Robust Text-Independent Speaker Identification Using Hybrid PCA&LDA,2006_005_0063.png,Data Mining & Knowledge Discovery,Min-Seok Kim,University of Seoul,School of Computer Science,"Dongdaemungu, Seoul, Korea","School of Computer Science, University of Seoul, Dongdaemungu Seoul, 130-743, Korea",~US,2006,South Korea
1087,Robust Text-Independent Speaker Identification Using Hybrid PCA&LDA,2006_005_0063.png,Data Mining & Knowledge Discovery,Ha-Jin Yu,University of Seoul,School of Computer Science,"Dongdaemungu, Seoul, Korea","School of Computer Science, University of Seoul, Dongdaemungu Seoul, 130-743, Korea",~US,2006,South Korea
1088,Robust Text-Independent Speaker Identification Using Hybrid PCA&LDA,2006_005_0063.png,Data Mining & Knowledge Discovery,Keun-Chang Kwak,Electronics and Telecommunication Research Institute (ETRI),"Human-Robot Interaction Research Team, Intelligent Robot Research Division",Korea,"Human-Robot Interaction Research Team, Intelligent Robot Research Division, Electronics and Telecommunication Research Institute (ETRI), 305-700, Korea",~ETRI(,2006,South Korea
1089,Robust Text-Independent Speaker Identification Using Hybrid PCA&LDA,2006_005_0063.png,Data Mining & Knowledge Discovery,Su-Young Chi,Electronics and Telecommunication Research Institute (ETRI),"Human-Robot Interaction Research Team, Intelligent Robot Research Division",Korea,"Human-Robot Interaction Research Team, Intelligent Robot Research Division, Electronics and Telecommunication Research Institute (ETRI), 305-700, Korea",~ETRI(,2006,South Korea
1090,Hybrid Algorithm Applied to Feature Selection for Speaker Authentication,2006_005_0064.png,Hybrid AI & Expert Systems,Rocío Quixtiano-Xicohténcatl,Universidad Autónoma de Tlaxcala,"Facultad de Ciencias Básicas, Ingeniería y Tecnología",México,"Universidad Autónoma de Tlaxcala, Facultad de Ciencias Básicas, Ingeniería y Tecnología, México",~UAT,2006,Mexico
1091,Hybrid Algorithm Applied to Feature Selection for Speaker Authentication,2006_005_0064.png,Hybrid AI & Expert Systems,Orion Fausto Reyes-Galaviz,Universidad Autónoma de Tlaxcala,"Facultad de Ciencias Básicas, Ingeniería y Tecnología",México,"Universidad Autónoma de Tlaxcala, Facultad de Ciencias Básicas, Ingeniería y Tecnología, México",~UAT,2006,Mexico
1092,Hybrid Algorithm Applied to Feature Selection for Speaker Authentication,2006_005_0064.png,Hybrid AI & Expert Systems,Leticia Flores-Pulido,Universidad Autónoma de Tlaxcala,"Facultad de Ciencias Básicas, Ingeniería y Tecnología",México,"Universidad Autónoma de Tlaxcala, Facultad de Ciencias Básicas, Ingeniería y Tecnología, México",~UAT,2006,Mexico
1093,Hybrid Algorithm Applied to Feature Selection for Speaker Authentication,2006_005_0064.png,Hybrid AI & Expert Systems,Carlos Alberto Reyes-García,"Instituto Nacional de Astrofísica, Óptica y Electrónica",,México,"Instituto Nacional de Astrofísica, Óptica y Electrónica, México",INAOE,2006,Mexico
1094,Using PCA to Improve the Generation of Speech Keys,2006_005_0065.png,Supervised Machine Learning,Juan A. Nolazco-Flores,ITESM,"Computer Science Department, Campus Monterrey","Monterrey, N.L., México","Computer Science Department
ITESM, Campus Monterrey.
Av. Eugenio Garza Sada 2501 Sur, Col. Tecnológico,
Monterrey, N.L., México, C.P. 6484",ITESM,2006,Mexico
1095,Using PCA to Improve the Generation of Speech Keys,2006_005_0065.png,Supervised Machine Learning,J. Carlos Mex-Perera,ITESM,"Computer Science Department, Campus Monterrey","Monterrey, N.L., México","Computer Science Department
ITESM, Campus Monterrey.
Av. Eugenio Garza Sada 2501 Sur, Col. Tecnológico,
Monterrey, N.L., México, C.P. 6484",ITESM,2006,Mexico
1096,Using PCA to Improve the Generation of Speech Keys,2006_005_0065.png,Supervised Machine Learning,L. Paola Garcia-Perera,ITESM,"Computer Science Department, Campus Monterrey","Monterrey, N.L., México","Computer Science Department
ITESM, Campus Monterrey.
Av. Eugenio Garza Sada 2501 Sur, Col. Tecnológico,
Monterrey, N.L., México, C.P. 6484",ITESM,2006,Mexico
1097,Using PCA to Improve the Generation of Speech Keys,2006_005_0065.png,Supervised Machine Learning,Brenda Sanchez-Torres,ITESM,"Computer Science Department, Campus Monterrey","Monterrey, N.L., México","Computer Science Department
ITESM, Campus Monterrey.
Av. Eugenio Garza Sada 2501 Sur, Col. Tecnológico,
Monterrey, N.L., México, C.P. 6484",ITESM,2006,Mexico
1098,"Verifying Real-Time Temporal, Cooperation and Epistemic Properties for Uncertain Agents*",2006_005_0066.png,Knowledge Representation & Reasoning,Zining Cao,Nanjing University of Aero. & Astro.,Department of Computer Science and Engineering,"Nanjing, China","Department of Computer Science and Engineering
Nanjing University of Aero. & Astro., Nanjing 210016, China",~NUA&A,2006,China
1099,Regulating Social Exchanges Between Personality-Based Non-transparent Agents*,2006_005_0067.png,Multi-Agent Systems & Distributed AI,G.P. Dimuro,Universidade Católica de Pelotas,"Escola de Informática, PPGINF","Pelotas, Brazil","Escola de Informática, PPGINF, Universidade Católica de Pelotas 96010-000 Pelotas, Brazil",~UCP,2006,Brazil
1100,Regulating Social Exchanges Between Personality-Based Non-transparent Agents*,2006_005_0067.png,Multi-Agent Systems & Distributed AI,A.C.R. Costa,Universidade Católica de Pelotas,"Escola de Informática, PPGINF","Pelotas, Brazil","Escola de Informática, PPGINF, Universidade Católica de Pelotas 96010-000 Pelotas, Brazil",~UCP,2006,Brazil
1101,Regulating Social Exchanges Between Personality-Based Non-transparent Agents*,2006_005_0067.png,Multi-Agent Systems & Distributed AI,L.V. Gonçalves,Universidade Católica de Pelotas,"Escola de Informática, PPGINF","Pelotas, Brazil","Escola de Informática, PPGINF, Universidade Católica de Pelotas 96010-000 Pelotas, Brazil",~UCP,2006,Brazil
1102,Regulating Social Exchanges Between Personality-Based Non-transparent Agents*,2006_005_0067.png,Multi-Agent Systems & Distributed AI,A. Hübner,Universidade Católica de Pelotas,"Escola de Informática, PPGINF","Pelotas, Brazil","Escola de Informática, PPGINF, Universidade Católica de Pelotas 96010-000 Pelotas, Brazil",~UCP,2006,Brazil
1103,Using MAS Technologies for Intelligent Organizations: A Report of Bottom-Up Results,2006_005_0068.png,Multi-Agent Systems & Distributed AI,Armando Robles,Artificial Intelligence Research Institute,IIIA,"Bellaterra, Barcelona, Spain","IIIA - Artificial Intelligence Research Institute | Bellaterra, Barcelona, Spain | University of Southampton, Electronics and Computer Science | Southampton, United Kingdom",~AIRI,2006,Spain
1104,Using MAS Technologies for Intelligent Organizations: A Report of Bottom-Up Results,2006_005_0068.png,Multi-Agent Systems & Distributed AI,Pablo Noriega,Artificial Intelligence Research Institute,IIIA,"Bellaterra, Barcelona, Spain","IIIA - Artificial Intelligence Research Institute | Bellaterra, Barcelona, Spain",~AIRI,2006,Spain
1105,Using MAS Technologies for Intelligent Organizations: A Report of Bottom-Up Results,2006_005_0068.png,Multi-Agent Systems & Distributed AI,Michael Luck,University of Southampton,Electronics and Computer Science,"Southampton, United Kingdom","University of Southampton, Electronics and Computer Science | Southampton, United Kingdom",~US,2006,United Kingdom
1106,Using MAS Technologies for Intelligent Organizations: A Report of Bottom-Up Results,2006_005_0068.png,Multi-Agent Systems & Distributed AI,Francisco J. Cantú,ITESM,"Campus Monterrey, Research and Graduate Studies Office","Monterrey, N.L. México","ITESM Campus Monterrey | Research and Graduate Studies Office, Monterrey, N.L. México",ITESM,2006,Mexico
1107,Modeling and Simulation of Mobile Agents Systems Using a Multi-level Net Formalism,2006_005_0069.png,Multi-Agent Systems & Distributed AI,Marina Flores-Badillo,CINVESTAV,Unidad Guadalajara,"Zapopan, Jal. México","CINVESTAV Unidad Guadalajara, Av. Científica 1145 Col. El Bajío, 45010 Zapopan, Jal. México",CINVESTAV,2006,Mexico
1108,Modeling and Simulation of Mobile Agents Systems Using a Multi-level Net Formalism,2006_005_0069.png,Multi-Agent Systems & Distributed AI,Mayra Padilla-Duarte,CINVESTAV,Unidad Guadalajara,"Zapopan, Jal. México","CINVESTAV Unidad Guadalajara, Av. Científica 1145 Col. El Bajío, 45010 Zapopan, Jal. México",CINVESTAV,2006,Mexico
1109,Modeling and Simulation of Mobile Agents Systems Using a Multi-level Net Formalism,2006_005_0069.png,Multi-Agent Systems & Distributed AI,Ernesto López-Mellado,CINVESTAV,Unidad Guadalajara,"Zapopan, Jal. México","CINVESTAV Unidad Guadalajara, Av. Científica 1145 Col. El Bajío, 45010 Zapopan, Jal. México",CINVESTAV,2006,Mexico
1110,Using AI Techniques for Fault Localization in Component-Oriented Software Systems*,2006_005_0070.png,Hybrid AI & Expert Systems,Jörg Weber,Technische Universität Graz,Institute for Software Technology,Austria,"Institute for Software Technology, Technische Universität Graz, Austria",~TUG,2006,Austria
1111,Using AI Techniques for Fault Localization in Component-Oriented Software Systems*,2006_005_0070.png,Hybrid AI & Expert Systems,Franz Wotawa,Technische Universität Graz,Institute for Software Technology,Austria,"Institute for Software Technology, Technische Universität Graz, Austria",~TUG,2006,Austria
1112,Exploring Unknown Environments with Randomized Strategies,2006_005_0071.png,Robotics,Judith Espinoza,University of Puebla,Computer Science Department,"Puebla, Pue., México","Computer Science Department
University of Puebla
14 Sur and San Claudio, CP 72570
Puebla, Pue., México",~UP,2006,Mexico
1113,Exploring Unknown Environments with Randomized Strategies,2006_005_0071.png,Robotics,Abraham Sánchez,University of Puebla,Computer Science Department,"Puebla, Pue., México","Computer Science Department
University of Puebla
14 Sur and San Claudio, CP 72570
Puebla, Pue., México",~UP,2006,Mexico
1114,Exploring Unknown Environments with Randomized Strategies,2006_005_0071.png,Robotics,Maria Osorio,University of Puebla,Computer Science Department,"Puebla, Pue., México","Computer Science Department
University of Puebla
14 Sur and San Claudio, CP 72570
Puebla, Pue., México",~UP,2006,Mexico
1115,Integration of Evolution with a Robot Action Selection Model,2006_005_0072.png,Bio-inspired & Evolutionary Computing,Fernando Montes-González,Universidad Veracruzana,Facultad de Física e Inteligencia Artificial,"Xalapa, Ver., México","Facultad de Física e Inteligencia Artificial, Universidad Veracruzana, Sebastián Camacho No. 5, Xalapa, Ver., México",UV,2006,Mexico
1116,Integration of Evolution with a Robot Action Selection Model,2006_005_0072.png,Bio-inspired & Evolutionary Computing,José Santos Reyes,Universidade da Coruña,"Departamento de Computación, Facultad de Informática","A Coruña, Spain","Departamento de Computación, Facultad de Informática, Universidade da Coruña, Campus de Elviña, 15071 A Coruña",~UDC,2006,Spain
1117,Integration of Evolution with a Robot Action Selection Model,2006_005_0072.png,Bio-inspired & Evolutionary Computing,Homero Ríos Figueroa,Universidad Veracruzana,Facultad de Física e Inteligencia Artificial,"Xalapa, Ver., México","Facultad de Física e Inteligencia Artificial, Universidad Veracruzana, Sebastián Camacho No. 5, Xalapa, Ver., México",UV,2006,Mexico
1118,A Hardware Architecture Designed to Implement the GFM Paradigm,2006_005_0073.png,Robotics,Jérôme Leboeuf Pasquier,Universidad de Guadalajara,"Departamento de Ingeniería de Proyectos, Centro Universitario de Ciencias Exactas e Ingenierías","Zapopan, Jalisco, México","Departamento de Ingeniería de Proyectos, Centro Universitario de Ciencias Exactas e Ingenierías, Universidad de Guadalajara, Apdo. Postal 307, CP 45101, Zapopan, Jalisco, México",~UG,2006,Mexico
1119,A Hardware Architecture Designed to Implement the GFM Paradigm,2006_005_0073.png,Robotics,José Juan González Pérez,Universidad de Guadalajara,"Departamento de Ingeniería de Proyectos, Centro Universitario de Ciencias Exactas e Ingenierías","Zapopan, Jalisco, México","Departamento de Ingeniería de Proyectos, Centro Universitario de Ciencias Exactas e Ingenierías, Universidad de Guadalajara, Apdo. Postal 307, CP 45101, Zapopan, Jalisco, México",~UG,2006,Mexico
1120,Fast Protein Structure Alignment Algorithm Based on Local Geometric Similarity,2006_005_0074.png,Heuristic Search & Optimization,Chan-Yong Park,Electronics and Telecommunications Research Institute,,"Daejeon, Korea","Electronics and Telecommunications Research Institute, 161 Gajung, Yusung, Daejeon, Korea",~ETRI,2006,South Korea
1121,Fast Protein Structure Alignment Algorithm Based on Local Geometric Similarity,2006_005_0074.png,Heuristic Search & Optimization,Sung-Hee Park,Electronics and Telecommunications Research Institute,,"Daejeon, Korea","Electronics and Telecommunications Research Institute, 161 Gajung, Yusung, Daejeon, Korea",~ETRI,2006,South Korea
1122,Fast Protein Structure Alignment Algorithm Based on Local Geometric Similarity,2006_005_0074.png,Heuristic Search & Optimization,Dae-Hee Kim,Electronics and Telecommunications Research Institute,,"Daejeon, Korea","Electronics and Telecommunications Research Institute, 161 Gajung, Yusung, Daejeon, Korea",~ETRI,2006,South Korea
1123,Fast Protein Structure Alignment Algorithm Based on Local Geometric Similarity,2006_005_0074.png,Heuristic Search & Optimization,Soo-Jun Park,Electronics and Telecommunications Research Institute,,"Daejeon, Korea","Electronics and Telecommunications Research Institute, 161 Gajung, Yusung, Daejeon, Korea",~ETRI,2006,South Korea
1124,Fast Protein Structure Alignment Algorithm Based on Local Geometric Similarity,2006_005_0074.png,Heuristic Search & Optimization,Man-Kyu Sung,Electronics and Telecommunications Research Institute,,"Daejeon, Korea","Electronics and Telecommunications Research Institute, 161 Gajung, Yusung, Daejeon, Korea",~ETRI,2006,South Korea
1125,Fast Protein Structure Alignment Algorithm Based on Local Geometric Similarity,2006_005_0074.png,Heuristic Search & Optimization,Hong-Ro Lee,Chung Nam University,Dept. of Computer Science,"Daejeon, Korea","Dept. of Computer Science, Chung Nam University (CNU), Daejeon, Korea",~CNU,2006,South Korea
1126,Fast Protein Structure Alignment Algorithm Based on Local Geometric Similarity,2006_005_0074.png,Heuristic Search & Optimization,Jung-Sub Shin,Chung Nam University,Dept. of Computer Science,"Daejeon, Korea","Dept. of Computer Science, Chung Nam University (CNU), Daejeon, Korea",~CNU,2006,South Korea
1127,Fast Protein Structure Alignment Algorithm Based on Local Geometric Similarity,2006_005_0074.png,Heuristic Search & Optimization,Chi-Jung Hwang,Chung Nam University,Dept. of Computer Science,"Daejeon, Korea","Dept. of Computer Science, Chung Nam University (CNU), Daejeon, Korea",~CNU,2006,South Korea
1128,Robust EMG Pattern Recognition to Muscular Fatigue Effect for Human-Machine Interaction,2006_005_0075.png,Neural Networks & Deep Learning,Jae-Hoon Song,Korea Aerospace Research Institute,Air Navigation and Traffic System Department,"Daejeon, Korea","Air Navigation and Traffic System Department, Korea Aerospace Research Institute, 45 Eoeun-dong, Yuseong-gu, Daejeon 305-333, Korea",~KARI,2006,South Korea
1129,Robust EMG Pattern Recognition to Muscular Fatigue Effect for Human-Machine Interaction,2006_005_0075.png,Neural Networks & Deep Learning,Jin-Woo Jung,Dongguk University,Department of Computer Engineering,"Seoul, Korea","Department of Computer Engineering, Dongguk University, 26 Pil-dong 3-ga, Jung-gu, Seoul 100-715, Korea",~DU,2006,South Korea
1130,Robust EMG Pattern Recognition to Muscular Fatigue Effect for Human-Machine Interaction,2006_005_0075.png,Neural Networks & Deep Learning,Zeungnam Bien,Korea Advanced Institute of Science and Technology,Department of Electrical Engineering and Computer Science,"Daejeon, Korea","Department of Electrical Engineering and Computer Science, Korea Advanced Institute of Science and Technology, 373-1 Guseong-dong, Yuseong-gu, Daejeon 305-701, Korea",~KAIST,2006,South Korea
1131,Classification of Individual and Clustered Microcalcifications in Digital Mammograms Using Evolutionary Neural Networks,2006_005_0076.png,Bio-inspired & Evolutionary Computing,Rolando R. Hernández-Cisneros,Tecnológico de Monterrey,"Center for Intelligent Systems, Campus Monterrey","Monterrey, Nuevo León, Mexico","Center for Intelligent Systems, Tecnológico de Monterrey, Campus Monterrey Ave. Eugenio Garza Sada 2501 Sur, Monterrey, Nuevo León 64849 Mexico",ITESM,2006,Mexico
1132,Classification of Individual and Clustered Microcalcifications in Digital Mammograms Using Evolutionary Neural Networks,2006_005_0076.png,Bio-inspired & Evolutionary Computing,Hugo Terashima-Marín,Tecnológico de Monterrey,"Center for Intelligent Systems, Campus Monterrey","Monterrey, Nuevo León, Mexico","Center for Intelligent Systems, Tecnológico de Monterrey, Campus Monterrey Ave. Eugenio Garza Sada 2501 Sur, Monterrey, Nuevo León 64849 Mexico",ITESM,2006,Mexico
1133,Heart Cavity Detection in Ultrasound Images with SOM,2006_005_0077.png,Unsupervised Machine Learning,Mary Carmen Jarur,Catholic University of Maule,Department of Computer Science,"Talca, Chile","Department of Computer Science, Catholic University of Maule, Casilla 617, Talca, Chile",~CUM,2006,Chile
1134,Heart Cavity Detection in Ultrasound Images with SOM,2006_005_0077.png,Unsupervised Machine Learning,Marco Mora,Catholic University of Maule,Department of Computer Science | ,"Talca, Chile | Toulouse, France","Department of Computer Science, Catholic University of Maule, Casilla 617, Talca, Chile | IRIT-ENSEEIHT, 2 Rue Camichel, 31200 Toulouse, France",~CUM,2006,France
1135,Heart Cavity Detection in Ultrasound Images with SOM,2006_005_0077.png,Unsupervised Machine Learning,Marco Mora,IRIT-ENSEEIHT,Department of Computer Science | ,"Talca, Chile | Toulouse, France","Department of Computer Science, Catholic University of Maule, Casilla 617, Talca, Chile | IRIT-ENSEEIHT, 2 Rue Camichel, 31200 Toulouse, France",~I,2006,France
1136,An Effective Method of Gait Stability Analysis Using Inertial Sensors,2006_005_0078.png,Probabilistic & Statistical Reasoning,Sung Kyung Hong,Sejong University,School of Mechanical and Aerospace Engineering,"Seoul, Korea","School of Mechanical and Aerospace Engineering, Sejong University, Seoul, 143-747, Korea",~SU,2006,South Korea
1137,An Effective Method of Gait Stability Analysis Using Inertial Sensors,2006_005_0078.png,Probabilistic & Statistical Reasoning,Jinhyung Bae,Sejong University,School of Mechanical and Aerospace Engineering,"Seoul, Korea","School of Mechanical and Aerospace Engineering, Sejong University, Seoul, 143-747, Korea",~SU,2006,South Korea
1138,An Effective Method of Gait Stability Analysis Using Inertial Sensors,2006_005_0078.png,Probabilistic & Statistical Reasoning,Sug-Chon Lee,Sejong University,School of Mechanical and Aerospace Engineering,"Seoul, Korea","School of Mechanical and Aerospace Engineering, Sejong University, Seoul, 143-747, Korea",~SU,2006,South Korea
1139,An Effective Method of Gait Stability Analysis Using Inertial Sensors,2006_005_0078.png,Probabilistic & Statistical Reasoning,Jung-Yup Kim,Sejong University,School of Mechanical and Aerospace Engineering,"Seoul, Korea","School of Mechanical and Aerospace Engineering, Sejong University, Seoul, 143-747, Korea",~SU,2006,South Korea
1140,An Effective Method of Gait Stability Analysis Using Inertial Sensors,2006_005_0078.png,Probabilistic & Statistical Reasoning,Kwon-Yong Lee,Sejong University,School of Mechanical and Aerospace Engineering,"Seoul, Korea","School of Mechanical and Aerospace Engineering, Sejong University, Seoul, 143-747, Korea",~SU,2006,South Korea
1141,Rough Set Approach Under Dynamic Granulation in Incomplete Information Systems,2007_006_0000.png,Data Mining & Knowledge Discovery,Yuhua Qian,Shanxi University,School of Computer and Information Technology | Key Laboratory of Computational Intelligence and Chinese Information Processing of Ministry of Education | Department of Manufacturing Engineering and Engineering Management,"Taiyuan, Shanxi, China | Hong Kong, Hong Kong","1 School of Computer and Information Technology, Shanxi University, Taiyuan, 030006, Shanxi, China | 2 Key Laboratory of Computational Intelligence and Chinese Information Processing of Ministry of Education, Taiyuan, 030006, Shanxi, China | 3 Department of Manufacturing Engineering and Engineering Management, City University of Hong Kong, Hong Kong",~SU,2007,China
1142,Rough Set Approach Under Dynamic Granulation in Incomplete Information Systems,2007_006_0000.png,Data Mining & Knowledge Discovery,Yuhua Qian,City University of Hong Kong,School of Computer and Information Technology | Key Laboratory of Computational Intelligence and Chinese Information Processing of Ministry of Education | Department of Manufacturing Engineering and Engineering Management,"Taiyuan, Shanxi, China | Hong Kong, Hong Kong","1 School of Computer and Information Technology, Shanxi University, Taiyuan, 030006, Shanxi, China | 2 Key Laboratory of Computational Intelligence and Chinese Information Processing of Ministry of Education, Taiyuan, 030006, Shanxi, China | 3 Department of Manufacturing Engineering and Engineering Management, City University of Hong Kong, Hong Kong",~CUHK,2007,China
1143,Rough Set Approach Under Dynamic Granulation in Incomplete Information Systems,2007_006_0000.png,Data Mining & Knowledge Discovery,Jiye Liang,Shanxi University,School of Computer and Information Technology | Key Laboratory of Computational Intelligence and Chinese Information Processing of Ministry of Education,"Taiyuan, Shanxi, China","1 School of Computer and Information Technology, Shanxi University, Taiyuan, 030006, Shanxi, China | 2 Key Laboratory of Computational Intelligence and Chinese Information Processing of Ministry of Education, Taiyuan, 030006, Shanxi, China",~SU,2007,China
1144,Rough Set Approach Under Dynamic Granulation in Incomplete Information Systems,2007_006_0000.png,Data Mining & Knowledge Discovery,Xia Zhang,Shanxi University,School of Computer and Information Technology | Key Laboratory of Computational Intelligence and Chinese Information Processing of Ministry of Education,"Taiyuan, Shanxi, China","1 School of Computer and Information Technology, Shanxi University, Taiyuan, 030006, Shanxi, China | 2 Key Laboratory of Computational Intelligence and Chinese Information Processing of Ministry of Education, Taiyuan, 030006, Shanxi, China",~SU,2007,China
1145,Rough Set Approach Under Dynamic Granulation in Incomplete Information Systems,2007_006_0000.png,Data Mining & Knowledge Discovery,Chuangyin Dang,City University of Hong Kong,Department of Manufacturing Engineering and Engineering Management,"Hong Kong, Hong Kong","3 Department of Manufacturing Engineering and Engineering Management, City University of Hong Kong, Hong Kong",~CUHK,2007,China
1146,Generalized Fuzzy Operations for Digital Hardware Implementation,2007_006_0001.png,Fuzzy Logic & Fuzzy Systems,Ildar Batyrshin,Mexican Petroleum Institute,,,Mexican Petroleum Institute,IMP,2007,Mexico
1147,Generalized Fuzzy Operations for Digital Hardware Implementation,2007_006_0001.png,Fuzzy Logic & Fuzzy Systems,Antonio Hernández Zavala,Mexican Polytechnic Institute,Computer Research Centre,,Mexican Polytechnic Institute – Computer Research Centre,IPN,2007,Mexico
1148,Generalized Fuzzy Operations for Digital Hardware Implementation,2007_006_0001.png,Fuzzy Logic & Fuzzy Systems,Oscar Camacho Nieto,Mexican Polytechnic Institute,Computer Research Centre,,Mexican Polytechnic Institute – Computer Research Centre,IPN,2007,Mexico
1149,Generalized Fuzzy Operations for Digital Hardware Implementation,2007_006_0001.png,Fuzzy Logic & Fuzzy Systems,Luis Villa Vargas,Mexican Polytechnic Institute,Computer Research Centre,,Mexican Polytechnic Institute – Computer Research Centre,IPN,2007,Mexico
1150,A Novel Model of Artificial Immune System for Solving Constrained Optimization Problems with Dynamic Tolerance Factor,2007_006_0002.png,Bio-inspired & Evolutionary Computing,Victoria S. Aragón,Universidad Nacional de San Luis,Laboratorio de Investigación y Desarrollo en Inteligencia Computacional,"San Luis, Argentina","Laboratorio de Investigación y Desarrollo en Inteligencia Computacional, Universidad Nacional de San Luis, Ejército de los Andes 950, (5700) San Luis, Argentina",~UNSL,2007,Argentina
1151,A Novel Model of Artificial Immune System for Solving Constrained Optimization Problems with Dynamic Tolerance Factor,2007_006_0002.png,Bio-inspired & Evolutionary Computing,Susana C. Esquivel,Universidad Nacional de San Luis,Laboratorio de Investigación y Desarrollo en Inteligencia Computacional,"San Luis, Argentina","Laboratorio de Investigación y Desarrollo en Inteligencia Computacional, Universidad Nacional de San Luis, Ejército de los Andes 950, (5700) San Luis, Argentina",~UNSL,2007,Argentina
1152,A Novel Model of Artificial Immune System for Solving Constrained Optimization Problems with Dynamic Tolerance Factor,2007_006_0002.png,Bio-inspired & Evolutionary Computing,Carlos A. Coello Coello,CINVESTAV-IPN,"Evolutionary Computation Group, Departamento de Computación","México D.F., México","CINVESTAV-IPN (Evolutionary Computation Group), Departamento de Computación, Av. IPN No. 2508, Col. San Pedro Zacatenco, México D.F. 07300, México",CINVESTAV,2007,Mexico
1153,A Genetic Representation for Dynamic System Qualitative Models on Genetic Programming: A Gene Expression Programming Approach,2007_006_0003.png,Bio-inspired & Evolutionary Computing,Ramiro Serrato Paniagua,Universidad Michoacana de San Nicolás de Hidalgo,"División de Estudios de Posgrado, Facultad de Ingeniería Eléctrica","Morelia, México","División de Estudios de Posgrado, Facultad de Ingeniería Eléctrica, Universidad Michoacana de San Nicolás de Hidalgo, Morelia 58000, México",~UMSNH,2007,Mexico
1154,A Genetic Representation for Dynamic System Qualitative Models on Genetic Programming: A Gene Expression Programming Approach,2007_006_0003.png,Bio-inspired & Evolutionary Computing,Juan J. Flores Romero,Universidad Michoacana de San Nicolás de Hidalgo,"División de Estudios de Posgrado, Facultad de Ingeniería Eléctrica","Morelia, México","División de Estudios de Posgrado, Facultad de Ingeniería Eléctrica, Universidad Michoacana de San Nicolás de Hidalgo, Morelia 58000, México",~UMSNH,2007,Mexico
1155,A Genetic Representation for Dynamic System Qualitative Models on Genetic Programming: A Gene Expression Programming Approach,2007_006_0003.png,Bio-inspired & Evolutionary Computing,Carlos A. Coello Coello,CINVESTAV-IPN,Computer Science Department,"México City, México","CINVESTAV-IPN, Computer Science Department, México City 07360, México",CINVESTAV,2007,Mexico
1156,Handling Constraints in Particle Swarm Optimization Using a Small Population Size,2007_006_0004.png,Bio-inspired & Evolutionary Computing,Juan C. Fuentes Cabrera,CINVESTAV-IPN,Departamento de Computación (Evolutionary Computation Group),"México D.F., México","CINVESTAV-IPN (Evolutionary Computation Group)
Departamento de Computación
Av. IPN No. 2508, San Pedro Zacatenco
México D.F. 07360, México",CINVESTAV,2007,Mexico
1157,Handling Constraints in Particle Swarm Optimization Using a Small Population Size,2007_006_0004.png,Bio-inspired & Evolutionary Computing,Carlos A. Coello Coello,CINVESTAV-IPN,Departamento de Computación (Evolutionary Computation Group),"México D.F., México","CINVESTAV-IPN (Evolutionary Computation Group)
Departamento de Computación
Av. IPN No. 2508, San Pedro Zacatenco
México D.F. 07360, México",CINVESTAV,2007,Mexico
1158,Collective Methods on Flock Traffic Navigation Based on Negotiation,2007_006_0005.png,Multi-Agent Systems & Distributed AI,Carlos Astengo-Noguez,ITESM,Campus Monterrey,,ITESM Campus Monterrey,ITESM,2007,Mexico
1159,Collective Methods on Flock Traffic Navigation Based on Negotiation,2007_006_0005.png,Multi-Agent Systems & Distributed AI,Gildardo Sánchez-Ante,ITESM,Campus Guadalajara,,ITESM Campus Guadalajara,ITESM,2007,Mexico
1160,A New Global Optimization Algorithm Inspired by Parliamentary Political Competitions,2007_006_0006.png,Bio-inspired & Evolutionary Computing,Ali Borji,Institute for Studies in Theoretical Physics and Mathematics,School of Cognitive Sciences,"Tehran, Iran","School of Cognitive Sciences, Institute for Studies in Theoretical Physics and Mathematics, Tehran, Iran",~ISTPM,2007,Iran
1161,Discovering Promising Regions to Help Global Numerical Optimization Algorithms,2007_006_0007.png,Heuristic Search & Optimization,Vinícius V. de Melo,State University of São Paulo,,"São Carlos, SP, Brazil","State University of São Paulo, São Carlos - SP, Brazil",~SUSP,2007,Brazil
1162,Discovering Promising Regions to Help Global Numerical Optimization Algorithms,2007_006_0007.png,Heuristic Search & Optimization,Alexandre C. B. Delbem,State University of São Paulo,,"São Carlos, SP, Brazil","State University of São Paulo, São Carlos - SP, Brazil",~SUSP,2007,Brazil
1163,Discovering Promising Regions to Help Global Numerical Optimization Algorithms,2007_006_0007.png,Heuristic Search & Optimization,Dorival L. Pinto Júnior,State University of São Paulo,,"São Carlos, SP, Brazil","State University of São Paulo, São Carlos - SP, Brazil",~SUSP,2007,Brazil
1164,Discovering Promising Regions to Help Global Numerical Optimization Algorithms,2007_006_0007.png,Heuristic Search & Optimization,Fernando M. Federson,State University of São Paulo,,"São Carlos, SP, Brazil","State University of São Paulo, São Carlos - SP, Brazil",~SUSP,2007,Brazil
1165,Clustering Search Approach for the Traveling Tournament Problem,2007_006_0008.png,Heuristic Search & Optimization,Fabrício Lacerda Biajoli,Instituto Nacional de Pesquisas Espaciais - INPE,Laboratório Associado de Computação e Matemática Aplicada - LAC,"São José dos Campos-SP, Brasil","Instituto Nacional de Pesquisas Espaciais - INPE
Laboratório Associado de Computação e Matemática Aplicada - LAC
Av. dos Astronautas, 1.758 - São José dos Campos-SP, Brasil",~INPE-I,2007,Brazil
1166,Clustering Search Approach for the Traveling Tournament Problem,2007_006_0008.png,Heuristic Search & Optimization,Luiz Antonio Nogueira Lorena,Instituto Nacional de Pesquisas Espaciais - INPE,Laboratório Associado de Computação e Matemática Aplicada - LAC,"São José dos Campos-SP, Brasil","Instituto Nacional de Pesquisas Espaciais - INPE
Laboratório Associado de Computação e Matemática Aplicada - LAC
Av. dos Astronautas, 1.758 - São José dos Campos-SP, Brasil",~INPE-I,2007,Brazil
1167,Stationary Fokker – Planck Learning for the Optimization of Parameters in Nonlinear Models,2007_006_0009.png,Heuristic Search & Optimization,Dexmont Peña,Universidad Autónoma de Nuevo León,"Posgrado en Ingeniería de Sistemas, Facultad de Ingeniería Mecánica y Eléctrica","San Nicolás de los Garza, NL, México","Posgrado en Ingeniería de Sistemas, Facultad de Ingeniería Mecánica y Eléctrica Universidad Autónoma de Nuevo León AP 126, Cd. Universitaria, San Nicolás de los Garza, NL 66450, México",~UANL,2007,Mexico
1168,Stationary Fokker – Planck Learning for the Optimization of Parameters in Nonlinear Models,2007_006_0009.png,Heuristic Search & Optimization,Ricardo Sánchez,Universidad Autónoma de Nuevo León,"Posgrado en Ingeniería de Sistemas, Facultad de Ingeniería Mecánica y Eléctrica","San Nicolás de los Garza, NL, México","Posgrado en Ingeniería de Sistemas, Facultad de Ingeniería Mecánica y Eléctrica Universidad Autónoma de Nuevo León AP 126, Cd. Universitaria, San Nicolás de los Garza, NL 66450, México",~UANL,2007,Mexico
1169,Stationary Fokker – Planck Learning for the Optimization of Parameters in Nonlinear Models,2007_006_0009.png,Heuristic Search & Optimization,Arturo Berrones,Universidad Autónoma de Nuevo León,"Posgrado en Ingeniería de Sistemas, Facultad de Ingeniería Mecánica y Eléctrica","San Nicolás de los Garza, NL, México","Posgrado en Ingeniería de Sistemas, Facultad de Ingeniería Mecánica y Eléctrica Universidad Autónoma de Nuevo León AP 126, Cd. Universitaria, San Nicolás de los Garza, NL 66450, México",~UANL,2007,Mexico
1170,From Horn Strong Backdoor Sets to Ordered Strong Backdoor Sets,2007_006_0010.png,Logic & Automated Reasoning,Lionel Paris,Université de Provence,LSIS CNRS UMR 6168,"Marseille, France","LSIS CNRS UMR 6168
Université de Provence
13013 Marseille, France",~UP,2007,France
1171,From Horn Strong Backdoor Sets to Ordered Strong Backdoor Sets,2007_006_0010.png,Logic & Automated Reasoning,Richard Ostrowski,Université de Provence,LSIS CNRS UMR 6168,"Marseille, France","LSIS CNRS UMR 6168
Université de Provence
13013 Marseille, France",~UP,2007,France
1172,From Horn Strong Backdoor Sets to Ordered Strong Backdoor Sets,2007_006_0010.png,Logic & Automated Reasoning,Pierre Siegel,Université de Provence,LSIS CNRS UMR 6168,"Marseille, France","LSIS CNRS UMR 6168
Université de Provence
13013 Marseille, France",~UP,2007,France
1173,From Horn Strong Backdoor Sets to Ordered Strong Backdoor Sets,2007_006_0010.png,Logic & Automated Reasoning,Lakhdar Saïs,Université d’Artois,CRIL CNRS FRE 2499,"Lens, France","CRIL CNRS FRE 2499
Université d’Artois
62307 Lens, France",~UD,2007,France
1174,G–Indicator: An M–Ary Quality Indicator for the Evaluation of Non–dominated Sets,2007_006_0011.png,Heuristic Search & Optimization,Giovanni Lizárraga,Center for Research in Mathematics (CIMAT),Department of Computer Science,,"Center for Research in Mathematics (CIMAT)
Department of Computer Science",CIMAT,2007,Mexico
1175,G–Indicator: An M–Ary Quality Indicator for the Evaluation of Non–dominated Sets,2007_006_0011.png,Heuristic Search & Optimization,Arturo Hernández,Center for Research in Mathematics (CIMAT),Department of Computer Science,,"Center for Research in Mathematics (CIMAT)
Department of Computer Science",CIMAT,2007,Mexico
1176,G–Indicator: An M–Ary Quality Indicator for the Evaluation of Non–dominated Sets,2007_006_0011.png,Heuristic Search & Optimization,Salvador Botello,Center for Research in Mathematics (CIMAT),Department of Computer Science,,"Center for Research in Mathematics (CIMAT)
Department of Computer Science",CIMAT,2007,Mexico
1177,Approximating the ε-Efficient Set of an MOP with Stochastic Search Algorithms,2007_006_0012.png,Heuristic Search & Optimization,Oliver Schütze,CINVESTAV-IPN,Computer Science Department,"México D.F., Mexico","CINVESTAV-IPN, Computer Science Department, México D.F. 07300, Mexico",CINVESTAV,2007,Mexico
1178,Approximating the ε-Efficient Set of an MOP with Stochastic Search Algorithms,2007_006_0012.png,Heuristic Search & Optimization,Carlos A. Coello Coello,CINVESTAV-IPN,Computer Science Department,"México D.F., Mexico","CINVESTAV-IPN, Computer Science Department, México D.F. 07300, Mexico",CINVESTAV,2007,Mexico
1179,Approximating the ε-Efficient Set of an MOP with Stochastic Search Algorithms,2007_006_0012.png,Heuristic Search & Optimization,El-Ghazali Talbi,INRIA Futurs,"LIFL, CNRS Bât M3","Villeneuve d'Ascq, France","INRIA Futurs, LIFL, CNRS Bât M3, Cité Scientifique 59655 Villeneuve d'Ascq, France",~IF,2007,France
1180,A Multicriterion SDSS for the Space Process Control: Towards a Hybrid Approach,2007_006_0013.png,Fuzzy Logic & Fuzzy Systems,Hamdadou Djamila,University of Oran Es-Senia,"Department of computer science, Faculty of Sciences",,"Department of computer science, Faculty of Sciences, University of Oran Es-Senia",~UOE,2007,Unknown
1181,A Multicriterion SDSS for the Space Process Control: Towards a Hybrid Approach,2007_006_0013.png,Fuzzy Logic & Fuzzy Systems,Bouamrane Karim,University of Oran Es-Senia,"Department of computer science, Faculty of Sciences",,"Department of computer science, Faculty of Sciences, University of Oran Es-Senia",~UOE,2007,Unknown
1182,Radial Basis Function Neural Network Based on Order Statistics,2007_006_0014.png,Neural Networks & Deep Learning,Jose A. Moreno-Escobar,National Polytechnic Institute of Mexico,Mechanical and Electrical Engineering Higher School,"Mexico, D. F., Mexico","National Polytechnic Institute of Mexico, Mechanical and Electrical Engineering Higher School, Av. IPN s/n, U.P.A.L.M. SEPI-ESIME, Edif. Z, Acceso 3, Tercer Piso, Col. Lindavista, 07738, Mexico, D. F., Mexico",~NPIM,2007,Mexico
1183,Radial Basis Function Neural Network Based on Order Statistics,2007_006_0014.png,Neural Networks & Deep Learning,Francisco J. Gallegos-Funes,National Polytechnic Institute of Mexico,Mechanical and Electrical Engineering Higher School,"Mexico, D. F., Mexico","National Polytechnic Institute of Mexico, Mechanical and Electrical Engineering Higher School, Av. IPN s/n, U.P.A.L.M. SEPI-ESIME, Edif. Z, Acceso 3, Tercer Piso, Col. Lindavista, 07738, Mexico, D. F., Mexico",~NPIM,2007,Mexico
1184,Radial Basis Function Neural Network Based on Order Statistics,2007_006_0014.png,Neural Networks & Deep Learning,Volodymyr Ponomaryov,National Polytechnic Institute of Mexico,,"Mexico, D. F., Mexico","National Polytechnic Institute of Mexico, Av. Santa Ana 1000, Col. San Francisco Culhuacan, 04430, Mexico, D. F., Mexico",~NPIM,2007,Mexico
1185,Radial Basis Function Neural Network Based on Order Statistics,2007_006_0014.png,Neural Networks & Deep Learning,Jose M. de-la-Rosa-Vazquez,National Polytechnic Institute of Mexico,Mechanical and Electrical Engineering Higher School,"Mexico, D. F., Mexico","National Polytechnic Institute of Mexico, Mechanical and Electrical Engineering Higher School, Av. IPN s/n, U.P.A.L.M. SEPI-ESIME, Edif. Z, Acceso 3, Tercer Piso, Col. Lindavista, 07738, Mexico, D. F., Mexico",~NPIM,2007,Mexico
1186,Temperature Cycling on Simulated Annealing for Neural Network Learning,2007_006_0015.png,Neural Networks & Deep Learning,Sergio Ledesma,University of Guanajuato,Dept. of Electrical & Computer Engineering,"Salamanca, Gto. 36700, México","Dept. of Electrical & Computer Engineering. University of Guanajuato. Salamanca, Gto. 36700, México",~UG,2007,Mexico
1187,Temperature Cycling on Simulated Annealing for Neural Network Learning,2007_006_0015.png,Neural Networks & Deep Learning,Miguel Torres,University of Guanajuato,Dept. of Electrical & Computer Engineering,"Salamanca, Gto. 36700, México","Dept. of Electrical & Computer Engineering. University of Guanajuato. Salamanca, Gto. 36700, México",~UG,2007,Mexico
1188,Temperature Cycling on Simulated Annealing for Neural Network Learning,2007_006_0015.png,Neural Networks & Deep Learning,Donato Hernández,University of Guanajuato,Dept. of Electrical & Computer Engineering,"Salamanca, Gto. 36700, México","Dept. of Electrical & Computer Engineering. University of Guanajuato. Salamanca, Gto. 36700, México",~UG,2007,Mexico
1189,Temperature Cycling on Simulated Annealing for Neural Network Learning,2007_006_0015.png,Neural Networks & Deep Learning,Gabriel Aviña,University of Guanajuato,Dept. of Electrical & Computer Engineering,"Salamanca, Gto. 36700, México","Dept. of Electrical & Computer Engineering. University of Guanajuato. Salamanca, Gto. 36700, México",~UG,2007,Mexico
1190,Temperature Cycling on Simulated Annealing for Neural Network Learning,2007_006_0015.png,Neural Networks & Deep Learning,Guadalupe García,University of Guanajuato,Dept. of Electrical & Computer Engineering,"Salamanca, Gto. 36700, México","Dept. of Electrical & Computer Engineering. University of Guanajuato. Salamanca, Gto. 36700, México",~UG,2007,Mexico
1191,On Conditions for Intermittent Search in Self-organizing Neural Networks,2007_006_0016.png,Neural Networks & Deep Learning,Peter Tiňo,University of Birmingham,,"Birmingham, UK","University of Birmingham, Birmingham, UK",~UB,2007,United Kingdom
1192,Similarity Clustering of Music Files According to User Preference,2007_006_0017.png,Unsupervised Machine Learning,Bastian Tenbergen,State University of New York at Oswego,"Human-Computer Interaction M.A. Program | Cognitive Science Bachelor Program, School of Human Sciences","Oswego, NY, 13126 | Germany","Human-Computer Interaction M.A. Program, State University of New York at Oswego, Oswego, NY, 13126 | Formerly: Cognitive Science Bachelor Program, School of Human Sciences, University of Osnabrück, Germany",~SUNYO,2007,Germany
1193,Similarity Clustering of Music Files According to User Preference,2007_006_0017.png,Unsupervised Machine Learning,Bastian Tenbergen,University of Osnabrück,"Human-Computer Interaction M.A. Program | Cognitive Science Bachelor Program, School of Human Sciences","Oswego, NY, 13126 | Germany","Human-Computer Interaction M.A. Program, State University of New York at Oswego, Oswego, NY, 13126 | Formerly: Cognitive Science Bachelor Program, School of Human Sciences, University of Osnabrück, Germany",~UO,2007,Germany
1194,Complete Recall on Alpha-Beta Heteroassociative Memory,2007_006_0018.png,Neural Networks & Deep Learning,Israel Román-Godínez,Instituto Politécnico Nacional,Centro de Investigación en Computación,"Del. Gustavo A. Madero, México, D.F. México","Centro de Investigación en Computación
Juan de Dios Bátiz s/n esq. Miguel Othón de Mendizábal
Unidad Profesional Adolfo López Mateos
Del. Gustavo A. Madero, México, D.F. México",IPN,2007,Mexico
1195,Complete Recall on Alpha-Beta Heteroassociative Memory,2007_006_0018.png,Neural Networks & Deep Learning,Cornelio Yáñez-Márquez,Instituto Politécnico Nacional,Centro de Investigación en Computación,"Del. Gustavo A. Madero, México, D.F. México","Centro de Investigación en Computación
Juan de Dios Bátiz s/n esq. Miguel Othón de Mendizábal
Unidad Profesional Adolfo López Mateos
Del. Gustavo A. Madero, México, D.F. México",IPN,2007,Mexico
1196,I-Cog: A Computational Framework for Integrated Cognition of Higher Cognitive Abilities,2007_006_0019.png,Hybrid AI & Expert Systems,Kai-Uwe Kühnberger,University of Osnabrück,Institute of Cognitive Science,"Osnabrück, Germany","Institute of Cognitive Science, University of Osnabrück, D-49076 Osnabrück, Germany",~UO,2007,Germany
1197,I-Cog: A Computational Framework for Integrated Cognition of Higher Cognitive Abilities,2007_006_0019.png,Hybrid AI & Expert Systems,Tonio Wandmacher,University of Osnabrück,Institute of Cognitive Science,"Osnabrück, Germany","Institute of Cognitive Science, University of Osnabrück, D-49076 Osnabrück, Germany",~UO,2007,Germany
1198,I-Cog: A Computational Framework for Integrated Cognition of Higher Cognitive Abilities,2007_006_0019.png,Hybrid AI & Expert Systems,Angela Schwering,University of Osnabrück,Institute of Cognitive Science,"Osnabrück, Germany","Institute of Cognitive Science, University of Osnabrück, D-49076 Osnabrück, Germany",~UO,2007,Germany
1199,I-Cog: A Computational Framework for Integrated Cognition of Higher Cognitive Abilities,2007_006_0019.png,Hybrid AI & Expert Systems,Ekaterina Ovchinnikova,University of Osnabrück,Institute of Cognitive Science,"Osnabrück, Germany","Institute of Cognitive Science, University of Osnabrück, D-49076 Osnabrück, Germany",~UO,2007,Germany
1200,I-Cog: A Computational Framework for Integrated Cognition of Higher Cognitive Abilities,2007_006_0019.png,Hybrid AI & Expert Systems,Ulf Krumnack,University of Osnabrück,Institute of Cognitive Science,"Osnabrück, Germany","Institute of Cognitive Science, University of Osnabrück, D-49076 Osnabrück, Germany",~UO,2007,Germany
1201,I-Cog: A Computational Framework for Integrated Cognition of Higher Cognitive Abilities,2007_006_0019.png,Hybrid AI & Expert Systems,Helmar Gust,University of Osnabrück,Institute of Cognitive Science,"Osnabrück, Germany","Institute of Cognitive Science, University of Osnabrück, D-49076 Osnabrück, Germany",~UO,2007,Germany
1202,I-Cog: A Computational Framework for Integrated Cognition of Higher Cognitive Abilities,2007_006_0019.png,Hybrid AI & Expert Systems,Peter Geibel,University of Osnabrück,Institute of Cognitive Science,"Osnabrück, Germany","Institute of Cognitive Science, University of Osnabrück, D-49076 Osnabrück, Germany",~UO,2007,Germany
1203,A Rule-Based System for Assessing Consistency Between UML Models,2007_006_0020.png,Hybrid AI & Expert Systems,Carlos Mario Zapata,Universidad Nacional de Colombia,Escuela de Sistemas,"Medellín, Colombia","Escuela de Sistemas, Universidad Nacional de Colombia, Carrera 80 N° 65-23, Bloque M8. Medellín, Colombia",~UNC,2007,Colombia
1204,A Rule-Based System for Assessing Consistency Between UML Models,2007_006_0020.png,Hybrid AI & Expert Systems,Guillermo González,Universidad Nacional de Colombia,Escuela de Sistemas,"Medellín, Colombia","Escuela de Sistemas, Universidad Nacional de Colombia, Carrera 80 N° 65-23, Bloque M8. Medellín, Colombia",~UNC,2007,Colombia
1205,A Rule-Based System for Assessing Consistency Between UML Models,2007_006_0020.png,Hybrid AI & Expert Systems,Alexander Gelbukh,National Polytechnic Institute (IPN),Computing Research Center (CIC),"Col. Zacatenco, DF, Mexico","Computing Research Center (CIC), National Polytechnic Institute (IPN), Col. Zacatenco, 07738, DF, Mexico",IPN,2007,Mexico
1206,Partial Satisfiability-Based Merging,2007_006_0021.png,Knowledge Representation & Reasoning,Pilar Pozos Parra,Universidad Juárez Autónoma de Tabasco,,"Cunduacán, Tabasco, México","Universidad Juárez Autónoma de Tabasco, Carretera Cunduacán - Jalpa Km. 1 Cunduacán Tabasco, México",~UJAT,2007,Mexico
1207,Partial Satisfiability-Based Merging,2007_006_0021.png,Knowledge Representation & Reasoning,Verónica Borja Macías,Universidad Tecnológica de la Mixteca,,"Huajuapan de León, Oaxaca, México","Universidad Tecnológica de la Mixteca, Carretera a Acatlima Km 2.5 Huajuapan de León Oaxaca, México",~UTM,2007,Mexico
1208,Optimizing Inference in Bayesian Networks and Semiring Valuation Algebras,2007_006_0022.png,Probabilistic & Statistical Reasoning,Michael Wachter,University of Bern,,Switzerland,"University of Bern, Switzerland",~UB,2007,Switzerland
1209,Optimizing Inference in Bayesian Networks and Semiring Valuation Algebras,2007_006_0022.png,Probabilistic & Statistical Reasoning,Rolf Haenni,Bern University of Applied Sciences,,Switzerland,"Bern University of Applied Sciences, Switzerland",~BUAS,2007,Switzerland
1210,Optimizing Inference in Bayesian Networks and Semiring Valuation Algebras,2007_006_0022.png,Probabilistic & Statistical Reasoning,Marc Pouly,University of Fribourg,,Switzerland,"University of Fribourg, Switzerland",~UF,2007,Switzerland
1211,Compiling Solution Configurations in Semiring Valuation Systems,2007_006_0023.png,Knowledge Representation & Reasoning,Marc Pouly,University of Fribourg,,Switzerland,"University of Fribourg, Switzerland",~UF,2007,Switzerland
1212,Compiling Solution Configurations in Semiring Valuation Systems,2007_006_0023.png,Knowledge Representation & Reasoning,Rolf Haenni,Bern University of Applied Sciences,,Switzerland,"Bern University of Applied Sciences, Switzerland | University of Bern, Switzerland",~BUAS,2007,Switzerland
1213,Compiling Solution Configurations in Semiring Valuation Systems,2007_006_0023.png,Knowledge Representation & Reasoning,Rolf Haenni,University of Bern,,Switzerland,"Bern University of Applied Sciences, Switzerland | University of Bern, Switzerland",~UB,2007,Switzerland
1214,Compiling Solution Configurations in Semiring Valuation Systems,2007_006_0023.png,Knowledge Representation & Reasoning,Michael Wachter,University of Bern,,Switzerland,"University of Bern, Switzerland",~UB,2007,Switzerland
1215,Implementing Knowledge Update Sequences,2007_006_0024.png,Knowledge Representation & Reasoning,Juan C. Acosta Guadarrama,TU-Clausthal,Institute of Computer Science,"Clausthal, Germany","Institute of Computer Science, TU-Clausthal, Germany",~T,2007,Germany
1216,On Reachability of Minimal Models of Multilattice-Based Logic Programs,2007_006_0025.png,Fuzzy Logic & Fuzzy Systems,Jesús Medina,Universidad de Málaga,Dept. Matemática Aplicada,,Dept. Matemática Aplicada. Universidad de Málaga,~UM,2007,Spain
1217,On Reachability of Minimal Models of Multilattice-Based Logic Programs,2007_006_0025.png,Fuzzy Logic & Fuzzy Systems,Manuel Ojeda-Aciego,Universidad de Málaga,Dept. Matemática Aplicada,,Dept. Matemática Aplicada. Universidad de Málaga,~UM,2007,Spain
1218,On Reachability of Minimal Models of Multilattice-Based Logic Programs,2007_006_0025.png,Fuzzy Logic & Fuzzy Systems,Jorge Ruiz-Calviño,Universidad de Málaga,Dept. Matemática Aplicada,,Dept. Matemática Aplicada. Universidad de Málaga,~UM,2007,Spain
1219,Update Sequences Based on Minimal Generalized Pstable Models,2007_006_0026.png,Knowledge Representation & Reasoning,Mauricio Osorio,Universidad de las Américas,CENTIA,"Cholula, Puebla, México","Universidad de las Américas, CENTIA, Sta. Catarina Mártir, Cholula, Puebla, 72820 México",UDLAP,2007,Mexico
1220,Update Sequences Based on Minimal Generalized Pstable Models,2007_006_0026.png,Knowledge Representation & Reasoning,Claudia Zepeda,Universidad Politécnica de Puebla,,"Municipio Juan C. Bonilla, Puebla, México","Universidad Politécnica de Puebla, Tercer Carril del Ejido Serrano, San Mateo Cuanala, Municipio Juan C. Bonilla, Puebla, 72640 México",~UPP,2007,Mexico
1221,PStable Semantics for Possibilistic Logic Programs,2007_006_0027.png,Knowledge Representation & Reasoning,Mauricio Osorio,Universidad de las Américas - Puebla,CENTIA,"Cholula, Puebla, México","Universidad de las Américas - Puebla CENTIA, Sta. Catarina Mártir, Cholula, Puebla, 72820 México",~UA-P,2007,Mexico
1222,PStable Semantics for Possibilistic Logic Programs,2007_006_0027.png,Knowledge Representation & Reasoning,Juan Carlos Nieves,Universitat Politècnica de Catalunya,Software Department (LSI),"Barcelona, Spain","Universitat Politècnica de Catalunya Software Department (LSI) c/Jordi Girona 1-3, E08034, Barcelona, Spain",~UPC,2007,Spain
1223,Improving Efficiency of Prolog Programs by Fully Automated Unfold/Fold Transformation,2007_006_0028.png,Logic & Automated Reasoning,Jiří Vyskočil,Charles University,Department of Theoretical Computer Science and Mathematical Logic,"Praha, Czech Republic","Department of Theoretical Computer Science and Mathematical Logic
Charles University
Malostranské náměstí 25
118 00 Praha 1, Czech Republic",~CU,2007,Czech Republic
1224,Improving Efficiency of Prolog Programs by Fully Automated Unfold/Fold Transformation,2007_006_0028.png,Logic & Automated Reasoning,Petr Štěpánek,Charles University,Department of Theoretical Computer Science and Mathematical Logic,"Praha, Czech Republic","Department of Theoretical Computer Science and Mathematical Logic
Charles University
Malostranské náměstí 25
118 00 Praha 1, Czech Republic",~CU,2007,Czech Republic
1225,A Word Equation Solver Based on Levensthein Distance,2007_006_0029.png,Bio-inspired & Evolutionary Computing,César L. Alonso,Universidad de Oviedo,Centro de Inteligencia Artificial,"Gijón, Spain","Centro de Inteligencia Artificial, Universidad de Oviedo Campus de Viesques, 33271 Gijón, Spain",~UO,2007,Spain
1226,A Word Equation Solver Based on Levensthein Distance,2007_006_0029.png,Bio-inspired & Evolutionary Computing,David Alonso,Universidad de Oviedo,Centro de Inteligencia Artificial,"Gijón, Spain","Centro de Inteligencia Artificial, Universidad de Oviedo Campus de Viesques, 33271 Gijón, Spain",~UO,2007,Spain
1227,A Word Equation Solver Based on Levensthein Distance,2007_006_0029.png,Bio-inspired & Evolutionary Computing,Mar Callau,Universidad Complutense de Madrid,,,Universidad Complutense de Madrid,~UCM,2007,Spain
1228,A Word Equation Solver Based on Levensthein Distance,2007_006_0029.png,Bio-inspired & Evolutionary Computing,José Luis Montaña,Universidad de Cantabria,"Departamento de Matemáticas, Estadística y Computación",,"Departamento de Matemáticas, Estadística y Computación, Universidad de Cantabria",~UC,2007,Spain
1229,Simple Model-Based Exploration and Exploitation of Markov Decision Processes Using the Elimination Algorithm,2007_006_0030.png,Reinforcement Learning,Elizabeth Novoa,Universidad de Santiago de Chile,Departamento de Ingeniería Informática,"Santiago, Chile","Departamento de Ingeniería Informática, Universidad de Santiago de Chile, Av. Ecuador 3659, Santiago, Chile",~USC,2007,Chile
1230,A Simple Model for Assessing Output Uncertainty in Stochastic Simulation Systems,2007_006_0031.png,Probabilistic & Statistical Reasoning,Tengda Sun,Chinese Academy of Sciences,Institute of Geographic Science & Natural Resources Research | | Navigation College,"Beijing, P.R. China | Beijing, P.R. China | XIAMEN, P.R. China","1 Institute of Geographic Science & Natural Resources Research, Chinese Academy of Sciences, Beijing 100101, P.R. China | 2 Graduate University of the Chinese Academy of Sciences, Beijing 100039, P.R. China | 3 Navigation College, Jimei University, XIAMEN, 361021, P.R. China",~CAS,2007,China
1231,A Simple Model for Assessing Output Uncertainty in Stochastic Simulation Systems,2007_006_0031.png,Probabilistic & Statistical Reasoning,Tengda Sun,Graduate University of the Chinese Academy of Sciences,Institute of Geographic Science & Natural Resources Research | | Navigation College,"Beijing, P.R. China | Beijing, P.R. China | XIAMEN, P.R. China","1 Institute of Geographic Science & Natural Resources Research, Chinese Academy of Sciences, Beijing 100101, P.R. China | 2 Graduate University of the Chinese Academy of Sciences, Beijing 100039, P.R. China | 3 Navigation College, Jimei University, XIAMEN, 361021, P.R. China",~GUCAS,2007,China
1232,A Simple Model for Assessing Output Uncertainty in Stochastic Simulation Systems,2007_006_0031.png,Probabilistic & Statistical Reasoning,Tengda Sun,Jimei University,Institute of Geographic Science & Natural Resources Research | | Navigation College,"Beijing, P.R. China | Beijing, P.R. China | XIAMEN, P.R. China","1 Institute of Geographic Science & Natural Resources Research, Chinese Academy of Sciences, Beijing 100101, P.R. China | 2 Graduate University of the Chinese Academy of Sciences, Beijing 100039, P.R. China | 3 Navigation College, Jimei University, XIAMEN, 361021, P.R. China",~JU,2007,China
1233,A Simple Model for Assessing Output Uncertainty in Stochastic Simulation Systems,2007_006_0031.png,Probabilistic & Statistical Reasoning,Jinfeng Wang,Chinese Academy of Sciences,Institute of Geographic Science & Natural Resources Research,"Beijing, P.R. China","1 Institute of Geographic Science & Natural Resources Research, Chinese Academy of Sciences, Beijing 100101, P.R. China",~CAS,2007,China
1234,An Empirically Terminological Point of View on Agentism in the Artificial,2007_006_0032.png,Multi-Agent Systems & Distributed AI,C.T.A. Schmidt,Le Mans University,LIUM,"Laval, France","Le Mans University
LIUM
52, Rue des Docteurs Calmette et Guérin,
53020 Laval France",~LMU,2007,France
1235,Inductive Logic Programming Algorithm for Estimating Quality of Partial Plans,2007_006_0033.png,Knowledge Representation & Reasoning,Sławomir Nowaczyk,Lund University,Department of Computer Science,Sweden,"Department of Computer Science
Lund University, Sweden",~LU,2007,Sweden
1236,Inductive Logic Programming Algorithm for Estimating Quality of Partial Plans,2007_006_0033.png,Knowledge Representation & Reasoning,Jacek Malec,Lund University,Department of Computer Science,Sweden,"Department of Computer Science
Lund University, Sweden",~LU,2007,Sweden
1237,Modeling Emotion-Influenced Social Behavior for Intelligent Virtual Agents,2007_006_0034.png,Hybrid AI & Expert Systems,Jackeline Spinola de Freitas,State University of Campinas,"School of Electrical and Computer Engineering | Research Group on History, Philosophy, and Teaching of Biological Sciences, Institute of Biology","Campinas-SP, Brazil | Salvador-BA, Brazil","School of Electrical and Computer Engineering State University of Campinas P.O. Box 6101 – 13083-852 Campinas-SP, Brazil | Research Group on History, Philosophy, and Teaching of Biological Sciences, Institute of Biology, Federal University of Bahia, Salvador-BA, Brazil",~SUC,2007,Brazil
1238,Modeling Emotion-Influenced Social Behavior for Intelligent Virtual Agents,2007_006_0034.png,Hybrid AI & Expert Systems,Jackeline Spinola de Freitas,Federal University of Bahia,"School of Electrical and Computer Engineering | Research Group on History, Philosophy, and Teaching of Biological Sciences, Institute of Biology","Campinas-SP, Brazil | Salvador-BA, Brazil","School of Electrical and Computer Engineering State University of Campinas P.O. Box 6101 – 13083-852 Campinas-SP, Brazil | Research Group on History, Philosophy, and Teaching of Biological Sciences, Institute of Biology, Federal University of Bahia, Salvador-BA, Brazil",~FUB,2007,Brazil
1239,Modeling Emotion-Influenced Social Behavior for Intelligent Virtual Agents,2007_006_0034.png,Hybrid AI & Expert Systems,Ricardo Imbert,Universidad Politécnica de Madrid,Computer Science School,"Boadilla del Monte, Madrid, Spain","Computer Science School, Universidad Politécnica de Madrid, Campus de Montegancedo, s/n, 28660 Boadilla del Monte, Madrid, Spain",*UPM,2007,Spain
1240,Modeling Emotion-Influenced Social Behavior for Intelligent Virtual Agents,2007_006_0034.png,Hybrid AI & Expert Systems,João Queiroz,State University of Campinas,"School of Electrical and Computer Engineering | Research Group on History, Philosophy, and Teaching of Biological Sciences, Institute of Biology","Campinas-SP, Brazil | Salvador-BA, Brazil","School of Electrical and Computer Engineering State University of Campinas P.O. Box 6101 – 13083-852 Campinas-SP, Brazil | Research Group on History, Philosophy, and Teaching of Biological Sciences, Institute of Biology, Federal University of Bahia, Salvador-BA, Brazil",~SUC,2007,Brazil
1241,Modeling Emotion-Influenced Social Behavior for Intelligent Virtual Agents,2007_006_0034.png,Hybrid AI & Expert Systems,João Queiroz,Federal University of Bahia,"School of Electrical and Computer Engineering | Research Group on History, Philosophy, and Teaching of Biological Sciences, Institute of Biology","Campinas-SP, Brazil | Salvador-BA, Brazil","School of Electrical and Computer Engineering State University of Campinas P.O. Box 6101 – 13083-852 Campinas-SP, Brazil | Research Group on History, Philosophy, and Teaching of Biological Sciences, Institute of Biology, Federal University of Bahia, Salvador-BA, Brazil",~FUB,2007,Brazil
1242,Just-in-Time Monitoring of Project Activities Through Temporal Reasoning,2007_006_0035.png,Knowledge Representation & Reasoning,Sara E. Garza,Tecnológico de Monterrey,Centro de Sistemas Inteligentes,,"Tecnológico de Monterrey
Centro de Sistemas Inteligentes",ITESM,2007,Mexico
1243,Just-in-Time Monitoring of Project Activities Through Temporal Reasoning,2007_006_0035.png,Knowledge Representation & Reasoning,José Luis Aguirre,Tecnológico de Monterrey,Centro de Sistemas Inteligentes,,"Tecnológico de Monterrey
Centro de Sistemas Inteligentes",ITESM,2007,Mexico
1244,Scaling Kernels: A New Least Squares Support Vector Machine Kernel for Approximation,2007_006_0036.png,Supervised Machine Learning,Mu Xiangyang,Xi'an Jiaotong University,Dept. of Information and Commun. Engineering,"Xi'an, China","Dept. of Information and Commun. Engineering, Xi'an Jiaotong University, Xi'an 710049, China",~XJU,2007,China
1245,Scaling Kernels: A New Least Squares Support Vector Machine Kernel for Approximation,2007_006_0036.png,Supervised Machine Learning,Zhang Taiyi,Xi'an Jiaotong University,Dept. of Information and Commun. Engineering,"Xi'an, China","Dept. of Information and Commun. Engineering, Xi'an Jiaotong University, Xi'an 710049, China",~XJU,2007,China
1246,Scaling Kernels: A New Least Squares Support Vector Machine Kernel for Approximation,2007_006_0036.png,Supervised Machine Learning,Zhou Yatong,Hebei University of Technology,School of Information Engineering,"Tianjin, China","School of Information Engineering, Hebei University of Technology, Tianjin 300401, China",~HUT,2007,China
1247,Evolutionary Feature and Parameter Selection in Support Vector Regression,2007_006_0037.png,Bio-inspired & Evolutionary Computing,Iván Mejía-Guevara,Universidad Nacional Autónoma de México,Instituto de Investigaciones en Matemáticas Aplicadas y Sistemas (IIMAS),"D. F., México","Instituto de Investigaciones en Matemáticas Aplicadas y Sistemas (IIMAS), Universidad Nacional Autónoma de México (UNAM), Circuito Escolar S/N, CU, 04510 D. F., México",UNAM,2007,Mexico
1248,Evolutionary Feature and Parameter Selection in Support Vector Regression,2007_006_0037.png,Bio-inspired & Evolutionary Computing,Ángel Kuri-Morales,Instituto Tecnológico Autónomo de México,Departamento de Computación,"D. F., México","Departamento de Computación, Instituto Tecnológico Autónomo de México, Río Hondo No. 1, 01000 D. F., México",ITAM,2007,Mexico
1249,Learning Models of Relational MDPs Using Graph Kernels,2007_006_0038.png,Reinforcement Learning,Florian Halbritter,University of Osnabrück,Institute of Cognitive Science,"Osnabrück, Germany","Institute of Cognitive Science, University of Osnabrück
Albrechtstrasse 28, 49076 Osnabrück, Germany",~UO,2007,Germany
1250,Learning Models of Relational MDPs Using Graph Kernels,2007_006_0038.png,Reinforcement Learning,Peter Geibel,University of Osnabrück,Institute of Cognitive Science,"Osnabrück, Germany","Institute of Cognitive Science, University of Osnabrück
Albrechtstrasse 28, 49076 Osnabrück, Germany",~UO,2007,Germany
1251,Weighted Instance-Based Learning Using Representative Intervals,2007_006_0039.png,Supervised Machine Learning,Octavio Gómez,"National Institute of Astrophysics, Optics and Electronics",Computer Science Department,"Tonantzintla, México","National Institute of Astrophysics, Optics and Electronics, Computer Science Department, Luis Enrique Erro 1, 72840 Tonantzintla, México",INAOE,2007,Mexico
1252,Weighted Instance-Based Learning Using Representative Intervals,2007_006_0039.png,Supervised Machine Learning,Eduardo F. Morales,"National Institute of Astrophysics, Optics and Electronics",Computer Science Department,"Tonantzintla, México","National Institute of Astrophysics, Optics and Electronics, Computer Science Department, Luis Enrique Erro 1, 72840 Tonantzintla, México",INAOE,2007,Mexico
1253,Weighted Instance-Based Learning Using Representative Intervals,2007_006_0039.png,Supervised Machine Learning,Jesús A. González,"National Institute of Astrophysics, Optics and Electronics",Computer Science Department,"Tonantzintla, México","National Institute of Astrophysics, Optics and Electronics, Computer Science Department, Luis Enrique Erro 1, 72840 Tonantzintla, México",INAOE,2007,Mexico
1254,A Novel Information Theory Method for Filter Feature Selection,2007_006_0040.png,Data Mining & Knowledge Discovery,Boyan Bonev,Alicante University,Department of Computer Science and Artificial Intelligence,"Alicante, Spain","Department of Computer Science and Artificial Intelligence, Alicante University, P.O.B. 99, E-03080 Alicante, Spain",~AU,2007,Spain
1255,A Novel Information Theory Method for Filter Feature Selection,2007_006_0040.png,Data Mining & Knowledge Discovery,Francisco Escolano,Alicante University,Department of Computer Science and Artificial Intelligence,"Alicante, Spain","Department of Computer Science and Artificial Intelligence, Alicante University, P.O.B. 99, E-03080 Alicante, Spain",~AU,2007,Spain
1256,A Novel Information Theory Method for Filter Feature Selection,2007_006_0040.png,Data Mining & Knowledge Discovery,Miguel Angel Cazorla,Alicante University,Department of Computer Science and Artificial Intelligence,"Alicante, Spain","Department of Computer Science and Artificial Intelligence, Alicante University, P.O.B. 99, E-03080 Alicante, Spain",~AU,2007,Spain
1257,Building Fine Bayesian Networks Aided by PSO-Based Feature Selection,2007_006_0041.png,Probabilistic & Statistical Reasoning,María del Carmen Chávez,Central University of Las Villas,Computer Science Department,"Santa Clara, Cuba","Computer Science Department, Central University of Las Villas
Carretera Camajuaní km 5 ½ Santa Clara, Cuba",~CUV,2007,Cuba
1258,Building Fine Bayesian Networks Aided by PSO-Based Feature Selection,2007_006_0041.png,Probabilistic & Statistical Reasoning,Gladys Casas,Central University of Las Villas,Computer Science Department,"Santa Clara, Cuba","Computer Science Department, Central University of Las Villas
Carretera Camajuaní km 5 ½ Santa Clara, Cuba",~CUV,2007,Cuba
1259,Building Fine Bayesian Networks Aided by PSO-Based Feature Selection,2007_006_0041.png,Probabilistic & Statistical Reasoning,Rafael Falcón,Central University of Las Villas,Computer Science Department,"Santa Clara, Cuba","Computer Science Department, Central University of Las Villas
Carretera Camajuaní km 5 ½ Santa Clara, Cuba",~CUV,2007,Cuba
1260,Building Fine Bayesian Networks Aided by PSO-Based Feature Selection,2007_006_0041.png,Probabilistic & Statistical Reasoning,Jorge E. Moreira,Central University of Las Villas,Computer Science Department,"Santa Clara, Cuba","Computer Science Department, Central University of Las Villas
Carretera Camajuaní km 5 ½ Santa Clara, Cuba",~CUV,2007,Cuba
1261,Building Fine Bayesian Networks Aided by PSO-Based Feature Selection,2007_006_0041.png,Probabilistic & Statistical Reasoning,Ricardo Grau,Central University of Las Villas,Computer Science Department,"Santa Clara, Cuba","Computer Science Department, Central University of Las Villas
Carretera Camajuaní km 5 ½ Santa Clara, Cuba",~CUV,2007,Cuba
1262,Two Simple and Effective Feature Selection Methods for Continuous Attributes with Discrete Multi-class,2007_006_0042.png,Data Mining & Knowledge Discovery,Manuel Mejía-Lavalle,Instituto de Investigaciones Eléctricas,,"Cuernavaca, Morelos, México | StMa. Tonantzintla, Puebla, México","Instituto de Investigaciones Eléctricas, Reforma 113, 62490 Cuernavaca, Morelos, México | INAOE, L.E.Erro 1, 72840 StMa. Tonantzintla, Puebla, México",IIE,2007,Mexico
1263,Two Simple and Effective Feature Selection Methods for Continuous Attributes with Discrete Multi-class,2007_006_0042.png,Data Mining & Knowledge Discovery,Manuel Mejía-Lavalle,INAOE,,"Cuernavaca, Morelos, México | StMa. Tonantzintla, Puebla, México","Instituto de Investigaciones Eléctricas, Reforma 113, 62490 Cuernavaca, Morelos, México | INAOE, L.E.Erro 1, 72840 StMa. Tonantzintla, Puebla, México",INAOE,2007,Mexico
1264,Two Simple and Effective Feature Selection Methods for Continuous Attributes with Discrete Multi-class,2007_006_0042.png,Data Mining & Knowledge Discovery,Eduardo F. Morales,Instituto de Investigaciones Eléctricas,,"Cuernavaca, Morelos, México | StMa. Tonantzintla, Puebla, México","Instituto de Investigaciones Eléctricas, Reforma 113, 62490 Cuernavaca, Morelos, México | INAOE, L.E.Erro 1, 72840 StMa. Tonantzintla, Puebla, México",IIE,2007,Mexico
1265,Two Simple and Effective Feature Selection Methods for Continuous Attributes with Discrete Multi-class,2007_006_0042.png,Data Mining & Knowledge Discovery,Eduardo F. Morales,INAOE,,"Cuernavaca, Morelos, México | StMa. Tonantzintla, Puebla, México","Instituto de Investigaciones Eléctricas, Reforma 113, 62490 Cuernavaca, Morelos, México | INAOE, L.E.Erro 1, 72840 StMa. Tonantzintla, Puebla, México",INAOE,2007,Mexico
1266,Two Simple and Effective Feature Selection Methods for Continuous Attributes with Discrete Multi-class,2007_006_0042.png,Data Mining & Knowledge Discovery,Gustavo Arroyo,Instituto de Investigaciones Eléctricas,,"Cuernavaca, Morelos, México | StMa. Tonantzintla, Puebla, México","Instituto de Investigaciones Eléctricas, Reforma 113, 62490 Cuernavaca, Morelos, México | INAOE, L.E.Erro 1, 72840 StMa. Tonantzintla, Puebla, México",IIE,2007,Mexico
1267,Two Simple and Effective Feature Selection Methods for Continuous Attributes with Discrete Multi-class,2007_006_0042.png,Data Mining & Knowledge Discovery,Gustavo Arroyo,INAOE,,"Cuernavaca, Morelos, México | StMa. Tonantzintla, Puebla, México","Instituto de Investigaciones Eléctricas, Reforma 113, 62490 Cuernavaca, Morelos, México | INAOE, L.E.Erro 1, 72840 StMa. Tonantzintla, Puebla, México",INAOE,2007,Mexico
1268,INCRAIN: An Incremental Approach for the Gravitational Clustering,2007_006_0043.png,Unsupervised Machine Learning,Jonatan Gomez,Universidad Nacional de Colombia,Computer Systems Engineering Department,,"Universidad Nacional de Colombia
Computer Systems Engineering Department",~UNC,2007,Colombia
1269,INCRAIN: An Incremental Approach for the Gravitational Clustering,2007_006_0043.png,Unsupervised Machine Learning,Juan Peña-Kaltekis,Universidad Nacional de Colombia,Computer Systems Engineering Department,,"Universidad Nacional de Colombia
Computer Systems Engineering Department",~UNC,2007,Colombia
1270,INCRAIN: An Incremental Approach for the Gravitational Clustering,2007_006_0043.png,Unsupervised Machine Learning,Nestor Romero-Leon,Universidad Nacional de Colombia,Computer Systems Engineering Department,,"Universidad Nacional de Colombia
Computer Systems Engineering Department",~UNC,2007,Colombia
1271,INCRAIN: An Incremental Approach for the Gravitational Clustering,2007_006_0043.png,Unsupervised Machine Learning,Elizabeth Leon,Universidad Nacional de Colombia,Computer Systems Engineering Department,,"Universidad Nacional de Colombia
Computer Systems Engineering Department",~UNC,2007,Colombia
1272,On the Influence of Class Information in the Two-Stage Clustering of a Human Brain Tumour Dataset,2007_006_0044.png,Unsupervised Machine Learning,Raúl Cruz-Barbosa,Universitat Politècnica de Catalunya,,"Barcelona, Spain | Huajuapan, Oaxaca, México","Universitat Politècnica de Catalunya, Jordi Girona, 08034, Barcelona, Spain | Universidad Tecnológica de la Mixteca, Car. Acatlima km. 2.5, 69000, Huajuapan, Oaxaca, México",~UPC,2007,Mexico
1273,On the Influence of Class Information in the Two-Stage Clustering of a Human Brain Tumour Dataset,2007_006_0044.png,Unsupervised Machine Learning,Raúl Cruz-Barbosa,Universidad Tecnológica de la Mixteca,,"Barcelona, Spain | Huajuapan, Oaxaca, México","Universitat Politècnica de Catalunya, Jordi Girona, 08034, Barcelona, Spain | Universidad Tecnológica de la Mixteca, Car. Acatlima km. 2.5, 69000, Huajuapan, Oaxaca, México",~UTM,2007,Mexico
1274,On the Influence of Class Information in the Two-Stage Clustering of a Human Brain Tumour Dataset,2007_006_0044.png,Unsupervised Machine Learning,Alfredo Vellido,Universitat Politècnica de Catalunya,,"Barcelona, Spain","Universitat Politècnica de Catalunya, Jordi Girona, 08034, Barcelona, Spain",~UPC,2007,Spain
1275,Learning Collaboration Links in a Collaborative Fuzzy Clustering Environment,2007_006_0045.png,Fuzzy Logic & Fuzzy Systems,Rafael Falcon,Universidad Central de Las Villas,Computer Science Department,"Santa Clara, Cuba","Computer Science Department, Universidad Central de Las Villas
Carretera Camajuaní km 5 ½ Santa Clara, Cuba",~UCV,2007,Cuba
1276,Learning Collaboration Links in a Collaborative Fuzzy Clustering Environment,2007_006_0045.png,Fuzzy Logic & Fuzzy Systems,Gwanggil Jeon,Hanyang University,Dept. of Electronics and Computer Engineering,"Seoul, Korea","Dept. of Electronics and Computer Engineering, Hanyang University
17 Haengdang-dong, Seongdong-gu, Seoul, Korea",~HU,2007,South Korea
1277,Learning Collaboration Links in a Collaborative Fuzzy Clustering Environment,2007_006_0045.png,Fuzzy Logic & Fuzzy Systems,Rafael Bello,Universidad Central de Las Villas,Computer Science Department,"Santa Clara, Cuba","Computer Science Department, Universidad Central de Las Villas
Carretera Camajuaní km 5 ½ Santa Clara, Cuba",~UCV,2007,Cuba
1278,Learning Collaboration Links in a Collaborative Fuzzy Clustering Environment,2007_006_0045.png,Fuzzy Logic & Fuzzy Systems,Jechang Jeong,Hanyang University,Dept. of Electronics and Computer Engineering,"Seoul, Korea","Dept. of Electronics and Computer Engineering, Hanyang University
17 Haengdang-dong, Seongdong-gu, Seoul, Korea",~HU,2007,South Korea
1279,Algorithm for Graphical Bayesian Modeling Based on Multiple Regressions,2007_006_0046.png,Probabilistic & Statistical Reasoning,Ádamo L. de Santana,Federal University of Para,Laboratory of High Performance Networks Planning,"Belem, PA, Brazil","Laboratory of High Performance Networks Planning, Federal University of Para
R. Augusto Correa, 01, 66075-110, Belem, PA, Brazil",~FUP,2007,Brazil
1280,Algorithm for Graphical Bayesian Modeling Based on Multiple Regressions,2007_006_0046.png,Probabilistic & Statistical Reasoning,Carlos Renato L. Francês,Federal University of Para,Laboratory of High Performance Networks Planning,"Belem, PA, Brazil","Laboratory of High Performance Networks Planning, Federal University of Para
R. Augusto Correa, 01, 66075-110, Belem, PA, Brazil",~FUP,2007,Brazil
1281,Algorithm for Graphical Bayesian Modeling Based on Multiple Regressions,2007_006_0046.png,Probabilistic & Statistical Reasoning,João C. Weyl Costa,Federal University of Para,Laboratory of High Performance Networks Planning,"Belem, PA, Brazil","Laboratory of High Performance Networks Planning, Federal University of Para
R. Augusto Correa, 01, 66075-110, Belem, PA, Brazil",~FUP,2007,Brazil
1282,Coordinating Returns Policies and Marketing Plans for Profit Optimization in E-Business Based on a Hybrid Data Mining Process,2007_006_0047.png,Data Mining & Knowledge Discovery,Chien-Chih Yu,National ChengChi University,Dept. Of Management Information Systems,"Taipei, Taiwan","Dept. Of Management Information Systems, National ChengChi University, Taipei, Taiwan",~NCU,2007,Taiwan
1283,An EM Algorithm to Learn Sequences in the Wavelet Domain,2007_006_0048.png,Probabilistic & Statistical Reasoning,Diego H. Milone,National University of Litoral,"Signals and Computational Intelligence Laboratory - CONICET, Department of Informatics, Faculty of Engineering and Water Sciences","Santa Fe, Argentina","Signals and Computational Intelligence Laboratory - CONICET, Department of Informatics, Faculty of Engineering and Water Sciences, National University of Litoral, Ciudad Universitaria, Santa Fe, Argentina",~NUL,2007,Argentina
1284,An EM Algorithm to Learn Sequences in the Wavelet Domain,2007_006_0048.png,Probabilistic & Statistical Reasoning,Leandro E. Di Persia,National University of Litoral,"Signals and Computational Intelligence Laboratory - CONICET, Department of Informatics, Faculty of Engineering and Water Sciences","Santa Fe, Argentina","Signals and Computational Intelligence Laboratory - CONICET, Department of Informatics, Faculty of Engineering and Water Sciences, National University of Litoral, Ciudad Universitaria, Santa Fe, Argentina",~NUL,2007,Argentina
1285,Assessment of Personal Importance Based on Social Networks,2007_006_0049.png,Data Mining & Knowledge Discovery,Przemysław Kazienko,Wrocław University of Technology,Institute of Applied Computer Science,"Wrocław, Poland","Wrocław University of Technology, Institute of Applied Computer Science Wyb.Wyspiańskiego 27, 50-370 Wrocław, Poland",~WUT,2007,Poland
1286,Assessment of Personal Importance Based on Social Networks,2007_006_0049.png,Data Mining & Knowledge Discovery,Katarzyna Musiał,Wrocław University of Technology,Institute of Applied Computer Science,"Wrocław, Poland","Wrocław University of Technology, Institute of Applied Computer Science Wyb.Wyspiańskiego 27, 50-370 Wrocław, Poland",~WUT,2007,Poland
1287,Optimization Procedure for Predicting Nonlinear Time Series Based on a Non-Gaussian Noise Model,2007_006_0050.png,Neural Networks & Deep Learning,Frank Emmert-Streib,Stowers Institute for Medical Research,,"Kansas City, MO, USA | Seattle, WA, USA","Stowers Institute for Medical Research, 1000 E. 50th Street, Kansas City, MO 64110, USA | University of Washington, 1705 NE Pacific St, Box 355065, Seattle WA 98195-5065, USA",~SIMR,2007,United States
1288,Optimization Procedure for Predicting Nonlinear Time Series Based on a Non-Gaussian Noise Model,2007_006_0050.png,Neural Networks & Deep Learning,Frank Emmert-Streib,University of Washington,,"Kansas City, MO, USA | Seattle, WA, USA","Stowers Institute for Medical Research, 1000 E. 50th Street, Kansas City, MO 64110, USA | University of Washington, 1705 NE Pacific St, Box 355065, Seattle WA 98195-5065, USA",~UW,2007,United States
1289,Optimization Procedure for Predicting Nonlinear Time Series Based on a Non-Gaussian Noise Model,2007_006_0050.png,Neural Networks & Deep Learning,Matthias Dehmer,Vienna University of Technology,Discrete Mathematics and Geometry,"Vienna, Austria","Discrete Mathematics and Geometry, Vienna University of Technology, Wiedner Hauptstrasse 8-10, A-1040 Vienna, Austria",~VUT,2007,Austria
1290,An Improved Training Algorithm of Neural Networks for Time Series Forecasting*,2007_006_0051.png,Neural Networks & Deep Learning,Daiping Hu,Shanghai Jiaotong University,Antai College of Economics & Management,"Shanghai, China","Antai College of Economics & Management, Shanghai Jiaotong University, 200052 Shanghai, China",~SJU,2007,China
1291,An Improved Training Algorithm of Neural Networks for Time Series Forecasting*,2007_006_0051.png,Neural Networks & Deep Learning,Ruiming Wu,Shanghai Jiaotong University,Antai College of Economics & Management,"Shanghai, China","Antai College of Economics & Management, Shanghai Jiaotong University, 200052 Shanghai, China",~SJU,2007,China
1292,An Improved Training Algorithm of Neural Networks for Time Series Forecasting*,2007_006_0051.png,Neural Networks & Deep Learning,Dezhi Chen,Shanghai Jiaotong University,Antai College of Economics & Management,"Shanghai, China","Antai College of Economics & Management, Shanghai Jiaotong University, 200052 Shanghai, China",~SJU,2007,China
1293,An Improved Training Algorithm of Neural Networks for Time Series Forecasting*,2007_006_0051.png,Neural Networks & Deep Learning,Huiming Dou,Shanghai Jiaotong University,Antai College of Economics & Management,"Shanghai, China","Antai College of Economics & Management, Shanghai Jiaotong University, 200052 Shanghai, China",~SJU,2007,China
1294,Evolved Kernel Method for Time Series,2007_006_0052.png,Bio-inspired & Evolutionary Computing,Juan C. Cuevas-Tello,Autonomous University of San Luis Potosí,Engineering Faculty,"San Luis Potosí, México","Engineering Faculty, Autonomous University of San Luis Potosí, México",~AUSLP,2007,Mexico
1295,Using Ant Colony Optimization and Self-organizing Map for Image Segmentation,2007_006_0053.png,Computer Vision,Sara Saatchi,Southern Polytechnic State University,School of Computing and Software Engineering,"Marietta, GA, USA","School of Computing and Software Engineering
Southern Polytechnic State University
1100 South Marietta Parkway
Marietta, GA 30060 USA",~SPSU,2007,United States
1296,Using Ant Colony Optimization and Self-organizing Map for Image Segmentation,2007_006_0053.png,Computer Vision,Chih-Cheng Hung,Southern Polytechnic State University,School of Computing and Software Engineering,"Marietta, GA, USA","School of Computing and Software Engineering
Southern Polytechnic State University
1100 South Marietta Parkway
Marietta, GA 30060 USA",~SPSU,2007,United States
1297,Correspondence Regions and Structured Images,2007_006_0054.png,Computer Vision,Alberto Pastrana Palma,University of East Anglia,,"Norwich, United Kingdom","University of East Anglia
Norwich, NR47TJ, United Kingdom",~UEA,2007,United Kingdom
1298,Correspondence Regions and Structured Images,2007_006_0054.png,Computer Vision,J. Andrew Bangham,University of East Anglia,,"Norwich, United Kingdom","University of East Anglia
Norwich, NR47TJ, United Kingdom",~UEA,2007,United Kingdom
1299,The Wavelet Based Contourlet Transform and Its Application to Feature Preserving Image Coding,2007_006_0055.png,Computer Vision,Osslan Osiris Vergara Villegas,Universidad Autónoma de Ciudad Juárez,,"Ciudad Juárez, Chihuahua, México","Universidad Autónoma de Ciudad Juárez (UACJ) Avenida del Charro No. 450 Norte, Ciudad Juárez Chihuahua México",~UACJ,2007,Mexico
1300,The Wavelet Based Contourlet Transform and Its Application to Feature Preserving Image Coding,2007_006_0055.png,Computer Vision,Vianey Guadalupe Cruz Sánchez,Centro Nacional de Investigación y Desarrollo Tecnológico,,"Cuernavaca, Morelos, México","Centro Nacional de Investigación y Desarrollo Tecnológico (cenidet) Interior Internado Palmira S/N. Col. Palmira, Cuernavaca Morelos México",CENIDET,2007,Mexico
1301,Design of an Evolutionary Codebook Based on Morphological Associative Memories,2007_006_0056.png,Bio-inspired & Evolutionary Computing,Enrique Guzmán,Universidad Tecnológica de la Mixteca,,,Universidad Tecnológica de la Mixteca,~UTM,2007,Mexico
1302,Design of an Evolutionary Codebook Based on Morphological Associative Memories,2007_006_0056.png,Bio-inspired & Evolutionary Computing,Oleksiy Pogrebnyak,Instituto Politécnico Nacional,Centro de Investigación en Computación,,Centro de Investigación en Computación del Instituto Politécnico Nacional,IPN,2007,Mexico
1303,Design of an Evolutionary Codebook Based on Morphological Associative Memories,2007_006_0056.png,Bio-inspired & Evolutionary Computing,Cornelio Yañez,Instituto Politécnico Nacional,Centro de Investigación en Computación,,Centro de Investigación en Computación del Instituto Politécnico Nacional,IPN,2007,Mexico
1304,A Shape-Based Model for Visual Information Retrieval,2007_006_0057.png,Computer Vision,Alberto Chávez-Aragón,Universidad Autónoma de Tlaxcala,,"Apizaco, Tlaxcala, México","Universidad Autónoma de Tlaxcala, Calzada Apizaquito s/n km. 1.5, Apizaco Tlaxcala, México",~UAT,2007,Mexico
1305,A Shape-Based Model for Visual Information Retrieval,2007_006_0057.png,Computer Vision,Oleg Starostenko,Universidad de las Américas-Puebla,,"Sta. Catarina Mártir Cholula, Puebla, México","Universidad de las Américas-Puebla, Sta. Catarina Mártir Cholula, Puebla, México",UDLAP,2007,Mexico
1306,An Indexing and Retrieval System of Historic Art Images Based on Fuzzy Shape Similarity,2007_006_0058.png,Fuzzy Logic & Fuzzy Systems,Wafa Maghrebi,University of Sfax,"REsearch Group on Intelligent Machines (REGIM), ENIS, DGE","Sfax, Tunisia","REsearch Group on Intelligent Machines (REGIM) University of Sfax, ENIS, DGE, BP. W-3038, Sfax, Tunisia",~US,2007,Tunisia
1307,An Indexing and Retrieval System of Historic Art Images Based on Fuzzy Shape Similarity,2007_006_0058.png,Fuzzy Logic & Fuzzy Systems,Leila Baccour,University of Sfax,"REsearch Group on Intelligent Machines (REGIM), ENIS, DGE","Sfax, Tunisia","REsearch Group on Intelligent Machines (REGIM) University of Sfax, ENIS, DGE, BP. W-3038, Sfax, Tunisia",~US,2007,Tunisia
1308,An Indexing and Retrieval System of Historic Art Images Based on Fuzzy Shape Similarity,2007_006_0058.png,Fuzzy Logic & Fuzzy Systems,Mohamed A. Khabou,University of West Florida,Electrical and Computer Engineering Dept,"Pensacola, FL, USA","Electrical and Computer Engineering Dept, University of West Florida, 11000 University Parkway, Pensacola, FL 32514, USA",~UWF,2007,United States
1309,An Indexing and Retrieval System of Historic Art Images Based on Fuzzy Shape Similarity,2007_006_0058.png,Fuzzy Logic & Fuzzy Systems,Adel M. Alimi,University of Sfax,"REsearch Group on Intelligent Machines (REGIM), ENIS, DGE","Sfax, Tunisia","REsearch Group on Intelligent Machines (REGIM) University of Sfax, ENIS, DGE, BP. W-3038, Sfax, Tunisia",~US,2007,Tunisia
1310,PCB Inspection Using Image Processing and Wavelet Transform,2007_006_0059.png,Computer Vision,Joaquín Santoyo,Universidad Tecnológica de Querétaro,,"Querétaro, Qro., México","Universidad Tecnológica de Querétaro, Av. Pie de la Cuesta s/n Lomas de San Pedrito Peñuelas Querétaro, Qro. C.P. 76148 México",~UTQ,2007,Mexico
1311,PCB Inspection Using Image Processing and Wavelet Transform,2007_006_0059.png,Computer Vision,J. Carlos Pedraza,Centro de Ingeniería y Desarrollo Industrial,,"Querétaro, Qro., México","Centro de Ingeniería y Desarrollo Industrial, Av. Pie de la Cuesta No. 702 Desarrollo san Pablo, Querétaro, Qro. C.P. 76130 México",~CIYDI,2007,Mexico
1312,PCB Inspection Using Image Processing and Wavelet Transform,2007_006_0059.png,Computer Vision,L. Felipe Mejía,Universidad Tecnológica de Querétaro,,"Querétaro, Qro., México","Universidad Tecnológica de Querétaro, Av. Pie de la Cuesta s/n Lomas de San Pedrito Peñuelas Querétaro, Qro. C.P. 76148 México",~UTQ,2007,Mexico
1313,PCB Inspection Using Image Processing and Wavelet Transform,2007_006_0059.png,Computer Vision,Alejandro Santoyo,Universidad Autónoma de Querétaro,,"Querétaro, Qro., México","Universidad Autónoma de Querétaro, Centro Universitario, Cerro de las Campanas Querétaro, Qro. C.P. 76010 México",UAQ,2007,Mexico
1314,A Single-Frame Super-Resolution Innovative Approach,2007_006_0060.png,Computer Vision,Luz A. Torres-Méndez,CINVESTAV,Campus Saltillo,"Ramos Arizpe, Coahuila, México","CINVESTAV Campus Saltillo, Ramos Arizpe, Coahuila, 25900, México",CINVESTAV,2007,Mexico
1315,A Single-Frame Super-Resolution Innovative Approach,2007_006_0060.png,Computer Vision,Marco I. Ramírez-Sosa Morán,ITESM,Campus Saltillo,"Saltillo, Coahuila, México","ITESM Campus Saltillo, Saltillo, Coahuila, 25270, México",ITESM,2007,Mexico
1316,A Single-Frame Super-Resolution Innovative Approach,2007_006_0060.png,Computer Vision,Mario Castelán,CINVESTAV,Campus Saltillo,"Ramos Arizpe, Coahuila, México","CINVESTAV Campus Saltillo, Ramos Arizpe, Coahuila, 25900, México",CINVESTAV,2007,Mexico
1317,Shadows Attenuation for Robust Object Recognition,2007_006_0061.png,Computer Vision,J. Gabriel Aviña-Cervantes,University of Guanajuato,"Facultad de Ingeniería Mecánica, Eléctrica y Electrónica","Salamanca, Guanajuato, México","University of Guanajuato. Facultad de Ingeniería Mecánica, Eléctrica y Electrónica, Avenida Tampico 912. Salamanca, Guanajuato. 36730, México",~UG,2007,Mexico
1318,Shadows Attenuation for Robust Object Recognition,2007_006_0061.png,Computer Vision,Leonardo Martínez-Jiménez,University of Guanajuato,"Facultad de Ingeniería Mecánica, Eléctrica y Electrónica","Salamanca, Guanajuato, México","University of Guanajuato. Facultad de Ingeniería Mecánica, Eléctrica y Electrónica, Avenida Tampico 912. Salamanca, Guanajuato. 36730, México",~UG,2007,Mexico
1319,Shadows Attenuation for Robust Object Recognition,2007_006_0061.png,Computer Vision,Michel Devy,LAAS-CNRS,Laboratoire d'Analyse et d'Architecture des Systèmes,"Toulouse, France","Laboratoire d'Analyse et d'Architecture des Systèmes, LAAS-CNRS, 7, Avenue du Colonel Roche, 31077 Toulouse Cedex 4, France",LAAS-CNRS,2007,France
1320,Shadows Attenuation for Robust Object Recognition,2007_006_0061.png,Computer Vision,Andres Hernández-Gutierrez,University of Guanajuato,"Facultad de Ingeniería Mecánica, Eléctrica y Electrónica","Salamanca, Guanajuato, México","University of Guanajuato. Facultad de Ingeniería Mecánica, Eléctrica y Electrónica, Avenida Tampico 912. Salamanca, Guanajuato. 36730, México",~UG,2007,Mexico
1321,Shadows Attenuation for Robust Object Recognition,2007_006_0061.png,Computer Vision,Dora L. Almanza,University of Guanajuato,"Facultad de Ingeniería Mecánica, Eléctrica y Electrónica","Salamanca, Guanajuato, México","University of Guanajuato. Facultad de Ingeniería Mecánica, Eléctrica y Electrónica, Avenida Tampico 912. Salamanca, Guanajuato. 36730, México",~UG,2007,Mexico
1322,Shadows Attenuation for Robust Object Recognition,2007_006_0061.png,Computer Vision,Mario A. Ibarra,University of Guanajuato,"Facultad de Ingeniería Mecánica, Eléctrica y Electrónica","Salamanca, Guanajuato, México","University of Guanajuato. Facultad de Ingeniería Mecánica, Eléctrica y Electrónica, Avenida Tampico 912. Salamanca, Guanajuato. 36730, México",~UG,2007,Mexico
1323,Fuzzy Directional Adaptive Recursive Temporal Filter for Denoising of Video Sequences,2007_006_0062.png,Fuzzy Logic & Fuzzy Systems,Alberto Rosales-Silva,National Polytechnic Institute of Mexico,ESIME-Culhuacan,"Mexico D.F., Mexico","National Polytechnic Institute of Mexico, Mechanical and Electrical Engineering Higher School, ESIME-Culhuacan; Av. Santa Ana 1000, Col. San Francisco Culhuacan, 04430, Mexico D.F., Mexico",~NPIM,2007,Mexico
1324,Fuzzy Directional Adaptive Recursive Temporal Filter for Denoising of Video Sequences,2007_006_0062.png,Fuzzy Logic & Fuzzy Systems,Volodymyr Ponomaryov,National Polytechnic Institute of Mexico,ESIME-Culhuacan,"Mexico D.F., Mexico","National Polytechnic Institute of Mexico, Mechanical and Electrical Engineering Higher School, ESIME-Culhuacan; Av. Santa Ana 1000, Col. San Francisco Culhuacan, 04430, Mexico D.F., Mexico",~NPIM,2007,Mexico
1325,Fuzzy Directional Adaptive Recursive Temporal Filter for Denoising of Video Sequences,2007_006_0062.png,Fuzzy Logic & Fuzzy Systems,Francisco Gallegos-Funes,National Polytechnic Institute of Mexico,ESIME-Zacatenco,"Mexico D.F., Mexico","National Polytechnic Institute of Mexico, Mechanical and Electrical Engineering Higher School, ESIME-Zacatenco; Av. IPN s/n, U.P.A.L.M. Col. Lindavista, 07738, Mexico D.F., Mexico",~NPIM,2007,Mexico
1326,Bars Problem Solving - New Neural Network Method and Comparison*,2007_006_0063.png,Neural Networks & Deep Learning,Václav Snášel,VŠB – Technical University of Ostrava,"Department of Computer Science, FEECS","Ostrava-Poruba, Czech Republic","Department of Computer Science, FEECS, VŠB – Technical University of Ostrava, 17. listopadu 15, 708 33 Ostrava-Poruba, Czech Republic",~V–TUO,2007,Czech Republic
1327,Bars Problem Solving - New Neural Network Method and Comparison*,2007_006_0063.png,Neural Networks & Deep Learning,Dušan Húsek,Academy of Sciences of Czech Republic,"Institute of Computer Science, Dept. of Neural Networks","Prague, Czech Republic","Institute of Computer Science, Dept. of Neural Networks, Academy of Sciences of Czech Republic, Pod Vodárenskou věží 2, 182 07 Prague, Czech Republic",~ASCR,2007,Czech Republic
1328,Bars Problem Solving - New Neural Network Method and Comparison*,2007_006_0063.png,Neural Networks & Deep Learning,Alexander Frolov,Russian Academy of Sciences,Institute of Higher Nervous Activity and Neurophysiology,"Moscow, Russia","Institute of Higher Nervous Activity and Neurophysiology, Russian Academy of Sciences, Butlerova 5a, 117 485 Moscow, Russia",~RAS,2007,Russia
1329,Bars Problem Solving - New Neural Network Method and Comparison*,2007_006_0063.png,Neural Networks & Deep Learning,Hana Řezanková,"University of Economics, Prague",Department of Statistics,"Prague, Czech Republic","Department of Statistics, University of Economics, Prague, W. Churchill sq. 4, 130 67 Prague, Czech Republic",~UEP,2007,Czech Republic
1330,Bars Problem Solving - New Neural Network Method and Comparison*,2007_006_0063.png,Neural Networks & Deep Learning,Pavel Moravec,VŠB – Technical University of Ostrava,"Department of Computer Science, FEECS","Ostrava-Poruba, Czech Republic","Department of Computer Science, FEECS, VŠB – Technical University of Ostrava, 17. listopadu 15, 708 33 Ostrava-Poruba, Czech Republic",~V–TUO,2007,Czech Republic
1331,Bars Problem Solving - New Neural Network Method and Comparison*,2007_006_0063.png,Neural Networks & Deep Learning,Pavel Polyakov,Russian Academy of Sciences,Institute of Optical Neural Technologies,"Moscow, Russia","Institute of Optical Neural Technologies, Russian Academy of Sciences, Vavilova 44, 119 333 Moscow, Russia",~RAS,2007,Russia
1332,A Coarse-and-Fine Bayesian Belief Propagation for Correspondence Problems in Computer Vision,2007_006_0064.png,Computer Vision,Preeyakorn Tipwai,Rajamangala University of Technology Lanna,,"Chiangmai, Thailand","Rajamangala University of Technology Lanna, Chiangmai 50300, Thailand",~RUTL,2007,Thailand
1333,A Coarse-and-Fine Bayesian Belief Propagation for Correspondence Problems in Computer Vision,2007_006_0064.png,Computer Vision,Suthep Madarasmi,King Mingkut's University of Technology Thonburi,,"Bangkok, Thailand","King Mingkut's University of Technology Thonburi, Bangkok 10140, Thailand",~KMUTT,2007,Thailand
1334,3D Object Recognition Based on Low Frequency Response and Random Feature Selection,2007_006_0065.png,Computer Vision,Roberto A. Vázquez,Instituto Politécnico Nacional,Centro de Investigación en Computación,"Ciudad de México, México","Centro de Investigación en Computación – IPN Av. Juan de Dios Batiz, esquina con Miguel de Othon de Mendizábal Ciudad de México, 07738, México",IPN,2007,Mexico
1335,3D Object Recognition Based on Low Frequency Response and Random Feature Selection,2007_006_0065.png,Computer Vision,Humberto Sossa,Instituto Politécnico Nacional,Centro de Investigación en Computación,"Ciudad de México, México","Centro de Investigación en Computación – IPN Av. Juan de Dios Batiz, esquina con Miguel de Othon de Mendizábal Ciudad de México, 07738, México",IPN,2007,Mexico
1336,3D Object Recognition Based on Low Frequency Response and Random Feature Selection,2007_006_0065.png,Computer Vision,Beatriz A. Garro,Instituto Politécnico Nacional,Centro de Investigación en Computación,"Ciudad de México, México","Centro de Investigación en Computación – IPN Av. Juan de Dios Batiz, esquina con Miguel de Othon de Mendizábal Ciudad de México, 07738, México",IPN,2007,Mexico
1337,Image Processing for 3D Reconstruction Using a Modified Fourier Transform Profilometry Method,2007_006_0066.png,Computer Vision,Jesus Carlos Pedraza Ortega,Centro de Ingenieria y Desarrollo Industrial,,"Queretaro, Qro., Mexico","Centro de Ingenieria y Desarrollo Industrial, Av. Pie de la Cuesta No. 702 Desarrollo San Pablo, Queretaro, Qro. C.P. 76130 Mexico",~CIYDI,2007,Mexico
1338,Image Processing for 3D Reconstruction Using a Modified Fourier Transform Profilometry Method,2007_006_0066.png,Computer Vision,Jose Wilfrido Rodriguez Moreno,VALEO,Front End Module Division,"Aguascalientes, Ags., Mexico","VALEO - Front End Module Division, Carr. Fed. Ags. a Lagos de Moreno Km. 75, Aguascalientes, Ags. C.P. 20340 Mexico",VALEO,2007,Mexico
1339,Image Processing for 3D Reconstruction Using a Modified Fourier Transform Profilometry Method,2007_006_0066.png,Computer Vision,Leonardo Barriga Rodriguez,Centro de Ingenieria y Desarrollo Industrial,,"Queretaro, Qro., Mexico","Centro de Ingenieria y Desarrollo Industrial, Av. Pie de la Cuesta No. 702 Desarrollo San Pablo, Queretaro, Qro. C.P. 76130 Mexico",~CIYDI,2007,Mexico
1340,Image Processing for 3D Reconstruction Using a Modified Fourier Transform Profilometry Method,2007_006_0066.png,Computer Vision,Efren Gorrostieta Hurtado,Universidad Autonoma de Queretaro,Centro Universitario,"Queretaro, Qro., Mexico","Universidad Autonoma de Queretaro, Centro Universitario, Cerro de las Campanas Queretaro, Qro. C.P. 76010 México",~UAQ,2007,Mexico
1341,Image Processing for 3D Reconstruction Using a Modified Fourier Transform Profilometry Method,2007_006_0066.png,Computer Vision,Tomas Salgado Jimenez,Centro de Ingenieria y Desarrollo Industrial,,"Queretaro, Qro., Mexico","Centro de Ingenieria y Desarrollo Industrial, Av. Pie de la Cuesta No. 702 Desarrollo San Pablo, Queretaro, Qro. C.P. 76130 Mexico",~CIYDI,2007,Mexico
1342,Image Processing for 3D Reconstruction Using a Modified Fourier Transform Profilometry Method,2007_006_0066.png,Computer Vision,Juan Manuel Ramos Arreguin,Universidad Tecnologica de San Juan del Rio,,"San Juan del Rio, Queretaro, México","Universidad Tecnologica de San Juan del Rio, Av. La Palma 125, Col. Vista Hermosa, San Juan del Rio, Queretaro, Qro. C.P. 76800 México",~UTSJR,2007,Mexico
1343,Image Processing for 3D Reconstruction Using a Modified Fourier Transform Profilometry Method,2007_006_0066.png,Computer Vision,Angel Rivas,Universidad Autonoma de Nuevo Leon,FIME,"San Nicolas de los Garza, Nuevo Leon, México","Universidad Autonoma de Nuevo Leon - FIME, Av. Universidad s/n, Cd. Universitaria, San Nicolas de los Garza, Nuevo Leon, C.P. 66451 México",~UANL,2007,Mexico
1344,3D Space Representation by Evolutive Algorithms,2007_006_0067.png,Bio-inspired & Evolutionary Computing,Rodrigo Montúfar-Chaveznava,ITESM,"GIRATE Group, Engineering Division, Campus Santa Fe","Ciudad de México, México","GIRATE Group, Engineering Division, ITESM Campus Santa Fe, Av. Carlos Lazo 100, Col. Santa Fe, Del. Álvaro Obregón 01389 México D. F., México",ITESM,2007,Mexico
1345,3D Space Representation by Evolutive Algorithms,2007_006_0067.png,Bio-inspired & Evolutionary Computing,Mónica Pérez-Meza,Universidad de la Sierra Sur,,"Miahuatlán de Porfirio Díaz, Oaxaca, México","Universidad de la Sierra Sur, Guillermo Rojas Mijangos s/n, Ciudad Universitaria, 70800 Miahuatlán de Porfirio Díaz, Oax., México",~USS,2007,Mexico
1346,Knowledge Acquisition and Automatic Generation of Rules for the Inference Machine CLIPS,2007_006_0068.png,Knowledge Representation & Reasoning,Veronica E. Arriola,"University of Mexico, UNAM",Sciences Faculty,,"Sciences Faculty, University of Mexico, UNAM",~UMU,2007,Mexico
1347,Knowledge Acquisition and Automatic Generation of Rules for the Inference Machine CLIPS,2007_006_0068.png,Knowledge Representation & Reasoning,Jesus Savage,"University of Mexico, UNAM",Laboratory of Biorobotics,,"Laboratory of Biorobotics, University of Mexico, UNAM",~UMU,2007,Mexico
1348,On-Line Rectification of Sport Sequences with Moving Cameras,2007_006_0069.png,Computer Vision,Jean-Bernard Hayet,"CIMAT, A.C.",,"Guanajuato, GTO., Mexico","CIMAT, A.C., Jalisco S/N 36240 Guanajuato, GTO., Mexico",~CA,2007,Mexico
1349,On-Line Rectification of Sport Sequences with Moving Cameras,2007_006_0069.png,Computer Vision,Justus Piater,University of Liege,Institut Montefiore,"Liege, Belgium","Institut Montefiore, University of Liege 4000 Liege, Belgium",~UL,2007,Belgium
1350,A New Person Tracking Method for Human-Robot Interaction Intended for Mobile Devices*,2007_006_0070.png,Computer Vision,Rafael Muñoz-Salinas,University of Córdoba,Department of Computing and Numerical Analysis,Spain,"Department of Computing and Numerical Analysis, University of Córdoba, Spain",~UC,2007,Spain
1351,A New Person Tracking Method for Human-Robot Interaction Intended for Mobile Devices*,2007_006_0070.png,Computer Vision,Eugenio Aguirre,University of Granada,Department of Computer Science and A.I.,Spain,"Department of Computer Science and A.I., University of Granada, Spain",*UGR,2007,Spain
1352,A New Person Tracking Method for Human-Robot Interaction Intended for Mobile Devices*,2007_006_0070.png,Computer Vision,Miguel García-Silvente,University of Granada,Department of Computer Science and A.I.,Spain,"Department of Computer Science and A.I., University of Granada, Spain",*UGR,2007,Spain
1353,A New Person Tracking Method for Human-Robot Interaction Intended for Mobile Devices*,2007_006_0070.png,Computer Vision,Rui Paúl,University of Granada,Department of Computer Science and A.I.,Spain,"Department of Computer Science and A.I., University of Granada, Spain",*UGR,2007,Spain
1354,Example-Based Face Shape Recovery Using the Zenith Angle of the Surface Normal,2007_006_0071.png,Computer Vision,Mario Castelán,CINVESTAV,Campus Saltillo,"Ramos Arizpe, Coahuila, México","CINVESTAV Campus Saltillo, Ramos Arizpe 25900, Coahuila, México",CINVESTAV,2007,Mexico
1355,Example-Based Face Shape Recovery Using the Zenith Angle of the Surface Normal,2007_006_0071.png,Computer Vision,Ana J. Almazán-Delfín,Universidad Veracruzana,Facultad de Física e Inteligencia Artificial,"Xalapa, Veracruz, México","Universidad Veracruzana, Facultad de Física e Inteligencia Artificial, Xalapa 91000, Veracruz, México",UV,2007,Mexico
1356,Example-Based Face Shape Recovery Using the Zenith Angle of the Surface Normal,2007_006_0071.png,Computer Vision,Marco I. Ramírez-Sosa-Morán,ITESM,Campus Saltillo,"Saltillo, Coahuila, México","ITESM, Campus Saltillo, Saltillo 25270, Coahuila, México",ITESM,2007,Mexico
1357,Example-Based Face Shape Recovery Using the Zenith Angle of the Surface Normal,2007_006_0071.png,Computer Vision,Luz A. Torres-Méndez,CINVESTAV,Campus Saltillo,"Ramos Arizpe, Coahuila, México","CINVESTAV Campus Saltillo, Ramos Arizpe 25900, Coahuila, México",CINVESTAV,2007,Mexico
1358,Feature Extraction and Face Verification Using Gabor and Gaussian Mixture Models,2007_006_0072.png,Computer Vision,Jesus Olivares-Mercado,Instituto Politécnico Nacional,ESIME Culhuacan,"Mexico D.F., Mexico","ESIME Culhuacan, Instituto Politécnico Nacional, Av. Santa Ana No. 1000, Col. San Francisco Culhuacan, 04430 Mexico D.F. Mexico",IPN,2007,Mexico
1359,Feature Extraction and Face Verification Using Gabor and Gaussian Mixture Models,2007_006_0072.png,Computer Vision,Gabriel Sanchez-Perez,Instituto Politécnico Nacional,ESIME Culhuacan,"Mexico D.F., Mexico","ESIME Culhuacan, Instituto Politécnico Nacional, Av. Santa Ana No. 1000, Col. San Francisco Culhuacan, 04430 Mexico D.F. Mexico",IPN,2007,Mexico
1360,Feature Extraction and Face Verification Using Gabor and Gaussian Mixture Models,2007_006_0072.png,Computer Vision,Mariko Nakano-Miyatake,Instituto Politécnico Nacional,ESIME Culhuacan,"Mexico D.F., Mexico","ESIME Culhuacan, Instituto Politécnico Nacional, Av. Santa Ana No. 1000, Col. San Francisco Culhuacan, 04430 Mexico D.F. Mexico",IPN,2007,Mexico
1361,Feature Extraction and Face Verification Using Gabor and Gaussian Mixture Models,2007_006_0072.png,Computer Vision,Hector Perez-Meana,Instituto Politécnico Nacional,ESIME Culhuacan,"Mexico D.F., Mexico","ESIME Culhuacan, Instituto Politécnico Nacional, Av. Santa Ana No. 1000, Col. San Francisco Culhuacan, 04430 Mexico D.F. Mexico",IPN,2007,Mexico
1362,Lips Shape Extraction Via Active Shape Model and Local Binary Pattern,2007_006_0073.png,Computer Vision,Luis E. Morán L.,Centro Nacional de Investigación y Desarrollo Tecnológico,,"Cuernavaca, Morelos, México","Centro Nacional de Investigación y Desarrollo Tecnológico
Interior internado Palmira s/n, Cuernavaca, Morelos, 62490 México",CENIDET,2007,Mexico
1363,Lips Shape Extraction Via Active Shape Model and Local Binary Pattern,2007_006_0073.png,Computer Vision,Raúl Pinto-Elías,Centro Nacional de Investigación y Desarrollo Tecnológico,,"Cuernavaca, Morelos, México","Centro Nacional de Investigación y Desarrollo Tecnológico
Interior internado Palmira s/n, Cuernavaca, Morelos, 62490 México",CENIDET,2007,Mexico
1364,Continuous Stereo Gesture Recognition with Multi-layered Silhouette Templates and Support Vector Machines*,2007_006_0074.png,Computer Vision,Rafael Muñoz-Salinas,University of Córdoba,"Department of Computing and Numerical Analysis, Escuela Politéctnica Superior","Córdoba, Spain","Department of Computing and Numerical Analysis. Escuela Politéctnica Superior University of Córdoba, 14071 Córdoba, Spain",~UC,2007,Spain
1365,Continuous Stereo Gesture Recognition with Multi-layered Silhouette Templates and Support Vector Machines*,2007_006_0074.png,Computer Vision,Eugenio Aguirre,University of Granada,"Department. de Computer Science and Artificial Intelligence, E.T.S. Ingenieria Informatica","Granada, Spain","Department. de Computer Science and Artificial Intelligence. E.T.S. Ingenieria Informatica University of Granada- 18071 Granada, Spain",*UGR,2007,Spain
1366,Continuous Stereo Gesture Recognition with Multi-layered Silhouette Templates and Support Vector Machines*,2007_006_0074.png,Computer Vision,Miguel García-Silvente,University of Granada,"Department. de Computer Science and Artificial Intelligence, E.T.S. Ingenieria Informatica","Granada, Spain","Department. de Computer Science and Artificial Intelligence. E.T.S. Ingenieria Informatica University of Granada- 18071 Granada, Spain",*UGR,2007,Spain
1367,Continuous Stereo Gesture Recognition with Multi-layered Silhouette Templates and Support Vector Machines*,2007_006_0074.png,Computer Vision,Moises Gómez,University of Granada,"Department. de Computer Science and Artificial Intelligence, E.T.S. Ingenieria Informatica","Granada, Spain","Department. de Computer Science and Artificial Intelligence. E.T.S. Ingenieria Informatica University of Granada- 18071 Granada, Spain",*UGR,2007,Spain
1368,Small-Time Local Controllability of a Differential Drive Robot with a Limited Sensor for Landmark-Based Navigation,2007_006_0075.png,Robotics,Rafael Murrieta-Cid,Centro de Investigación en Matemáticas,CIMAT,"Guanajuato, México","Centro de Investigación en Matemáticas, CIMAT Guanajuato, México",~CIEM,2007,Mexico
1369,Small-Time Local Controllability of a Differential Drive Robot with a Limited Sensor for Landmark-Based Navigation,2007_006_0075.png,Robotics,Jean-Bernard Hayet,Centro de Investigación en Matemáticas,CIMAT,"Guanajuato, México","Centro de Investigación en Matemáticas, CIMAT Guanajuato, México",~CIEM,2007,Mexico
1370,Learning Performance in Evolutionary Behavior Based Mobile Robot Navigation,2007_006_0076.png,Robotics,Tomás Arredondo V.,Universidad Técnica Federico Santa María,Departamento de Electrónica,"Valparaíso, Chile","Universidad Técnica Federico Santa María, Valparaíso, Chile, Departamento de Electrónica, Casilla 110 V, Valparaíso, Chile",~UTFSM,2007,Chile
1371,Learning Performance in Evolutionary Behavior Based Mobile Robot Navigation,2007_006_0076.png,Robotics,Wolfgang Freund,Universidad Técnica Federico Santa María,Departamento de Electrónica,"Valparaíso, Chile","Universidad Técnica Federico Santa María, Valparaíso, Chile, Departamento de Electrónica, Casilla 110 V, Valparaíso, Chile",~UTFSM,2007,Chile
1372,Learning Performance in Evolutionary Behavior Based Mobile Robot Navigation,2007_006_0076.png,Robotics,César Muñoz,Universidad Técnica Federico Santa María,Departamento de Electrónica,"Valparaíso, Chile","Universidad Técnica Federico Santa María, Valparaíso, Chile, Departamento de Electrónica, Casilla 110 V, Valparaíso, Chile",~UTFSM,2007,Chile
1373,Learning Performance in Evolutionary Behavior Based Mobile Robot Navigation,2007_006_0076.png,Robotics,Fernando Quirós,Universidad Técnica Federico Santa María,Departamento de Electrónica,"Valparaíso, Chile","Universidad Técnica Federico Santa María, Valparaíso, Chile, Departamento de Electrónica, Casilla 110 V, Valparaíso, Chile",~UTFSM,2007,Chile
1374,Fuzzifying Clustering Algorithms: The Case Study of MajorClust,2007_006_0077.png,Unsupervised Machine Learning,Eugene Levner,Holon Institute of Technology,,"Holon, Israel","Holon Institute of Technology, Holon, Israel",~HIT,2007,Israel
1375,Fuzzifying Clustering Algorithms: The Case Study of MajorClust,2007_006_0077.png,Unsupervised Machine Learning,David Pinto,Universitat Politècnica de València (UPV),Department of Information Systems and Computation | Faculty of Computer Science,Spain | Mexico,"Department of Information Systems and Computation, UPV, Spain | Faculty of Computer Science, BUAP, Mexico",~UPV(,2007,Mexico
1376,Fuzzifying Clustering Algorithms: The Case Study of MajorClust,2007_006_0077.png,Unsupervised Machine Learning,David Pinto,Benemérita Universidad Autónoma de Puebla (BUAP),Department of Information Systems and Computation | Faculty of Computer Science,Spain | Mexico,"Department of Information Systems and Computation, UPV, Spain | Faculty of Computer Science, BUAP, Mexico",~BUAP(,2007,Mexico
1377,Fuzzifying Clustering Algorithms: The Case Study of MajorClust,2007_006_0077.png,Unsupervised Machine Learning,Paolo Rosso,Universitat Politècnica de València (UPV),Department of Information Systems and Computation,Spain,"Department of Information Systems and Computation, UPV, Spain",~UPV(,2007,Spain
1378,Fuzzifying Clustering Algorithms: The Case Study of MajorClust,2007_006_0077.png,Unsupervised Machine Learning,David Alcaide,Universidad de La Laguna,,"Tenerife, Spain","Universidad de La Laguna, Tenerife, Spain",~UL,2007,Spain
1379,Fuzzifying Clustering Algorithms: The Case Study of MajorClust,2007_006_0077.png,Unsupervised Machine Learning,R.R.K. Sharma,Indian Institute of Technology,,"Kanpur, India","Indian Institute of Technology, Kanpur, India",~IIT,2007,India
1380,Taking Advantage of the Web for Text Classification with Imbalanaced Classes*,2007_006_0078.png,Natural Language Processing (NLP),Rafael Guzmán-Cabrera,Universidad de Guanajuato,FIMEE,Mexico,"FIMEE, Universidad de Guanajuato, Mexico",UG,2007,Mexico
1381,Taking Advantage of the Web for Text Classification with Imbalanaced Classes*,2007_006_0078.png,Natural Language Processing (NLP),Manuel Montes-y-Gómez,"Instituto Nacional de Astrofísica, Óptica y Electrónica",LTL,Mexico,"LTL, Instituto Nacional de Astrofísica, Óptica y Electrónica, Mexico",INAOE,2007,Mexico
1382,Taking Advantage of the Web for Text Classification with Imbalanaced Classes*,2007_006_0078.png,Natural Language Processing (NLP),Paolo Rosso,Universidad Politécnica de Valencia,DSIC,Spain,"DSIC, Universidad Politécnica de Valencia, Spain",~UPV,2007,Spain
1383,Taking Advantage of the Web for Text Classification with Imbalanaced Classes*,2007_006_0078.png,Natural Language Processing (NLP),Luis Villaseñor-Pineda,"Instituto Nacional de Astrofísica, Óptica y Electrónica",LTL,Mexico,"LTL, Instituto Nacional de Astrofísica, Óptica y Electrónica, Mexico",INAOE,2007,Mexico
1384,A Classifier System for Author Recognition Using Synonym-Based Features,2007_006_0079.png,Natural Language Processing (NLP),Jonathan H. Clark,Texas Christian University,Department of Computer Science,"Fort Worth, Texas","Department of Computer Science, Texas Christian University
Fort Worth, Texas 76129",~TCU,2007,United States
1385,A Classifier System for Author Recognition Using Synonym-Based Features,2007_006_0079.png,Natural Language Processing (NLP),Charles J. Hannon,Texas Christian University,Department of Computer Science,"Fort Worth, Texas","Department of Computer Science, Texas Christian University
Fort Worth, Texas 76129",~TCU,2007,United States
1386,Variants of Tree Kernels for XML Documents,2007_006_0080.png,Supervised Machine Learning,Peter Geibel,University of Osnabrück,"Institute of Cognitive Science, AI Group",Germany,"University of Osnabrück, Institute of Cognitive Science, AI Group, Germany",~UO,2007,Germany
1387,Variants of Tree Kernels for XML Documents,2007_006_0080.png,Supervised Machine Learning,Helmar Gust,University of Osnabrück,"Institute of Cognitive Science, AI Group",Germany,"University of Osnabrück, Institute of Cognitive Science, AI Group, Germany",~UO,2007,Germany
1388,Variants of Tree Kernels for XML Documents,2007_006_0080.png,Supervised Machine Learning,Kai-Uwe Kühnberger,University of Osnabrück,"Institute of Cognitive Science, AI Group",Germany,"University of Osnabrück, Institute of Cognitive Science, AI Group, Germany",~UO,2007,Germany
1389,Textual Energy of Associative Memories: Performant Applications of Enertex Algorithm in Text Summarization and Topic Segmentation,2007_006_0081.png,Natural Language Processing (NLP),Silvia Fernández,Laboratoire Informatique d'Avignon,,"Avignon, France | Nancy, France","Laboratoire Informatique d'Avignon, BP 1228 F-84911 Avignon Cedex 9 France | Laboratoire de Physique des Matériaux, CNRS UMR 7556, Nancy, France",~LID,2007,France
1390,Textual Energy of Associative Memories: Performant Applications of Enertex Algorithm in Text Summarization and Topic Segmentation,2007_006_0081.png,Natural Language Processing (NLP),Silvia Fernández,Laboratoire de Physique des Matériaux,,"Avignon, France | Nancy, France","Laboratoire Informatique d'Avignon, BP 1228 F-84911 Avignon Cedex 9 France | Laboratoire de Physique des Matériaux, CNRS UMR 7556, Nancy, France",~LPDM,2007,France
1391,Textual Energy of Associative Memories: Performant Applications of Enertex Algorithm in Text Summarization and Topic Segmentation,2007_006_0081.png,Natural Language Processing (NLP),Eric SanJuan,Laboratoire Informatique d'Avignon,,"Avignon, France","Laboratoire Informatique d'Avignon, BP 1228 F-84911 Avignon Cedex 9 France",~LID,2007,France
1392,Textual Energy of Associative Memories: Performant Applications of Enertex Algorithm in Text Summarization and Topic Segmentation,2007_006_0081.png,Natural Language Processing (NLP),Juan Manuel Torres-Moreno,Laboratoire Informatique d'Avignon,Département de génie informatique,"Avignon, France | Montréal, Québec, Canada","Laboratoire Informatique d'Avignon, BP 1228 F-84911 Avignon Cedex 9 France | École Polytechnique de Montréal - Département de génie informatique CP 6079 Succ. Centre Ville H3C 3A7, Montréal (Québec), Canada",~LID,2007,Canada
1393,Textual Energy of Associative Memories: Performant Applications of Enertex Algorithm in Text Summarization and Topic Segmentation,2007_006_0081.png,Natural Language Processing (NLP),Juan Manuel Torres-Moreno,École Polytechnique de Montréal,Département de génie informatique,"Avignon, France | Montréal, Québec, Canada","Laboratoire Informatique d'Avignon, BP 1228 F-84911 Avignon Cedex 9 France | École Polytechnique de Montréal - Département de génie informatique CP 6079 Succ. Centre Ville H3C 3A7, Montréal (Québec), Canada",~ÉPM,2007,Canada
1394,"A New Hybrid Summarizer Based on Vector Space Model, Statistical Physics and Linguistics",2007_006_0082.png,Natural Language Processing (NLP),Iria da Cunha,Universitat Pompeu Fabra,Institute for Applied Linguistics,"Barcelona, España","Institute for Applied Linguistics, Universitat Pompeu Fabra, Barcelona, España",*UPF,2007,Spain
1395,"A New Hybrid Summarizer Based on Vector Space Model, Statistical Physics and Linguistics",2007_006_0082.png,Natural Language Processing (NLP),Silvia Fernández,Laboratoire Informatique d'Avignon,,"Avignon, France | Nancy, France","Laboratoire Informatique d'Avignon, BP1228, 84911 Avignon Cedex 9, France | Laboratoire de Physique des Matériaux, CNRS UMR 7556, Nancy, France",~LID,2007,France
1396,"A New Hybrid Summarizer Based on Vector Space Model, Statistical Physics and Linguistics",2007_006_0082.png,Natural Language Processing (NLP),Silvia Fernández,"Laboratoire de Physique des Matériaux, CNRS UMR 7556",,"Avignon, France | Nancy, France","Laboratoire Informatique d'Avignon, BP1228, 84911 Avignon Cedex 9, France | Laboratoire de Physique des Matériaux, CNRS UMR 7556, Nancy, France",~LPDMCU7,2007,France
1398,"A New Hybrid Summarizer Based on Vector Space Model, Statistical Physics and Linguistics",2007_006_0082.png,Natural Language Processing (NLP),Jorge Vivaldi,Universitat Pompeu Fabra,Institute for Applied Linguistics,"Barcelona, España","Institute for Applied Linguistics, Universitat Pompeu Fabra, Barcelona, España",*UPF,2007,Spain
1399,"A New Hybrid Summarizer Based on Vector Space Model, Statistical Physics and Linguistics",2007_006_0082.png,Natural Language Processing (NLP),Eric SanJuan,Laboratoire Informatique d'Avignon,,"Avignon, France","Laboratoire Informatique d'Avignon, BP1228, 84911 Avignon Cedex 9, France",~LID,2007,France
1400,"A New Hybrid Summarizer Based on Vector Space Model, Statistical Physics and Linguistics",2007_006_0082.png,Natural Language Processing (NLP),Juan Manuel Torres-Moreno,Laboratoire Informatique d'Avignon,DGI,"Avignon, France | Montréal (Québec), Canada","Laboratoire Informatique d'Avignon, BP1228, 84911 Avignon Cedex 9, France | École Polytechnique de Montréal/DGI, Montréal (Québec), Canada",~LID,2007,Canada
1401,"A New Hybrid Summarizer Based on Vector Space Model, Statistical Physics and Linguistics",2007_006_0082.png,Natural Language Processing (NLP),Juan Manuel Torres-Moreno,École Polytechnique de Montréal,DGI,"Avignon, France | Montréal (Québec), Canada","Laboratoire Informatique d'Avignon, BP1228, 84911 Avignon Cedex 9, France | École Polytechnique de Montréal/DGI, Montréal (Québec), Canada",~ÉPM,2007,Canada
1402,Graph Decomposition Approaches for Terminology Graphs,2007_006_0083.png,Natural Language Processing (NLP),Mohamed Didi Biha,LANLG,,"Avignon, France","LANLG, 33 rue Louis Pasteur, 84000 Avignon, France",LANLG,2007,France
1403,Graph Decomposition Approaches for Terminology Graphs,2007_006_0083.png,Natural Language Processing (NLP),Bangaly Kaba,Université Blaise Pascal,LIMOS,"Clermont 2, Aubiere, France","LIMOS, Université Blaise Pascal Clermont 2, 63177 AUBIERE cedex, France",~UBP,2007,France
1404,Graph Decomposition Approaches for Terminology Graphs,2007_006_0083.png,Natural Language Processing (NLP),Marie-Jean Meurs,Université d’Avignon,LIA,"Avignon, France","LIA, Université d’Avignon, BP 1228 84911 Avignon, Cedex 9, France",~UD,2007,France
1405,Graph Decomposition Approaches for Terminology Graphs,2007_006_0083.png,Natural Language Processing (NLP),Eric SanJuan,Université d’Avignon,LIA,"Avignon, France","LIA, Université d’Avignon, BP 1228 84911 Avignon, Cedex 9, France",~UD,2007,France
1406,An Improved Fast Algorithm of Frequent String Extracting with no Thesaurus,2007_006_0084.png,Natural Language Processing (NLP),Yumeng Zhang,Shanghai Jiao Tong University,Department of Computer Science and Engineering | School of Business,"Shanghai, China | Ningbo, China","Department of Computer Science and Engineering, Shanghai Jiao Tong University, Shanghai, 200030, China | School of Business, Ningbo University, Ningbo, 315211, China",~SJTU,2007,China
1407,An Improved Fast Algorithm of Frequent String Extracting with no Thesaurus,2007_006_0084.png,Natural Language Processing (NLP),Yumeng Zhang,Ningbo University,Department of Computer Science and Engineering | School of Business,"Shanghai, China | Ningbo, China","Department of Computer Science and Engineering, Shanghai Jiao Tong University, Shanghai, 200030, China | School of Business, Ningbo University, Ningbo, 315211, China",~NU,2007,China
1408,An Improved Fast Algorithm of Frequent String Extracting with no Thesaurus,2007_006_0084.png,Natural Language Processing (NLP),Chuanhan Liu,Shanghai Jiao Tong University,Department of Computer Science and Engineering,"Shanghai, China","Department of Computer Science and Engineering, Shanghai Jiao Tong University, Shanghai, 200030, China",~SJTU,2007,China
1409,Using Lexical Patterns for Extracting Hyponyms from the Web*,2007_006_0085.png,Natural Language Processing (NLP),Rosa M. Ortega-Mendoza,"Instituto Nacional de Astrofísica, Óptica y Electrónica",Laboratorio de Tecnologías del Lenguaje,México,"Laboratorio de Tecnologías del Lenguaje, Instituto Nacional de Astrofísica, Óptica y Electrónica, México",INAOE,2007,Mexico
1410,Using Lexical Patterns for Extracting Hyponyms from the Web*,2007_006_0085.png,Natural Language Processing (NLP),Luis Villaseñor-Pineda,"Instituto Nacional de Astrofísica, Óptica y Electrónica",Laboratorio de Tecnologías del Lenguaje,México,"Laboratorio de Tecnologías del Lenguaje, Instituto Nacional de Astrofísica, Óptica y Electrónica, México",INAOE,2007,Mexico
1411,Using Lexical Patterns for Extracting Hyponyms from the Web*,2007_006_0085.png,Natural Language Processing (NLP),Manuel Montes-y-Gómez,"Instituto Nacional de Astrofísica, Óptica y Electrónica",Laboratorio de Tecnologías del Lenguaje,México,"Laboratorio de Tecnologías del Lenguaje, Instituto Nacional de Astrofísica, Óptica y Electrónica, México",INAOE,2007,Mexico
1412,On the Usage of Morphological Tags for Grammar Induction*,2007_006_0086.png,Natural Language Processing (NLP),Omar Juárez Gambino,National Polytechnic Institute,Center for Computing Research,"México, D.F., México","Center for Computing Research, National Polytechnic Institute, Av. Juan de Dios Bátiz s/n, esq. Av. Othón de Mendizábal, México, D.F., 07738. México",IPN,2007,Mexico
1413,On the Usage of Morphological Tags for Grammar Induction*,2007_006_0086.png,Natural Language Processing (NLP),Hiram Calvo,National Polytechnic Institute,Center for Computing Research,"México, D.F., México","Center for Computing Research, National Polytechnic Institute, Av. Juan de Dios Bátiz s/n, esq. Av. Othón de Mendizábal, México, D.F., 07738. México",IPN,2007,Mexico
1414,Web-Based Model for Disambiguation of Prepositional Phrase Usage*,2007_006_0087.png,Natural Language Processing (NLP),Sofía N. Galicia-Haro,UNAM,Faculty of Sciences,"Mexico City, Mexico","Faculty of Sciences UNAM Universitary City, Mexico City, Mexico",UNAM,2007,Mexico
1415,Web-Based Model for Disambiguation of Prepositional Phrase Usage*,2007_006_0087.png,Natural Language Processing (NLP),Alexander Gelbukh,National Polytechnic Institute,Center for Computing Research,Mexico,"Center for Computing Research, National Polytechnic Institute, Mexico",IPN,2007,Mexico
1416,Identification of Chinese Verb Nominalization Using Support Vector Machine,2007_006_0088.png,Natural Language Processing (NLP),Jinglei Zhao,Shanghai Jiao Tong University,Department of Computer Science,"Shanghai, China","Department of Computer Science
Shanghai Jiao Tong University
800 Dongchuan Road Shanghai, China",~SJTU,2007,China
1417,Identification of Chinese Verb Nominalization Using Support Vector Machine,2007_006_0088.png,Natural Language Processing (NLP),Changxiong Chen,Shanghai Jiao Tong University,Department of Computer Science,"Shanghai, China","Department of Computer Science
Shanghai Jiao Tong University
800 Dongchuan Road Shanghai, China",~SJTU,2007,China
1418,Identification of Chinese Verb Nominalization Using Support Vector Machine,2007_006_0088.png,Natural Language Processing (NLP),Hui Liu,Shanghai Jiao Tong University,Department of Computer Science,"Shanghai, China","Department of Computer Science
Shanghai Jiao Tong University
800 Dongchuan Road Shanghai, China",~SJTU,2007,China
1419,Identification of Chinese Verb Nominalization Using Support Vector Machine,2007_006_0088.png,Natural Language Processing (NLP),Ruzhan Lu,Shanghai Jiao Tong University,Department of Computer Science,"Shanghai, China","Department of Computer Science
Shanghai Jiao Tong University
800 Dongchuan Road Shanghai, China",~SJTU,2007,China
1420,Enrichment of Automatically Generated Texts Using Metaphor,2007_006_0089.png,Natural Language Processing (NLP),Raquel Hervás,Universidad Complutense de Madrid,Instituto de Tecnologías del Conocimiento,"Madrid, Spain","Instituto de Tecnologías del Conocimiento, Universidad Complutense de Madrid, Spain",~UCM,2007,Spain
1421,Enrichment of Automatically Generated Texts Using Metaphor,2007_006_0089.png,Natural Language Processing (NLP),Rui P. Costa,University of Coimbra,"CISUC, Department of Informatics Engineering","Coimbra, Portugal","CISUC, Department of Informatics Engineering, University of Coimbra, Portugal",~UC,2007,Portugal
1422,Enrichment of Automatically Generated Texts Using Metaphor,2007_006_0089.png,Natural Language Processing (NLP),Hugo Costa,University of Coimbra,"CISUC, Department of Informatics Engineering","Coimbra, Portugal","CISUC, Department of Informatics Engineering, University of Coimbra, Portugal",~UC,2007,Portugal
1423,Enrichment of Automatically Generated Texts Using Metaphor,2007_006_0089.png,Natural Language Processing (NLP),Pablo Gervás,Universidad Complutense de Madrid,Instituto de Tecnologías del Conocimiento,"Madrid, Spain","Instituto de Tecnologías del Conocimiento, Universidad Complutense de Madrid, Spain",~UCM,2007,Spain
1424,Enrichment of Automatically Generated Texts Using Metaphor,2007_006_0089.png,Natural Language Processing (NLP),Francisco C. Pereira,University of Coimbra,"CISUC, Department of Informatics Engineering","Coimbra, Portugal","CISUC, Department of Informatics Engineering, University of Coimbra, Portugal",~UC,2007,Portugal
1425,An Integrated Reordering Model for Statistical Machine Translation,2007_006_0090.png,Natural Language Processing (NLP),Wen-Han Chao,National Laboratory for Parallel and Distributed Processing,,"Changsha, China","National Laboratory for Parallel and Distributed Processing, Changsha, China",~NLPDP,2007,China
1426,An Integrated Reordering Model for Statistical Machine Translation,2007_006_0090.png,Natural Language Processing (NLP),Zhou-Jun Li,Beihang University,School of Computer Science and Engineering,China,"School of Computer Science and Engineering, Beihang University, China",~BU,2007,China
1427,An Integrated Reordering Model for Statistical Machine Translation,2007_006_0090.png,Natural Language Processing (NLP),Yue-Xin Chen,National Laboratory for Parallel and Distributed Processing,,"Changsha, China","National Laboratory for Parallel and Distributed Processing, Changsha, China",~NLPDP,2007,China
1428,Hobbs’ Algorithm for Pronoun Resolution in Portuguese,2007_006_0091.png,Natural Language Processing (NLP),Denis Neves de Arruda Santos,State University of Campinas,Institute of Computing,"Campinas, SP, Brazil","Institute of Computing, State University of Campinas, Caixa Postal 6176, 13083-970, Campinas, SP, Brazil",~SUC,2007,Brazil
1429,Hobbs’ Algorithm for Pronoun Resolution in Portuguese,2007_006_0091.png,Natural Language Processing (NLP),Ariadne Maria Brito Rizzoni Carvalho,State University of Campinas,Institute of Computing,"Campinas, SP, Brazil","Institute of Computing, State University of Campinas, Caixa Postal 6176, 13083-970, Campinas, SP, Brazil",~SUC,2007,Brazil
1430,Automatic Acquisition of Attribute Host by Selectional Constraint Resolution,2007_006_0092.png,Natural Language Processing (NLP),Jinglei Zhao,Shanghai Jiao Tong University,Department of Computer Science,"Shanghai, China","Department of Computer Science
Shanghai Jiao Tong University
800 Dongchuan Road Shanghai, China",~SJTU,2007,China
1431,Automatic Acquisition of Attribute Host by Selectional Constraint Resolution,2007_006_0092.png,Natural Language Processing (NLP),Hui Liu,Shanghai Jiao Tong University,Department of Computer Science,"Shanghai, China","Department of Computer Science
Shanghai Jiao Tong University
800 Dongchuan Road Shanghai, China",~SJTU,2007,China
1432,Automatic Acquisition of Attribute Host by Selectional Constraint Resolution,2007_006_0092.png,Natural Language Processing (NLP),Ruzhan Lu,Shanghai Jiao Tong University,Department of Computer Science,"Shanghai, China","Department of Computer Science
Shanghai Jiao Tong University
800 Dongchuan Road Shanghai, China",~SJTU,2007,China
1433,E-Gen: Automatic Job Offer Processing System for Human Resources,2007_006_0093.png,Natural Language Processing (NLP),Rémy Kessler,Laboratoire Informatique d’Avignon,,"Avignon, France | Saint Priest, France","Laboratoire Informatique d’Avignon, BP 1228 F-84911 Avignon Cedex 9 France | AKTOR Interactive Parc Technologique 12, allée Irène Joliot Curie Bâtiment B3 69800 Saint Priest France",~LID,2007,France
1434,E-Gen: Automatic Job Offer Processing System for Human Resources,2007_006_0093.png,Natural Language Processing (NLP),Rémy Kessler,AKTOR Interactive,,"Avignon, France | Saint Priest, France","Laboratoire Informatique d’Avignon, BP 1228 F-84911 Avignon Cedex 9 France | AKTOR Interactive Parc Technologique 12, allée Irène Joliot Curie Bâtiment B3 69800 Saint Priest France",~AI,2007,France
1435,E-Gen: Automatic Job Offer Processing System for Human Resources,2007_006_0093.png,Natural Language Processing (NLP),Juan Manuel Torres-Moreno,Laboratoire Informatique d’Avignon,Département de génie informatique,"Avignon, France | Montréal, Québec, Canada","Laboratoire Informatique d’Avignon, BP 1228 F-84911 Avignon Cedex 9 France | École Polytechnique de Montréal - Département de génie informatique CP 6079 Succ. Centre Ville H3C 3A7, Montréal (Québec), Canada",~LID,2007,Canada
1436,E-Gen: Automatic Job Offer Processing System for Human Resources,2007_006_0093.png,Natural Language Processing (NLP),Juan Manuel Torres-Moreno,École Polytechnique de Montréal,Département de génie informatique,"Avignon, France | Montréal, Québec, Canada","Laboratoire Informatique d’Avignon, BP 1228 F-84911 Avignon Cedex 9 France | École Polytechnique de Montréal - Département de génie informatique CP 6079 Succ. Centre Ville H3C 3A7, Montréal (Québec), Canada",~ÉPM,2007,Canada
1437,E-Gen: Automatic Job Offer Processing System for Human Resources,2007_006_0093.png,Natural Language Processing (NLP),Marc El-Bèze,Laboratoire Informatique d’Avignon,,"Avignon, France","Laboratoire Informatique d’Avignon, BP 1228 F-84911 Avignon Cedex 9 France",~LID,2007,France
1438,How Context and Semantic Information Can Help a Machine Learning System?,2007_006_0094.png,Natural Language Processing (NLP),Sonia Vázquez,Universidad de Alicante,Departamento de Lenguajes y Sistemas Informáticos,,"Departamento de Lenguajes y Sistemas Informáticos
Universidad de Alicante",*UA,2007,Spain
1439,How Context and Semantic Information Can Help a Machine Learning System?,2007_006_0094.png,Natural Language Processing (NLP),Zornitsa Kozareva,Universidad de Alicante,Departamento de Lenguajes y Sistemas Informáticos,,"Departamento de Lenguajes y Sistemas Informáticos
Universidad de Alicante",*UA,2007,Spain
1440,How Context and Semantic Information Can Help a Machine Learning System?,2007_006_0094.png,Natural Language Processing (NLP),Andrés Montoyo,Universidad de Alicante,Departamento de Lenguajes y Sistemas Informáticos,,"Departamento de Lenguajes y Sistemas Informáticos
Universidad de Alicante",*UA,2007,Spain
1441,Auditory Cortical Representations of Speech Signals for Phoneme Classification,2007_006_0095.png,Natural Language Processing (NLP),Hugo L. Rufiner,Universidad Nacional del Litoral,"Laboratorio de Señales e INteligencia Computacional (SINC), Depto Informática, Facultad de Ingeniería y Cs Hídricas | Facultad de Ingeniería, Universidad Nacional de Entre Ríos","Santa Fe, Argentina | Argentina","Laboratorio de Señales e INteligencia Computacional (SINC), Depto Informática, Facultad de Ingeniería y Cs Hídricas - Universidad Nacional del Litoral, CC 217, Ciudad Universitaria, Paraje El Pozo, S3000 Santa Fe, Argentina | Facultad de Ingeniería, Universidad Nacional de Entre Ríos, Argentina",~UNL,2007,Argentina
1442,Auditory Cortical Representations of Speech Signals for Phoneme Classification,2007_006_0095.png,Natural Language Processing (NLP),César E. Martínez,Universidad Nacional del Litoral,"Laboratorio de Señales e INteligencia Computacional (SINC), Depto Informática, Facultad de Ingeniería y Cs Hídricas | Facultad de Ingeniería, Universidad Nacional de Entre Ríos","Santa Fe, Argentina | Argentina","Laboratorio de Señales e INteligencia Computacional (SINC), Depto Informática, Facultad de Ingeniería y Cs Hídricas - Universidad Nacional del Litoral, CC 217, Ciudad Universitaria, Paraje El Pozo, S3000 Santa Fe, Argentina | Facultad de Ingeniería, Universidad Nacional de Entre Ríos, Argentina",~UNL,2007,Argentina
1443,Auditory Cortical Representations of Speech Signals for Phoneme Classification,2007_006_0095.png,Natural Language Processing (NLP),Diego H. Milone,Universidad Nacional de Entre Ríos,Facultad de Ingeniería,Argentina,"Facultad de Ingeniería, Universidad Nacional de Entre Ríos, Argentina",~UNER,2007,Argentina
1444,Auditory Cortical Representations of Speech Signals for Phoneme Classification,2007_006_0095.png,Natural Language Processing (NLP),John Goddard,UAM-Iztapalapa,Dpto. de Ingeniería Eléctrica,México,"Dpto. de Ingeniería Eléctrica - UAM-Iztapalapa, México",~U,2007,Mexico
1445,Using Adaptive Filter and Wavelets to Increase Automatic Speech Recognition Rate in Noisy Environment,2007_006_0096.png,Natural Language Processing (NLP),José Luis Oropeza Rodríguez,National Polytechnic Institute,Center for Computing Research,Mexico,"Center for Computing Research, National Polytechnic Institute, Juan de Dios Batiz esq Miguel Othon de Mendizabal s/n, P.O. 07038, Mexico",IPN,2007,Mexico
1446,Using Adaptive Filter and Wavelets to Increase Automatic Speech Recognition Rate in Noisy Environment,2007_006_0096.png,Natural Language Processing (NLP),Sergio Suárez Guerra,National Polytechnic Institute,Center for Computing Research,Mexico,"Center for Computing Research, National Polytechnic Institute, Juan de Dios Batiz esq Miguel Othon de Mendizabal s/n, P.O. 07038, Mexico",IPN,2007,Mexico
1447,Spoken Commands in a Smart Home: An Iterative Approach to the Sphinx Algorithm,2007_006_0097.png,Natural Language Processing (NLP),Michael Denkowski,Texas Christian University,,"Fort Worth, Texas, USA","Texas Christian University, Fort Worth, Texas, 76129, USA",~TCU,2007,United States
1448,Spoken Commands in a Smart Home: An Iterative Approach to the Sphinx Algorithm,2007_006_0097.png,Natural Language Processing (NLP),Charles Hannon,Texas Christian University,,"Fort Worth, Texas, USA","Texas Christian University, Fort Worth, Texas, 76129, USA",~TCU,2007,United States
1449,Spoken Commands in a Smart Home: An Iterative Approach to the Sphinx Algorithm,2007_006_0097.png,Natural Language Processing (NLP),Antonio Sanchez,Texas Christian University,,"Fort Worth, Texas, USA","Texas Christian University, Fort Worth, Texas, 76129, USA",~TCU,2007,United States
1450,Emotion Estimation Algorithm Based on Interpersonal Emotion Included in Emotional Dialogue Sentences,2007_006_0098.png,Natural Language Processing (NLP),Kazuyuki Matsumoto,The University of Tokushima,Faculty of Engineering,"Tokushimashi, Japan","Faculty of Engineering, The University of Tokushima, Tokushimashi 770-8506, Japan",~UT,2007,Japan
1451,Emotion Estimation Algorithm Based on Interpersonal Emotion Included in Emotional Dialogue Sentences,2007_006_0098.png,Natural Language Processing (NLP),Fuji Ren,The University of Tokushima,Faculty of Engineering | ,"Tokushimashi, Japan | Beijing, China","Faculty of Engineering, The University of Tokushima, Tokushimashi 770-8506, Japan | Beijing University of Posts and Telecommunications, Beijing, 100876, China",~UT,2007,China
1452,Emotion Estimation Algorithm Based on Interpersonal Emotion Included in Emotional Dialogue Sentences,2007_006_0098.png,Natural Language Processing (NLP),Fuji Ren,Beijing University of Posts and Telecommunications,Faculty of Engineering | ,"Tokushimashi, Japan | Beijing, China","Faculty of Engineering, The University of Tokushima, Tokushimashi 770-8506, Japan | Beijing University of Posts and Telecommunications, Beijing, 100876, China",~BUPT,2007,China
1453,Emotion Estimation Algorithm Based on Interpersonal Emotion Included in Emotional Dialogue Sentences,2007_006_0098.png,Natural Language Processing (NLP),Shingo Kuroiwa,The University of Tokushima,Faculty of Engineering,"Tokushimashi, Japan","Faculty of Engineering, The University of Tokushima, Tokushimashi 770-8506, Japan",~UT,2007,Japan
1454,Emotion Estimation Algorithm Based on Interpersonal Emotion Included in Emotional Dialogue Sentences,2007_006_0098.png,Natural Language Processing (NLP),Seiji Tsuchiya,The University of Tokushima,Faculty of Engineering,"Tokushimashi, Japan","Faculty of Engineering, The University of Tokushima, Tokushimashi 770-8506, Japan",~UT,2007,Japan
1455,The Framework of Mental State Transition Analysis,2007_006_0099.png,Neural Networks & Deep Learning,Peilin Jiang,The University of Tokushima,,"Tokushima, Japan | Xi'an, 710049, China","1 The University of Tokushima, Tokushima, Japan | 2 Xi'an Jiaotong University, Xi'an, 710049, China",~UT,2007,China
1456,The Framework of Mental State Transition Analysis,2007_006_0099.png,Neural Networks & Deep Learning,Peilin Jiang,Xi'an Jiaotong University,,"Tokushima, Japan | Xi'an, 710049, China","1 The University of Tokushima, Tokushima, Japan | 2 Xi'an Jiaotong University, Xi'an, 710049, China",~XJU,2007,China
1457,The Framework of Mental State Transition Analysis,2007_006_0099.png,Neural Networks & Deep Learning,Hua Xiang,The University of Tokushima,,"Tokushima, Japan","1 The University of Tokushima, Tokushima, Japan",~UT,2007,Japan
1458,The Framework of Mental State Transition Analysis,2007_006_0099.png,Neural Networks & Deep Learning,Fuji Ren,The University of Tokushima,,"Tokushima, Japan","1 The University of Tokushima, Tokushima, Japan",~UT,2007,Japan
1459,The Framework of Mental State Transition Analysis,2007_006_0099.png,Neural Networks & Deep Learning,Shingo Kuroiwa,The University of Tokushima,,"Tokushima, Japan","1 The University of Tokushima, Tokushima, Japan",~UT,2007,Japan
1460,The Framework of Mental State Transition Analysis,2007_006_0099.png,Neural Networks & Deep Learning,Nanning Zheng,Xi'an Jiaotong University,,"Xi'an, 710049, China","2 Xi'an Jiaotong University, Xi'an, 710049, China",~XJU,2007,China
1461,Integration of Symmetry and Macro-operators in Planning,2007_006_0100.png,Heuristic Search & Optimization,Amirali Houshmandan,Sharif University of Technology,Department of Computer Engineering,"Tehran, Iran","Sharif University of Technology, Department of Computer Engineering, Tehran, Iran",~SUT,2007,Iran
1462,Integration of Symmetry and Macro-operators in Planning,2007_006_0100.png,Heuristic Search & Optimization,Gholamreza Ghassem-Sani,Sharif University of Technology,Department of Computer Engineering,"Tehran, Iran","Sharif University of Technology, Department of Computer Engineering, Tehran, Iran",~SUT,2007,Iran
1463,Integration of Symmetry and Macro-operators in Planning,2007_006_0100.png,Heuristic Search & Optimization,Hootan Nakhost,Sharif University of Technology,Department of Computer Engineering,"Tehran, Iran","Sharif University of Technology, Department of Computer Engineering, Tehran, Iran",~SUT,2007,Iran
1464,Planning by Guided Hill-Climbing,2007_006_0101.png,Heuristic Search & Optimization,Seyed Ali Akramifar,Sharif University of Technology,Computer Engineering Department,"Tehran, Iran","Computer Engineering Department, Sharif University of Technology, P.O. Box 11365-9517, Tehran, Iran",~SUT,2007,Iran
1465,Planning by Guided Hill-Climbing,2007_006_0101.png,Heuristic Search & Optimization,Gholamreza Ghassem-Sani,Sharif University of Technology,Computer Engineering Department,"Tehran, Iran","Computer Engineering Department, Sharif University of Technology, P.O. Box 11365-9517, Tehran, Iran",~SUT,2007,Iran
1466,DiPro: An Algorithm for the Packing in Product Transportation Problems with Multiple Loading and Routing Variants*,2007_006_0102.png,Heuristic Search & Optimization,Laura Cruz Reyes,Instituto Tecnológico de Ciudad Madero,,"Ciudad Madero, México","Instituto Tecnológico de Ciudad Madero, México",~ITCM,2007,Mexico
1467,DiPro: An Algorithm for the Packing in Product Transportation Problems with Multiple Loading and Routing Variants*,2007_006_0102.png,Heuristic Search & Optimization,Diana M. Nieto-Yáñez,Instituto Tecnológico de Ciudad Madero,,"Ciudad Madero, México","Instituto Tecnológico de Ciudad Madero, México",~ITCM,2007,Mexico
1468,DiPro: An Algorithm for the Packing in Product Transportation Problems with Multiple Loading and Routing Variants*,2007_006_0102.png,Heuristic Search & Optimization,Nelson Rangel-Valdez,Instituto Tecnológico de Ciudad Madero,,"Ciudad Madero, México","Instituto Tecnológico de Ciudad Madero, México",~ITCM,2007,Mexico
1469,DiPro: An Algorithm for the Packing in Product Transportation Problems with Multiple Loading and Routing Variants*,2007_006_0102.png,Heuristic Search & Optimization,Juan A. Herrera Ortiz,Instituto Tecnológico de Ciudad Madero,,"Ciudad Madero, México","Instituto Tecnológico de Ciudad Madero, México",~ITCM,2007,Mexico
1470,DiPro: An Algorithm for the Packing in Product Transportation Problems with Multiple Loading and Routing Variants*,2007_006_0102.png,Heuristic Search & Optimization,J. González B.,Instituto Tecnológico de Ciudad Madero,,"Ciudad Madero, México","Instituto Tecnológico de Ciudad Madero, México",~ITCM,2007,Mexico
1471,DiPro: An Algorithm for the Packing in Product Transportation Problems with Multiple Loading and Routing Variants*,2007_006_0102.png,Heuristic Search & Optimization,Guadalupe Castilla Valdez,Instituto Tecnológico de Ciudad Madero,,"Ciudad Madero, México","Instituto Tecnológico de Ciudad Madero, México",~ITCM,2007,Mexico
1472,DiPro: An Algorithm for the Packing in Product Transportation Problems with Multiple Loading and Routing Variants*,2007_006_0102.png,Heuristic Search & Optimization,J. Francisco Delgado-Orta,Instituto Tecnológico de Ciudad Madero,,"Ciudad Madero, México","Instituto Tecnológico de Ciudad Madero, México",~ITCM,2007,Mexico
1473,On the Performance of Deterministic Sampling in Probabilistic Roadmap Planning,2007_006_0103.png,Robotics,Abraham Sánchez L.,BUAP,Facultad de Ciencias de la Computación,"Puebla, Pue., México","Facultad de Ciencias de la Computación, BUAP 14 Sur esq. San Claudio, CP 72570 Puebla, Pue., México",BUAP,2007,Mexico
1474,On the Performance of Deterministic Sampling in Probabilistic Roadmap Planning,2007_006_0103.png,Robotics,Roberto Juarez G.,BUAP,Facultad de Ciencias de la Computación,"Puebla, Pue., México","Facultad de Ciencias de la Computación, BUAP 14 Sur esq. San Claudio, CP 72570 Puebla, Pue., México",BUAP,2007,Mexico
1475,On the Performance of Deterministic Sampling in Probabilistic Roadmap Planning,2007_006_0103.png,Robotics,Maria A. Osorio L.,BUAP,Facultad de Ciencias de la Computación,"Puebla, Pue., México","Facultad de Ciencias de la Computación, BUAP 14 Sur esq. San Claudio, CP 72570 Puebla, Pue., México",BUAP,2007,Mexico
1476,Hybrid Evolutionary Algorithm for Flowtime Minimisation in No-Wait Flowshop Scheduling,2007_006_0104.png,Bio-inspired & Evolutionary Computing,Geraldo Ribeiro Filho,Faculdade Bandeirantes de Educação Superior,,"Suzano, SP, Brazil","Faculdade Bandeirantes de Educação Superior
R. José Correia Gonçalves, 57
08675-130, Suzano - SP - Brazil",~FBES,2007,Brazil
1477,Hybrid Evolutionary Algorithm for Flowtime Minimisation in No-Wait Flowshop Scheduling,2007_006_0104.png,Bio-inspired & Evolutionary Computing,Marcelo Seido Nagano,Universidade de São Paulo,Escola de Engenharia de São Carlos,"São Carlos, SP, Brazil","Escola de Engenharia de São Carlos - USP
Av. Trabalhador São-Carlense, 400
13566-590, São Carlos - SP - Brazil",*USP,2007,Brazil
1478,Hybrid Evolutionary Algorithm for Flowtime Minimisation in No-Wait Flowshop Scheduling,2007_006_0104.png,Bio-inspired & Evolutionary Computing,Luiz Antonio Nogueira Lorena,Instituto Nacional de Pesquisas Espaciais,INPE/LAC,"São José dos Campos, SP, Brazil","Instituto Nacional de Pesquisas Espaciais - INPE/LAC
Av. dos Astronautas, 1758
12227-010, São José dos Campos - SP - Brazil",~INPE,2007,Brazil
1479,Enhancing Supply Chain Decisions Using Constraint Programming: A Case Study,2007_006_0105.png,Heuristic Search & Optimization,Luiz C.A. Rodrigues,Federal University of Technology – Paraná (UTFPR),Mechanical Engineering Department,"Curitiba, PR, Brazil","Federal University of Technology – Paraná (UTFPR), Mechanical Engineering Department, Av. Sete de Setembro 3165, 80230-901 Curitiba, PR, Brazil",~FUT–P(,2007,Brazil
1480,Enhancing Supply Chain Decisions Using Constraint Programming: A Case Study,2007_006_0105.png,Heuristic Search & Optimization,Leandro Magatão,Federal University of Technology – Paraná (UTFPR),Mechanical Engineering Department,"Curitiba, PR, Brazil","Federal University of Technology – Paraná (UTFPR), Mechanical Engineering Department, Av. Sete de Setembro 3165, 80230-901 Curitiba, PR, Brazil",~FUT–P(,2007,Brazil
1481,Analysis of DNA-Dimer Distribution in Retroviral Genomes Using a Bayesian Networks Induction Technique Based on Genetic Algorithms,2007_006_0106.png,Probabilistic & Statistical Reasoning,Ramiro Garza-Domínguez,Universidad Autonoma del Carmen,Centro de Tecnologias de Informacion,"Ciudad del Carmen, Campeche, Mexico","Centro de Tecnologias de Informacion, Universidad Autonoma del Carmen, Ciudad del Carmen, Campeche, Mexico",~UAC,2007,Mexico
1482,Analysis of DNA-Dimer Distribution in Retroviral Genomes Using a Bayesian Networks Induction Technique Based on Genetic Algorithms,2007_006_0106.png,Probabilistic & Statistical Reasoning,Antonio Quiroz-Gutiérrez,Universidad Autonoma del Carmen,Facultad de Quimica,"Ciudad del Carmen, Campeche, Mexico","Facultad de Quimica, Universidad Autonoma del Carmen, Ciudad del Carmen, Campeche, Mexico",~UAC,2007,Mexico
1483,SELDI-TOF-MS Pattern Analysis for Cancer Detection as a Base for Diagnostic Software,2007_006_0107.png,Supervised Machine Learning,Marcin Radlak,University of Birmingham,School of Computer Science,"Edgbaston, Birmingham, United Kingdom","School of Computer Science, University of Birmingham, Edgbaston, Birmingham, B15 2TT",~UB,2007,United Kingdom
1484,SELDI-TOF-MS Pattern Analysis for Cancer Detection as a Base for Diagnostic Software,2007_006_0107.png,Supervised Machine Learning,Ryszard Klempous,Wroclaw University of Technology,Institute of Control and Optimization,"Wroclaw, Poland","Institute of Control and Optimization, Wroclaw University of Technology, ul. Wybrzee Wyspiaskiego 27, 50-370 Wroclaw, Poland",~WUT,2007,Poland
1485,Three Dimensional Modeling of Individual Vessels Based on Matching of Adaptive Control Points,2007_006_0108.png,Computer Vision,Na-Young Lee,Korea Atomic Energy Research Institute,,"Yuseong, Daejeon, Korea","Korea Atomic Energy Research Institute, P. O. Box 105, Yuseong, Daejeon, Korea, 305-353",~KAERI,2007,South Korea
1486,Design and Implementation of Petrinet Based Distributed Control Architecture for Robotic Manufacturing Systems,2007_006_0109.png,Robotics,Gen’ichi Yasuda,Nagasaki Institute of Applied Science,"Department of Human and Computer Intelligence, Faculty of Informatics","Nagasaki, Japan","Department of Human and Computer Intelligence, Faculty of Informatics
Nagasaki Institute of Applied Science
536 Aba-machi, Nagasaki 851-0193, Japan",~NIAS,2007,Japan
1487,Multi Sensor Data Fusion for High Speed Machining,2007_006_0110.png,Neural Networks & Deep Learning,Antonio Jr. Vallejo,Instituto de Automática Industrial,,"Arganda del Rey, Madrid, Spain","Instituto de Automática Industrial, Carretera Campo Real km 0.200 La Poveda, 28,500 Arganda del Rey Madrid, Spain",~IAI,2007,Spain
1488,Multi Sensor Data Fusion for High Speed Machining,2007_006_0110.png,Neural Networks & Deep Learning,Ruben Morales-Menendez,Tecnológico de Monterrey,campus Monterrey,"Monterrey, NL, México","Tecnológico de Monterrey, campus Monterrey, Avenida Eugenio Garza Sada 2501, 64,849 Monterrey NL, México",ITESM,2007,Mexico
1489,Multi Sensor Data Fusion for High Speed Machining,2007_006_0110.png,Neural Networks & Deep Learning,Miguel Ramírez,Instituto de Automática Industrial,,"Arganda del Rey, Madrid, Spain","Instituto de Automática Industrial, Carretera Campo Real km 0.200 La Poveda, 28,500 Arganda del Rey Madrid, Spain",~IAI,2007,Spain
1490,Multi Sensor Data Fusion for High Speed Machining,2007_006_0110.png,Neural Networks & Deep Learning,J.R. Alique,Instituto de Automática Industrial,,"Arganda del Rey, Madrid, Spain","Instituto de Automática Industrial, Carretera Campo Real km 0.200 La Poveda, 28,500 Arganda del Rey Madrid, Spain",~IAI,2007,Spain
1491,Multi Sensor Data Fusion for High Speed Machining,2007_006_0110.png,Neural Networks & Deep Learning,Luis E. Garza,Tecnológico de Monterrey,campus Monterrey,"Monterrey, NL, México","Tecnológico de Monterrey, campus Monterrey, Avenida Eugenio Garza Sada 2501, 64,849 Monterrey NL, México",ITESM,2007,Mexico
1492,VisualBlock-FIR for Fault Detection and Identification: Application to the DAMADICS Benchmark Problem,2007_006_0111.png,Fuzzy Logic & Fuzzy Systems,Antoni Escobet,Universitat Politècnica de Catalunya,Dept. ESAII,"Manresa, Spain","Dept. ESAII, Universitat Politècnica de Catalunya, Manresa, Spain",~UPC,2007,Spain
1493,VisualBlock-FIR for Fault Detection and Identification: Application to the DAMADICS Benchmark Problem,2007_006_0111.png,Fuzzy Logic & Fuzzy Systems,Àngela Nebot,Universitat Politècnica de Catalunya,Dept. LSI,"Barcelona, Spain","Dept. LSI, Universitat Politècnica de Catalunya, Barcelona, Spain",~UPC,2007,Spain
1494,VisualBlock-FIR for Fault Detection and Identification: Application to the DAMADICS Benchmark Problem,2007_006_0111.png,Fuzzy Logic & Fuzzy Systems,François E. Cellier,ETH Zurich,Institute of Computational Science,"Zurich, Switzerland","Institute of Computational Science, ETH Zurich, CH-8092 Zurich, Switzerland",ETH Zurich,2007,Switzerland
1495,Sliding Mode Control of a Hydrocarbon Degradation in Biopile System Using Recurrent Neural Network Model,2007_006_0112.png,Neural Networks & Deep Learning,Ieroham Baruch,CINVESTAV-IPN,Department of Automatic Control,"Mexico D.F., Mexico","CINVESTAV-IPN, Ave. IPN No 2508, A.P. 14-740, Mexico D.F., C.P. 07360, MEXICO 1 Department of Automatic Control",CINVESTAV,2007,Mexico
1496,Sliding Mode Control of a Hydrocarbon Degradation in Biopile System Using Recurrent Neural Network Model,2007_006_0112.png,Neural Networks & Deep Learning,Carlos-Roman Mariaca-Gaspar,CINVESTAV-IPN,Department of Automatic Control,"Mexico D.F., Mexico","CINVESTAV-IPN, Ave. IPN No 2508, A.P. 14-740, Mexico D.F., C.P. 07360, MEXICO 1 Department of Automatic Control",CINVESTAV,2007,Mexico
1497,Sliding Mode Control of a Hydrocarbon Degradation in Biopile System Using Recurrent Neural Network Model,2007_006_0112.png,Neural Networks & Deep Learning,Israel Cruz-Vega,CINVESTAV-IPN,Department of Automatic Control,"Mexico D.F., Mexico","CINVESTAV-IPN, Ave. IPN No 2508, A.P. 14-740, Mexico D.F., C.P. 07360, MEXICO 1 Department of Automatic Control",CINVESTAV,2007,Mexico
1498,Sliding Mode Control of a Hydrocarbon Degradation in Biopile System Using Recurrent Neural Network Model,2007_006_0112.png,Neural Networks & Deep Learning,Josefina Barrera-Cortes,CINVESTAV-IPN,Department of Biotechnology and Bioengineering,"Mexico D.F., Mexico","CINVESTAV-IPN, Ave. IPN No 2508, A.P. 14-740, Mexico D.F., C.P. 07360, MEXICO 2 Department of Biotechnology and Bioengineering",CINVESTAV,2007,Mexico
1499,Knowledge Acquisition in Intelligent Tutoring System: A Data Mining Approach,2007_006_0113.png,Data Mining & Knowledge Discovery,Simone Riccucci,University of Bologna,Computer Science Department,"Bologna, Italy","University of Bologna, Computer Science Department, Via Mura Anteo Zamboni 7, 40121, Bologna, Italy",~UB,2007,Italy
1500,Knowledge Acquisition in Intelligent Tutoring System: A Data Mining Approach,2007_006_0113.png,Data Mining & Knowledge Discovery,Antonella Carbonaro,University of Bologna,Computer Science Department,"Cesena, Italy","University of Bologna, Computer Science Department, Via Sacchi 3, 47023, Cesena, Italy",~UB,2007,Italy
1501,Knowledge Acquisition in Intelligent Tutoring System: A Data Mining Approach,2007_006_0113.png,Data Mining & Knowledge Discovery,Giorgio Casadei,University of Bologna,Computer Science Department,"Bologna, Italy","University of Bologna, Computer Science Department, Via Mura Anteo Zamboni 7, 40121, Bologna, Italy",~UB,2007,Italy
1502,Features Selection Through FS-Testors in Case-Based Systems of Teaching-Learning,2007_006_0114.png,Fuzzy Logic & Fuzzy Systems,Natalia Martínez,Central University of Las Villas,Department of Computer Science,"Santa Clara, Cuba","Department of Computer Science, Central University of Las Villas, Highway to Camajuaní km 5 ½, Santa Clara, Cuba",~CUV,2007,Cuba
1503,Features Selection Through FS-Testors in Case-Based Systems of Teaching-Learning,2007_006_0114.png,Fuzzy Logic & Fuzzy Systems,Maikel León,Central University of Las Villas,Department of Computer Science,"Santa Clara, Cuba","Department of Computer Science, Central University of Las Villas, Highway to Camajuaní km 5 ½, Santa Clara, Cuba",~CUV,2007,Cuba
1504,Features Selection Through FS-Testors in Case-Based Systems of Teaching-Learning,2007_006_0114.png,Fuzzy Logic & Fuzzy Systems,Zenaida García,Central University of Las Villas,Department of Computer Science,"Santa Clara, Cuba","Department of Computer Science, Central University of Las Villas, Highway to Camajuaní km 5 ½, Santa Clara, Cuba",~CUV,2007,Cuba
1505,Heuristic Optimization Methods for Generating Test from a Question Bank,2007_006_0115.png,Heuristic Search & Optimization,Mehmet Yildirim,University of Kocaeli,Electronics and Computer Education Department,"Kocaeli, Turkey","Electronics and Computer Education Department, University of Kocaeli, 41380, Kocaeli, Turkey",~UK,2007,Turkey
1506,Heuristic Methods for Hypertree Decomposition,2008_007_0000.png,Heuristic Search & Optimization,Artan Dermaku,TU Wien,Institut für Informationssysteme (DBAI),Austria,"Institut für Informationssysteme (DBAI), TU Wien, Austria",TU Wien,2008,Austria
1507,Heuristic Methods for Hypertree Decomposition,2008_007_0000.png,Heuristic Search & Optimization,Tobias Ganzow,RWTH Aachen,Mathematische Grundlagen der Informatik,Germany,"Mathematische Grundlagen der Informatik, RWTH Aachen, Germany",~RA,2008,Germany
1508,Heuristic Methods for Hypertree Decomposition,2008_007_0000.png,Heuristic Search & Optimization,Georg Gottlob,University of Oxford,Computing Laboratory | Institut für Informationssysteme (DBAI),UK | Austria,"Computing Laboratory, University of Oxford, UK | Institut für Informationssysteme (DBAI), TU Wien, Austria",~UO,2008,Multiple
1509,Heuristic Methods for Hypertree Decomposition,2008_007_0000.png,Heuristic Search & Optimization,Georg Gottlob,TU Wien,Computing Laboratory | Institut für Informationssysteme (DBAI),UK | Austria,"Computing Laboratory, University of Oxford, UK | Institut für Informationssysteme (DBAI), TU Wien, Austria",TU Wien,2008,Multiple
1510,Heuristic Methods for Hypertree Decomposition,2008_007_0000.png,Heuristic Search & Optimization,Ben McMahan,Rice University,Department of Computer Science,USA,"Department of Computer Science, Rice University, USA",~RU,2008,United States
1511,Heuristic Methods for Hypertree Decomposition,2008_007_0000.png,Heuristic Search & Optimization,Nysret Musliu,TU Wien,Institut für Informationssysteme (DBAI),Austria,"Institut für Informationssysteme (DBAI), TU Wien, Austria",TU Wien,2008,Austria
1512,Heuristic Methods for Hypertree Decomposition,2008_007_0000.png,Heuristic Search & Optimization,Marko Samer,TU Wien,Institut für Informationssysteme (DBAI),Austria,"Institut für Informationssysteme (DBAI), TU Wien, Austria",TU Wien,2008,Austria
1513,Nonlinear Bayesian Filters for Training Recurrent Neural Networks,2008_007_0001.png,Neural Networks & Deep Learning,Ienkaran Arasaratnam,McMaster University,"Cognitive Systems Laboratory, Department of Electrical & Computer Engineering","Hamilton, ON, Canada","Cognitive Systems Laboratory
Department of Electrical & Computer Engineering
McMaster University
Hamilton, ON, L8S 4K1",~MU,2008,Canada
1514,Nonlinear Bayesian Filters for Training Recurrent Neural Networks,2008_007_0001.png,Neural Networks & Deep Learning,Simon Haykin,McMaster University,"Cognitive Systems Laboratory, Department of Electrical & Computer Engineering","Hamilton, ON, Canada","Cognitive Systems Laboratory
Department of Electrical & Computer Engineering
McMaster University
Hamilton, ON, L8S 4K1",~MU,2008,Canada
1515,QuBIS: An (In)complete Solver for Quantified Boolean Formulas,2008_007_0002.png,Logic & Automated Reasoning,Luca Pulina,Università di Genova,DIST,"Genova, Italy","DIST, Università di Genova, Viale Causa, 13 – 16145 Genova, Italy",~UDG,2008,Italy
1516,QuBIS: An (In)complete Solver for Quantified Boolean Formulas,2008_007_0002.png,Logic & Automated Reasoning,Armando Tacchella,Università di Genova,DIST,"Genova, Italy","DIST, Università di Genova, Viale Causa, 13 – 16145 Genova, Italy",~UDG,2008,Italy
1517,Strength Two Covering Arrays Construction Using a SAT Representation,2008_007_0003.png,Logic & Automated Reasoning,Daniel Lopez-Escogido,CINVESTAV,"Laboratorio de Tecnologías de Información, CINVESTAV-Tamaulipas","Cd. Victoria, Tamaulipas, México","Laboratorio de Tecnologías de Información, CINVESTAV-Tamaulipas, Carretera Nacional Cd. Victoria-Monterrey Km 6, Cd. Victoria Tamaulipas, México, CP. 87276",CINVESTAV,2008,Mexico
1518,Strength Two Covering Arrays Construction Using a SAT Representation,2008_007_0003.png,Logic & Automated Reasoning,Jose Torres-Jimenez,CINVESTAV,"Laboratorio de Tecnologías de Información, CINVESTAV-Tamaulipas","Cd. Victoria, Tamaulipas, México","Laboratorio de Tecnologías de Información, CINVESTAV-Tamaulipas, Carretera Nacional Cd. Victoria-Monterrey Km 6, Cd. Victoria Tamaulipas, México, CP. 87276",CINVESTAV,2008,Mexico
1519,Strength Two Covering Arrays Construction Using a SAT Representation,2008_007_0003.png,Logic & Automated Reasoning,Eduardo Rodriguez-Tello,CINVESTAV,"Laboratorio de Tecnologías de Información, CINVESTAV-Tamaulipas","Cd. Victoria, Tamaulipas, México","Laboratorio de Tecnologías de Información, CINVESTAV-Tamaulipas, Carretera Nacional Cd. Victoria-Monterrey Km 6, Cd. Victoria Tamaulipas, México, CP. 87276",CINVESTAV,2008,Mexico
1520,Strength Two Covering Arrays Construction Using a SAT Representation,2008_007_0003.png,Logic & Automated Reasoning,Nelson Rangel-Valdez,CINVESTAV,"Laboratorio de Tecnologías de Información, CINVESTAV-Tamaulipas","Cd. Victoria, Tamaulipas, México","Laboratorio de Tecnologías de Información, CINVESTAV-Tamaulipas, Carretera Nacional Cd. Victoria-Monterrey Km 6, Cd. Victoria Tamaulipas, México, CP. 87276",CINVESTAV,2008,Mexico
1521,A New Framework for Local Belief Revision,2008_007_0004.png,Knowledge Representation & Reasoning,Omar Doukari,CNRS,"Laboratoire LSIS, UMR CNRS 6168","Marseille, France","Laboratoire LSIS, UMR CNRS 6168
Domaine Universitaire de Saint-Jérôme
13397 MARSEILLE CEDEX 20 - France",CNRS,2008,France
1522,A New Framework for Local Belief Revision,2008_007_0004.png,Knowledge Representation & Reasoning,Robert Jeansoulin,CNRS,"Laboratoire LSIS, UMR CNRS 6168","Marseille, France","Laboratoire LSIS, UMR CNRS 6168
Domaine Universitaire de Saint-Jérôme
13397 MARSEILLE CEDEX 20 - France",CNRS,2008,France
1523,A New Framework for Local Belief Revision,2008_007_0004.png,Knowledge Representation & Reasoning,Eric Würbel,CNRS,"Laboratoire LSIS, UMR CNRS 6168","Marseille, France","Laboratoire LSIS, UMR CNRS 6168
Domaine Universitaire de Saint-Jérôme
13397 MARSEILLE CEDEX 20 - France",CNRS,2008,France
1524,Finding Good Starting Points for Solving Nonlinear Constrained Optimization Problems by Parallel Decomposition,2008_007_0005.png,Heuristic Search & Optimization,Soomin Lee,"University of Illinois, Urbana-Champaign",Department of Electrical and Computer Engineering and the Coordinated Science Laboratory,"Urbana, IL, USA","Department of Electrical and Computer Engineering and the Coordinated Science Laboratory
University of Illinois, Urbana-Champaign
Urbana, IL 61801, USA",~UIU,2008,United States
1525,Finding Good Starting Points for Solving Nonlinear Constrained Optimization Problems by Parallel Decomposition,2008_007_0005.png,Heuristic Search & Optimization,Benjamin Wah,"University of Illinois, Urbana-Champaign",Department of Electrical and Computer Engineering and the Coordinated Science Laboratory,"Urbana, IL, USA","Department of Electrical and Computer Engineering and the Coordinated Science Laboratory
University of Illinois, Urbana-Champaign
Urbana, IL 61801, USA",~UIU,2008,United States
1526,An Early Warning System for the Prediction of Criminal Careers,2008_007_0006.png,Data Mining & Knowledge Discovery,Tim K. Cocx,Leiden University,Leiden Institute of Advanced Computer Science,The Netherlands,"Leiden Institute of Advanced Computer Science, Leiden University, The Netherlands",~LU,2008,Netherlands
1527,An Early Warning System for the Prediction of Criminal Careers,2008_007_0006.png,Data Mining & Knowledge Discovery,Walter A. Kosters,Leiden University,Leiden Institute of Advanced Computer Science,The Netherlands,"Leiden Institute of Advanced Computer Science, Leiden University, The Netherlands",~LU,2008,Netherlands
1528,An Early Warning System for the Prediction of Criminal Careers,2008_007_0006.png,Data Mining & Knowledge Discovery,Jeroen F.J. Laros,Leiden University,Leiden Institute of Advanced Computer Science,The Netherlands,"Leiden Institute of Advanced Computer Science, Leiden University, The Netherlands",~LU,2008,Netherlands
1529,Comparing Distance Measures with Visual Methods,2008_007_0007.png,Unsupervised Machine Learning,Isis Bonet,Central University of Las Villas,Center of Studies on Informatics,"Santa Clara, Villa Clara, Cuba","Center of Studies on Informatics, Central University of Las Villas, Santa Clara, Villa Clara, Cuba",~CUV,2008,Cuba
1530,Comparing Distance Measures with Visual Methods,2008_007_0007.png,Unsupervised Machine Learning,Abdel Rodríguez,Central University of Las Villas,Center of Studies on Informatics,"Santa Clara, Villa Clara, Cuba","Center of Studies on Informatics, Central University of Las Villas, Santa Clara, Villa Clara, Cuba",~CUV,2008,Cuba
1531,Comparing Distance Measures with Visual Methods,2008_007_0007.png,Unsupervised Machine Learning,Ricardo Grau,Central University of Las Villas,Center of Studies on Informatics,"Santa Clara, Villa Clara, Cuba","Center of Studies on Informatics, Central University of Las Villas, Santa Clara, Villa Clara, Cuba",~CUV,2008,Cuba
1532,Comparing Distance Measures with Visual Methods,2008_007_0007.png,Unsupervised Machine Learning,Maria M. García,Central University of Las Villas,Center of Studies on Informatics,"Santa Clara, Villa Clara, Cuba","Center of Studies on Informatics, Central University of Las Villas, Santa Clara, Villa Clara, Cuba",~CUV,2008,Cuba
1533,Comparing Distance Measures with Visual Methods,2008_007_0007.png,Unsupervised Machine Learning,Yvan Saez,Ghent University,"Department of Plant Systems Biology, Flanders Interuniversity Institute for Biotechnology (VIB)","Ghent, Belgium","Department of Plant Systems Biology, Flanders Interuniversity Institute for Biotechnology (VIB), Ghent University, Belgium",~GU,2008,Belgium
1534,Comparing Distance Measures with Visual Methods,2008_007_0007.png,Unsupervised Machine Learning,Ann Nowé,Brussels University,Computational Modeling Lab,"Brussels, Belgium","Computational Modeling Lab, Brussels University, Belgium",~BU,2008,Belgium
1535,Semantic Annotation and Question Answering of Statistical Graphs,2008_007_0008.png,Knowledge Representation & Reasoning,Michel Dumontier,Carleton University,Department of Biology,"Ottawa, Canada","Department of Biology, Carleton University, Ottawa, Canada",~CU,2008,Canada
1536,Semantic Annotation and Question Answering of Statistical Graphs,2008_007_0008.png,Knowledge Representation & Reasoning,Leo Ferres,University of Concepción,Department of Computer Science,"Concepción, Chile","Department of Computer Science, University of Concepción, Concepción, Chile",~UC,2008,Chile
1537,Semantic Annotation and Question Answering of Statistical Graphs,2008_007_0008.png,Knowledge Representation & Reasoning,Natalia Villanueva-Rosales,Carleton University,School of Computer Science,"Ottawa, Canada","School of Computer Science, Carleton University, Ottawa, Canada",~CU,2008,Canada
1538,Towards a Methodology to Conceptualize the Geographic Domain,2008_007_0009.png,Knowledge Representation & Reasoning,Miguel Torres,National Polytechnic Institute,Intellingent Processing of Geospatial Data Lab-Centre for Computing Research,"Mexico City, Mexico","Intellingent Processing of Geospatial Data Lab-Centre for Computing Research-National Polytechnic Institute, Mexico City, Mexico",IPN,2008,Mexico
1539,Towards a Methodology to Conceptualize the Geographic Domain,2008_007_0009.png,Knowledge Representation & Reasoning,Rolando Quintero,National Polytechnic Institute,Intellingent Processing of Geospatial Data Lab-Centre for Computing Research,"Mexico City, Mexico","Intellingent Processing of Geospatial Data Lab-Centre for Computing Research-National Polytechnic Institute, Mexico City, Mexico",IPN,2008,Mexico
1540,Towards a Methodology to Conceptualize the Geographic Domain,2008_007_0009.png,Knowledge Representation & Reasoning,Serguei Levachkine,National Polytechnic Institute,Intellingent Processing of Geospatial Data Lab-Centre for Computing Research,"Mexico City, Mexico","Intellingent Processing of Geospatial Data Lab-Centre for Computing Research-National Polytechnic Institute, Mexico City, Mexico",IPN,2008,Mexico
1541,Towards a Methodology to Conceptualize the Geographic Domain,2008_007_0009.png,Knowledge Representation & Reasoning,Giovanni Guzmán,National Polytechnic Institute,Intellingent Processing of Geospatial Data Lab-Centre for Computing Research,"Mexico City, Mexico","Intellingent Processing of Geospatial Data Lab-Centre for Computing Research-National Polytechnic Institute, Mexico City, Mexico",IPN,2008,Mexico
1542,Towards a Methodology to Conceptualize the Geographic Domain,2008_007_0009.png,Knowledge Representation & Reasoning,Marco Moreno,National Polytechnic Institute,Intellingent Processing of Geospatial Data Lab-Centre for Computing Research,"Mexico City, Mexico","Intellingent Processing of Geospatial Data Lab-Centre for Computing Research-National Polytechnic Institute, Mexico City, Mexico",IPN,2008,Mexico
1543,Effect of Preprocessing on Extractive Summarization with Maximal Frequent Sequences,2008_007_0010.png,Natural Language Processing (NLP),Yulia Ledeneva,National Polytechnic Institute,Center for Computing Research,"D.F., Mexico","National Polytechnic Institute
Center for Computing Research
Av. Juan de Dios Bátiz s/n, D.F., 07738, Mexico",IPN,2008,Mexico
1544,Text Summarization by Sentence Extraction Using Unsupervised Learning,2008_007_0011.png,Natural Language Processing (NLP),René Arnulfo García-Hernández,Toluca Institute of Technology,Pattern Recognition Laboratory | Center for Computing Research | SoNet RC,"Mexico | Mexico | Mexico | Skalica, Slovakia","Pattern Recognition Laboratory, Toluca Institute of Technology, Mexico Autonomous University of the State of Mexico, Mexico Center for Computing Research, National Polytechnic Institute, Mexico SoNet RC, University of Center Europe in Skalica, Slovakia",~TIT,2008,Mexico
1545,Text Summarization by Sentence Extraction Using Unsupervised Learning,2008_007_0011.png,Natural Language Processing (NLP),René Arnulfo García-Hernández,Autonomous University of the State of Mexico,Pattern Recognition Laboratory | Center for Computing Research | SoNet RC,"Mexico | Mexico | Mexico | Skalica, Slovakia","Pattern Recognition Laboratory, Toluca Institute of Technology, Mexico Autonomous University of the State of Mexico, Mexico Center for Computing Research, National Polytechnic Institute, Mexico SoNet RC, University of Center Europe in Skalica, Slovakia",~AUSM,2008,Mexico
1546,Text Summarization by Sentence Extraction Using Unsupervised Learning,2008_007_0011.png,Natural Language Processing (NLP),René Arnulfo García-Hernández,National Polytechnic Institute,Pattern Recognition Laboratory | Center for Computing Research | SoNet RC,"Mexico | Mexico | Mexico | Skalica, Slovakia","Pattern Recognition Laboratory, Toluca Institute of Technology, Mexico Autonomous University of the State of Mexico, Mexico Center for Computing Research, National Polytechnic Institute, Mexico SoNet RC, University of Center Europe in Skalica, Slovakia",IPN,2008,Mexico
1547,Text Summarization by Sentence Extraction Using Unsupervised Learning,2008_007_0011.png,Natural Language Processing (NLP),René Arnulfo García-Hernández,University of Center Europe,Pattern Recognition Laboratory | Center for Computing Research | SoNet RC,"Mexico | Mexico | Mexico | Skalica, Slovakia","Pattern Recognition Laboratory, Toluca Institute of Technology, Mexico Autonomous University of the State of Mexico, Mexico Center for Computing Research, National Polytechnic Institute, Mexico SoNet RC, University of Center Europe in Skalica, Slovakia",~UCE,2008,Unknown
1548,Text Summarization by Sentence Extraction Using Unsupervised Learning,2008_007_0011.png,Natural Language Processing (NLP),Romyna Montiel,Toluca Institute of Technology,Pattern Recognition Laboratory | Center for Computing Research | SoNet RC,"Mexico | Mexico | Mexico | Skalica, Slovakia","Pattern Recognition Laboratory, Toluca Institute of Technology, Mexico Autonomous University of the State of Mexico, Mexico Center for Computing Research, National Polytechnic Institute, Mexico SoNet RC, University of Center Europe in Skalica, Slovakia",~TIT,2008,Mexico
1549,Text Summarization by Sentence Extraction Using Unsupervised Learning,2008_007_0011.png,Natural Language Processing (NLP),Romyna Montiel,Autonomous University of the State of Mexico,Pattern Recognition Laboratory | Center for Computing Research | SoNet RC,"Mexico | Mexico | Mexico | Skalica, Slovakia","Pattern Recognition Laboratory, Toluca Institute of Technology, Mexico Autonomous University of the State of Mexico, Mexico Center for Computing Research, National Polytechnic Institute, Mexico SoNet RC, University of Center Europe in Skalica, Slovakia",~AUSM,2008,Mexico
1550,Text Summarization by Sentence Extraction Using Unsupervised Learning,2008_007_0011.png,Natural Language Processing (NLP),Romyna Montiel,National Polytechnic Institute,Pattern Recognition Laboratory | Center for Computing Research | SoNet RC,"Mexico | Mexico | Mexico | Skalica, Slovakia","Pattern Recognition Laboratory, Toluca Institute of Technology, Mexico Autonomous University of the State of Mexico, Mexico Center for Computing Research, National Polytechnic Institute, Mexico SoNet RC, University of Center Europe in Skalica, Slovakia",IPN,2008,Mexico
1551,Text Summarization by Sentence Extraction Using Unsupervised Learning,2008_007_0011.png,Natural Language Processing (NLP),Romyna Montiel,University of Center Europe,Pattern Recognition Laboratory | Center for Computing Research | SoNet RC,"Mexico | Mexico | Mexico | Skalica, Slovakia","Pattern Recognition Laboratory, Toluca Institute of Technology, Mexico Autonomous University of the State of Mexico, Mexico Center for Computing Research, National Polytechnic Institute, Mexico SoNet RC, University of Center Europe in Skalica, Slovakia",~UCE,2008,Unknown
1552,Text Summarization by Sentence Extraction Using Unsupervised Learning,2008_007_0011.png,Natural Language Processing (NLP),Yulia Ledeneva,Toluca Institute of Technology,Pattern Recognition Laboratory | Center for Computing Research | SoNet RC,"Mexico | Mexico | Mexico | Skalica, Slovakia","Pattern Recognition Laboratory, Toluca Institute of Technology, Mexico Autonomous University of the State of Mexico, Mexico Center for Computing Research, National Polytechnic Institute, Mexico SoNet RC, University of Center Europe in Skalica, Slovakia",~TIT,2008,Mexico
1553,Text Summarization by Sentence Extraction Using Unsupervised Learning,2008_007_0011.png,Natural Language Processing (NLP),Yulia Ledeneva,Autonomous University of the State of Mexico,Pattern Recognition Laboratory | Center for Computing Research | SoNet RC,"Mexico | Mexico | Mexico | Skalica, Slovakia","Pattern Recognition Laboratory, Toluca Institute of Technology, Mexico Autonomous University of the State of Mexico, Mexico Center for Computing Research, National Polytechnic Institute, Mexico SoNet RC, University of Center Europe in Skalica, Slovakia",~AUSM,2008,Mexico
1554,Text Summarization by Sentence Extraction Using Unsupervised Learning,2008_007_0011.png,Natural Language Processing (NLP),Yulia Ledeneva,National Polytechnic Institute,Pattern Recognition Laboratory | Center for Computing Research | SoNet RC,"Mexico | Mexico | Mexico | Skalica, Slovakia","Pattern Recognition Laboratory, Toluca Institute of Technology, Mexico Autonomous University of the State of Mexico, Mexico Center for Computing Research, National Polytechnic Institute, Mexico SoNet RC, University of Center Europe in Skalica, Slovakia",IPN,2008,Mexico
1555,Text Summarization by Sentence Extraction Using Unsupervised Learning,2008_007_0011.png,Natural Language Processing (NLP),Yulia Ledeneva,University of Center Europe,Pattern Recognition Laboratory | Center for Computing Research | SoNet RC,"Mexico | Mexico | Mexico | Skalica, Slovakia","Pattern Recognition Laboratory, Toluca Institute of Technology, Mexico Autonomous University of the State of Mexico, Mexico Center for Computing Research, National Polytechnic Institute, Mexico SoNet RC, University of Center Europe in Skalica, Slovakia",~UCE,2008,Unknown
1556,Text Summarization by Sentence Extraction Using Unsupervised Learning,2008_007_0011.png,Natural Language Processing (NLP),Eréndira Rendón,Toluca Institute of Technology,Pattern Recognition Laboratory | Center for Computing Research | SoNet RC,"Mexico | Mexico | Mexico | Skalica, Slovakia","Pattern Recognition Laboratory, Toluca Institute of Technology, Mexico Autonomous University of the State of Mexico, Mexico Center for Computing Research, National Polytechnic Institute, Mexico SoNet RC, University of Center Europe in Skalica, Slovakia",~TIT,2008,Mexico
1557,Text Summarization by Sentence Extraction Using Unsupervised Learning,2008_007_0011.png,Natural Language Processing (NLP),Eréndira Rendón,Autonomous University of the State of Mexico,Pattern Recognition Laboratory | Center for Computing Research | SoNet RC,"Mexico | Mexico | Mexico | Skalica, Slovakia","Pattern Recognition Laboratory, Toluca Institute of Technology, Mexico Autonomous University of the State of Mexico, Mexico Center for Computing Research, National Polytechnic Institute, Mexico SoNet RC, University of Center Europe in Skalica, Slovakia",~AUSM,2008,Mexico
1558,Text Summarization by Sentence Extraction Using Unsupervised Learning,2008_007_0011.png,Natural Language Processing (NLP),Eréndira Rendón,National Polytechnic Institute,Pattern Recognition Laboratory | Center for Computing Research | SoNet RC,"Mexico | Mexico | Mexico | Skalica, Slovakia","Pattern Recognition Laboratory, Toluca Institute of Technology, Mexico Autonomous University of the State of Mexico, Mexico Center for Computing Research, National Polytechnic Institute, Mexico SoNet RC, University of Center Europe in Skalica, Slovakia",IPN,2008,Mexico
1559,Text Summarization by Sentence Extraction Using Unsupervised Learning,2008_007_0011.png,Natural Language Processing (NLP),Eréndira Rendón,University of Center Europe,Pattern Recognition Laboratory | Center for Computing Research | SoNet RC,"Mexico | Mexico | Mexico | Skalica, Slovakia","Pattern Recognition Laboratory, Toluca Institute of Technology, Mexico Autonomous University of the State of Mexico, Mexico Center for Computing Research, National Polytechnic Institute, Mexico SoNet RC, University of Center Europe in Skalica, Slovakia",~UCE,2008,Unknown
1560,Text Summarization by Sentence Extraction Using Unsupervised Learning,2008_007_0011.png,Natural Language Processing (NLP),Alexander Gelbukh,Toluca Institute of Technology,Pattern Recognition Laboratory | Center for Computing Research | SoNet RC,"Mexico | Mexico | Mexico | Skalica, Slovakia","Pattern Recognition Laboratory, Toluca Institute of Technology, Mexico Autonomous University of the State of Mexico, Mexico Center for Computing Research, National Polytechnic Institute, Mexico SoNet RC, University of Center Europe in Skalica, Slovakia",~TIT,2008,Mexico
1561,Text Summarization by Sentence Extraction Using Unsupervised Learning,2008_007_0011.png,Natural Language Processing (NLP),Alexander Gelbukh,Autonomous University of the State of Mexico,Pattern Recognition Laboratory | Center for Computing Research | SoNet RC,"Mexico | Mexico | Mexico | Skalica, Slovakia","Pattern Recognition Laboratory, Toluca Institute of Technology, Mexico Autonomous University of the State of Mexico, Mexico Center for Computing Research, National Polytechnic Institute, Mexico SoNet RC, University of Center Europe in Skalica, Slovakia",~AUSM,2008,Mexico
1562,Text Summarization by Sentence Extraction Using Unsupervised Learning,2008_007_0011.png,Natural Language Processing (NLP),Alexander Gelbukh,National Polytechnic Institute,Pattern Recognition Laboratory | Center for Computing Research | SoNet RC,"Mexico | Mexico | Mexico | Skalica, Slovakia","Pattern Recognition Laboratory, Toluca Institute of Technology, Mexico Autonomous University of the State of Mexico, Mexico Center for Computing Research, National Polytechnic Institute, Mexico SoNet RC, University of Center Europe in Skalica, Slovakia",IPN,2008,Mexico
1563,Text Summarization by Sentence Extraction Using Unsupervised Learning,2008_007_0011.png,Natural Language Processing (NLP),Alexander Gelbukh,University of Center Europe,Pattern Recognition Laboratory | Center for Computing Research | SoNet RC,"Mexico | Mexico | Mexico | Skalica, Slovakia","Pattern Recognition Laboratory, Toluca Institute of Technology, Mexico Autonomous University of the State of Mexico, Mexico Center for Computing Research, National Polytechnic Institute, Mexico SoNet RC, University of Center Europe in Skalica, Slovakia",~UCE,2008,Unknown
1564,Text Summarization by Sentence Extraction Using Unsupervised Learning,2008_007_0011.png,Natural Language Processing (NLP),Rafael Cruz,Toluca Institute of Technology,Pattern Recognition Laboratory | Center for Computing Research | SoNet RC,"Mexico | Mexico | Mexico | Skalica, Slovakia","Pattern Recognition Laboratory, Toluca Institute of Technology, Mexico Autonomous University of the State of Mexico, Mexico Center for Computing Research, National Polytechnic Institute, Mexico SoNet RC, University of Center Europe in Skalica, Slovakia",~TIT,2008,Mexico
1565,Text Summarization by Sentence Extraction Using Unsupervised Learning,2008_007_0011.png,Natural Language Processing (NLP),Rafael Cruz,Autonomous University of the State of Mexico,Pattern Recognition Laboratory | Center for Computing Research | SoNet RC,"Mexico | Mexico | Mexico | Skalica, Slovakia","Pattern Recognition Laboratory, Toluca Institute of Technology, Mexico Autonomous University of the State of Mexico, Mexico Center for Computing Research, National Polytechnic Institute, Mexico SoNet RC, University of Center Europe in Skalica, Slovakia",~AUSM,2008,Mexico
1566,Text Summarization by Sentence Extraction Using Unsupervised Learning,2008_007_0011.png,Natural Language Processing (NLP),Rafael Cruz,National Polytechnic Institute,Pattern Recognition Laboratory | Center for Computing Research | SoNet RC,"Mexico | Mexico | Mexico | Skalica, Slovakia","Pattern Recognition Laboratory, Toluca Institute of Technology, Mexico Autonomous University of the State of Mexico, Mexico Center for Computing Research, National Polytechnic Institute, Mexico SoNet RC, University of Center Europe in Skalica, Slovakia",IPN,2008,Mexico
1567,Text Summarization by Sentence Extraction Using Unsupervised Learning,2008_007_0011.png,Natural Language Processing (NLP),Rafael Cruz,University of Center Europe,Pattern Recognition Laboratory | Center for Computing Research | SoNet RC,"Mexico | Mexico | Mexico | Skalica, Slovakia","Pattern Recognition Laboratory, Toluca Institute of Technology, Mexico Autonomous University of the State of Mexico, Mexico Center for Computing Research, National Polytechnic Institute, Mexico SoNet RC, University of Center Europe in Skalica, Slovakia",~UCE,2008,Unknown
1568,Spanish Nested Named Entity Recognition Using a Syntax-Dependent Tree Traversal-Based Strategy,2008_007_0012.png,Natural Language Processing (NLP),Yunior Ramírez-Cruz,Universidad de Oriente,Center for Pattern Recognition and Data Mining,"Santiago de Cuba, Cuba","Center for Pattern Recognition and Data Mining
Universidad de Oriente
Santiago de Cuba, Cuba, 90500",~UO,2008,Cuba
1569,Spanish Nested Named Entity Recognition Using a Syntax-Dependent Tree Traversal-Based Strategy,2008_007_0012.png,Natural Language Processing (NLP),Aurora Pons-Porrata,Universidad de Oriente,Center for Pattern Recognition and Data Mining,"Santiago de Cuba, Cuba","Center for Pattern Recognition and Data Mining
Universidad de Oriente
Santiago de Cuba, Cuba, 90500",~UO,2008,Cuba
1570,Question/Answering Clarification Dialogues,2008_007_0013.png,Natural Language Processing (NLP),Luis Quintano,Universidade de Évora,Departamento de Informática,"Évora, Portugal","Departamento de Informática, Universidade de Évora, Évora, Portugal",~UÉ,2008,Portugal
1571,Question/Answering Clarification Dialogues,2008_007_0013.png,Natural Language Processing (NLP),Irene Pimenta Rodrigues,Universidade de Évora,Departamento de Informática,"Évora, Portugal","Departamento de Informática, Universidade de Évora, Évora, Portugal",~UÉ,2008,Portugal
1572,Using Graphs for Shallow Question Answering on Legal Documents*,2008_007_0014.png,Natural Language Processing (NLP),Alfredo Monroy,National Polytechnic Institute,Center for Computing Research,"Mexico City, Mexico","Center for Computing Research, National Polytechnic Institute
Mexico City, 07738, Mexico",IPN,2008,Mexico
1573,Using Graphs for Shallow Question Answering on Legal Documents*,2008_007_0014.png,Natural Language Processing (NLP),Hiram Calvo,National Polytechnic Institute,Center for Computing Research,"Mexico City, Mexico","Center for Computing Research, National Polytechnic Institute
Mexico City, 07738, Mexico",IPN,2008,Mexico
1574,Using Graphs for Shallow Question Answering on Legal Documents*,2008_007_0014.png,Natural Language Processing (NLP),Alexander Gelbukh,National Polytechnic Institute,Center for Computing Research | SoNet RC,"Mexico City, Mexico | Skalica, Slovakia","Center for Computing Research, National Polytechnic Institute
Mexico City, 07738, Mexico | SoNet RC, University of Central Europe in Skalica, Slovakia",IPN,2008,Mexico
1575,Using Graphs for Shallow Question Answering on Legal Documents*,2008_007_0014.png,Natural Language Processing (NLP),Alexander Gelbukh,University of Central Europe,Center for Computing Research | SoNet RC,"Mexico City, Mexico | Skalica, Slovakia","Center for Computing Research, National Polytechnic Institute
Mexico City, 07738, Mexico | SoNet RC, University of Central Europe in Skalica, Slovakia",~UCE,2008,Unknown
1576,Two Proposals of a QA Answer Extraction Module Based on Semantic Roles,2008_007_0015.png,Natural Language Processing (NLP),P. Moreda,Universitiy of Alicante,Natural Language Processing Research Group,"Alicante, Spain","Natural Language Processing Research Group. Universitiy of Alicante. Alicante, Spain",~UA,2008,Spain
1577,Two Proposals of a QA Answer Extraction Module Based on Semantic Roles,2008_007_0015.png,Natural Language Processing (NLP),H. Llorens,Universitiy of Alicante,Natural Language Processing Research Group,"Alicante, Spain","Natural Language Processing Research Group. Universitiy of Alicante. Alicante, Spain",~UA,2008,Spain
1578,Two Proposals of a QA Answer Extraction Module Based on Semantic Roles,2008_007_0015.png,Natural Language Processing (NLP),E. Saquete,Universitiy of Alicante,Natural Language Processing Research Group,"Alicante, Spain","Natural Language Processing Research Group. Universitiy of Alicante. Alicante, Spain",~UA,2008,Spain
1579,Two Proposals of a QA Answer Extraction Module Based on Semantic Roles,2008_007_0015.png,Natural Language Processing (NLP),M. Palomar,Universitiy of Alicante,Natural Language Processing Research Group,"Alicante, Spain","Natural Language Processing Research Group. Universitiy of Alicante. Alicante, Spain",~UA,2008,Spain
1580,A Misclassification Reduction Approach for Automatic Call Routing,2008_007_0016.png,Natural Language Processing (NLP),Fernando Uceda-Ponga,INAOE,Laboratorio de Tecnologías del Lenguaje,México,"Laboratorio de Tecnologías del Lenguaje, INAOE, México",INAOE,2008,Mexico
1581,A Misclassification Reduction Approach for Automatic Call Routing,2008_007_0016.png,Natural Language Processing (NLP),Luis Villaseñor-Pineda,INAOE,Laboratorio de Tecnologías del Lenguaje,México,"Laboratorio de Tecnologías del Lenguaje, INAOE, México",INAOE,2008,Mexico
1582,A Misclassification Reduction Approach for Automatic Call Routing,2008_007_0016.png,Natural Language Processing (NLP),Manuel Montes-y-Gómez,INAOE,Laboratorio de Tecnologías del Lenguaje,México,"Laboratorio de Tecnologías del Lenguaje, INAOE, México",INAOE,2008,Mexico
1583,A Misclassification Reduction Approach for Automatic Call Routing,2008_007_0016.png,Natural Language Processing (NLP),Alejandro Barbosa,Nuance Technologies,,Mexico,"Nuance Technologies, Mexico",~NT,2008,Mexico
1584,Spanish Temporal Expressions: Some Forms Reinforced by an Adverb*,2008_007_0017.png,Natural Language Processing (NLP),Sofía N. Galicia-Haro,UNAM,Faculty of Sciences,"University City, Mexico City, Mexico","Faculty of Sciences, UNAM, University City, Mexico City, Mexico",UNAM,2008,Mexico
1585,A Soundex-Based Approach for Spoken Document Retrieval,2008_007_0018.png,Natural Language Processing (NLP),M. Alejandro Reyes-Barragán,"Instituto Nacional de Astrofísica, Óptica y Electrónica",Laboratorio de Tecnologías del Lenguaje,México,"Laboratorio de Tecnologías del Lenguaje, Instituto Nacional de Astrofísica, Óptica y Electrónica, México",INAOE,2008,Mexico
1586,A Soundex-Based Approach for Spoken Document Retrieval,2008_007_0018.png,Natural Language Processing (NLP),Luis Villaseñor-Pineda,"Instituto Nacional de Astrofísica, Óptica y Electrónica",Laboratorio de Tecnologías del Lenguaje,México,"Laboratorio de Tecnologías del Lenguaje, Instituto Nacional de Astrofísica, Óptica y Electrónica, México",INAOE,2008,Mexico
1587,A Soundex-Based Approach for Spoken Document Retrieval,2008_007_0018.png,Natural Language Processing (NLP),Manuel Montes-y-Gómez,"Instituto Nacional de Astrofísica, Óptica y Electrónica",Laboratorio de Tecnologías del Lenguaje,México,"Laboratorio de Tecnologías del Lenguaje, Instituto Nacional de Astrofísica, Óptica y Electrónica, México",INAOE,2008,Mexico
1588,Textual Entailment Recognition Based on Structural Isomorphism,2008_007_0019.png,Natural Language Processing (NLP),Diego Uribe,Instituto Tecnológico de la Laguna,División de Posgrado e Investigación,"Torreón, Coah., México","Instituto Tecnológico de la Laguna
División de Posgrado e Investigación
Blvd. Revolución y Cuauhtémoc, Torreón, Coah., MX",~ITL,2008,Mexico
1589,On-Line Modeling Via Fuzzy Support Vector Machines,2008_007_0020.png,Fuzzy Logic & Fuzzy Systems,Julio César Tovar,CINVESTAV-IPN,Departamento de Control Automático,"México D.F., México","Departamento de Control Automático, CINVESTAV-IPN A.P. 14-740, Av.IPN 2508, México D.F., 07360, México",CINVESTAV,2008,Mexico
1590,On-Line Modeling Via Fuzzy Support Vector Machines,2008_007_0020.png,Fuzzy Logic & Fuzzy Systems,Wen Yu,CINVESTAV-IPN,Departamento de Control Automático,"México D.F., México","Departamento de Control Automático, CINVESTAV-IPN A.P. 14-740, Av.IPN 2508, México D.F., 07360, México",CINVESTAV,2008,Mexico
1591,Reinforcement Learning with Markov Logic Networks,2008_007_0021.png,Reinforcement Learning,Weiwei Wang,Nanjing University,State Key Laboratory for Novel Software Technology,"Nanjing, PRC","State Key Laboratory for Novel Software Technology, Nanjing University, Nanjing 210093, PRC",~NU,2008,China
1592,Reinforcement Learning with Markov Logic Networks,2008_007_0021.png,Reinforcement Learning,Yang Gao,Nanjing University,State Key Laboratory for Novel Software Technology,"Nanjing, PRC","State Key Laboratory for Novel Software Technology, Nanjing University, Nanjing 210093, PRC",~NU,2008,China
1593,Reinforcement Learning with Markov Logic Networks,2008_007_0021.png,Reinforcement Learning,Xingguo Chen,Nanjing University,State Key Laboratory for Novel Software Technology,"Nanjing, PRC","State Key Laboratory for Novel Software Technology, Nanjing University, Nanjing 210093, PRC",~NU,2008,China
1594,Reinforcement Learning with Markov Logic Networks,2008_007_0021.png,Reinforcement Learning,Shen Ge,Nanjing University,State Key Laboratory for Novel Software Technology,"Nanjing, PRC","State Key Laboratory for Novel Software Technology, Nanjing University, Nanjing 210093, PRC",~NU,2008,China
1595,Learning the Filling Policy of a Biodegradation Process by Fuzzy Actor–Critic Learning Methodology,2008_007_0022.png,Reinforcement Learning,Efraín Franco Flores,Universidad Autónoma del Estado de Hidalgo,Centro de Investigación en Tecnologías de la Información y Sistemas,"Pachuca, Hidalgo, México","Centro de Investigación en Tecnologías de la Información y Sistemas Universidad Autónoma del Estado de Hidalgo Carr. Pachuca-Tulancingo Km. 4.5, Pachuca Hgo. 42084, México",~UAEH,2008,Mexico
1596,Learning the Filling Policy of a Biodegradation Process by Fuzzy Actor–Critic Learning Methodology,2008_007_0022.png,Reinforcement Learning,Julio Waissman Vilanova,Universidad Autónoma del Estado de Hidalgo,Centro de Investigación en Tecnologías de la Información y Sistemas | Departamento de Matemáticas,"Pachuca, Hidalgo, México | Hermosillo, Sonora, México","Centro de Investigación en Tecnologías de la Información y Sistemas Universidad Autónoma del Estado de Hidalgo Carr. Pachuca-Tulancingo Km. 4.5, Pachuca Hgo. 42084, México | Departamento de Matemáticas Universidad de Sonora Blvd. Encinas y Rosales, Hermosillo Son. 83000, México",~UAEH,2008,Mexico
1597,Learning the Filling Policy of a Biodegradation Process by Fuzzy Actor–Critic Learning Methodology,2008_007_0022.png,Reinforcement Learning,Julio Waissman Vilanova,Universidad de Sonora,Centro de Investigación en Tecnologías de la Información y Sistemas | Departamento de Matemáticas,"Pachuca, Hidalgo, México | Hermosillo, Sonora, México","Centro de Investigación en Tecnologías de la Información y Sistemas Universidad Autónoma del Estado de Hidalgo Carr. Pachuca-Tulancingo Km. 4.5, Pachuca Hgo. 42084, México | Departamento de Matemáticas Universidad de Sonora Blvd. Encinas y Rosales, Hermosillo Son. 83000, México",~US,2008,Mexico
1598,Learning the Filling Policy of a Biodegradation Process by Fuzzy Actor–Critic Learning Methodology,2008_007_0022.png,Reinforcement Learning,Jair García Lamont,Universidad Autónoma del Estado de Hidalgo,Centro de Investigación en Tecnologías de la Información y Sistemas,"Pachuca, Hidalgo, México","Centro de Investigación en Tecnologías de la Información y Sistemas Universidad Autónoma del Estado de Hidalgo Carr. Pachuca-Tulancingo Km. 4.5, Pachuca Hgo. 42084, México",~UAEH,2008,Mexico
1599,INDIE: An Artificial Immune Network for On-Line Density Estimation,2008_007_0023.png,Bio-inspired & Evolutionary Computing,Juan Carlos Galeano-Huertas,National University of Colombia,Intelligent Systems Research Lab.,,Intelligent Systems Research Lab. National University of Colombia,~NUC,2008,Colombia
1600,INDIE: An Artificial Immune Network for On-Line Density Estimation,2008_007_0023.png,Bio-inspired & Evolutionary Computing,Fabio A. González,National University of Colombia,Intelligent Systems Research Lab.,,Intelligent Systems Research Lab. National University of Colombia,~NUC,2008,Colombia
1601,Learning Probability Densities of Optimization Problems with Constraints and Uncertainty,2008_007_0024.png,Heuristic Search & Optimization,Jonás Velasco,Universidad Autónoma de Nuevo León,"Posgrado en Ingeniería de Sistemas, Centro de Innovación, Investigación y Desarrollo en Ingeniería y Tecnología","San Nicolás de los Garza, NL, México","Posgrado en Ingeniería de Sistemas
Centro de Innovación, Investigación y Desarrollo en Ingeniería y Tecnología
Universidad Autónoma de Nuevo León
AP 126, Cd. Universitaria, San Nicolás de los Garza, NL 66450, México",~UANL,2008,Mexico
1602,Learning Probability Densities of Optimization Problems with Constraints and Uncertainty,2008_007_0024.png,Heuristic Search & Optimization,Aydeé López Muñiz,Universidad Autónoma de Nuevo León,"Posgrado en Ingeniería de Sistemas, Centro de Innovación, Investigación y Desarrollo en Ingeniería y Tecnología","San Nicolás de los Garza, NL, México","Posgrado en Ingeniería de Sistemas
Centro de Innovación, Investigación y Desarrollo en Ingeniería y Tecnología
Universidad Autónoma de Nuevo León
AP 126, Cd. Universitaria, San Nicolás de los Garza, NL 66450, México",~UANL,2008,Mexico
1603,Learning Probability Densities of Optimization Problems with Constraints and Uncertainty,2008_007_0024.png,Heuristic Search & Optimization,Arturo Berrones,Universidad Autónoma de Nuevo León,"Posgrado en Ingeniería de Sistemas, Centro de Innovación, Investigación y Desarrollo en Ingeniería y Tecnología","San Nicolás de los Garza, NL, México","Posgrado en Ingeniería de Sistemas
Centro de Innovación, Investigación y Desarrollo en Ingeniería y Tecnología
Universidad Autónoma de Nuevo León
AP 126, Cd. Universitaria, San Nicolás de los Garza, NL 66450, México",~UANL,2008,Mexico
1604,Pattern Classification Based on Conformal Geometric Algebra and Optimization Techniques,2008_007_0025.png,Supervised Machine Learning,Benjamín Cruz,Instituto Politécnico Nacional,Centro de Investigación en Computación,"México City, México","Centro de Investigación en Computación-IPN, Av. Juan de Dios Bátiz, Esq. Miguel Othón de Mendizábal, México City, 07738. México",IPN,2008,Mexico
1605,Pattern Classification Based on Conformal Geometric Algebra and Optimization Techniques,2008_007_0025.png,Supervised Machine Learning,Ricardo Barrón,Instituto Politécnico Nacional,Centro de Investigación en Computación,"México City, México","Centro de Investigación en Computación-IPN, Av. Juan de Dios Bátiz, Esq. Miguel Othón de Mendizábal, México City, 07738. México",IPN,2008,Mexico
1606,Pattern Classification Based on Conformal Geometric Algebra and Optimization Techniques,2008_007_0025.png,Supervised Machine Learning,Humberto Sossa,Instituto Politécnico Nacional,Centro de Investigación en Computación,"México City, México","Centro de Investigación en Computación-IPN, Av. Juan de Dios Bátiz, Esq. Miguel Othón de Mendizábal, México City, 07738. México",IPN,2008,Mexico
1607,Automatic Classification of Three-Phase Flow Patterns of Heavy Oil in a Horizontal Pipe Using Support Vector Machines,2008_007_0026.png,Supervised Machine Learning,Adriane B.S. Serapião,UNESP,IGCE/DEMAC,"Rio Claro, São Paulo, Brazil","UNESP /IGCE/DEMAC – C.P. 178 – CEP 13506-900 – Rio Claro (SP), Brazil",UNESP,2008,Brazil
1608,Automatic Classification of Three-Phase Flow Patterns of Heavy Oil in a Horizontal Pipe Using Support Vector Machines,2008_007_0026.png,Supervised Machine Learning,Antonio C. Bannwart,UNICAMP,FEM/DEP,"Campinas, São Paulo, Brazil","UNICAMP/FEM/DEP – C.P. 6122 – CEP 13081-970 – Campinas (SP), Brazil",UNICAMP,2008,Brazil
1609,Automatic Classification of Three-Phase Flow Patterns of Heavy Oil in a Horizontal Pipe Using Support Vector Machines,2008_007_0026.png,Supervised Machine Learning,Fabíola Pacheco,UNICAMP,FEM/DEP,"Campinas, São Paulo, Brazil","UNICAMP/FEM/DEP – C.P. 6122 – CEP 13081-970 – Campinas (SP), Brazil",UNICAMP,2008,Brazil
1610,Automatic Classification of Three-Phase Flow Patterns of Heavy Oil in a Horizontal Pipe Using Support Vector Machines,2008_007_0026.png,Supervised Machine Learning,José R.P. Mendes,UNICAMP,FEM/DEP,"Campinas, São Paulo, Brazil","UNICAMP/FEM/DEP – C.P. 6122 – CEP 13081-970 – Campinas (SP), Brazil",UNICAMP,2008,Brazil
1611,Wavelets Based on Atomic Function Used in Detection and Classification of Masses in Mammography,2008_007_0027.png,Computer Vision,Cristina Juarez-Landin,National Polytechnic Institute,ESIME-Culhucan | CU Valle de Chalco,"Mexico, D. F., Mexico | Valle de Chalco, Edo. de Mexico, Mexico","National Polytechnic Institute, ESIME-Culhucan, Av. Santa Ana, 1000, Col. San Fco. Culhuacan, 04430, Mexico, D. F. Mexico | Autonomous University of State of Mexico, CU Valle de Chalco, Av. Hermenegildo Galeana, 3, Col. Ma. Isabel, 56615, Edo. de Mexico, Mexico",IPN,2008,Mexico
1612,Wavelets Based on Atomic Function Used in Detection and Classification of Masses in Mammography,2008_007_0027.png,Computer Vision,Cristina Juarez-Landin,Autonomous University of State of Mexico,ESIME-Culhucan | CU Valle de Chalco,"Mexico, D. F., Mexico | Valle de Chalco, Edo. de Mexico, Mexico","National Polytechnic Institute, ESIME-Culhucan, Av. Santa Ana, 1000, Col. San Fco. Culhuacan, 04430, Mexico, D. F. Mexico | Autonomous University of State of Mexico, CU Valle de Chalco, Av. Hermenegildo Galeana, 3, Col. Ma. Isabel, 56615, Edo. de Mexico, Mexico",~AUSM,2008,Mexico
1613,Wavelets Based on Atomic Function Used in Detection and Classification of Masses in Mammography,2008_007_0027.png,Computer Vision,Volodymyr Ponomaryov,National Polytechnic Institute,ESIME-Culhucan,"Mexico, D. F., Mexico","National Polytechnic Institute, ESIME-Culhucan, Av. Santa Ana, 1000, Col. San Fco. Culhuacan, 04430, Mexico, D. F. Mexico",IPN,2008,Mexico
1614,Wavelets Based on Atomic Function Used in Detection and Classification of Masses in Mammography,2008_007_0027.png,Computer Vision,Jose Luis Sanchez-Ramirez,National Polytechnic Institute,ESIME-Culhucan,"Mexico, D. F., Mexico","National Polytechnic Institute, ESIME-Culhucan, Av. Santa Ana, 1000, Col. San Fco. Culhuacan, 04430, Mexico, D. F. Mexico",IPN,2008,Mexico
1615,Wavelets Based on Atomic Function Used in Detection and Classification of Masses in Mammography,2008_007_0027.png,Computer Vision,Magally Martinez-Reyes,Autonomous University of State of Mexico,CU Valle de Chalco,"Valle de Chalco, Edo. de Mexico, Mexico","Autonomous University of State of Mexico, CU Valle de Chalco, Av. Hermenegildo Galeana, 3, Col. Ma. Isabel, 56615, Edo. de Mexico, Mexico",~AUSM,2008,Mexico
1616,Wavelets Based on Atomic Function Used in Detection and Classification of Masses in Mammography,2008_007_0027.png,Computer Vision,Victor Kravchenko,Russian Academy of Sciences,Institute of Radio Engineering and Electronics,"Moscow, Russia","Institute of Radio Engineering and Electronics of Russian Academy of Sciences, Moscow",~RAS,2008,Russia
1617,The Effect of Repeated Measurements on Bayesian Decision Regions for Class Discrimination of Time-Dependent Biological Systems,2008_007_0028.png,Probabilistic & Statistical Reasoning,Arturo Baltazar,Centro de Investigación y Estudios Avanzados,"CINVESTAV Unidad-Saltillo, Robotics and Advanced Manufacturing Program","Ramos Arizpe, Coahuila, México","Centro de Investigación y Estudios Avanzados, CINVESTAV Unidad-Saltillo, Robotics and Advanced Manufacturing Program, Carretera Saltillo-Monterrey Km 13.5, Ramos Arizpe 25900, Coahuila, México",~CIYEA,2008,Mexico
1618,The Effect of Repeated Measurements on Bayesian Decision Regions for Class Discrimination of Time-Dependent Biological Systems,2008_007_0028.png,Probabilistic & Statistical Reasoning,Jorge I. Aranda-Sanchez,Universidad Michoacana de San Nicolás de Hidalgo (UMSNH),Facultad de Ciencias Físico-Matemáticas,"Morelia, Michoacán, México","Facultad de Ciencias Físico-Matemáticas, Universidad Michoacana de San Nicolás de Hidalgo (UMSNH), Morelia 58070, Michoacán, México",~UMSNH(,2008,Mexico
1619,Global Classifier for Confidential Data in Distributed Datasets,2008_007_0029.png,Data Mining & Knowledge Discovery,Omar Jasso-Luna,Center for Research and Advanced Studies,Laboratory of Information Technology,"Cd. Victoria, Tam. Mexico","Center for Research and Advanced Studies
Laboratory of Information Technology
Cd. Victoria, Tam. Mexico",~CRAS,2008,Mexico
1620,Global Classifier for Confidential Data in Distributed Datasets,2008_007_0029.png,Data Mining & Knowledge Discovery,Victor Sosa-Sosa,Center for Research and Advanced Studies,Laboratory of Information Technology,"Cd. Victoria, Tam. Mexico","Center for Research and Advanced Studies
Laboratory of Information Technology
Cd. Victoria, Tam. Mexico",~CRAS,2008,Mexico
1621,Global Classifier for Confidential Data in Distributed Datasets,2008_007_0029.png,Data Mining & Knowledge Discovery,Ivan Lopez-Arevalo,Center for Research and Advanced Studies,Laboratory of Information Technology,"Cd. Victoria, Tam. Mexico","Center for Research and Advanced Studies
Laboratory of Information Technology
Cd. Victoria, Tam. Mexico",~CRAS,2008,Mexico
1622,Undecimated Wavelet Based Autoregressive Model for Anchovy Catches Forecasting,2008_007_0030.png,Probabilistic & Statistical Reasoning,Nibaldo Rodriguez,Pontificia Universidad Católica de Valparaíso,,Chile,"Pontificia Universidad Católica de Valparaíso, Chile",~PUCV,2008,Chile
1623,Undecimated Wavelet Based Autoregressive Model for Anchovy Catches Forecasting,2008_007_0030.png,Probabilistic & Statistical Reasoning,Carlos Castro,Universidad Técnica Federico Santa María,,"Valparaíso, Chile","Universidad Técnica Federico Santa María, Valparaíso, Chile",~UTFSM,2008,Chile
1624,Undecimated Wavelet Based Autoregressive Model for Anchovy Catches Forecasting,2008_007_0030.png,Probabilistic & Statistical Reasoning,Orlando Duran,Pontificia Universidad Católica de Valparaíso,,Chile,"Pontificia Universidad Católica de Valparaíso, Chile",~PUCV,2008,Chile
1625,Undecimated Wavelet Based Autoregressive Model for Anchovy Catches Forecasting,2008_007_0030.png,Probabilistic & Statistical Reasoning,Eleuterio Yañez,Pontificia Universidad Católica de Valparaíso,,Chile,"Pontificia Universidad Católica de Valparaíso, Chile",~PUCV,2008,Chile
1626,Neural Processor as a Dynamic Power Manager for Digital Systems,2008_007_0031.png,Neural Networks & Deep Learning,Adam Gołda,AGH University of Science and Technology,Department of Electronics,"Kraków, Poland","AGH University of Science and Technology, Department of Electronics, 30 Mickiewicza Ave, 30-059 Kraków, Poland",~AUST,2008,Poland
1627,Neural Processor as a Dynamic Power Manager for Digital Systems,2008_007_0031.png,Neural Networks & Deep Learning,Andrzej Kos,AGH University of Science and Technology,Department of Electronics,"Kraków, Poland","AGH University of Science and Technology, Department of Electronics, 30 Mickiewicza Ave, 30-059 Kraków, Poland",~AUST,2008,Poland
1628,Tank Model Coupled with an Artificial Neural Network,2008_007_0032.png,Neural Networks & Deep Learning,Gustavo Cerda-Villafana,Universidad de Guanajuato,FIMEE,"Salamanca, Guanajuato, Mexico","FIMEE, Universidad de Guanajuato, Salamanca, Guanajuato, Mexico",UG,2008,Mexico
1629,Tank Model Coupled with an Artificial Neural Network,2008_007_0032.png,Neural Networks & Deep Learning,Sergio E. Ledesma-Orozco,Universidad de Guanajuato,FIMEE,"Salamanca, Guanajuato, Mexico","FIMEE, Universidad de Guanajuato, Salamanca, Guanajuato, Mexico",UG,2008,Mexico
1630,Tank Model Coupled with an Artificial Neural Network,2008_007_0032.png,Neural Networks & Deep Learning,Efren Gonzalez-Ramirez,Universidad de Zacatecas,,"Zacatecas, Zacatecas, Mexico","Universidad de Zacatecas, Zacatecas, Zacatecas, Mexico",~UZ,2008,Mexico
1631,Feature Selection Using Artificial Neural Networks,2008_007_0033.png,Neural Networks & Deep Learning,Sergio Ledesma,University of Guanajuato,Dept. of Electrical & Computer Engineering,"Salamanca, Gto., México","Dept. of Electrical & Computer Engineering. University of Guanajuato. Salamanca, Gto. 36700, México",~UG,2008,Mexico
1632,Feature Selection Using Artificial Neural Networks,2008_007_0033.png,Neural Networks & Deep Learning,Gustavo Cerda,University of Guanajuato,Dept. of Electrical & Computer Engineering,"Salamanca, Gto., México","Dept. of Electrical & Computer Engineering. University of Guanajuato. Salamanca, Gto. 36700, México",~UG,2008,Mexico
1633,Feature Selection Using Artificial Neural Networks,2008_007_0033.png,Neural Networks & Deep Learning,Gabriel Aviña,University of Guanajuato,Dept. of Electrical & Computer Engineering,"Salamanca, Gto., México","Dept. of Electrical & Computer Engineering. University of Guanajuato. Salamanca, Gto. 36700, México",~UG,2008,Mexico
1634,Feature Selection Using Artificial Neural Networks,2008_007_0033.png,Neural Networks & Deep Learning,Donato Hernández,University of Guanajuato,Dept. of Electrical & Computer Engineering,"Salamanca, Gto., México","Dept. of Electrical & Computer Engineering. University of Guanajuato. Salamanca, Gto. 36700, México",~UG,2008,Mexico
1635,Feature Selection Using Artificial Neural Networks,2008_007_0033.png,Neural Networks & Deep Learning,Miguel Torres,University of Guanajuato,Dept. of Electrical & Computer Engineering,"Salamanca, Gto., México","Dept. of Electrical & Computer Engineering. University of Guanajuato. Salamanca, Gto. 36700, México",~UG,2008,Mexico
1636,Composite Kernels for Support Vector Classification of Hyper-Spectral Data,2008_007_0034.png,Supervised Machine Learning,M. Kohram,University Technology Malaysia,Faculty of Computer Science and Information Systems,,"Faculty of Computer Science and Information Systems, University Technology Malaysia",~UTM,2008,Malaysia
1637,Composite Kernels for Support Vector Classification of Hyper-Spectral Data,2008_007_0034.png,Supervised Machine Learning,M.N.M. Sap,University Technology Malaysia,Faculty of Computer Science and Information Systems,,"Faculty of Computer Science and Information Systems, University Technology Malaysia",~UTM,2008,Malaysia
1638,A Constraint-Handling Genetic Algorithm to Power Economic Dispatch,2008_007_0035.png,Bio-inspired & Evolutionary Computing,Felix Calderon,Universidad Michoacana de San Nicolás de Hidalgo,División de Estudios de Posgrado. Facultad de Ingeniería Eléctrica,"Morelia, Michoacán, México","Universidad Michoacana de San Nicolás de Hidalgo
División de Estudios de Posgrado. Facultad de Ingeniería Eléctrica
Santiago Tapia 403 Centro. Morelia, Michoacán, México. CP 58000",~UMSNH,2008,Mexico
1639,A Constraint-Handling Genetic Algorithm to Power Economic Dispatch,2008_007_0035.png,Bio-inspired & Evolutionary Computing,Claudio R. Fuerte-Esquivel,Universidad Michoacana de San Nicolás de Hidalgo,División de Estudios de Posgrado. Facultad de Ingeniería Eléctrica,"Morelia, Michoacán, México","Universidad Michoacana de San Nicolás de Hidalgo
División de Estudios de Posgrado. Facultad de Ingeniería Eléctrica
Santiago Tapia 403 Centro. Morelia, Michoacán, México. CP 58000",~UMSNH,2008,Mexico
1640,A Constraint-Handling Genetic Algorithm to Power Economic Dispatch,2008_007_0035.png,Bio-inspired & Evolutionary Computing,Juan J. Flores,Universidad Michoacana de San Nicolás de Hidalgo,División de Estudios de Posgrado. Facultad de Ingeniería Eléctrica,"Morelia, Michoacán, México","Universidad Michoacana de San Nicolás de Hidalgo
División de Estudios de Posgrado. Facultad de Ingeniería Eléctrica
Santiago Tapia 403 Centro. Morelia, Michoacán, México. CP 58000",~UMSNH,2008,Mexico
1641,A Constraint-Handling Genetic Algorithm to Power Economic Dispatch,2008_007_0035.png,Bio-inspired & Evolutionary Computing,Juan C. Silva,Universidad Michoacana de San Nicolás de Hidalgo,División de Estudios de Posgrado. Facultad de Ingeniería Eléctrica,"Morelia, Michoacán, México","Universidad Michoacana de San Nicolás de Hidalgo
División de Estudios de Posgrado. Facultad de Ingeniería Eléctrica
Santiago Tapia 403 Centro. Morelia, Michoacán, México. CP 58000",~UMSNH,2008,Mexico
1642,Using Genetic Fuzzy Algorithms to Model the Evolution of Climate Variables at San Jorge Gulf Area,2008_007_0036.png,Fuzzy Logic & Fuzzy Systems,Enrique Sierra,Universidad Nacional de la Patagonia Austral,"Laboratorio de Energías Renovables, Unidad Académica Caleta Olivia","Caleta Olivia, Santa Cruz, Argentina",Laboratorio de Energías Renovables. Unidad Académica Caleta Olivia Universidad Nacional de la Patagonia Austral Ruta Nacional N° 3 Acceso Norte (9011) Caleta Olivia- Santa Cruz – Argentina,~UNPA,2008,Argentina
1643,Using Genetic Fuzzy Algorithms to Model the Evolution of Climate Variables at San Jorge Gulf Area,2008_007_0036.png,Fuzzy Logic & Fuzzy Systems,Daniel Lorenzetti,Universidad Nacional de la Patagonia Austral,"Laboratorio de Energías Renovables, Unidad Académica Caleta Olivia","Caleta Olivia, Santa Cruz, Argentina",Laboratorio de Energías Renovables. Unidad Académica Caleta Olivia Universidad Nacional de la Patagonia Austral Ruta Nacional N° 3 Acceso Norte (9011) Caleta Olivia- Santa Cruz – Argentina,~UNPA,2008,Argentina
1644,Using Genetic Fuzzy Algorithms to Model the Evolution of Climate Variables at San Jorge Gulf Area,2008_007_0036.png,Fuzzy Logic & Fuzzy Systems,Alejandro Hossian,Universidad Nacional de la Patagonia Austral,"Laboratorio de Energías Renovables, Unidad Académica Caleta Olivia","Caleta Olivia, Santa Cruz, Argentina",Laboratorio de Energías Renovables. Unidad Académica Caleta Olivia Universidad Nacional de la Patagonia Austral Ruta Nacional N° 3 Acceso Norte (9011) Caleta Olivia- Santa Cruz – Argentina,~UNPA,2008,Argentina
1645,Using Genetic Fuzzy Algorithms to Model the Evolution of Climate Variables at San Jorge Gulf Area,2008_007_0036.png,Fuzzy Logic & Fuzzy Systems,Hugo Moyano,Universidad Nacional de la Patagonia Austral,"Laboratorio de Energías Renovables, Unidad Académica Caleta Olivia","Caleta Olivia, Santa Cruz, Argentina",Laboratorio de Energías Renovables. Unidad Académica Caleta Olivia Universidad Nacional de la Patagonia Austral Ruta Nacional N° 3 Acceso Norte (9011) Caleta Olivia- Santa Cruz – Argentina,~UNPA,2008,Argentina
1646,Using Genetic Fuzzy Algorithms to Model the Evolution of Climate Variables at San Jorge Gulf Area,2008_007_0036.png,Fuzzy Logic & Fuzzy Systems,Horacio León,Universidad Nacional de la Patagonia Austral,"Laboratorio de Energías Renovables, Unidad Académica Caleta Olivia","Caleta Olivia, Santa Cruz, Argentina",Laboratorio de Energías Renovables. Unidad Académica Caleta Olivia Universidad Nacional de la Patagonia Austral Ruta Nacional N° 3 Acceso Norte (9011) Caleta Olivia- Santa Cruz – Argentina,~UNPA,2008,Argentina
1647,Using Genetic Fuzzy Algorithms to Model the Evolution of Climate Variables at San Jorge Gulf Area,2008_007_0036.png,Fuzzy Logic & Fuzzy Systems,Daniel Pandolfi,Universidad Nacional de la Patagonia Austral,"Laboratorio de Energías Renovables, Unidad Académica Caleta Olivia","Caleta Olivia, Santa Cruz, Argentina",Laboratorio de Energías Renovables. Unidad Académica Caleta Olivia Universidad Nacional de la Patagonia Austral Ruta Nacional N° 3 Acceso Norte (9011) Caleta Olivia- Santa Cruz – Argentina,~UNPA,2008,Argentina
1648,Using Genetic Fuzzy Algorithms to Model the Evolution of Climate Variables at San Jorge Gulf Area,2008_007_0036.png,Fuzzy Logic & Fuzzy Systems,Rodolfo Gómez,Universidad Nacional de la Patagonia Austral,"Laboratorio de Energías Renovables, Unidad Académica Caleta Olivia","Caleta Olivia, Santa Cruz, Argentina",Laboratorio de Energías Renovables. Unidad Académica Caleta Olivia Universidad Nacional de la Patagonia Austral Ruta Nacional N° 3 Acceso Norte (9011) Caleta Olivia- Santa Cruz – Argentina,~UNPA,2008,Argentina
1649,Using Genetic Fuzzy Algorithms to Model the Evolution of Climate Variables at San Jorge Gulf Area,2008_007_0036.png,Fuzzy Logic & Fuzzy Systems,Ramón García Martínez,Instituto Tecnológico de Buenos Aires,"Centro de Ingeniería del Software y del Conocimiento | Laboratorio de Sistemas Inteligentes, Facultad de Ingeniería",,Centro de Ingeniería del Software y del Conocimiento Instituto Tecnológico de Buenos Aires. Laboratorio de Sistemas Inteligentes. Facultad de Ingeniería. Universidad de Buenos Aires.,~ITBA,2008,Argentina
1650,Using Genetic Fuzzy Algorithms to Model the Evolution of Climate Variables at San Jorge Gulf Area,2008_007_0036.png,Fuzzy Logic & Fuzzy Systems,Ramón García Martínez,Universidad de Buenos Aires,"Centro de Ingeniería del Software y del Conocimiento | Laboratorio de Sistemas Inteligentes, Facultad de Ingeniería",,Centro de Ingeniería del Software y del Conocimiento Instituto Tecnológico de Buenos Aires. Laboratorio de Sistemas Inteligentes. Facultad de Ingeniería. Universidad de Buenos Aires.,~UBA,2008,Argentina
1653,Using Hyper-heuristics for the Dynamic Variable Ordering in Binary Constraint Satisfaction Problems,2008_007_0038.png,Bio-inspired & Evolutionary Computing,Hugo Terashima-Marín,Tecnológico de Monterrey,Center for Intelligent Systems,"Monterrey, NL, Mexico","Tecnológico de Monterrey - Center for Intelligent Systems, Monterrey, NL, 64849, Mexico",ITESM,2008,Mexico
1654,Using Hyper-heuristics for the Dynamic Variable Ordering in Binary Constraint Satisfaction Problems,2008_007_0038.png,Bio-inspired & Evolutionary Computing,José C. Ortiz-Bayliss,Tecnológico de Monterrey,Center for Intelligent Systems,"Monterrey, NL, Mexico","Tecnológico de Monterrey - Center for Intelligent Systems, Monterrey, NL, 64849, Mexico",ITESM,2008,Mexico
1655,Using Hyper-heuristics for the Dynamic Variable Ordering in Binary Constraint Satisfaction Problems,2008_007_0038.png,Bio-inspired & Evolutionary Computing,Peter Ross,Napier University,School of Computing,"Edinburgh, UK","School of Computing, Napier University, Edinburgh EH10 5DT UK",~NU,2008,United Kingdom
1656,Using Hyper-heuristics for the Dynamic Variable Ordering in Binary Constraint Satisfaction Problems,2008_007_0038.png,Bio-inspired & Evolutionary Computing,Manuel Valenzuela-Rendón,Tecnológico de Monterrey,Center for Intelligent Systems,"Monterrey, NL, Mexico","Tecnológico de Monterrey - Center for Intelligent Systems, Monterrey, NL, 64849, Mexico",ITESM,2008,Mexico
1657,Optimal Design of Multiproduct Batch Plants under Imprecise Demand,2008_007_0039.png,Bio-inspired & Evolutionary Computing,Alberto A. Aguilar-Lasserre,Instituto Tecnológico de Orizaba,Division of Research and Postgraduate Studies,"Orizaba, Veracruz, México","Division of Research and Postgraduate Studies, Instituto Tecnológico de Orizaba. Av. Instituto Tecnológico 852, Col. Emiliano Zapata. 09340 Orizaba, Veracruz, México",~ITO,2008,Mexico
1658,Optimal Design of Multiproduct Batch Plants under Imprecise Demand,2008_007_0039.png,Bio-inspired & Evolutionary Computing,Guillermo Cortes Robles,Instituto Tecnológico de Orizaba,Division of Research and Postgraduate Studies,"Orizaba, Veracruz, México","Division of Research and Postgraduate Studies, Instituto Tecnológico de Orizaba. Av. Instituto Tecnológico 852, Col. Emiliano Zapata. 09340 Orizaba, Veracruz, México",~ITO,2008,Mexico
1659,Optimal Design of Multiproduct Batch Plants under Imprecise Demand,2008_007_0039.png,Bio-inspired & Evolutionary Computing,Blanca E. González Sánchez,Instituto Tecnológico de Orizaba,Division of Research and Postgraduate Studies,"Orizaba, Veracruz, México","Division of Research and Postgraduate Studies, Instituto Tecnológico de Orizaba. Av. Instituto Tecnológico 852, Col. Emiliano Zapata. 09340 Orizaba, Veracruz, México",~ITO,2008,Mexico
1660,Optimal Design of Multiproduct Batch Plants under Imprecise Demand,2008_007_0039.png,Bio-inspired & Evolutionary Computing,Magno A. González Huerta,Instituto Tecnológico de Orizaba,Division of Research and Postgraduate Studies,"Orizaba, Veracruz, México","Division of Research and Postgraduate Studies, Instituto Tecnológico de Orizaba. Av. Instituto Tecnológico 852, Col. Emiliano Zapata. 09340 Orizaba, Veracruz, México",~ITO,2008,Mexico
1661,Optimal Design of Multiproduct Batch Plants under Imprecise Demand,2008_007_0039.png,Bio-inspired & Evolutionary Computing,Oscar Baez Senties,Instituto Tecnológico de Orizaba,Division of Research and Postgraduate Studies,"Orizaba, Veracruz, México","Division of Research and Postgraduate Studies, Instituto Tecnológico de Orizaba. Av. Instituto Tecnológico 852, Col. Emiliano Zapata. 09340 Orizaba, Veracruz, México",~ITO,2008,Mexico
1662,A Set of Test Cases for Performance Measures in Multiobjective Optimization,2008_007_0040.png,Bio-inspired & Evolutionary Computing,Giovanni Lizárraga,Center for Research in Mathematics (CIMAT),Department of Computer Science,,"Center for Research in Mathematics (CIMAT)
Department of Computer Science",CIMAT,2008,Mexico
1663,A Set of Test Cases for Performance Measures in Multiobjective Optimization,2008_007_0040.png,Bio-inspired & Evolutionary Computing,Arturo Hernández,Center for Research in Mathematics (CIMAT),Department of Computer Science,,"Center for Research in Mathematics (CIMAT)
Department of Computer Science",CIMAT,2008,Mexico
1664,A Set of Test Cases for Performance Measures in Multiobjective Optimization,2008_007_0040.png,Bio-inspired & Evolutionary Computing,Salvador Botello,Center for Research in Mathematics (CIMAT),Department of Computer Science,,"Center for Research in Mathematics (CIMAT)
Department of Computer Science",CIMAT,2008,Mexico
1665,Some Demonstrations about the Cardinality of Important Sets of Non–dominated Sets,2008_007_0041.png,Bio-inspired & Evolutionary Computing,Giovanni Lizárraga,Center for Research in Mathematics (CIMAT),Department of Computer Science,"Guanajuato, Gto., México","Center for Research in Mathematics (CIMAT) Department of Computer Science A.P. 402, Guanajuato, Gto. 36240, México",CIMAT,2008,Mexico
1666,Some Demonstrations about the Cardinality of Important Sets of Non–dominated Sets,2008_007_0041.png,Bio-inspired & Evolutionary Computing,Arturo Hernández,Center for Research in Mathematics (CIMAT),Department of Computer Science,"Guanajuato, Gto., México","Center for Research in Mathematics (CIMAT) Department of Computer Science A.P. 402, Guanajuato, Gto. 36240, México",CIMAT,2008,Mexico
1667,Some Demonstrations about the Cardinality of Important Sets of Non–dominated Sets,2008_007_0041.png,Bio-inspired & Evolutionary Computing,Salvador Botello,Center for Research in Mathematics (CIMAT),Department of Computer Science,"Guanajuato, Gto., México","Center for Research in Mathematics (CIMAT) Department of Computer Science A.P. 402, Guanajuato, Gto. 36240, México",CIMAT,2008,Mexico
1668,Looking Inside Particle Swarm Optimization in Constrained Search Spaces,2008_007_0042.png,Heuristic Search & Optimization,Jorge Isacc Flores-Mendoza,Laboratorio Nacional de Informática Avanzada (LANIA A.C.),,"Xalapa, Veracruz, México","Laboratorio Nacional de Informática Avanzada (LANIA A.C.) Rébsamen 80, Centro, Xalapa, Veracruz, 91000, México",~LNIA(A,2008,Mexico
1669,Looking Inside Particle Swarm Optimization in Constrained Search Spaces,2008_007_0042.png,Heuristic Search & Optimization,Efrén Mezura-Montes,Laboratorio Nacional de Informática Avanzada (LANIA A.C.),,"Xalapa, Veracruz, México","Laboratorio Nacional de Informática Avanzada (LANIA A.C.) Rébsamen 80, Centro, Xalapa, Veracruz, 91000, México",~LNIA(A,2008,Mexico
1670,An Approach to Searching for Two-Dimensional Cellular Automata for Recognition of Handwritten Digits,2008_007_0043.png,Bio-inspired & Evolutionary Computing,C.C. Oliveira Jr.,Universidade Presbiteriana Mackenzie,Pós-Graduação em Engenharia Elétrica,"São Paulo, Brazil","Universidade Presbiteriana Mackenzie | 2 Pós-Graduação em Engenharia Elétrica | Rua da Consolação 896 - Consolação 01302-907 São Paulo, SP – Brazil",~UPM,2008,Brazil
1671,An Approach to Searching for Two-Dimensional Cellular Automata for Recognition of Handwritten Digits,2008_007_0043.png,Bio-inspired & Evolutionary Computing,P.P.B. de Oliveira,Universidade Presbiteriana Mackenzie,Faculdade de Computação e Informática | Pós-Graduação em Engenharia Elétrica,"São Paulo, Brazil","Universidade Presbiteriana Mackenzie | 1 Faculdade de Computação e Informática | 2 Pós-Graduação em Engenharia Elétrica | Rua da Consolação 896 - Consolação 01302-907 São Paulo, SP – Brazil",~UPM,2008,Brazil
1672,Prediction of Pediatric Risk Using a Hybrid Model Based on Soft Computing Techniques,2008_007_0044.png,Hybrid AI & Expert Systems,Yanet Rodríguez,Universidad Central de Las Villas,Centro de Estudios de Informática,Cuba,"Centro de Estudios de Informática, Universidad Central de Las Villas, Cuba",~UCV,2008,Cuba
1673,Prediction of Pediatric Risk Using a Hybrid Model Based on Soft Computing Techniques,2008_007_0044.png,Hybrid AI & Expert Systems,Mabel González,Universidad Central de Las Villas,Centro de Estudios de Informática,Cuba,"Centro de Estudios de Informática, Universidad Central de Las Villas, Cuba",~UCV,2008,Cuba
1674,Prediction of Pediatric Risk Using a Hybrid Model Based on Soft Computing Techniques,2008_007_0044.png,Hybrid AI & Expert Systems,Adonis Aguirre,Hospital Pediátrico Universitario “José Luis Miranda”,,"Santa Clara, Villa Clara, Cuba","Hospital Pediátrico Universitario “José Luis Miranda” de Santa Clara, Villa Clara, Cuba",~HPU“LM,2008,Cuba
1675,Prediction of Pediatric Risk Using a Hybrid Model Based on Soft Computing Techniques,2008_007_0044.png,Hybrid AI & Expert Systems,Mayelis Espinosa,Universidad Central de Las Villas,Centro de Estudios de Informática,Cuba,"Centro de Estudios de Informática, Universidad Central de Las Villas, Cuba",~UCV,2008,Cuba
1676,Prediction of Pediatric Risk Using a Hybrid Model Based on Soft Computing Techniques,2008_007_0044.png,Hybrid AI & Expert Systems,Ricardo Grau,Universidad Central de Las Villas,Centro de Estudios de Informática,Cuba,"Centro de Estudios de Informática, Universidad Central de Las Villas, Cuba",~UCV,2008,Cuba
1677,Prediction of Pediatric Risk Using a Hybrid Model Based on Soft Computing Techniques,2008_007_0044.png,Hybrid AI & Expert Systems,Joaquín O. García,Hospital Pediátrico Universitario “José Luis Miranda”,,"Santa Clara, Villa Clara, Cuba","Hospital Pediátrico Universitario “José Luis Miranda” de Santa Clara, Villa Clara, Cuba",~HPU“LM,2008,Cuba
1678,Prediction of Pediatric Risk Using a Hybrid Model Based on Soft Computing Techniques,2008_007_0044.png,Hybrid AI & Expert Systems,Luis E. Rovira,Hospital Pediátrico Universitario “José Luis Miranda”,,"Santa Clara, Villa Clara, Cuba","Hospital Pediátrico Universitario “José Luis Miranda” de Santa Clara, Villa Clara, Cuba",~HPU“LM,2008,Cuba
1679,Prediction of Pediatric Risk Using a Hybrid Model Based on Soft Computing Techniques,2008_007_0044.png,Hybrid AI & Expert Systems,Maria M. García,Universidad Central de Las Villas,Centro de Estudios de Informática,Cuba,"Centro de Estudios de Informática, Universidad Central de Las Villas, Cuba",~UCV,2008,Cuba
1680,Cell Formation with Alternative Routings and Capacity Considerations: A Hybrid Tabu Search Approach,2008_007_0045.png,Heuristic Search & Optimization,Luiz Carlos A. Rodrigues,UTFPR,DAMEC/PPGEM,"Curitiba, PR, Brazil","UTFPR, DAMEC/PPGEM, Av. Sete de Setembro 3165 80230-901 Curitiba, PR, Brazil",UTFPR,2008,Brazil
1681,Cell Formation with Alternative Routings and Capacity Considerations: A Hybrid Tabu Search Approach,2008_007_0045.png,Heuristic Search & Optimization,Tiago R. Weller,UTFPR,DAMEC/PPGEM,"Curitiba, PR, Brazil","UTFPR, DAMEC/PPGEM, Av. Sete de Setembro 3165 80230-901 Curitiba, PR, Brazil",UTFPR,2008,Brazil
1682,Fault Diagnosis of a Vehicle with Soft Computing Methods,2008_007_0046.png,Fuzzy Logic & Fuzzy Systems,Juan Pablo Nieto González,ITESM,"Department of Mechatronics and Automation, Monterrey Campus","Monterrey, N.L., México","Department of Mechatronics and Automation, ITESM Monterrey Campus Av. Eugenio Garza Sada Sur No. 2501 Monterrey, N.L. 64,489 México",ITESM,2008,Mexico
1683,Fault Diagnosis of a Vehicle with Soft Computing Methods,2008_007_0046.png,Fuzzy Logic & Fuzzy Systems,Luis E. Garza Castañón,ITESM,"Department of Mechatronics and Automation, Monterrey Campus","Monterrey, N.L., México","Department of Mechatronics and Automation, ITESM Monterrey Campus Av. Eugenio Garza Sada Sur No. 2501 Monterrey, N.L. 64,489 México",ITESM,2008,Mexico
1684,Fault Diagnosis of a Vehicle with Soft Computing Methods,2008_007_0046.png,Fuzzy Logic & Fuzzy Systems,Abdelhamid Rabhi,Université de Picardie Jules Verne (UPJV),"Laboratoire Modélisation, Information et Systèmes","Amiens, France","Laboratoire Modélisation, Information et Systèmes Université de Picardie Jules Verne (UPJV) 33 Rue Saint Leu 80039 Amiens, France",~UPJV(,2008,France
1685,Fault Diagnosis of a Vehicle with Soft Computing Methods,2008_007_0046.png,Fuzzy Logic & Fuzzy Systems,Ahmed El Hajjaji,Université de Picardie Jules Verne (UPJV),"Laboratoire Modélisation, Information et Systèmes","Amiens, France","Laboratoire Modélisation, Information et Systèmes Université de Picardie Jules Verne (UPJV) 33 Rue Saint Leu 80039 Amiens, France",~UPJV(,2008,France
1686,Hybridization of PSO and a Discrete Position Update Scheme Techniques for Manufacturing Cell Design,2008_007_0047.png,Bio-inspired & Evolutionary Computing,Orlando Duran,Pontificia Universidad Catolica de Valparaiso,,"Valparaiso, Chile","Pontificia Universidad Catolica de Valparaiso, Valparaiso, Chile",~PUCV,2008,Chile
1687,Hybridization of PSO and a Discrete Position Update Scheme Techniques for Manufacturing Cell Design,2008_007_0047.png,Bio-inspired & Evolutionary Computing,Nibaldo Rodriguez,Pontificia Universidad Catolica de Valparaiso,,"Valparaiso, Chile","Pontificia Universidad Catolica de Valparaiso, Valparaiso, Chile",~PUCV,2008,Chile
1688,Hybridization of PSO and a Discrete Position Update Scheme Techniques for Manufacturing Cell Design,2008_007_0047.png,Bio-inspired & Evolutionary Computing,Luiz Airton Consalter,Universidade de Passo Fundo,,"Passo Fundo (RS), Brasil","Universidade de Passo Fundo, Passo Fundo (RS), Brasil",~UPF,2008,Brazil
1689,Estimation of Parameters in Cox’s Proportional Hazard Model: Comparisons between Evolutionary Algorithms and the Newton-Raphson Approach,2008_007_0048.png,Bio-inspired & Evolutionary Computing,David González,COMIMSA,,"Saltillo, Coahuila, México","COMIMSA, Ciencia y Tecnología 790 Frac. Saltillo 400, CP 25290, Saltillo, Coahuila, México",COMIMSA,2008,Mexico
1690,Estimation of Parameters in Cox’s Proportional Hazard Model: Comparisons between Evolutionary Algorithms and the Newton-Raphson Approach,2008_007_0048.png,Bio-inspired & Evolutionary Computing,Manuel Piña,UNIVERSIDAD AUTÓNOMA DE CIUDAD JUÁREZ,,"CD. Juárez, Chihuahua, México","UNIVERSIDAD AUTÓNOMA DE CIUDAD JUÁREZ Henri Dunant 4016 Zona Pronaf, CP 32310, CD. Juárez, Chihuahua, México",~UACJ,2008,Mexico
1691,Estimation of Parameters in Cox’s Proportional Hazard Model: Comparisons between Evolutionary Algorithms and the Newton-Raphson Approach,2008_007_0048.png,Bio-inspired & Evolutionary Computing,Luis Torres,COMIMSA,,"Saltillo, Coahuila, México","COMIMSA, Ciencia y Tecnología 790 Frac. Saltillo 400, CP 25290, Saltillo, Coahuila, México",COMIMSA,2008,Mexico
1692,Gravitational Fuzzy Clustering,2008_007_0049.png,Fuzzy Logic & Fuzzy Systems,Umut Orhan,Gaziosmanpasa University,Electronics and Computer Department,"Tokat, Turkiye","Electronics and Computer Department, Gaziosmanpasa University 60250, Tokat, Turkiye",~GU,2008,Turkey
1693,Gravitational Fuzzy Clustering,2008_007_0049.png,Fuzzy Logic & Fuzzy Systems,Mahmut Hekim,Gaziosmanpasa University,Electronics and Computer Department,"Tokat, Turkiye","Electronics and Computer Department, Gaziosmanpasa University 60250, Tokat, Turkiye",~GU,2008,Turkey
1694,Gravitational Fuzzy Clustering,2008_007_0049.png,Fuzzy Logic & Fuzzy Systems,Turgay Ibrikci,Cukurova University,Electrical and Electronics Engineering,"Adana, Turkiye","Electrical and Electronics Engineering, Cukurova University 01330, Adana, Turkiye",~CU,2008,Turkey
1695,A Fuzzy Approach to Skin Color Detection,2008_007_0050.png,Fuzzy Logic & Fuzzy Systems,Francisco A. Pujol,Universidad de Alicante,"Specialized Processor Architectures Lab, Dept. Tecnología Informática y Computación","Alicante, Spain","Specialized Processor Architectures Lab, Dept. Tecnología Informática y Computación, Universidad de Alicante, P.O. Box 99, E-03080, Alicante (Spain)",*UA,2008,Spain
1696,A Fuzzy Approach to Skin Color Detection,2008_007_0050.png,Fuzzy Logic & Fuzzy Systems,Rafael Espí,Universidad de Alicante,"Specialized Processor Architectures Lab, Dept. Tecnología Informática y Computación","Alicante, Spain","Specialized Processor Architectures Lab, Dept. Tecnología Informática y Computación, Universidad de Alicante, P.O. Box 99, E-03080, Alicante (Spain)",*UA,2008,Spain
1697,A Fuzzy Approach to Skin Color Detection,2008_007_0050.png,Fuzzy Logic & Fuzzy Systems,Higinio Mora,Universidad de Alicante,"Specialized Processor Architectures Lab, Dept. Tecnología Informática y Computación","Alicante, Spain","Specialized Processor Architectures Lab, Dept. Tecnología Informática y Computación, Universidad de Alicante, P.O. Box 99, E-03080, Alicante (Spain)",*UA,2008,Spain
1698,A Fuzzy Approach to Skin Color Detection,2008_007_0050.png,Fuzzy Logic & Fuzzy Systems,José Luis Sánchez,Universidad de Alicante,"Specialized Processor Architectures Lab, Dept. Tecnología Informática y Computación","Alicante, Spain","Specialized Processor Architectures Lab, Dept. Tecnología Informática y Computación, Universidad de Alicante, P.O. Box 99, E-03080, Alicante (Spain)",*UA,2008,Spain
1699,To Boldly Split: Partitioning Space Filling Curves by Markov Chain Monte Carlo Simulation,2008_007_0051.png,Probabilistic & Statistical Reasoning,Daniel Valdes,The University of Warwick,Department of Computer Science,"Coventry, UK","Department of Computer Science The University of Warwick Coventry, UK, CV4 7AL",~UW,2008,United Kingdom
1700,To Boldly Split: Partitioning Space Filling Curves by Markov Chain Monte Carlo Simulation,2008_007_0051.png,Probabilistic & Statistical Reasoning,Abhir Bhalerao,The University of Warwick,Department of Computer Science,"Coventry, UK","Department of Computer Science The University of Warwick Coventry, UK, CV4 7AL",~UW,2008,United Kingdom
1701,Impulse Denoising Using Fuzzy and Directional Processing on a DSP,2008_007_0052.png,Fuzzy Logic & Fuzzy Systems,Alberto Rosales,National Polytechnic Institute of Mexico,"Mechanical and Electrical Engineering Higher School, U.P. Culhuacan",Mexico,"Mechanical and Electrical Engineering Higher School, U.P. Culhuacan Av. Santa Ana, 1000, Col. San Fco. Culhuacan National Polytechnic Institute of Mexico",~NPIM,2008,Mexico
1702,Impulse Denoising Using Fuzzy and Directional Processing on a DSP,2008_007_0052.png,Fuzzy Logic & Fuzzy Systems,Volodymyr Ponomaryov,National Polytechnic Institute of Mexico,"Mechanical and Electrical Engineering Higher School, U.P. Culhuacan",Mexico,"Mechanical and Electrical Engineering Higher School, U.P. Culhuacan Av. Santa Ana, 1000, Col. San Fco. Culhuacan National Polytechnic Institute of Mexico",~NPIM,2008,Mexico
1703,Impulse Denoising Using Fuzzy and Directional Processing on a DSP,2008_007_0052.png,Fuzzy Logic & Fuzzy Systems,Francisco Gallegos,National Polytechnic Institute of Mexico,"Mechanical and Electrical Engineering Higher School, U.P. Culhuacan",Mexico,"Mechanical and Electrical Engineering Higher School, U.P. Culhuacan Av. Santa Ana, 1000, Col. San Fco. Culhuacan National Polytechnic Institute of Mexico",~NPIM,2008,Mexico
1704,A Motion Planning Strategy for Rapidly Finding an Object with a Mobile Manipulator in 3-D Environments,2008_007_0053.png,Robotics,Alejandro Sarmiento,University of Illinois,Beckman Institute,"Urbana, Illinois","University of Illinois, Beckman Institute
Urbana, Illinois",~UI,2008,United States
1705,A Motion Planning Strategy for Rapidly Finding an Object with a Mobile Manipulator in 3-D Environments,2008_007_0053.png,Robotics,Judith Espinoza,"Centro de Investigación en Matemáticas, CIMAT",,"Guanajuato, México","Centro de Investigación en Matemáticas, CIMAT
Guanajuato, México",~CIEMC,2008,Mexico
1706,A Motion Planning Strategy for Rapidly Finding an Object with a Mobile Manipulator in 3-D Environments,2008_007_0053.png,Robotics,Rafael Murrieta-Cid,"Centro de Investigación en Matemáticas, CIMAT",,"Guanajuato, México","Centro de Investigación en Matemáticas, CIMAT
Guanajuato, México",~CIEMC,2008,Mexico
1707,A Motion Planning Strategy for Rapidly Finding an Object with a Mobile Manipulator in 3-D Environments,2008_007_0053.png,Robotics,Seth Hutchinson,University of Illinois,Beckman Institute,"Urbana, Illinois","University of Illinois, Beckman Institute
Urbana, Illinois",~UI,2008,United States
1708,Extraction and Specialization of Geo-spatial Objects in Geo-images Using Semantic Compression Algorithm,2008_007_0054.png,Computer Vision,G. Guzmán,National Polytechnical Institute,Centre for Computer Research,"Mexico City, Mexico","Centre for Computer Research, National Polytechnical Institute, Mexico City, Mexico",~NPI,2008,Mexico
1709,Extraction and Specialization of Geo-spatial Objects in Geo-images Using Semantic Compression Algorithm,2008_007_0054.png,Computer Vision,S. Levachkine,National Polytechnical Institute,Centre for Computer Research,"Mexico City, Mexico","Centre for Computer Research, National Polytechnical Institute, Mexico City, Mexico",~NPI,2008,Mexico
1710,Extraction and Specialization of Geo-spatial Objects in Geo-images Using Semantic Compression Algorithm,2008_007_0054.png,Computer Vision,M. Torres,National Polytechnical Institute,Centre for Computer Research,"Mexico City, Mexico","Centre for Computer Research, National Polytechnical Institute, Mexico City, Mexico",~NPI,2008,Mexico
1711,Extraction and Specialization of Geo-spatial Objects in Geo-images Using Semantic Compression Algorithm,2008_007_0054.png,Computer Vision,R. Quintero,National Polytechnical Institute,Centre for Computer Research,"Mexico City, Mexico","Centre for Computer Research, National Polytechnical Institute, Mexico City, Mexico",~NPI,2008,Mexico
1712,Extraction and Specialization of Geo-spatial Objects in Geo-images Using Semantic Compression Algorithm,2008_007_0054.png,Computer Vision,M. Moreno,National Polytechnical Institute,Centre for Computer Research,"Mexico City, Mexico","Centre for Computer Research, National Polytechnical Institute, Mexico City, Mexico",~NPI,2008,Mexico
1713,A Hybrid Rough K-Means Algorithm and Particle Swarm Optimization for Image Classification,2008_007_0055.png,Unsupervised Machine Learning,Chih-Cheng Hung,Southern Polytechnic State University,,"Marietta, GA, USA","Southern Polytechnic State University
Marietta, GA 30060-2896 USA",~SPSU,2008,United States
1714,A Hybrid Rough K-Means Algorithm and Particle Swarm Optimization for Image Classification,2008_007_0055.png,Unsupervised Machine Learning,Hendri Purnawan,Southern Polytechnic State University,,"Marietta, GA, USA","Southern Polytechnic State University
Marietta, GA 30060-2896 USA",~SPSU,2008,United States
1715,A Robust Iterative Closest Point Algorithm with Augmented Features,2008_007_0056.png,Robotics,Carlos Lara,Universidad Michoacana de San Nicolás de Hidalgo,"División de Estudios de Posgrado, Facultad de Ingeniería Eléctrica","Morelia, Michoacán, México","Universidad Michoacana de San Nicolás de Hidalgo
División de Estudios de Posgrado, Facultad de Ingeniería Eléctrica
Santiago Tapia 403 Centro, Morelia, Michoacán, México, CP 58000",~UMSNH,2008,Mexico
1716,A Robust Iterative Closest Point Algorithm with Augmented Features,2008_007_0056.png,Robotics,Leonardo Romero,Universidad Michoacana de San Nicolás de Hidalgo,"División de Estudios de Posgrado, Facultad de Ingeniería Eléctrica","Morelia, Michoacán, México","Universidad Michoacana de San Nicolás de Hidalgo
División de Estudios de Posgrado, Facultad de Ingeniería Eléctrica
Santiago Tapia 403 Centro, Morelia, Michoacán, México, CP 58000",~UMSNH,2008,Mexico
1717,A Robust Iterative Closest Point Algorithm with Augmented Features,2008_007_0056.png,Robotics,Félix Calderón,Universidad Michoacana de San Nicolás de Hidalgo,"División de Estudios de Posgrado, Facultad de Ingeniería Eléctrica","Morelia, Michoacán, México","Universidad Michoacana de San Nicolás de Hidalgo
División de Estudios de Posgrado, Facultad de Ingeniería Eléctrica
Santiago Tapia 403 Centro, Morelia, Michoacán, México, CP 58000",~UMSNH,2008,Mexico
1718,Multi-robot Exploration and Mapping Using Self Biddings and Stop Signals*,2008_007_0057.png,Robotics,Juan C. Elizondo-Leal,Centro de Investigación y Estudios Avanzados del IPN,Laboratorio de Tecnologías de Información,"Ciudad Victoria, Tamaulipas, México","Centro de Investigación y Estudios Avanzados del IPN
Laboratorio de Tecnologías de Información
Carretera a Monterrey KM 6, Ciudad Victoria, Tamaulipas México",CINVESTAV,2008,Mexico
1719,Multi-robot Exploration and Mapping Using Self Biddings and Stop Signals*,2008_007_0057.png,Robotics,Gabriel Ramírez-Torres,Centro de Investigación y Estudios Avanzados del IPN,Laboratorio de Tecnologías de Información,"Ciudad Victoria, Tamaulipas, México","Centro de Investigación y Estudios Avanzados del IPN
Laboratorio de Tecnologías de Información
Carretera a Monterrey KM 6, Ciudad Victoria, Tamaulipas México",CINVESTAV,2008,Mexico
1720,Multi-robot Exploration and Mapping Using Self Biddings and Stop Signals*,2008_007_0057.png,Robotics,Gregorio Toscano Pulido,Centro de Investigación y Estudios Avanzados del IPN,Laboratorio de Tecnologías de Información,"Ciudad Victoria, Tamaulipas, México","Centro de Investigación y Estudios Avanzados del IPN
Laboratorio de Tecnologías de Información
Carretera a Monterrey KM 6, Ciudad Victoria, Tamaulipas México",CINVESTAV,2008,Mexico
1721,Rhythmic Locomotion Control of Humanoid Robot,2008_007_0058.png,Robotics,Carlos Antonio Acosta Calderon,Singapore Polytechnic,"Advanced Robotics and Intelligent Control Centre, School of Electrical and Electronic Engineering",Singapore,"Advanced Robotics and Intelligent Control Centre, School of Electrical and Electronic Engineering, Singapore Polytechnic, 139651, Singapore",~SP,2008,Singapore
1722,Rhythmic Locomotion Control of Humanoid Robot,2008_007_0058.png,Robotics,Rajesh Elara Mohan,Singapore Polytechnic,"Advanced Robotics and Intelligent Control Centre, School of Electrical and Electronic Engineering",Singapore,"Advanced Robotics and Intelligent Control Centre, School of Electrical and Electronic Engineering, Singapore Polytechnic, 139651, Singapore",~SP,2008,Singapore
1723,Rhythmic Locomotion Control of Humanoid Robot,2008_007_0058.png,Robotics,Changjiu Zhou,Singapore Polytechnic,"Advanced Robotics and Intelligent Control Centre, School of Electrical and Electronic Engineering",Singapore,"Advanced Robotics and Intelligent Control Centre, School of Electrical and Electronic Engineering, Singapore Polytechnic, 139651, Singapore",~SP,2008,Singapore
1724,Strong Probabilistic Planning,2008_007_0059.png,Probabilistic & Statistical Reasoning,Silvio do Lago Pereira,University of São Paulo,Institute of Mathematics and Statistics,"São Paulo, Brazil","Institute of Mathematics and Statistics - University of São Paulo, Rua do Matão, 1010 - São Paulo, Brazil",*USP,2008,Brazil
1725,Strong Probabilistic Planning,2008_007_0059.png,Probabilistic & Statistical Reasoning,Leliane Nunes de Barros,University of São Paulo,Institute of Mathematics and Statistics,"São Paulo, Brazil","Institute of Mathematics and Statistics - University of São Paulo, Rua do Matão, 1010 - São Paulo, Brazil",*USP,2008,Brazil
1726,Strong Probabilistic Planning,2008_007_0059.png,Probabilistic & Statistical Reasoning,Fábio Gagliardi Cozman,University of São Paulo,Institute of Mathematics and Statistics,"São Paulo, Brazil","Institute of Mathematics and Statistics - University of São Paulo, Rua do Matão, 1010 - São Paulo, Brazil",*USP,2008,Brazil
1727,Parametric Algorithms for Cyclic Scheduling Problems with Applications to Robotics,2008_007_0060.png,Robotics,Vladimir Kats,Institute for Industrial Mathematics,,"Beer-Sheva, Israel","Institute for Industrial Mathematics, Beer-Sheva, Israel",~IIM,2008,Unknown
1728,Parametric Algorithms for Cyclic Scheduling Problems with Applications to Robotics,2008_007_0060.png,Robotics,Eugene Levner,Holon Institute of Technology,,"Holon, Israel | Ramat Gan, Israel","Holon Institute of Technology, Holon and Bar-Ilan University, Ramat Gan, Israel",~HIT,2008,Israel
1729,Parametric Algorithms for Cyclic Scheduling Problems with Applications to Robotics,2008_007_0060.png,Robotics,Eugene Levner,Bar-Ilan University,,"Holon, Israel | Ramat Gan, Israel","Holon Institute of Technology, Holon and Bar-Ilan University, Ramat Gan, Israel",~BU,2008,Israel
1730,Solving a School Timetabling Problem Using a Bee Algorithm,2008_007_0061.png,Bio-inspired & Evolutionary Computing,Carlos Lara,Universidad Michoacana de San Nicolás de Hidalgo,División de Estudios de Posgrado. Facultad de Ingeniería Eléctrica,"Morelia, Michoacán, México","Universidad Michoacana de San Nicolás de Hidalgo
División de Estudios de Posgrado. Facultad de Ingeniería Eléctrica
Santiago Tapia 403 Centro. Morelia, Michoacán, México. CP 58000",~UMSNH,2008,Mexico
1731,Solving a School Timetabling Problem Using a Bee Algorithm,2008_007_0061.png,Bio-inspired & Evolutionary Computing,Juan J. Flores,Universidad Michoacana de San Nicolás de Hidalgo,División de Estudios de Posgrado. Facultad de Ingeniería Eléctrica,"Morelia, Michoacán, México","Universidad Michoacana de San Nicolás de Hidalgo
División de Estudios de Posgrado. Facultad de Ingeniería Eléctrica
Santiago Tapia 403 Centro. Morelia, Michoacán, México. CP 58000",~UMSNH,2008,Mexico
1732,Solving a School Timetabling Problem Using a Bee Algorithm,2008_007_0061.png,Bio-inspired & Evolutionary Computing,Félix Calderón,Universidad Michoacana de San Nicolás de Hidalgo,División de Estudios de Posgrado. Facultad de Ingeniería Eléctrica,"Morelia, Michoacán, México","Universidad Michoacana de San Nicolás de Hidalgo
División de Estudios de Posgrado. Facultad de Ingeniería Eléctrica
Santiago Tapia 403 Centro. Morelia, Michoacán, México. CP 58000",~UMSNH,2008,Mexico
1733,An Efficient Simulated Annealing Algorithm for Feasible Solutions of Course Timetabling,2008_007_0062.png,Heuristic Search & Optimization,Juan Frausto-Solís,Tecnológico de Monterrey,Campus Cuernavaca,"Cuernavaca, Morelos, México","Tecnológico de Monterrey Campus Cuernavaca, 69042 Cuernavaca, Morelos, México",ITESM,2008,Mexico
1734,An Efficient Simulated Annealing Algorithm for Feasible Solutions of Course Timetabling,2008_007_0062.png,Heuristic Search & Optimization,Federico Alonso-Pecina,Tecnológico de Monterrey,Campus Cuernavaca,"Cuernavaca, Morelos, México","Tecnológico de Monterrey Campus Cuernavaca, 69042 Cuernavaca, Morelos, México",ITESM,2008,Mexico
1735,An Efficient Simulated Annealing Algorithm for Feasible Solutions of Course Timetabling,2008_007_0062.png,Heuristic Search & Optimization,Jaime Mora-Vargas,Tecnológico de Monterrey,Campus Estado de México,,Tecnológico de Monterrey Campus Estado de México,ITESM,2008,Mexico
1736,On the Definition of Essential and Contingent Properties of Subjective Belief Bases,2008_007_0063.png,Knowledge Representation & Reasoning,Ebrahim Bagheri,University of New Brunswick,Faculty of Computer Science,"Fredericton, Canada","Faculty of Computer Science, University of New Brunswick, Fredericton, Canada",~UNB,2008,Canada
1737,On the Definition of Essential and Contingent Properties of Subjective Belief Bases,2008_007_0063.png,Knowledge Representation & Reasoning,Ali A. Ghorbani,University of New Brunswick,Faculty of Computer Science,"Fredericton, Canada","Faculty of Computer Science, University of New Brunswick, Fredericton, Canada",~UNB,2008,Canada
1738,Some Properties of Aggregated Distributions over Expected Values,2008_007_0064.png,Probabilistic & Statistical Reasoning,David Sundgren,University of Gävle,"Dept. of Mathematics, Natural and Computer Sciences","Gävle, Sweden","Dept. of Mathematics, Natural and Computer Sciences, University of Gävle, SE-801 76 Gävle, Sweden",~UG,2008,Sweden
1739,Some Properties of Aggregated Distributions over Expected Values,2008_007_0064.png,Probabilistic & Statistical Reasoning,Love Ekenberg,Stockholm University and KTH,Dept. of Computer and Systems Sciences,"Kista, Sweden","Dept. of Computer and Systems Sciences, Stockholm University and KTH, Forum 100, SE-164 40 Kista, Sweden",~SUK,2008,Sweden
1740,Some Properties of Aggregated Distributions over Expected Values,2008_007_0064.png,Probabilistic & Statistical Reasoning,Mats Danielson,Stockholm University and KTH,Dept. of Computer and Systems Sciences,"Kista, Sweden","Dept. of Computer and Systems Sciences, Stockholm University and KTH, Forum 100, SE-164 40 Kista, Sweden",~SUK,2008,Sweden
1741,Generators of Fuzzy Operations for Hardware Implementation of Fuzzy Systems,2008_007_0065.png,Fuzzy Logic & Fuzzy Systems,Imre J. Rudas,Budapest Tech,,,Budapest Tech,~BT,2008,Hungary
1742,Generators of Fuzzy Operations for Hardware Implementation of Fuzzy Systems,2008_007_0065.png,Fuzzy Logic & Fuzzy Systems,Ildar Z. Batyrshin,Mexican Petroleum Institute,,,Mexican Petroleum Institute,IMP,2008,Mexico
1743,Generators of Fuzzy Operations for Hardware Implementation of Fuzzy Systems,2008_007_0065.png,Fuzzy Logic & Fuzzy Systems,Antonio Hernández Zavala,Mexican Polytechnic Institute,Computer Research Centre,,Mexican Polytechnic Institute – Computer Research Centre,IPN,2008,Mexico
1744,Generators of Fuzzy Operations for Hardware Implementation of Fuzzy Systems,2008_007_0065.png,Fuzzy Logic & Fuzzy Systems,Oscar Camacho Nieto,Mexican Polytechnic Institute,Computer Research Centre,,Mexican Polytechnic Institute – Computer Research Centre,IPN,2008,Mexico
1745,Generators of Fuzzy Operations for Hardware Implementation of Fuzzy Systems,2008_007_0065.png,Fuzzy Logic & Fuzzy Systems,László Horváth,Budapest Tech,,,Budapest Tech,~BT,2008,Hungary
1746,Generators of Fuzzy Operations for Hardware Implementation of Fuzzy Systems,2008_007_0065.png,Fuzzy Logic & Fuzzy Systems,Luis Villa Vargas,Mexican Polytechnic Institute,Computer Research Centre,,Mexican Polytechnic Institute – Computer Research Centre,IPN,2008,Mexico
1747,Quantitative Possibilistic Networks: Handling Interventions and Ascribing Causality,2008_007_0066.png,Probabilistic & Statistical Reasoning,Salem Benferhat,Université d'Artois,CRIL,France,"CRIL, Université d'Artois, France",~UD,2008,France
1748,Quantitative Possibilistic Networks: Handling Interventions and Ascribing Causality,2008_007_0066.png,Probabilistic & Statistical Reasoning,Salma Smaoui,ISG de Tunis,LARODEC,Tunisia,"LARODEC, ISG de Tunis, Tunisia",~IT,2008,Tunisia
1749,Big Bang Big Crunch Optimization Method Based Fuzzy Model Inversion,2008_007_0067.png,Fuzzy Logic & Fuzzy Systems,Tufan Kumbasar,Istanbul Technical University,Department of Control Engineering,"Maslak, Istanbul, Turkey","Department of Control Engineering
Istanbul Technical University
Maslak, TR-34469, Istanbul, Turkey",~ITU,2008,Turkey
1750,Big Bang Big Crunch Optimization Method Based Fuzzy Model Inversion,2008_007_0067.png,Fuzzy Logic & Fuzzy Systems,İbrahim Eksin,Istanbul Technical University,Department of Control Engineering,"Maslak, Istanbul, Turkey","Department of Control Engineering
Istanbul Technical University
Maslak, TR-34469, Istanbul, Turkey",~ITU,2008,Turkey
1751,Big Bang Big Crunch Optimization Method Based Fuzzy Model Inversion,2008_007_0067.png,Fuzzy Logic & Fuzzy Systems,Müjde Güzelkaya,Istanbul Technical University,Department of Control Engineering,"Maslak, Istanbul, Turkey","Department of Control Engineering
Istanbul Technical University
Maslak, TR-34469, Istanbul, Turkey",~ITU,2008,Turkey
1752,Big Bang Big Crunch Optimization Method Based Fuzzy Model Inversion,2008_007_0067.png,Fuzzy Logic & Fuzzy Systems,Engin Yeşil,Istanbul Technical University,Department of Control Engineering,"Maslak, Istanbul, Turkey","Department of Control Engineering
Istanbul Technical University
Maslak, TR-34469, Istanbul, Turkey",~ITU,2008,Turkey
1753,Choquet Integrals and OWA Criteria as a Natural (and Optimal) Next Step after Linear Aggregation: A New General Justification,2008_007_0068.png,Fuzzy Logic & Fuzzy Systems,François Modave,University of Texas at El Paso,Department of Computer Science,"El Paso, TX, USA","Department of Computer Science
University of Texas at El Paso, El Paso, TX 79968, USA",~UTEP,2008,United States
1754,Choquet Integrals and OWA Criteria as a Natural (and Optimal) Next Step after Linear Aggregation: A New General Justification,2008_007_0068.png,Fuzzy Logic & Fuzzy Systems,Martine Ceberio,University of Texas at El Paso,Department of Computer Science,"El Paso, TX, USA","Department of Computer Science
University of Texas at El Paso, El Paso, TX 79968, USA",~UTEP,2008,United States
1755,Choquet Integrals and OWA Criteria as a Natural (and Optimal) Next Step after Linear Aggregation: A New General Justification,2008_007_0068.png,Fuzzy Logic & Fuzzy Systems,Vladik Kreinovich,University of Texas at El Paso,Department of Computer Science,"El Paso, TX, USA","Department of Computer Science
University of Texas at El Paso, El Paso, TX 79968, USA",~UTEP,2008,United States
1756,Building an Affective Model for Intelligent Tutoring Systems with Base on Teachers’ Expertise,2008_007_0069.png,Probabilistic & Statistical Reasoning,Yasmín Hernández,Instituto de Investigaciones Eléctricas,Gerencia de Sistemas Informáticos,"Cuernavaca, Morelos, México","Instituto de Investigaciones Eléctricas, Gerencia de Sistemas Informáticos Reforma 113, Col. Palmira, 62490, Cuernavaca, Morelos, México",IIE,2008,Mexico
1757,Building an Affective Model for Intelligent Tutoring Systems with Base on Teachers’ Expertise,2008_007_0069.png,Probabilistic & Statistical Reasoning,L. Enrique Sucar,"Instituto Nacional de Astrofísica, Óptica y Electrónica",Coord. Ciencias Computacionales,"Tonantzintla, Puebla, México","Instituto Nacional de Astrofísica, Óptica y Electrónica, Coord. Ciencias Computacionales Luis Enrique Erro # 1, Tonantzintla, Puebla, México",INAOE,2008,Mexico
1758,Building an Affective Model for Intelligent Tutoring Systems with Base on Teachers’ Expertise,2008_007_0069.png,Probabilistic & Statistical Reasoning,Gustavo Arroyo-Figueroa,Instituto de Investigaciones Eléctricas,Gerencia de Sistemas Informáticos,"Cuernavaca, Morelos, México","Instituto de Investigaciones Eléctricas, Gerencia de Sistemas Informáticos Reforma 113, Col. Palmira, 62490, Cuernavaca, Morelos, México",IIE,2008,Mexico
1759,A Knowledge Discovery Framework for Learning Task Models from User Interactions in Intelligent Tutoring Systems,2008_007_0070.png,Data Mining & Knowledge Discovery,Philippe Fournier-Viger,University of Quebec in Montreal,,"Montreal, Canada","University of Quebec in Montreal, Montreal (QC), Canada",~UQM,2008,Canada
1760,A Knowledge Discovery Framework for Learning Task Models from User Interactions in Intelligent Tutoring Systems,2008_007_0070.png,Data Mining & Knowledge Discovery,Roger Nkambou,University of Quebec in Montreal,,"Montreal, Canada","University of Quebec in Montreal, Montreal (QC), Canada",~UQM,2008,Canada
1761,A Knowledge Discovery Framework for Learning Task Models from User Interactions in Intelligent Tutoring Systems,2008_007_0070.png,Data Mining & Knowledge Discovery,Engelbert Mephu Nguifo,Université Lille-Nord de France,"CRIL, CNRS UMR 8188","Lens, France","Université Lille-Nord de France, Artois, F-62307 Lens, CRIL, F-62307 Lens CNRS UMR 8188, F-62307 Lens, France",~ULF,2008,France
1762,Enhancing Teams with PANCHO to Improve the Training Experience,2008_007_0071.png,Multi-Agent Systems & Distributed AI,Raúl A. Aguilar,Universidad Autónoma de Yucatán,Mathematics School,"Mérida, Mexico","Universidad Autónoma de Yucatán, Mathematics School, Periférico Norte Tablaje 13615, A.P. 172, Cordemex, C.P. 97110, Mérida, Mexico",~UAY,2008,Mexico
1763,Enhancing Teams with PANCHO to Improve the Training Experience,2008_007_0071.png,Multi-Agent Systems & Distributed AI,Angélica de Antonio,Universidad Politécnica de Madrid,Computer Science School,"Boadilla del Monte, Madrid, Spain","Universidad Politécnica de Madrid, Computer Science School, Campus Montegancedo, 28660, Boadilla del Monte, Madrid, Spain",*UPM,2008,Spain
1764,Enhancing Teams with PANCHO to Improve the Training Experience,2008_007_0071.png,Multi-Agent Systems & Distributed AI,Ricardo Imbert,Universidad Politécnica de Madrid,Computer Science School,"Boadilla del Monte, Madrid, Spain","Universidad Politécnica de Madrid, Computer Science School, Campus Montegancedo, 28660, Boadilla del Monte, Madrid, Spain",*UPM,2008,Spain
1765,Authoring Neuro-fuzzy Tutoring Systems for M and E-Learning,2008_007_0072.png,Fuzzy Logic & Fuzzy Systems,Ramón Zatarain-Cabada,Instituto Tecnológico de Culiacán,,"Culiacán, Sinaloa, México","Instituto Tecnológico de Culiacán, Juan de Dios Bátiz s/n, col. Guadalupe, Culiacán, Sinaloa, 80220, México",~ITC,2008,Mexico
1766,Authoring Neuro-fuzzy Tutoring Systems for M and E-Learning,2008_007_0072.png,Fuzzy Logic & Fuzzy Systems,M.L. Barrón-Estrada,Instituto Tecnológico de Culiacán,,"Culiacán, Sinaloa, México","Instituto Tecnológico de Culiacán, Juan de Dios Bátiz s/n, col. Guadalupe, Culiacán, Sinaloa, 80220, México",~ITC,2008,Mexico
1767,Authoring Neuro-fuzzy Tutoring Systems for M and E-Learning,2008_007_0072.png,Fuzzy Logic & Fuzzy Systems,Guillermo Sandoval,Instituto Tecnológico de Culiacán,,"Culiacán, Sinaloa, México","Instituto Tecnológico de Culiacán, Juan de Dios Bátiz s/n, col. Guadalupe, Culiacán, Sinaloa, 80220, México",~ITC,2008,Mexico
1768,Authoring Neuro-fuzzy Tutoring Systems for M and E-Learning,2008_007_0072.png,Fuzzy Logic & Fuzzy Systems,Moisés Osorio,Instituto Tecnológico de Culiacán,,"Culiacán, Sinaloa, México","Instituto Tecnológico de Culiacán, Juan de Dios Bátiz s/n, col. Guadalupe, Culiacán, Sinaloa, 80220, México",~ITC,2008,Mexico
1769,Authoring Neuro-fuzzy Tutoring Systems for M and E-Learning,2008_007_0072.png,Fuzzy Logic & Fuzzy Systems,Eduardo Urías,Instituto Tecnológico de Culiacán,,"Culiacán, Sinaloa, México","Instituto Tecnológico de Culiacán, Juan de Dios Bátiz s/n, col. Guadalupe, Culiacán, Sinaloa, 80220, México",~ITC,2008,Mexico
1770,Authoring Neuro-fuzzy Tutoring Systems for M and E-Learning,2008_007_0072.png,Fuzzy Logic & Fuzzy Systems,Carlos A. Reyes-García,"Instituto Nacional de Astrofísica, Óptica y Electrónica (INAOE)",,"Sta. Ma. Tonanzintla, Puebla, México","Instituto Nacional de Astrofísica, Óptica y Electrónica (INAOE), Luis Enrique Erro No. 1, Sta. Ma. Tonanzintla, Puebla, C.P. 72840, México",INAOE,2008,Mexico
1771,Combining Concept Maps and Petri Nets to Generate Intelligent Tutoring Systems: A Possible Approach,2008_007_0073.png,Hybrid AI & Expert Systems,Maikel León,Central University of Las Villas,Department of Computer Science,"Santa Clara, Cuba","Department of Computer Science, Central University of Las Villas (UCLV)
Highway to Camajuaní km 5 ½, Santa Clara, Cuba",~CUV,2008,Cuba
1772,Combining Concept Maps and Petri Nets to Generate Intelligent Tutoring Systems: A Possible Approach,2008_007_0073.png,Hybrid AI & Expert Systems,Isis Bonet,Central University of Las Villas,Department of Computer Science,"Santa Clara, Cuba","Department of Computer Science, Central University of Las Villas (UCLV)
Highway to Camajuaní km 5 ½, Santa Clara, Cuba",~CUV,2008,Cuba
1773,Combining Concept Maps and Petri Nets to Generate Intelligent Tutoring Systems: A Possible Approach,2008_007_0073.png,Hybrid AI & Expert Systems,María M. García,Central University of Las Villas,Department of Computer Science,"Santa Clara, Cuba","Department of Computer Science, Central University of Las Villas (UCLV)
Highway to Camajuaní km 5 ½, Santa Clara, Cuba",~CUV,2008,Cuba
1774,Combining Concept Maps and Petri Nets to Generate Intelligent Tutoring Systems: A Possible Approach,2008_007_0073.png,Hybrid AI & Expert Systems,Zenaida García,Central University of Las Villas,Department of Computer Science,"Santa Clara, Cuba","Department of Computer Science, Central University of Las Villas (UCLV)
Highway to Camajuaní km 5 ½, Santa Clara, Cuba",~CUV,2008,Cuba
1775,Cooperation Strategies for Pursuit Games: From a Greedy to an Evolutive Approach,2008_007_0074.png,Multi-Agent Systems & Distributed AI,Juan Reverte,University of Alicante,Department of Computer Science and Artificial Intelligence,,"Department of Computer Science and Artificial Intelligence, University of Alicante",*UA,2008,Spain
1776,Cooperation Strategies for Pursuit Games: From a Greedy to an Evolutive Approach,2008_007_0074.png,Multi-Agent Systems & Distributed AI,Francisco Gallego,University of Alicante,Department of Computer Science and Artificial Intelligence,,"Department of Computer Science and Artificial Intelligence, University of Alicante",*UA,2008,Spain
1777,Cooperation Strategies for Pursuit Games: From a Greedy to an Evolutive Approach,2008_007_0074.png,Multi-Agent Systems & Distributed AI,Rosana Satorre,University of Alicante,Department of Computer Science and Artificial Intelligence,,"Department of Computer Science and Artificial Intelligence, University of Alicante",*UA,2008,Spain
1778,Cooperation Strategies for Pursuit Games: From a Greedy to an Evolutive Approach,2008_007_0074.png,Multi-Agent Systems & Distributed AI,Faraón Llorens,University of Alicante,Department of Computer Science and Artificial Intelligence,,"Department of Computer Science and Artificial Intelligence, University of Alicante",*UA,2008,Spain
1779,Multiagent-Based Portfolio Simulation Using Neural Networks,2008_007_0075.png,Multi-Agent Systems & Distributed AI,Darius Plikynas,Vilnius Management School,IT department,"Vilnius, Lithuania","Vilnius Management School, IT department, J. Basanaviciaus 29a, Vilnius, Lithuania",~VMS,2008,Lithuania
1780,Managing Conflicting Beliefs with Fuzzy Trust on the Semantic Web,2008_007_0076.png,Fuzzy Logic & Fuzzy Systems,Miklos Nagy,The Open University,Knowledge Media Institute (KMi),"Milton Keynes, United Kingdom","Knowledge Media Institute (KMi) The Open University Walton Hall, Milton Keynes MK7 6AA, United Kingdom",~OU,2008,United Kingdom
1781,Managing Conflicting Beliefs with Fuzzy Trust on the Semantic Web,2008_007_0076.png,Fuzzy Logic & Fuzzy Systems,Maria Vargas-Vera,The Open University,Computing Department,"Milton Keynes, United Kingdom","Computing Department The Open University Walton Hall, Milton Keynes MK7 6AA, United Kingdom",~OU,2008,United Kingdom
1782,Managing Conflicting Beliefs with Fuzzy Trust on the Semantic Web,2008_007_0076.png,Fuzzy Logic & Fuzzy Systems,Enrico Motta,The Open University,Knowledge Media Institute (KMi),"Milton Keynes, United Kingdom","Knowledge Media Institute (KMi) The Open University Walton Hall, Milton Keynes MK7 6AA, United Kingdom",~OU,2008,United Kingdom
1783,Optimal Agendas and Procedures for N-Issue Negotiation: An Inductive Definition,2008_007_0077.png,Multi-Agent Systems & Distributed AI,Saidalavi Kalady,National Institute of Technology Calicut,Department of Computer Science and Engineering,,Department of Computer Science and Engineering National Institute of Technology Calicut,~NITC,2008,
1784,Optimal Agendas and Procedures for N-Issue Negotiation: An Inductive Definition,2008_007_0077.png,Multi-Agent Systems & Distributed AI,B. Dev,National Institute of Technology Calicut,Department of Computer Science and Engineering,,Department of Computer Science and Engineering National Institute of Technology Calicut,~NITC,2008,
1785,Optimal Agendas and Procedures for N-Issue Negotiation: An Inductive Definition,2008_007_0077.png,Multi-Agent Systems & Distributed AI,Arun A.N.,National Institute of Technology Calicut,Department of Computer Science and Engineering,,Department of Computer Science and Engineering National Institute of Technology Calicut,~NITC,2008,
1786,Optimal Agendas and Procedures for N-Issue Negotiation: An Inductive Definition,2008_007_0077.png,Multi-Agent Systems & Distributed AI,V.K. Govindan,National Institute of Technology Calicut,Department of Computer Science and Engineering,,Department of Computer Science and Engineering National Institute of Technology Calicut,~NITC,2008,
1787,Optimal Agendas and Procedures for N-Issue Negotiation: An Inductive Definition,2008_007_0077.png,Multi-Agent Systems & Distributed AI,Abraham T. Mathew,National Institute of Technology Calicut,Department of Electrical and Electronics Engineering,,Department of Electrical and Electronics Engineering National Institute of Technology Calicut,~NITC,2008,
1788,Toward an AgentSpeak(L) Theory of Commitment and Intentional Learning,2008_007_0078.png,Multi-Agent Systems & Distributed AI,Alejandro Guerra-Hernández,Universidad Veracruzana,"Departamento de Inteligencia Artificial, Facultad de Física e Inteligencia Artificial","Xalapa, Ver., México","Departamento de Inteligencia Artificial Universidad Veracruzana Facultad de Física e Inteligencia Artificial Sebastián Camacho No. 5, Xalapa, Ver., México, 91000",UV,2008,Mexico
1789,Toward an AgentSpeak(L) Theory of Commitment and Intentional Learning,2008_007_0078.png,Multi-Agent Systems & Distributed AI,José Martín Castro-Manzano,Universidad Veracruzana,"Departamento de Inteligencia Artificial, Facultad de Física e Inteligencia Artificial","Xalapa, Ver., México","Departamento de Inteligencia Artificial Universidad Veracruzana Facultad de Física e Inteligencia Artificial Sebastián Camacho No. 5, Xalapa, Ver., México, 91000",UV,2008,Mexico
1790,Toward an AgentSpeak(L) Theory of Commitment and Intentional Learning,2008_007_0078.png,Multi-Agent Systems & Distributed AI,Amal El-Fallah-Seghrouchni,Université Pierre et Marie Curie,Laboratoire d’Informatique de Paris 6,"Paris, France","Laboratoire d’Informatique de Paris 6 Université Pierre et Marie Curie Avenue du Président Kennedy, Paris, France, 75016",~UPEMC,2008,France
1791,Collective Pathfinding in Dynamic Environments,2008_007_0079.png,Heuristic Search & Optimization,Carlos Astengo-Noguez,ITESM,Campus Monterrey,"Monterrey, México",ITESM Campus Monterrey,ITESM,2008,Mexico
1792,Collective Pathfinding in Dynamic Environments,2008_007_0079.png,Heuristic Search & Optimization,José Ramón Calzada Gómez,ITESM,Campus Monterrey,"Monterrey, México",ITESM Campus Monterrey,ITESM,2008,Mexico
1793,A Research in Agent Negotiation Forms Dynamic Supply Chain,2008_007_0080.png,Multi-Agent Systems & Distributed AI,Jui-Wen Hung,Ling Tung University,Department of Information Management,"Taichung, Taiwan, R.O.C","Department of Information Management, Ling Tung University 1 Lingtung Rd., Taichung, Taiwan, 408, R.O.C",~LTU,2008,
1794,A Research in Agent Negotiation Forms Dynamic Supply Chain,2008_007_0080.png,Multi-Agent Systems & Distributed AI,Ching-shun Hsieh,Ling Tung University,Department of Commercial Technology and Management,"Taichung, Taiwan, R.O.C","Department of Commercial Technology and Management, Ling Tung University 1 Lingtung Rd., Taichung, Taiwan, 408, R.O.C",~LTU,2008,
1795,A Research in Agent Negotiation Forms Dynamic Supply Chain,2008_007_0080.png,Multi-Agent Systems & Distributed AI,Kuo-Yen Lo,Ling Tung University,Department of Information Management,"Taichung, Taiwan, R.O.C","Department of Information Management, Ling Tung University 1 Lingtung Rd., Taichung, Taiwan, 408, R.O.C",~LTU,2008,
1796,BROA: A Bayesian Robotic Agents Architecture,2008_007_0081.png,Robotics,Fidel Aznar,Universidad de Alicante,Departamento Ciencia de la Computación e Inteligencia Artificial,"Alicante, Spain","Departamento Ciencia de la Computación e Inteligencia Artificial
Universidad de Alicante
Campus de Sant Vicent s/n, 03080, Alicante, Spain",*UA,2008,Spain
1797,BROA: A Bayesian Robotic Agents Architecture,2008_007_0081.png,Robotics,Mar Pujol,Universidad de Alicante,Departamento Ciencia de la Computación e Inteligencia Artificial,"Alicante, Spain","Departamento Ciencia de la Computación e Inteligencia Artificial
Universidad de Alicante
Campus de Sant Vicent s/n, 03080, Alicante, Spain",*UA,2008,Spain
1798,BROA: A Bayesian Robotic Agents Architecture,2008_007_0081.png,Robotics,Ramón Rizo,Universidad de Alicante,Departamento Ciencia de la Computación e Inteligencia Artificial,"Alicante, Spain","Departamento Ciencia de la Computación e Inteligencia Artificial
Universidad de Alicante
Campus de Sant Vicent s/n, 03080, Alicante, Spain",*UA,2008,Spain
1799,Chaos and Budworm Dynamics of Agent Interactions: A Biologically-Inspired Approach to Digital Ecosystems,2008_007_0082.png,Bio-inspired & Evolutionary Computing,Gabriel Alejandro Lopardo,University of Girona,"ARLab Agents Research Lab, IIiA Institute of Informatics and Applications, EPS-P4 Campus Montilivi","Girona, Spain","ARLab Agents Research Lab, IIiA Institute of Informatics and Applications, EPS-P4 Campus Montilivi, University of Girona, E-17071 Girona, Spain",~UG,2008,Spain
1800,Chaos and Budworm Dynamics of Agent Interactions: A Biologically-Inspired Approach to Digital Ecosystems,2008_007_0082.png,Bio-inspired & Evolutionary Computing,Fátima N. Rateb,University College London,CASA Centre for Advanced Spatial Analysis,"London, UK","CASA Centre for Advanced Spatial Analysis, University College London, 1 - 19 Torrington Place, London WC1E 7HB, UK",~UCL,2008,United Kingdom
1801,The User’s Human Values Scale Methodology in Recommender Systems from Several Information Sources of the Organization,2008_007_0083.png,Data Mining & Knowledge Discovery,Javier Guzmán-Obando,University of Girona,"Campus Montilivi, Ave. Lluś Santaló, Building P-IV | Facultad de Ingeniería “Arturo Narro Siller”","Girona, Spain | Tampico, Tams. México","University of Girona, Campus Montilivi, Ave. Lluś Santaló, Building P-IV, Girona, Spain | Universidad Autónoma de Tamaulipas, Facultad de Ingeniería “Arturo Narro Siller”, Tampico, Tams. México",~UG,2008,
1802,The User’s Human Values Scale Methodology in Recommender Systems from Several Information Sources of the Organization,2008_007_0083.png,Data Mining & Knowledge Discovery,Javier Guzmán-Obando,Universidad Autónoma de Tamaulipas,"Campus Montilivi, Ave. Lluś Santaló, Building P-IV | Facultad de Ingeniería “Arturo Narro Siller”","Girona, Spain | Tampico, Tams. México","University of Girona, Campus Montilivi, Ave. Lluś Santaló, Building P-IV, Girona, Spain | Universidad Autónoma de Tamaulipas, Facultad de Ingeniería “Arturo Narro Siller”, Tampico, Tams. México",~UAT,2008,
1803,The User’s Human Values Scale Methodology in Recommender Systems from Several Information Sources of the Organization,2008_007_0083.png,Data Mining & Knowledge Discovery,Josep Lluís de la Rosa,University of Girona,"Campus Montilivi, Ave. Lluś Santaló, Building P-IV","Girona, Spain","University of Girona, Campus Montilivi, Ave. Lluś Santaló, Building P-IV, Girona, Spain",~UG,2008,Spain
1804,The User’s Human Values Scale Methodology in Recommender Systems from Several Information Sources of the Organization,2008_007_0083.png,Data Mining & Knowledge Discovery,Silvana Aciar,University of Girona,"Campus Montilivi, Ave. Lluś Santaló, Building P-IV","Girona, Spain","University of Girona, Campus Montilivi, Ave. Lluś Santaló, Building P-IV, Girona, Spain",~UG,2008,Spain
1805,The User’s Human Values Scale Methodology in Recommender Systems from Several Information Sources of the Organization,2008_007_0083.png,Data Mining & Knowledge Discovery,Miquel Montaner,University of Girona,"Campus Montilivi, Ave. Lluś Santaló, Building P-IV","Girona, Spain","University of Girona, Campus Montilivi, Ave. Lluś Santaló, Building P-IV, Girona, Spain",~UG,2008,Spain
1806,The User’s Human Values Scale Methodology in Recommender Systems from Several Information Sources of the Organization,2008_007_0083.png,Data Mining & Knowledge Discovery,José A. Castán,Universidad Autónoma de Tamaulipas,Facultad de Ingeniería “Arturo Narro Siller”,"Tampico, Tams. México","Universidad Autónoma de Tamaulipas, Facultad de Ingeniería “Arturo Narro Siller”, Tampico, Tams. México",~UAT,2008,
1807,The User’s Human Values Scale Methodology in Recommender Systems from Several Information Sources of the Organization,2008_007_0083.png,Data Mining & Knowledge Discovery,Julio Laria,Universidad Autónoma de Tamaulipas,Facultad de Ingeniería “Arturo Narro Siller”,"Tampico, Tams. México","Universidad Autónoma de Tamaulipas, Facultad de Ingeniería “Arturo Narro Siller”, Tampico, Tams. México",~UAT,2008,
1808,ANT Based Routing Algorithm over a HAP Network with Integrated Services,2008_007_0084.png,Heuristic Search & Optimization,Floriano De Rango,Universita della Calabria,deis,"Rende, Cosenza, Italy","via P. Bucci 42/c 87036 Rende, Cosenza, Italy",~UDC,2008,Italy
1809,ANT Based Routing Algorithm over a HAP Network with Integrated Services,2008_007_0084.png,Heuristic Search & Optimization,Mauro Tropea,Universita della Calabria,deis,"Rende, Cosenza, Italy","via P. Bucci 42/c 87036 Rende, Cosenza, Italy",~UDC,2008,Italy
1811,ANT Based Routing Algorithm over a HAP Network with Integrated Services,2008_007_0084.png,Heuristic Search & Optimization,Amilcare-Francesco Santamaria,Universita della Calabria,deis,"Rende, Cosenza, Italy","via P. Bucci 42/c 87036 Rende, Cosenza, Italy",~UDC,2008,Italy
1812,ANT Based Routing Algorithm over a HAP Network with Integrated Services,2008_007_0084.png,Heuristic Search & Optimization,Salvatore Marano,Universita della Calabria,deis,"Rende, Cosenza, Italy","via P. Bucci 42/c 87036 Rende, Cosenza, Italy",~UDC,2008,Italy
1813,ECA-Rule Visual Programming for Ubiquitous and Nomadic Computing,2008_007_0085.png,Hybrid AI & Expert Systems,José Oscar Olmedo-Aguirre,CINVESTAV-IPN,Electrical Engineering,"Mexico City, Mexico","Electrical Engineering, CINVESTAV-IPN, Mexico City, Mexico",CINVESTAV,2008,Mexico
1814,ECA-Rule Visual Programming for Ubiquitous and Nomadic Computing,2008_007_0085.png,Hybrid AI & Expert Systems,Mónica Rivera de la Rosa,Instituto Politécnico Nacional,"Escuela Superior de Cómputo, ESCOM-IPN","Mexico City, Mexico","Escuela Superior de Cómputo, ESCOM-IPN, Mexico City, Mexico",IPN,2008,Mexico
1815,ECA-Rule Visual Programming for Ubiquitous and Nomadic Computing,2008_007_0085.png,Hybrid AI & Expert Systems,Guillermo Morales-Luna,CINVESTAV-IPN,Computer Science,"Mexico City, Mexico","Computer Science, CINVESTAV-IPN, Mexico City, Mexico",CINVESTAV,2008,Mexico
1816,"SERS and ANFIS: Fast Identification of the Presence of Retrovirus in CD4 Cells, Cause of AIDS",2008_007_0086.png,Fuzzy Logic & Fuzzy Systems,Jaime De La Torre,Instituto Tecnológico y de Estudios Superiores de Monterrey,,"Aguascalientes, Mexico","Instituto Tecnológico y de Estudios Superiores de Monterrey. Aguascalientes, Mexico",ITESM,2008,Mexico
1817,"SERS and ANFIS: Fast Identification of the Presence of Retrovirus in CD4 Cells, Cause of AIDS",2008_007_0086.png,Fuzzy Logic & Fuzzy Systems,Francisco Luna,Instituto Tecnológico de Aguascalientes,,Mexico,"Instituto Tecnológico de Aguascalientes, Mexico",~ITA,2008,Mexico
1818,"SERS and ANFIS: Fast Identification of the Presence of Retrovirus in CD4 Cells, Cause of AIDS",2008_007_0086.png,Fuzzy Logic & Fuzzy Systems,Julio Martínez,Instituto Tecnológico de Aguascalientes,,Mexico,"Instituto Tecnológico de Aguascalientes, Mexico",~ITA,2008,Mexico
1819,"SERS and ANFIS: Fast Identification of the Presence of Retrovirus in CD4 Cells, Cause of AIDS",2008_007_0086.png,Fuzzy Logic & Fuzzy Systems,Alejandro Padilla,Universidad Autónoma de Aguascalientes,Laboratorio de Inteligencia Artificial,"Aguascalientes, Mexico","Laboratorio de Inteligencia Artificial, UA de Aguascalientes, Mexico",~UAA,2008,Mexico
1820,"SERS and ANFIS: Fast Identification of the Presence of Retrovirus in CD4 Cells, Cause of AIDS",2008_007_0086.png,Fuzzy Logic & Fuzzy Systems,Miguel Mora,Universidad de Guadalajara,Centro Universitario de los lagos,Mexico,"Centro Universitario de los lagos, Universidad de Guadalajara, Mexico",~UG,2008,Mexico
1821,A Radon Transform Based Approach for Extraction of Blood Vessels in Conjunctival Images,2008_007_0087.png,Computer Vision,Reza Pourreza,Ferdowsi University of Mashhad,Electrical Engineering Department,"Mashhad, Iran","Electrical Engineering Department, Ferdowsi University of Mashhad, Iran",~FUM,2008,Iran
1822,A Radon Transform Based Approach for Extraction of Blood Vessels in Conjunctival Images,2008_007_0087.png,Computer Vision,Touka Banaee,Medical Sciences University of Mashhad,"Ophthalmic Research Center, Khatam-Al-Anbia Hospital","Mashhad, Iran","Ophthalmic Research Center, Khatam-Al-Anbia Hospital, Medical Sciences University of Mashhad, Iran",~MSUM,2008,Iran
1823,A Radon Transform Based Approach for Extraction of Blood Vessels in Conjunctival Images,2008_007_0087.png,Computer Vision,Hamidreza Pourreza,Ferdowsi University of Mashhad,Computer Engineering Department,"Mashhad, Iran","Computer Engineering Department, Ferdowsi University of Mashhad, Iran",~FUM,2008,Iran
1824,A Radon Transform Based Approach for Extraction of Blood Vessels in Conjunctival Images,2008_007_0087.png,Computer Vision,Ramin Daneshvar Kakhki,Medical Sciences University of Mashhad,"Ophthalmic Research Center, Khatam-Al-Anbia Hospital","Mashhad, Iran","Ophthalmic Research Center, Khatam-Al-Anbia Hospital, Medical Sciences University of Mashhad, Iran",~MSUM,2008,Iran
1825,Identification and Quantification of Pulmonary Emphysema through Pseudocolors,2008_007_0088.png,Computer Vision,John Hebert da Silva Felix,Federal University of Ceará,Department of Teleinformatic Engineering - DETI,"Fortaleza, Brazil","Federal University of Ceará - UFC, Department of Teleinformatic Engineering - DETI, Fortaleza, Brazil",~FUC,2008,Brazil
1826,Identification and Quantification of Pulmonary Emphysema through Pseudocolors,2008_007_0088.png,Computer Vision,Paulo César Cortez,Federal University of Ceará,Department of Teleinformatic Engineering - DETI,"Fortaleza, Brazil","Federal University of Ceará - UFC, Department of Teleinformatic Engineering - DETI, Fortaleza, Brazil",~FUC,2008,Brazil
1827,Identification and Quantification of Pulmonary Emphysema through Pseudocolors,2008_007_0088.png,Computer Vision,Pedro Pedrosa Rebouças Filho,Federal University of Ceará,Department of Teleinformatic Engineering - DETI,"Fortaleza, Brazil","Federal University of Ceará - UFC, Department of Teleinformatic Engineering - DETI, Fortaleza, Brazil",~FUC,2008,Brazil
1828,Identification and Quantification of Pulmonary Emphysema through Pseudocolors,2008_007_0088.png,Computer Vision,Auzuir Ripardo de Alexandria,Federal Technologic Educational Center of Ceará,"CEFET, NSMAT","Fortaleza, Brazil","Federal Technologic Educational Center of Ceará - CEFET, NSMAT, Fortaleza, Brazil",~FTECC,2008,Brazil
1829,Identification and Quantification of Pulmonary Emphysema through Pseudocolors,2008_007_0088.png,Computer Vision,Rodrigo Carvalho Sousa Costa,Federal University of Ceará,Department of Teleinformatic Engineering - DETI,"Fortaleza, Brazil","Federal University of Ceará - UFC, Department of Teleinformatic Engineering - DETI, Fortaleza, Brazil",~FUC,2008,Brazil
1830,Identification and Quantification of Pulmonary Emphysema through Pseudocolors,2008_007_0088.png,Computer Vision,Marcelo Alcantara Holanda,Federal University of Ceará,Walter Cantídio University Hospital,"Fortaleza, Brazil","Walter Cantídio University Hospital of the Federal University of Ceará, Fortaleza, Brazil",~FUC,2008,Brazil
1831,Computer-Guided Laparoscopic Training with Application of a Fuzzy Expert System,2008_007_0089.png,Fuzzy Logic & Fuzzy Systems,Andrzej Wytyczak-Partyka,Wroclaw University of Technology,"Institute of Computer Engineering, Control and Robotics","Wroclaw, Poland","Wroclaw University of Technology, Institute of Computer Engineering, Control and Robotics 27 Wybrzeze Wyspianskiego St., 50-370 Wroclaw, Poland",~WUT,2008,Poland
1832,Computer-Guided Laparoscopic Training with Application of a Fuzzy Expert System,2008_007_0089.png,Fuzzy Logic & Fuzzy Systems,Jan Nikodem,Wroclaw University of Technology,"Institute of Computer Engineering, Control and Robotics","Wroclaw, Poland","Wroclaw University of Technology, Institute of Computer Engineering, Control and Robotics 27 Wybrzeze Wyspianskiego St., 50-370 Wroclaw, Poland",~WUT,2008,Poland
1833,Computer-Guided Laparoscopic Training with Application of a Fuzzy Expert System,2008_007_0089.png,Fuzzy Logic & Fuzzy Systems,Ryszard Klempous,Wroclaw University of Technology,"Institute of Computer Engineering, Control and Robotics","Wroclaw, Poland","Wroclaw University of Technology, Institute of Computer Engineering, Control and Robotics 27 Wybrzeze Wyspianskiego St., 50-370 Wroclaw, Poland",~WUT,2008,Poland
1834,Computer-Guided Laparoscopic Training with Application of a Fuzzy Expert System,2008_007_0089.png,Fuzzy Logic & Fuzzy Systems,Jerzy Rozenblit,The University of Arizona,Electrical and Computer Engineering Department,"Tucson, Arizona, USA","Electrical and Computer Engineering Department, The University of Arizona Tucson, Arizona 85721, USA",~UA,2008,United States
1835,Computer-Guided Laparoscopic Training with Application of a Fuzzy Expert System,2008_007_0089.png,Fuzzy Logic & Fuzzy Systems,Chuan Feng,The University of Arizona,Electrical and Computer Engineering Department,"Tucson, Arizona, USA","Electrical and Computer Engineering Department, The University of Arizona Tucson, Arizona 85721, USA",~UA,2008,United States
1836,Structural Sensitivity of Neural and Genetic Networks,2008_007_0090.png,Bio-inspired & Evolutionary Computing,Hedi Ben Amor,University Joseph Fourier,"TIMC-IMAG, Faculty of medicine","La Tronche, France","TIMC-IMAG, Faculty of medicine, University Joseph Fourier of Grenoble, 38706 La Tronche, France",~UJF,2008,France
1837,Structural Sensitivity of Neural and Genetic Networks,2008_007_0090.png,Bio-inspired & Evolutionary Computing,Jacques Demongeot,University Joseph Fourier,"TIMC-IMAG, Faculty of medicine","La Tronche, France","TIMC-IMAG, Faculty of medicine, University Joseph Fourier of Grenoble, 38706 La Tronche, France",~UJF,2008,France
1838,Structural Sensitivity of Neural and Genetic Networks,2008_007_0090.png,Bio-inspired & Evolutionary Computing,Sylvain Sené,University Joseph Fourier,"TIMC-IMAG, Faculty of medicine | IXXI","La Tronche, France | Lyon, France","TIMC-IMAG, Faculty of medicine, University Joseph Fourier of Grenoble, 38706 La Tronche, France | IXXI, Rhône-Alpes Complex Systems Institute, 5 rue du Vercors, 69007 Lyon, France",~UJF,2008,France
1839,Structural Sensitivity of Neural and Genetic Networks,2008_007_0090.png,Bio-inspired & Evolutionary Computing,Sylvain Sené,Rhône-Alpes Complex Systems Institute,"TIMC-IMAG, Faculty of medicine | IXXI","La Tronche, France | Lyon, France","TIMC-IMAG, Faculty of medicine, University Joseph Fourier of Grenoble, 38706 La Tronche, France | IXXI, Rhône-Alpes Complex Systems Institute, 5 rue du Vercors, 69007 Lyon, France",~RCSI,2008,France
1840,Study of Signalized Intersection Crashes Using Artificial Intelligence Methods,2008_007_0091.png,Data Mining & Knowledge Discovery,Pei Liu,Feng-Chia Univ.,Dept. of Transportation Technology & Management,"Taichung, 407, Taiwan","Dept. of Transportation Technology & Management, Feng-Chia Univ., 100 Wen-Hwa Rd., Seatwen, Taichung, 407 Taiwan",~FU,2008,Taiwan
1841,Study of Signalized Intersection Crashes Using Artificial Intelligence Methods,2008_007_0091.png,Data Mining & Knowledge Discovery,Shih-Huang Chen,Feng-Chia Univ.,Dept. of Transportation Technology & Management,"Taichung, 407, Taiwan","Dept. of Transportation Technology & Management, Feng-Chia Univ., 100 Wen-Hwa Rd., Seatwen, Taichung, 407 Taiwan",~FU,2008,Taiwan
1842,Study of Signalized Intersection Crashes Using Artificial Intelligence Methods,2008_007_0091.png,Data Mining & Knowledge Discovery,Ming-Der Yang,National Chung Hsin Univ.,Dept. of Civil Engineering,"Taichung, 402, Taiwan","Dept. of Civil Engineering, National Chung Hsin Univ., 250, Kuo Kuang Rd., Taichung 402, Taiwan",~NCHU,2008,Taiwan
1843,Fault Diagnosis of Industrial Systems with Bayesian Networks and Neural Networks,2008_007_0092.png,Probabilistic & Statistical Reasoning,Luis E. Garza Castañón,ITESM,"Department of Mechatronics and Automation, Monterrey Campus","Monterrey, N.L., México","Department of Mechatronics and Automation, ITESM Monterrey Campus Av. Eugenio Garza Sada Sur No. 2501 Monterrey, N.L. 64,489 México",ITESM,2008,Mexico
1844,Fault Diagnosis of Industrial Systems with Bayesian Networks and Neural Networks,2008_007_0092.png,Probabilistic & Statistical Reasoning,Juan Pablo Nieto González,ITESM,"Department of Mechatronics and Automation, Monterrey Campus","Monterrey, N.L., México","Department of Mechatronics and Automation, ITESM Monterrey Campus Av. Eugenio Garza Sada Sur No. 2501 Monterrey, N.L. 64,489 México",ITESM,2008,Mexico
1845,Fault Diagnosis of Industrial Systems with Bayesian Networks and Neural Networks,2008_007_0092.png,Probabilistic & Statistical Reasoning,Mauricio A. Garza Castañón,Corporación Mexicana de Investigación en Materiales,,"Saltillo, Coah., México","Corporación Mexicana de Investigación en Materiales P.O. Box 491, Saltillo, Coah., 25000",~CMIEM,2008,Mexico
1846,Fault Diagnosis of Industrial Systems with Bayesian Networks and Neural Networks,2008_007_0092.png,Probabilistic & Statistical Reasoning,Rubén Morales-Menéndez,ITESM,"Department of Mechatronics and Automation, Monterrey Campus","Monterrey, N.L., México","Department of Mechatronics and Automation, ITESM Monterrey Campus Av. Eugenio Garza Sada Sur No. 2501 Monterrey, N.L. 64,489 México",ITESM,2008,Mexico
1847,A Comparison between Back Propagation and the Maximum Sensibility Neural Network to Surface Roughness Prediction in Machining of Titanium (Ti 6Al 4V) Alloy,2008_007_0093.png,Neural Networks & Deep Learning,I. Escamilla,Corporación Mexicana de Investigación en Materiales,,"Saltillo, Coahuila, México | San Nicolás de los Garza, N. L.","Corporación Mexicana de Investigación en Materiales, Ciencia y Tecnología # 790, Frac. Saltillo 400, Saltillo, Coahuila, México | Facultad de Ingeniería Mecánica y Eléctrica, Ave. Universidad s/n, San Nicolás de los Garza, N. L.",~CMIEM,2008,
1848,A Comparison between Back Propagation and the Maximum Sensibility Neural Network to Surface Roughness Prediction in Machining of Titanium (Ti 6Al 4V) Alloy,2008_007_0093.png,Neural Networks & Deep Learning,I. Escamilla,Facultad de Ingeniería Mecánica y Eléctrica,,"Saltillo, Coahuila, México | San Nicolás de los Garza, N. L.","Corporación Mexicana de Investigación en Materiales, Ciencia y Tecnología # 790, Frac. Saltillo 400, Saltillo, Coahuila, México | Facultad de Ingeniería Mecánica y Eléctrica, Ave. Universidad s/n, San Nicolás de los Garza, N. L.",~FIMYE,2008,
1849,A Comparison between Back Propagation and the Maximum Sensibility Neural Network to Surface Roughness Prediction in Machining of Titanium (Ti 6Al 4V) Alloy,2008_007_0093.png,Neural Networks & Deep Learning,L. Torres,Corporación Mexicana de Investigación en Materiales,,"Saltillo, Coahuila, México","Corporación Mexicana de Investigación en Materiales, Ciencia y Tecnología # 790, Frac. Saltillo 400, Saltillo, Coahuila, México",~CMIEM,2008,Mexico
1850,A Comparison between Back Propagation and the Maximum Sensibility Neural Network to Surface Roughness Prediction in Machining of Titanium (Ti 6Al 4V) Alloy,2008_007_0093.png,Neural Networks & Deep Learning,P. Perez,Corporación Mexicana de Investigación en Materiales,,"Saltillo, Coahuila, México","Corporación Mexicana de Investigación en Materiales, Ciencia y Tecnología # 790, Frac. Saltillo 400, Saltillo, Coahuila, México",~CMIEM,2008,Mexico
1851,A Comparison between Back Propagation and the Maximum Sensibility Neural Network to Surface Roughness Prediction in Machining of Titanium (Ti 6Al 4V) Alloy,2008_007_0093.png,Neural Networks & Deep Learning,P. Zambrano,Facultad de Ingeniería Mecánica y Eléctrica,,"San Nicolás de los Garza, N. L.","Facultad de Ingeniería Mecánica y Eléctrica, Ave. Universidad s/n, San Nicolás de los Garza, N. L.",~FIMYE,2008,
1852,Comparing Three Simulated Strategies for Cancer Monitoring with Nanorobots,2008_007_0094.png,Multi-Agent Systems & Distributed AI,C.A. Piña-García,Universidad Veracruzana,"Facultad de Física e Inteligencia Artificial, Departamento de Inteligencia Artificial","Xalapa, Veracruz, México","Facultad de Física e Inteligencia Artificial, Departamento de Inteligencia Artificial, Universidad Veracruzana, Sebastián Camacho No 5, Xalapa, Ver., México, 91000",UV,2008,Mexico
1853,Comparing Three Simulated Strategies for Cancer Monitoring with Nanorobots,2008_007_0094.png,Multi-Agent Systems & Distributed AI,E.J. Rechy-Ramírez,LANIA,Laboratorio Nacional de Informática Avanzada,"Xalapa, Veracruz, México","Laboratorio Nacional de Informática Avanzada, LANIA, Rébsamen 80, esq. Circuito Presidentes C.P. 91000 A.P. 696, Col. Centro. Xalapa, Veracruz, México",LANIA,2008,Mexico
1854,Comparing Three Simulated Strategies for Cancer Monitoring with Nanorobots,2008_007_0094.png,Multi-Agent Systems & Distributed AI,V.A. García-Vega,Universidad Veracruzana,"Facultad de Física e Inteligencia Artificial, Departamento de Inteligencia Artificial","Xalapa, Veracruz, México","Facultad de Física e Inteligencia Artificial, Departamento de Inteligencia Artificial, Universidad Veracruzana, Sebastián Camacho No 5, Xalapa, Ver., México, 91000",UV,2008,Mexico
1855,Semantic Management of Heterogeneous Documents,2009_008_0000.png,Knowledge Representation & Reasoning,Dieter Hutter,DFKI,,"Bremen, Germany","DFKI, Cartesium 2.41, Enrique Schmidt Str. 5, D-28359 Bremen, Germany",DFKI,2009,Germany
1856,Possibilistic Well-Founded Semantics,2009_008_0001.png,Knowledge Representation & Reasoning,Mauricio Osorio,Universidad de las Américas - Puebla,CENTIA,"Sta. Catarina Mártir, Cholula, Puebla, México","Universidad de las Américas - Puebla
CENTIA, Sta. Catarina Mártir, Cholula, Puebla, 72820 México",~UA-P,2009,Mexico
1857,Possibilistic Well-Founded Semantics,2009_008_0001.png,Knowledge Representation & Reasoning,Juan Carlos Nieves,Universitat Politècnica de Catalunya,Software Department (LSI),"Barcelona, Spain","Universitat Politècnica de Catalunya
Software Department (LSI)
c/Jordi Girona 1-3, E08034, Barcelona, Spain",~UPC,2009,Spain
1858,ACO for Solving the Distributed Allocation of a Corporate Semantic Web,2009_008_0002.png,Bio-inspired & Evolutionary Computing,Ana B. Rios-Alvarado,Universidad Autónoma Metropolitana,Department of Electrical Engineering,"Iztapalapa, DF, México","Department of Electrical Engineering
Universidad Autónoma Metropolitana - Iztapalapa
Atlixco 186, DF, México",UAM,2009,Mexico
1859,ACO for Solving the Distributed Allocation of a Corporate Semantic Web,2009_008_0002.png,Bio-inspired & Evolutionary Computing,Ricardo Marcelín-Jiménez,Universidad Autónoma Metropolitana,Department of Electrical Engineering,"Iztapalapa, DF, México","Department of Electrical Engineering
Universidad Autónoma Metropolitana - Iztapalapa
Atlixco 186, DF, México",UAM,2009,Mexico
1860,ACO for Solving the Distributed Allocation of a Corporate Semantic Web,2009_008_0002.png,Bio-inspired & Evolutionary Computing,R. Carolina Medina-Ramírez,Universidad Autónoma Metropolitana,Department of Electrical Engineering,"Iztapalapa, DF, México","Department of Electrical Engineering
Universidad Autónoma Metropolitana - Iztapalapa
Atlixco 186, DF, México",UAM,2009,Mexico
1861,Implementing PS-Merge Operator,2009_008_0003.png,Knowledge Representation & Reasoning,Verónica Borja Macías,University of the Mixteca,,"Huajuapan de León Oaxaca, Mexico","University of the Mixteca
Carretera a Acatlima Km 2.5
Huajuapan de León Oaxaca, Mexico",~UM,2009,Mexico
1862,Implementing PS-Merge Operator,2009_008_0003.png,Knowledge Representation & Reasoning,Pilar Pozos Parra,University of Tabasco,Department of Informatics and Systems,"Cunduacán Tabasco, Mexico","Department of Informatics and Systems
University of Tabasco
Carretera Cunduacán - Jalpa Km. 1
Cunduacán Tabasco, Mexico",~UT,2009,Mexico
1863,Generating Explanations Based on Markov Decision Processes,2009_008_0004.png,"XAI, AI Ethics, Safety & Governance",Francisco Elizalde,Instituto de Investigaciones Eléctricas,,"Cuernavaca, Morelos, México","Instituto de Investigaciones Eléctricas, Reforma 113, Col. Palmira, Cuernavaca, Morelos, 62490, México",IIE,2009,Mexico
1864,Generating Explanations Based on Markov Decision Processes,2009_008_0004.png,"XAI, AI Ethics, Safety & Governance",Enrique Sucar,Instituto Nacional de Astrofísica Optica y Electrónica,,"Tonantzintla, Puebla, México","Instituto Nacional de Astrofísica Optica y Electrónica, Luis Enrique Erro No. 1, Tonantzintla, Puebla, 72000, México",INAOE,2009,Mexico
1865,Generating Explanations Based on Markov Decision Processes,2009_008_0004.png,"XAI, AI Ethics, Safety & Governance",Julieta Noguez,Tec de Monterrey,Campus Cd. de México,"México, D.F.","Tec de Monterrey, Campus Cd. de México, Calle del Puente 222, Ejidos de Huipulco, 14380, México, D.F.",ITESM,2009,Mexico
1866,Generating Explanations Based on Markov Decision Processes,2009_008_0004.png,"XAI, AI Ethics, Safety & Governance",Alberto Reyes,Instituto de Investigaciones Eléctricas,,"Cuernavaca, Morelos, México","Instituto de Investigaciones Eléctricas, Reforma 113, Col. Palmira, Cuernavaca, Morelos, 62490, México",IIE,2009,Mexico
1867,Compiling Multiply Sectioned Bayesian Networks: A Comparative Study,2009_008_0005.png,Probabilistic & Statistical Reasoning,Xiangdong An,York University,Department of Computer Science and Engineering,"Toronto, Canada","Department of Computer Science and Engineering York University, Toronto, ON M3J 1P3, Canada",~YU,2009,Canada
1868,Compiling Multiply Sectioned Bayesian Networks: A Comparative Study,2009_008_0005.png,Probabilistic & Statistical Reasoning,Nick Cercone,York University,Department of Computer Science and Engineering,"Toronto, Canada","Department of Computer Science and Engineering York University, Toronto, ON M3J 1P3, Canada",~YU,2009,Canada
1869,Cosine Policy Iteration for Solving Infinite-Horizon Markov Decision Processes,2009_008_0006.png,Reinforcement Learning,Juan Frausto-Solis,Tecnológico de Monterrey,Campus Cuernavaca,"Xochitepec, Morelos, México","Tecnológico de Monterrey Campus Cuernavaca, Autopista del Sol Km 104+06, Colonia Real del Puente, 62790, Xochitepec, Morelos, México",ITESM,2009,Mexico
1870,Cosine Policy Iteration for Solving Infinite-Horizon Markov Decision Processes,2009_008_0006.png,Reinforcement Learning,Elizabeth Santiago,Tecnológico de Monterrey,Campus Cuernavaca,"Xochitepec, Morelos, México","Tecnológico de Monterrey Campus Cuernavaca, Autopista del Sol Km 104+06, Colonia Real del Puente, 62790, Xochitepec, Morelos, México",ITESM,2009,Mexico
1871,Cosine Policy Iteration for Solving Infinite-Horizon Markov Decision Processes,2009_008_0006.png,Reinforcement Learning,Jaime Mora-Vargas,Tecnológico de Monterrey,Campus Estado de México,,Tecnológico de Monterrey Campus Estado de México,ITESM,2009,Mexico
1872,Transformer Diagnosis Using Probabilistic Vibration Models,2009_008_0007.png,Probabilistic & Statistical Reasoning,Pablo H. Ibargüengoytia,Instituto de Investigaciones Eléctricas,,"Cuernavaca, Mor., México","Instituto de Investigaciones Eléctricas Av. Reforma 113, Palmira Cuernavaca, Mor., 62490, México",IIE,2009,Mexico
1873,Transformer Diagnosis Using Probabilistic Vibration Models,2009_008_0007.png,Probabilistic & Statistical Reasoning,Roberto Liñan,Instituto de Investigaciones Eléctricas,,"Cuernavaca, Mor., México","Instituto de Investigaciones Eléctricas Av. Reforma 113, Palmira Cuernavaca, Mor., 62490, México",IIE,2009,Mexico
1874,Transformer Diagnosis Using Probabilistic Vibration Models,2009_008_0007.png,Probabilistic & Statistical Reasoning,Enrique Betancourt,Prolec-General Electric,,"Apodaca, N.L., México","Prolec-General Electric Blvd. Carlos Salinas de Gortari Km. 9.25, Apodaca, N.L. 66600 México",~PE,2009,Mexico
1875,"Intelligent Aircraft Damage Assessment, Trajectory Planning, and Decision-Making under Uncertainty",2009_008_0008.png,Probabilistic & Statistical Reasoning,Israel Lopez,"University of California, Davis",Mechanical and Aerospace Engineering Department,"Davis, CA, U.S.A.","Mechanical and Aerospace Engineering Department, University of California, Davis Davis, CA, 95616, U.S.A.",~UCD,2009,United States
1876,"Intelligent Aircraft Damage Assessment, Trajectory Planning, and Decision-Making under Uncertainty",2009_008_0008.png,Probabilistic & Statistical Reasoning,Nesrin Sarigul-Klijn,"University of California, Davis",Mechanical and Aerospace Engineering Department,"Davis, CA, U.S.A.","Mechanical and Aerospace Engineering Department, University of California, Davis Davis, CA, 95616, U.S.A.",~UCD,2009,United States
1877,A Scrabble Heuristic Based on Probability That Performs at Championship Level,2009_008_0009.png,Heuristic Search & Optimization,Arturo Ramírez,Centro de Investigación en Matemáticas A.C.,CIMAT,,Centro de Investigación en Matemáticas A.C. ( CIMAT ),~CIEMA,2009,
1878,A Scrabble Heuristic Based on Probability That Performs at Championship Level,2009_008_0009.png,Heuristic Search & Optimization,Francisco González Acuña,Centro de Investigación en Matemáticas A.C.,CIMAT | Instituto de Matemáticas,,"Centro de Investigación en Matemáticas A.C. ( CIMAT ) | Instituto de Matemáticas, UNAM",~CIEMA,2009,
1879,A Scrabble Heuristic Based on Probability That Performs at Championship Level,2009_008_0009.png,Heuristic Search & Optimization,Francisco González Acuña,Universidad Nacional Autónoma de México,CIMAT | Instituto de Matemáticas,,"Centro de Investigación en Matemáticas A.C. ( CIMAT ) | Instituto de Matemáticas, UNAM",UNAM,2009,Mexico
1880,A Scrabble Heuristic Based on Probability That Performs at Championship Level,2009_008_0009.png,Heuristic Search & Optimization,Alejandro González Romero,Universitat Politècnica de Catalunya,Dept. LSI,,"Dept. LSI, Universitat Politècnica de Catalunya ( UPC )",~UPC,2009,Spain
1881,A Scrabble Heuristic Based on Probability That Performs at Championship Level,2009_008_0009.png,Heuristic Search & Optimization,René Alquézar,Universitat Politècnica de Catalunya,Dept. LSI,,"Dept. LSI, Universitat Politècnica de Catalunya ( UPC )",~UPC,2009,Spain
1882,A Scrabble Heuristic Based on Probability That Performs at Championship Level,2009_008_0009.png,Heuristic Search & Optimization,Enric Hernández,Universitat Politècnica de Catalunya,Dept. LSI,,"Dept. LSI, Universitat Politècnica de Catalunya ( UPC )",~UPC,2009,Spain
1883,A Scrabble Heuristic Based on Probability That Performs at Championship Level,2009_008_0009.png,Heuristic Search & Optimization,Amador Roldán Aguilar,Centro de Investigación y Estudios Avanzados,CINVESTAV,,"Centro de Investigación y Estudios Avanzados ( CINVESTAV ), IPN",~CIYEA,2009,
1884,A Scrabble Heuristic Based on Probability That Performs at Championship Level,2009_008_0009.png,Heuristic Search & Optimization,Ian García Olmedo,Universidad Nacional Autónoma de México,,,Universidad Nacional Autónoma de México,UNAM,2009,Mexico
1885,From Semantic Roles to Temporal Information Representation*,2009_008_0010.png,Natural Language Processing (NLP),Hector Llorens,University of Alicante,Natural Language Processing Research Group,"Alicante, Spain","Natural Language Processing Research Group
University of Alicante, Spain",*UA,2009,Spain
1886,From Semantic Roles to Temporal Information Representation*,2009_008_0010.png,Natural Language Processing (NLP),Borja Navarro,University of Alicante,Natural Language Processing Research Group,"Alicante, Spain","Natural Language Processing Research Group
University of Alicante, Spain",*UA,2009,Spain
1887,From Semantic Roles to Temporal Information Representation*,2009_008_0010.png,Natural Language Processing (NLP),Estela Saquete,University of Alicante,Natural Language Processing Research Group,"Alicante, Spain","Natural Language Processing Research Group
University of Alicante, Spain",*UA,2009,Spain
1888,Dependency Language Modeling Using KNN and PLSI*,2009_008_0011.png,Natural Language Processing (NLP),Hiram Calvo,National Polytechnic Institute,Center for Computing Research,"DF, Mexico","Center for Computing Research, National Polytechnic Institute, DF, 07738, Mexico | Nara Institute of Science and Technology, Takayama, Ikoma, Nara 630-0192, Japan",IPN,2009,Mexico
1889,Dependency Language Modeling Using KNN and PLSI*,2009_008_0011.png,Natural Language Processing (NLP),Kentaro Inui,Nara Institute of Science and Technology,,"Takayama, Ikoma, Nara, Japan","Nara Institute of Science and Technology, Takayama, Ikoma, Nara 630-0192, Japan",~NIST,2009,Japan
1890,Dependency Language Modeling Using KNN and PLSI*,2009_008_0011.png,Natural Language Processing (NLP),Yuji Matsumoto,Nara Institute of Science and Technology,,"Takayama, Ikoma, Nara, Japan","Nara Institute of Science and Technology, Takayama, Ikoma, Nara 630-0192, Japan",~NIST,2009,Japan
1891,Supervised Recognition of Age-Related Spanish Temporal Phrases*,2009_008_0012.png,Natural Language Processing (NLP),Sofia N. Galicia-Haro,Universidad Nacional Autónoma de México,Facultad de Ciencias,"Mexico, D. F.","Facultad de Ciencias Universidad Nacional Autónoma de México, Mexico, D. F.",UNAM,2009,Mexico
1892,Supervised Recognition of Age-Related Spanish Temporal Phrases*,2009_008_0012.png,Natural Language Processing (NLP),Alexander F. Gelbukh,Instituto Politécnico Nacional,Centro de Investigación en Computación,"Mexico, D. F.","Centro de Investigación en Computación Instituto Politécnico Nacional, Mexico, D. F.",IPN,2009,Mexico
1893,Using Nearest Neighbor Information to Improve Cross-Language Text Classification,2009_008_0013.png,Natural Language Processing (NLP),Adelina Escobar-Acevedo,"National Institute of Astrophysics, Optics and Electronics (INAOE)","Laboratory of Language Technologies, Department of Computational Sciences",Mexico,"Laboratory of Language Technologies, Department of Computational Sciences, National Institute of Astrophysics, Optics and Electronics (INAOE), Mexico",~NIAOE(,2009,Mexico
1894,Using Nearest Neighbor Information to Improve Cross-Language Text Classification,2009_008_0013.png,Natural Language Processing (NLP),Manuel Montes-y-Gómez,"National Institute of Astrophysics, Optics and Electronics (INAOE)","Laboratory of Language Technologies, Department of Computational Sciences",Mexico,"Laboratory of Language Technologies, Department of Computational Sciences, National Institute of Astrophysics, Optics and Electronics (INAOE), Mexico",~NIAOE(,2009,Mexico
1895,Using Nearest Neighbor Information to Improve Cross-Language Text Classification,2009_008_0013.png,Natural Language Processing (NLP),Luis Villaseñor-Pineda,"National Institute of Astrophysics, Optics and Electronics (INAOE)","Laboratory of Language Technologies, Department of Computational Sciences",Mexico,"Laboratory of Language Technologies, Department of Computational Sciences, National Institute of Astrophysics, Optics and Electronics (INAOE), Mexico",~NIAOE(,2009,Mexico
1896,Ranking Refinement via Relevance Feedback in Geographic Information Retrieval,2009_008_0014.png,Natural Language Processing (NLP),Esaú Villatoro-Tello,"National Institute of Astrophysics, Optics and Electronics (INAOE)","Laboratory of Language Technologies, Department of Computational Sciences",Mexico,"Laboratory of Language Technologies, Department of Computational Sciences, National Institute of Astrophysics, Optics and Electronics (INAOE), Mexico",~NIAOE(,2009,Mexico
1897,Ranking Refinement via Relevance Feedback in Geographic Information Retrieval,2009_008_0014.png,Natural Language Processing (NLP),Luis Villaseñor-Pineda,"National Institute of Astrophysics, Optics and Electronics (INAOE)","Laboratory of Language Technologies, Department of Computational Sciences",Mexico,"Laboratory of Language Technologies, Department of Computational Sciences, National Institute of Astrophysics, Optics and Electronics (INAOE), Mexico",~NIAOE(,2009,Mexico
1898,Ranking Refinement via Relevance Feedback in Geographic Information Retrieval,2009_008_0014.png,Natural Language Processing (NLP),Manuel Montes-y-Gómez,"National Institute of Astrophysics, Optics and Electronics (INAOE)","Laboratory of Language Technologies, Department of Computational Sciences",Mexico,"Laboratory of Language Technologies, Department of Computational Sciences, National Institute of Astrophysics, Optics and Electronics (INAOE), Mexico",~NIAOE(,2009,Mexico
1899,A Complex Networks Approach to Demographic Zonification,2009_008_0015.png,Heuristic Search & Optimization,Alberto Ochoa,"Institute of Cybernetics, Mathematics and Physics",,,"Institute of Cybernetics, Mathematics and Physics",~ICMP,2009,
1900,A Complex Networks Approach to Demographic Zonification,2009_008_0015.png,Heuristic Search & Optimization,Beatriz Loranca,BUAP,School of Computer Sciences | System Department,,"BUAP School of Computer Sciences. UNAM, System Department",BUAP,2009,
1901,A Complex Networks Approach to Demographic Zonification,2009_008_0015.png,Heuristic Search & Optimization,Beatriz Loranca,UNAM,School of Computer Sciences | System Department,,"BUAP School of Computer Sciences. UNAM, System Department",UNAM,2009,Mexico
1902,A Complex Networks Approach to Demographic Zonification,2009_008_0015.png,Heuristic Search & Optimization,Omar Ochoa,"Institute of Cybernetics, Mathematics and Physics",,,"Institute of Cybernetics, Mathematics and Physics",~ICMP,2009,
1903,Multiscale Functional Autoregressive Model for Monthly Sardines Catches Forecasting,2009_008_0016.png,Probabilistic & Statistical Reasoning,Nibaldo Rodriguez,Pontificia Universidad Católica de Valparaíso,,"Valparaíso, Chile","Pontificia Universidad Católica de Valparaíso, Chile",~PUCV,2009,Chile
1904,Multiscale Functional Autoregressive Model for Monthly Sardines Catches Forecasting,2009_008_0016.png,Probabilistic & Statistical Reasoning,Orlando Duran,Pontificia Universidad Católica de Valparaíso,,"Valparaíso, Chile","Pontificia Universidad Católica de Valparaíso, Chile",~PUCV,2009,Chile
1905,Multiscale Functional Autoregressive Model for Monthly Sardines Catches Forecasting,2009_008_0016.png,Probabilistic & Statistical Reasoning,Broderick Crawford,Pontificia Universidad Católica de Valparaíso,,"Valparaíso, Chile","Pontificia Universidad Católica de Valparaíso, Chile",~PUCV,2009,Chile
1906,Discretization of Time Series Dataset with a Genetic Search,2009_008_0017.png,Bio-inspired & Evolutionary Computing,Daniel-Alejandro García-López,Universidad del Istmo,Ingeniería en Computación,"Sto. Domingo Tehuantepec, Oax., México","Universidad del Istmo, Ingeniería en Computación, Ciudad Universitaria S/N, Barrio Santa Cruz, 4a. Sección Sto. Domingo Tehuantepec, Oax., México C.P. 70760",~UI,2009,Mexico
1907,Discretization of Time Series Dataset with a Genetic Search,2009_008_0017.png,Bio-inspired & Evolutionary Computing,Héctor-Gabriel Acosta-Mesa,Universidad Veracruzana,Departamento de Inteligencia Artificial,"Xalapa, Ver., México","Universidad Veracruzana, Departamento de Inteligencia Artificial, Sebastián Camacho #5 Col. Centro Xalapa, Ver., México C.P. 91000",UV,2009,Mexico
1908,Mining Social Networks on the Mexican Computer Science Community*,2009_008_0018.png,Data Mining & Knowledge Discovery,Huberto Ayanegui-Santiago,Universidad Autónoma de Tlaxcala,"Facultad de Ciencias Básicas, Ingeniería y Tecnología","Apizaco, Tlaxcala, México","Facultad de Ciencias Básicas, Ingeniería y Tecnología Universidad Autónoma de Tlaxcala Calzada Apizaquito S/N, Apizaco, Tlaxcala, México",~UAT,2009,Mexico
1909,Mining Social Networks on the Mexican Computer Science Community*,2009_008_0018.png,Data Mining & Knowledge Discovery,Orion F. Reyes-Galaviz,Universidad Autónoma de Tlaxcala,"Facultad de Ciencias Básicas, Ingeniería y Tecnología","Apizaco, Tlaxcala, México","Facultad de Ciencias Básicas, Ingeniería y Tecnología Universidad Autónoma de Tlaxcala Calzada Apizaquito S/N, Apizaco, Tlaxcala, México",~UAT,2009,Mexico
1910,Mining Social Networks on the Mexican Computer Science Community*,2009_008_0018.png,Data Mining & Knowledge Discovery,Alberto Chávez-Aragón,Universidad Autónoma de Tlaxcala,"Facultad de Ciencias Básicas, Ingeniería y Tecnología","Apizaco, Tlaxcala, México","Facultad de Ciencias Básicas, Ingeniería y Tecnología Universidad Autónoma de Tlaxcala Calzada Apizaquito S/N, Apizaco, Tlaxcala, México",~UAT,2009,Mexico
1911,Mining Social Networks on the Mexican Computer Science Community*,2009_008_0018.png,Data Mining & Knowledge Discovery,Federico Ramírez-Cruz,Universidad Autónoma de Tlaxcala,"Facultad de Ciencias Básicas, Ingeniería y Tecnología | ","Apizaco, Tlaxcala, México | ","Facultad de Ciencias Básicas, Ingeniería y Tecnología Universidad Autónoma de Tlaxcala Calzada Apizaquito S/N, Apizaco, Tlaxcala, México | Instituto Tecnológico de Apizaco",~UAT,2009,
1912,Mining Social Networks on the Mexican Computer Science Community*,2009_008_0018.png,Data Mining & Knowledge Discovery,Federico Ramírez-Cruz,Instituto Tecnológico de Apizaco,"Facultad de Ciencias Básicas, Ingeniería y Tecnología | ","Apizaco, Tlaxcala, México | ","Facultad de Ciencias Básicas, Ingeniería y Tecnología Universidad Autónoma de Tlaxcala Calzada Apizaquito S/N, Apizaco, Tlaxcala, México | Instituto Tecnológico de Apizaco",ITA,2009,
1913,Mining Social Networks on the Mexican Computer Science Community*,2009_008_0018.png,Data Mining & Knowledge Discovery,Alberto Portilla,Universidad Autónoma de Tlaxcala,"Facultad de Ciencias Básicas, Ingeniería y Tecnología | | | ","Apizaco, Tlaxcala, México | | | ","Facultad de Ciencias Básicas, Ingeniería y Tecnología Universidad Autónoma de Tlaxcala Calzada Apizaquito S/N, Apizaco, Tlaxcala, México | Laboratory of Informatics of Grenoble | CNRS, Grenoble Institute of Technology, University Joseph Fourier | Fundación Universidad de las Américas, Puebla",~UAT,2009,
1914,Mining Social Networks on the Mexican Computer Science Community*,2009_008_0018.png,Data Mining & Knowledge Discovery,Alberto Portilla,Laboratory of Informatics of Grenoble,"Facultad de Ciencias Básicas, Ingeniería y Tecnología | | | ","Apizaco, Tlaxcala, México | | | ","Facultad de Ciencias Básicas, Ingeniería y Tecnología Universidad Autónoma de Tlaxcala Calzada Apizaquito S/N, Apizaco, Tlaxcala, México | Laboratory of Informatics of Grenoble | CNRS, Grenoble Institute of Technology, University Joseph Fourier | Fundación Universidad de las Américas, Puebla",~LIG,2009,
1915,Mining Social Networks on the Mexican Computer Science Community*,2009_008_0018.png,Data Mining & Knowledge Discovery,Alberto Portilla,"CNRS, Grenoble Institute of Technology, University Joseph Fourier","Facultad de Ciencias Básicas, Ingeniería y Tecnología | | | ","Apizaco, Tlaxcala, México | | | ","Facultad de Ciencias Básicas, Ingeniería y Tecnología Universidad Autónoma de Tlaxcala Calzada Apizaquito S/N, Apizaco, Tlaxcala, México | Laboratory of Informatics of Grenoble | CNRS, Grenoble Institute of Technology, University Joseph Fourier | Fundación Universidad de las Américas, Puebla",~CGITUJF,2009,
1916,Mining Social Networks on the Mexican Computer Science Community*,2009_008_0018.png,Data Mining & Knowledge Discovery,Alberto Portilla,"Fundación Universidad de las Américas, Puebla","Facultad de Ciencias Básicas, Ingeniería y Tecnología | | | ","Apizaco, Tlaxcala, México | | | ","Facultad de Ciencias Básicas, Ingeniería y Tecnología Universidad Autónoma de Tlaxcala Calzada Apizaquito S/N, Apizaco, Tlaxcala, México | Laboratory of Informatics of Grenoble | CNRS, Grenoble Institute of Technology, University Joseph Fourier | Fundación Universidad de las Américas, Puebla",~FUAP,2009,
1917,Mining Social Networks on the Mexican Computer Science Community*,2009_008_0018.png,Data Mining & Knowledge Discovery,Luciano García-Bañuelos,Universidad Autónoma de Tlaxcala,"Facultad de Ciencias Básicas, Ingeniería y Tecnología","Apizaco, Tlaxcala, México","Facultad de Ciencias Básicas, Ingeniería y Tecnología Universidad Autónoma de Tlaxcala Calzada Apizaquito S/N, Apizaco, Tlaxcala, México",~UAT,2009,Mexico
1918,Probabilistic Graphical Markov Model Learning: An Adaptive Strategy,2009_008_0019.png,Probabilistic & Statistical Reasoning,Elva Diaz,Autonomous University of Aguascalientes,Computer Science Department,"Aguascalientes, Mexico","Computer Science Department, Autonomous University of Aguascalientes, Ave. Universidad 940, C.P. 20100 Aguascalientes, Mexico",~AUA,2009,Mexico
1919,Probabilistic Graphical Markov Model Learning: An Adaptive Strategy,2009_008_0019.png,Probabilistic & Statistical Reasoning,Eunice Ponce-de-Leon,Autonomous University of Aguascalientes,Computer Science Department,"Aguascalientes, Mexico","Computer Science Department, Autonomous University of Aguascalientes, Ave. Universidad 940, C.P. 20100 Aguascalientes, Mexico",~AUA,2009,Mexico
1920,Probabilistic Graphical Markov Model Learning: An Adaptive Strategy,2009_008_0019.png,Probabilistic & Statistical Reasoning,Pedro Larrañaga,Polytechnic University of Madrid,Department of Artificial Intelligence,"Boadilla del Monte, Madrid, Spain","Department of Artificial Intelligence
Polytechnic University of Madrid 28660 Boadilla del Monte, Madrid, Spain",~PUM,2009,Spain
1921,Probabilistic Graphical Markov Model Learning: An Adaptive Strategy,2009_008_0019.png,Probabilistic & Statistical Reasoning,Concha Bielza,Polytechnic University of Madrid,Department of Artificial Intelligence,"Boadilla del Monte, Madrid, Spain","Department of Artificial Intelligence
Polytechnic University of Madrid 28660 Boadilla del Monte, Madrid, Spain",~PUM,2009,Spain
1922,Support Vector Optimization through Hybrids: Heuristics and Math Approach,2009_008_0020.png,Supervised Machine Learning,Ariel García Gamboa,Tecnológico de Monterrey,"Intelligent Systems Research Group, Campus Estado de México","Atizapán de Zaragoza, Estado de México, Mexico","Intelligent Systems Research Group Tecnológico de Monterrey, Campus Estado de México Km 3.5 Carretera Lago de Guadalupe Col. Margarita Maza de Jurez Atizapán de Zaragoza, Estado de México, Mexico, 52926",ITESM,2009,Mexico
1923,Support Vector Optimization through Hybrids: Heuristics and Math Approach,2009_008_0020.png,Supervised Machine Learning,Neil Hernández Gress,Tecnológico de Monterrey,"Intelligent Systems Research Group, Campus Estado de México","Atizapán de Zaragoza, Estado de México, Mexico","Intelligent Systems Research Group Tecnológico de Monterrey, Campus Estado de México Km 3.5 Carretera Lago de Guadalupe Col. Margarita Maza de Jurez Atizapán de Zaragoza, Estado de México, Mexico, 52926",ITESM,2009,Mexico
1924,Support Vector Optimization through Hybrids: Heuristics and Math Approach,2009_008_0020.png,Supervised Machine Learning,Miguel González Mendoza,Tecnológico de Monterrey,"Intelligent Systems Research Group, Campus Estado de México","Atizapán de Zaragoza, Estado de México, Mexico","Intelligent Systems Research Group Tecnológico de Monterrey, Campus Estado de México Km 3.5 Carretera Lago de Guadalupe Col. Margarita Maza de Jurez Atizapán de Zaragoza, Estado de México, Mexico, 52926",ITESM,2009,Mexico
1925,Support Vector Optimization through Hybrids: Heuristics and Math Approach,2009_008_0020.png,Supervised Machine Learning,Jaime Mora Vargas,Tecnológico de Monterrey,"Intelligent Systems Research Group, Campus Estado de México","Atizapán de Zaragoza, Estado de México, Mexico","Intelligent Systems Research Group Tecnológico de Monterrey, Campus Estado de México Km 3.5 Carretera Lago de Guadalupe Col. Margarita Maza de Jurez Atizapán de Zaragoza, Estado de México, Mexico, 52926",ITESM,2009,Mexico
1926,On-Line Signature Verification Based on Genetic Optimization and Neural-Network-Driven Fuzzy Reasoning,2009_008_0021.png,Hybrid AI & Expert Systems,Julio Cesar Martínez-Romo,Institute of Technology of Aguascalientes,Department of Electrical Engineering,"Aguascalientes, Ags. México","Institute of Technology of Aguascalientes, Department of Electrical Engineering, Av. A. López Mateos 1801 Ote. Col. Bona Gens, 20256 Aguascalientes, Ags. México",~ITA,2009,
1927,On-Line Signature Verification Based on Genetic Optimization and Neural-Network-Driven Fuzzy Reasoning,2009_008_0021.png,Hybrid AI & Expert Systems,Francisco Javier Luna-Rosas,Institute of Technology of Aguascalientes,Department of Electrical Engineering,"Aguascalientes, Ags. México","Institute of Technology of Aguascalientes, Department of Electrical Engineering, Av. A. López Mateos 1801 Ote. Col. Bona Gens, 20256 Aguascalientes, Ags. México",~ITA,2009,
1928,On-Line Signature Verification Based on Genetic Optimization and Neural-Network-Driven Fuzzy Reasoning,2009_008_0021.png,Hybrid AI & Expert Systems,Miguel Mora-González,University of Guadalajara,Universitary Center of Los Lagos,"Lagos de Moreno, Jal. México","University of Guadalajara, Universitary Center of Los Lagos, Av. Enrique Díaz de León 1144, Col. Paseos de la Montaña, 47460 Lagos de Moreno, Jal. México",~UG,2009,Mexico
1929,Diagnosis of Cervical Cancer Using the Median M-Type Radial Basis Function (MMRBF) Neural Network,2009_008_0022.png,Neural Networks & Deep Learning,Margarita E. Gómez-Mayorga,National Polytechnic Institute of Mexico,Interdisciplinary Professional Unit of Engineering and Advanced Technology,Mexico,"National Polytechnic Institute of Mexico, Interdisciplinary Professional Unit of Engineering and Advanced Technology",~NPIM,2009,Mexico
1930,Diagnosis of Cervical Cancer Using the Median M-Type Radial Basis Function (MMRBF) Neural Network,2009_008_0022.png,Neural Networks & Deep Learning,Francisco J. Gallegos-Funes,Mechanical and Electrical Engineering Higher School,SEPI-ESIME,"Col. Lindavista, 07738, Mexico, D. F., Mexico","Mechanical and Electrical Engineering Higher School Av. IPN s/n, U.P.A.L.M. SEPI-ESIME, Edif. Z, Acceso 3, Tercer Piso, Col. Lindavista, 07738, Mexico, D. F., Mexico",~MEEHS,2009,Mexico
1931,Diagnosis of Cervical Cancer Using the Median M-Type Radial Basis Function (MMRBF) Neural Network,2009_008_0022.png,Neural Networks & Deep Learning,José M. De-la-Rosa-Vázquez,Mechanical and Electrical Engineering Higher School,SEPI-ESIME,"Col. Lindavista, 07738, Mexico, D. F., Mexico","Mechanical and Electrical Engineering Higher School Av. IPN s/n, U.P.A.L.M. SEPI-ESIME, Edif. Z, Acceso 3, Tercer Piso, Col. Lindavista, 07738, Mexico, D. F., Mexico",~MEEHS,2009,Mexico
1932,Diagnosis of Cervical Cancer Using the Median M-Type Radial Basis Function (MMRBF) Neural Network,2009_008_0022.png,Neural Networks & Deep Learning,Rene Cruz-Santiago,Mechanical and Electrical Engineering Higher School,SEPI-ESIME,"Col. Lindavista, 07738, Mexico, D. F., Mexico","Mechanical and Electrical Engineering Higher School Av. IPN s/n, U.P.A.L.M. SEPI-ESIME, Edif. Z, Acceso 3, Tercer Piso, Col. Lindavista, 07738, Mexico, D. F., Mexico",~MEEHS,2009,Mexico
1933,Diagnosis of Cervical Cancer Using the Median M-Type Radial Basis Function (MMRBF) Neural Network,2009_008_0022.png,Neural Networks & Deep Learning,Volodymyr Ponomaryov,Mechanical and Electrical Engineering Higher School,SEPI-ESIME,"Col. Lindavista, 07738, Mexico, D. F., Mexico","Mechanical and Electrical Engineering Higher School Av. IPN s/n, U.P.A.L.M. SEPI-ESIME, Edif. Z, Acceso 3, Tercer Piso, Col. Lindavista, 07738, Mexico, D. F., Mexico",~MEEHS,2009,Mexico
1934,"Quasi-invariant Illumination Recognition for Appearance-Based Models, Taking Advantage of Manifold Information and Non-uniform Sampling",2009_008_0023.png,Computer Vision,Diego González,Benemérita Universidad Autónoma de Puebla,FCC,"Puebla, Pue., México","Benemérita Universidad Autónoma de Publa-FCC, Boulevard 14 sur y Avenida San Claudio, Ciudad Universitaria, Col. San Manuel, Puebla, Pue., 72570, México",~BUAP,2009,Mexico
1935,"Quasi-invariant Illumination Recognition for Appearance-Based Models, Taking Advantage of Manifold Information and Non-uniform Sampling",2009_008_0023.png,Computer Vision,Luis Carlos Altamirano,Benemérita Universidad Autónoma de Puebla,FCC,"Puebla, Pue., México","Benemérita Universidad Autónoma de Publa-FCC, Boulevard 14 sur y Avenida San Claudio, Ciudad Universitaria, Col. San Manuel, Puebla, Pue., 72570, México",~BUAP,2009,Mexico
1936,"Automatic Camera Localization, Reconstruction and Segmentation of Multi-planar Scenes Using Two Views",2009_008_0024.png,Computer Vision,Mario Santés,Centro de Investigación en Matemáticas,CIMAT,,Centro de Investigación en Matemáticas (CIMAT),~CIEM,2009,Mexico
1937,"Automatic Camera Localization, Reconstruction and Segmentation of Multi-planar Scenes Using Two Views",2009_008_0024.png,Computer Vision,Javier Flavio Vigueras,Centro de Investigación en Matemáticas,CIMAT,,Centro de Investigación en Matemáticas (CIMAT),~CIEM,2009,Mexico
1938,The Nonsubsampled Contourlet Transform for Enhancement of Microcalcifications in Digital Mammograms,2009_008_0025.png,Computer Vision,Jose Manuel Mejía Muñoz,Universidad Autónoma de Ciudad Juárez,Departamento de Ingeniería Eléctrica y Computación,"Ciudad Juárez, Chihuahua, México","Universidad Autónoma de Ciudad Juárez (UACJ) Departamento de Ingeniería Eléctrica y Computación Avenida del Charro No. 450 Norte, Ciudad Juárez, Chihuahua, México",~UACJ,2009,Mexico
1939,The Nonsubsampled Contourlet Transform for Enhancement of Microcalcifications in Digital Mammograms,2009_008_0025.png,Computer Vision,Humberto de J. Ochoa Domínguez,Universidad Autónoma de Ciudad Juárez,Departamento de Ingeniería Eléctrica y Computación,"Ciudad Juárez, Chihuahua, México","Universidad Autónoma de Ciudad Juárez (UACJ) Departamento de Ingeniería Eléctrica y Computación Avenida del Charro No. 450 Norte, Ciudad Juárez, Chihuahua, México",~UACJ,2009,Mexico
1940,The Nonsubsampled Contourlet Transform for Enhancement of Microcalcifications in Digital Mammograms,2009_008_0025.png,Computer Vision,Osslan Osiris Vergara Villegas,Universidad Autónoma de Ciudad Juárez,Departamento de Ingeniería Industrial y Manufactura,"Ciudad Juárez, Chihuahua, México","Universidad Autónoma de Ciudad Juárez (UACJ) Departamento de Ingeniería Industrial y Manufactura Avenida del Charro No. 450 Norte, Ciudad Juárez, Chihuahua, México",~UACJ,2009,Mexico
1941,The Nonsubsampled Contourlet Transform for Enhancement of Microcalcifications in Digital Mammograms,2009_008_0025.png,Computer Vision,Vianey Guadalupe Cruz Sánchez,Universidad Autónoma de Ciudad Juárez,Departamento de Ingeniería Eléctrica y Computación,"Ciudad Juárez, Chihuahua, México","Universidad Autónoma de Ciudad Juárez (UACJ) Departamento de Ingeniería Eléctrica y Computación Avenida del Charro No. 450 Norte, Ciudad Juárez, Chihuahua, México",~UACJ,2009,Mexico
1942,The Nonsubsampled Contourlet Transform for Enhancement of Microcalcifications in Digital Mammograms,2009_008_0025.png,Computer Vision,Leticia Ortega Maynez,Universidad Autónoma de Ciudad Juárez,Departamento de Ingeniería Eléctrica y Computación,"Ciudad Juárez, Chihuahua, México","Universidad Autónoma de Ciudad Juárez (UACJ) Departamento de Ingeniería Eléctrica y Computación Avenida del Charro No. 450 Norte, Ciudad Juárez, Chihuahua, México",~UACJ,2009,Mexico
1943,Denoising Intra-voxel Axon Fiber Orientations by Means of ECQMMF Method,2009_008_0026.png,Computer Vision,Alonso Ramirez-Manzanares,Universidad de Guanajuato,Facultad de Matematicas,"Guanajuato, Gto. Mexico","Universidad de Guanajuato, Facultad de Matematicas, Valenciana, Guanajuato, Gto. Mexico. C.P. 36000",UG,2009,
1944,Denoising Intra-voxel Axon Fiber Orientations by Means of ECQMMF Method,2009_008_0026.png,Computer Vision,Mariano Rivera,CIMAT A.C.,,"Guanajuato, Gto. Mexico","CIMAT A.C., Callejon Jalisco S/N, Valenciana, Guanajuato, Gto. Mexico. C.P. 36000",CIMAT A.C.,2009,
1945,Denoising Intra-voxel Axon Fiber Orientations by Means of ECQMMF Method,2009_008_0026.png,Computer Vision,James C. Gee,University of Pennsylvania,"PICSL, Department of Radiology","Philadelphia, PA, USA","University of Pennsylvania, PICSL, Department of Radiology 3600 Market Street, Suite 370, PA 19104, USA",~UP,2009,United States
1946,A Profilometric Approach for 3D Reconstruction Using Fourier and Wavelet Transforms,2009_008_0027.png,Computer Vision,Jesus Carlos Pedraza-Ortega,Universidad Autonoma de Queretaro,CIDIT-Facultad de Informatica,"Juriquilla, Queretaro, Mexico","CIDIT-Facultad de Informatica, Universidad Autonoma de Queretaro, Av. De las Ciencias S/N, Juriquilla C.P. 76230, Queretaro, Mexico",~UAQ,2009,Mexico
1947,A Profilometric Approach for 3D Reconstruction Using Fourier and Wavelet Transforms,2009_008_0027.png,Computer Vision,Efren Gorrostieta-Hurtado,Universidad Autonoma de Queretaro,CIDIT-Facultad de Informatica,"Juriquilla, Queretaro, Mexico","CIDIT-Facultad de Informatica, Universidad Autonoma de Queretaro, Av. De las Ciencias S/N, Juriquilla C.P. 76230, Queretaro, Mexico",~UAQ,2009,Mexico
1948,A Profilometric Approach for 3D Reconstruction Using Fourier and Wavelet Transforms,2009_008_0027.png,Computer Vision,Juan Manuel Ramos-Arreguin,Universidad Autonoma de Queretaro,CIDIT-Facultad de Informatica,"Juriquilla, Queretaro, Mexico","CIDIT-Facultad de Informatica, Universidad Autonoma de Queretaro, Av. De las Ciencias S/N, Juriquilla C.P. 76230, Queretaro, Mexico",~UAQ,2009,Mexico
1949,A Profilometric Approach for 3D Reconstruction Using Fourier and Wavelet Transforms,2009_008_0027.png,Computer Vision,Sandra Luz Canchola-Magdaleno,Universidad Autonoma de Queretaro,CIDIT-Facultad de Informatica,"Juriquilla, Queretaro, Mexico","CIDIT-Facultad de Informatica, Universidad Autonoma de Queretaro, Av. De las Ciencias S/N, Juriquilla C.P. 76230, Queretaro, Mexico",~UAQ,2009,Mexico
1950,A Profilometric Approach for 3D Reconstruction Using Fourier and Wavelet Transforms,2009_008_0027.png,Computer Vision,Marco Antonio Aceves-Fernandez,Universidad Autonoma de Queretaro,CIDIT-Facultad de Informatica,"Juriquilla, Queretaro, Mexico","CIDIT-Facultad de Informatica, Universidad Autonoma de Queretaro, Av. De las Ciencias S/N, Juriquilla C.P. 76230, Queretaro, Mexico",~UAQ,2009,Mexico
1951,A Profilometric Approach for 3D Reconstruction Using Fourier and Wavelet Transforms,2009_008_0027.png,Computer Vision,Manuel Delgado-Rosas,Universidad Autonoma de Queretaro,CIDIT-Facultad de Informatica,"Juriquilla, Queretaro, Mexico","CIDIT-Facultad de Informatica, Universidad Autonoma de Queretaro, Av. De las Ciencias S/N, Juriquilla C.P. 76230, Queretaro, Mexico",~UAQ,2009,Mexico
1952,A Profilometric Approach for 3D Reconstruction Using Fourier and Wavelet Transforms,2009_008_0027.png,Computer Vision,Ruth Angelica Rico-Hernandez,Universidad Autonoma de Queretaro,CIDIT-Facultad de Informatica,"Juriquilla, Queretaro, Mexico","CIDIT-Facultad de Informatica, Universidad Autonoma de Queretaro, Av. De las Ciencias S/N, Juriquilla C.P. 76230, Queretaro, Mexico",~UAQ,2009,Mexico
1953,Vector Quantization Algorithm Based on Associative Memories,2009_008_0028.png,Computer Vision,Enrique Guzmán,Universidad Tecnológica de la Mixteca,,,Universidad Tecnológica de la Mixteca,~UTM,2009,Mexico
1954,Vector Quantization Algorithm Based on Associative Memories,2009_008_0028.png,Computer Vision,Oleksiy Pogrebnyak,Instituto Politécnico Nacional,Centro de Investigación en Computación,,Centro de Investigación en Computación del Instituto Politécnico Nacional,IPN,2009,Mexico
1955,Vector Quantization Algorithm Based on Associative Memories,2009_008_0028.png,Computer Vision,Cornelio Yáñez,Instituto Politécnico Nacional,Centro de Investigación en Computación,,Centro de Investigación en Computación del Instituto Politécnico Nacional,IPN,2009,Mexico
1956,Vector Quantization Algorithm Based on Associative Memories,2009_008_0028.png,Computer Vision,Pablo Manrique,Instituto Politécnico Nacional,Centro de Investigación en Computación,,Centro de Investigación en Computación del Instituto Politécnico Nacional,IPN,2009,Mexico
1957,A Two-Stage Relational Reinforcement Learning with Continuous Actions for Real Service Robots,2009_008_0029.png,Reinforcement Learning,Julio H. Zaragoza,"National Institute of Astrophysics, Optics and Electronics",Computer Science Department,"Tonantzintla, México","National Institute of Astrophysics, Optics and Electronics, Computer Science Department, Luis Enrique Erro 1, 72840 Tonantzintla, México",INAOE,2009,Mexico
1958,A Two-Stage Relational Reinforcement Learning with Continuous Actions for Real Service Robots,2009_008_0029.png,Reinforcement Learning,Eduardo F. Morales,"National Institute of Astrophysics, Optics and Electronics",Computer Science Department,"Tonantzintla, México","National Institute of Astrophysics, Optics and Electronics, Computer Science Department, Luis Enrique Erro 1, 72840 Tonantzintla, México",INAOE,2009,Mexico
1959,People Detection by a Mobile Robot Using Stereo Vision in Dynamic Indoor Environments,2009_008_0030.png,Robotics,José Alberto Méndez-Polanco,"National Institue of Astrophysics, Optics and Electronics",,,"National Institue of Astrophysics, Optics and Electronics",~NIAOE,2009,
1960,People Detection by a Mobile Robot Using Stereo Vision in Dynamic Indoor Environments,2009_008_0030.png,Robotics,Angélica Muñoz-Meléndez,"National Institue of Astrophysics, Optics and Electronics",,,"National Institue of Astrophysics, Optics and Electronics",~NIAOE,2009,
1961,People Detection by a Mobile Robot Using Stereo Vision in Dynamic Indoor Environments,2009_008_0030.png,Robotics,Eduardo F. Morales,"National Institue of Astrophysics, Optics and Electronics",,,"National Institue of Astrophysics, Optics and Electronics",~NIAOE,2009,
1962,SAT Encoding and CSP Reduction for Interconnected Alldiff Constraints,2009_008_0031.png,Knowledge Representation & Reasoning,Frederic Lardeux,Université d’Angers,LERIA,France,"LERIA, Université d’Angers, France",~UD,2009,France
1963,SAT Encoding and CSP Reduction for Interconnected Alldiff Constraints,2009_008_0031.png,Knowledge Representation & Reasoning,Eric Monfroy,Universidad Técnica Federico Santa María, | LINA,"Valparaíso, Chile | France","1 Universidad Técnica Federico Santa María, Valparaíso, Chile 2 LINA, Université de Nantes, France",~UTFSM,2009,
1964,SAT Encoding and CSP Reduction for Interconnected Alldiff Constraints,2009_008_0031.png,Knowledge Representation & Reasoning,Eric Monfroy,Université de Nantes, | LINA,"Valparaíso, Chile | France","1 Universidad Técnica Federico Santa María, Valparaíso, Chile 2 LINA, Université de Nantes, France",~UN,2009,
1965,SAT Encoding and CSP Reduction for Interconnected Alldiff Constraints,2009_008_0031.png,Knowledge Representation & Reasoning,Frederic Saubion,Université d’Angers,LERIA,France,"LERIA, Université d’Angers, France",~UD,2009,France
1966,SAT Encoding and CSP Reduction for Interconnected Alldiff Constraints,2009_008_0031.png,Knowledge Representation & Reasoning,Broderick Crawford,Universidad Técnica Federico Santa María, | PUCV,"Valparaíso, Chile | Chile","1 Universidad Técnica Federico Santa María, Valparaíso, Chile 4 Pontificia Universidad Católica de Valparaíso, PUCV, Chile",~UTFSM,2009,
1967,SAT Encoding and CSP Reduction for Interconnected Alldiff Constraints,2009_008_0031.png,Knowledge Representation & Reasoning,Broderick Crawford,Pontificia Universidad Católica de Valparaíso, | PUCV,"Valparaíso, Chile | Chile","1 Universidad Técnica Federico Santa María, Valparaíso, Chile 4 Pontificia Universidad Católica de Valparaíso, PUCV, Chile",~PUCV,2009,Chile
1968,SAT Encoding and CSP Reduction for Interconnected Alldiff Constraints,2009_008_0031.png,Knowledge Representation & Reasoning,Carlos Castro,Universidad Técnica Federico Santa María,,"Valparaíso, Chile","1 Universidad Técnica Federico Santa María, Valparaíso, Chile",~UTFSM,2009,Chile
1969,Phase Transition in the Bandwidth Minimization Problem,2009_008_0032.png,Heuristic Search & Optimization,Nelson Rangel-Valdez,CINVESTAV,Information Technology Laboratory,"Victoria Tamps., Mexico","CINVESTAV-Tamaulipas, Information Technology Laboratory Km. 6 Carretera Victoria-Monterrey, 87276 Victoria Tamps., Mexico",CINVESTAV,2009,Mexico
1970,Phase Transition in the Bandwidth Minimization Problem,2009_008_0032.png,Heuristic Search & Optimization,Jose Torres-Jimenez,CINVESTAV,Information Technology Laboratory,"Victoria Tamps., Mexico","CINVESTAV-Tamaulipas, Information Technology Laboratory Km. 6 Carretera Victoria-Monterrey, 87276 Victoria Tamps., Mexico",CINVESTAV,2009,Mexico
1971,Planning for Conditional Learning Routes,2009_008_0033.png,Heuristic Search & Optimization,Lluvia Morales,University of Granada,Department of Computer Science and Artificial Intelligence,"Granada, Spain","Department of Computer Science and Artificial Intelligence, University of Granada
Daniel Saucedo Aranda s/n 18071 Granada, Spain",*UGR,2009,Spain
1972,Planning for Conditional Learning Routes,2009_008_0033.png,Heuristic Search & Optimization,Luis Castillo,University of Granada,Department of Computer Science and Artificial Intelligence,"Granada, Spain","Department of Computer Science and Artificial Intelligence, University of Granada
Daniel Saucedo Aranda s/n 18071 Granada, Spain",*UGR,2009,Spain
1973,Planning for Conditional Learning Routes,2009_008_0033.png,Heuristic Search & Optimization,Juan Fernández-Olivares,University of Granada,Department of Computer Science and Artificial Intelligence,"Granada, Spain","Department of Computer Science and Artificial Intelligence, University of Granada
Daniel Saucedo Aranda s/n 18071 Granada, Spain",*UGR,2009,Spain
1974,A New Backtracking Algorithm for Constructing Binary Covering Arrays of Variable Strength*,2009_008_0034.png,Heuristic Search & Optimization,Josue Bracho-Rios,Cinvestav,Information Technology Laboratory,"Victoria, Tamps., Mexico","CINVESTAV-Tamaulipas, Information Technology Laboratory Km. 6 Carretera Victoria-Monterrey, 87276 Victoria Tamps., Mexico",Cinvestav,2009,Mexico
1975,A New Backtracking Algorithm for Constructing Binary Covering Arrays of Variable Strength*,2009_008_0034.png,Heuristic Search & Optimization,Jose Torres-Jimenez,Cinvestav,Information Technology Laboratory,"Victoria, Tamps., Mexico","CINVESTAV-Tamaulipas, Information Technology Laboratory Km. 6 Carretera Victoria-Monterrey, 87276 Victoria Tamps., Mexico",Cinvestav,2009,Mexico
1976,A New Backtracking Algorithm for Constructing Binary Covering Arrays of Variable Strength*,2009_008_0034.png,Heuristic Search & Optimization,Eduardo Rodriguez-Tello,Cinvestav,Information Technology Laboratory,"Victoria, Tamps., Mexico","CINVESTAV-Tamaulipas, Information Technology Laboratory Km. 6 Carretera Victoria-Monterrey, 87276 Victoria Tamps., Mexico",Cinvestav,2009,Mexico
1977,"Pipelining Memetic Algorithms, Constraint Satisfaction, and Local Search for Course Timetabling",2009_008_0035.png,Bio-inspired & Evolutionary Computing,Santiago E. Conant-Pablos,Tecnológico de Monterrey,"Centro de Computación Inteligente y Robótica, Campus Monterrey","Monterrey, N.L., Mexico","Tecnológico de Monterrey, Campus Monterrey
Centro de Computación Inteligente y Robótica
Av. Eugenio Garza Sada 2501, Monterrey, N.L. 64849 Mexico",ITESM,2009,Mexico
1978,"Pipelining Memetic Algorithms, Constraint Satisfaction, and Local Search for Course Timetabling",2009_008_0035.png,Bio-inspired & Evolutionary Computing,Dulce J. Magaña-Lozano,Tecnológico de Monterrey,"Centro de Computación Inteligente y Robótica, Campus Monterrey","Monterrey, N.L., Mexico","Tecnológico de Monterrey, Campus Monterrey
Centro de Computación Inteligente y Robótica
Av. Eugenio Garza Sada 2501, Monterrey, N.L. 64849 Mexico",ITESM,2009,Mexico
1979,"Pipelining Memetic Algorithms, Constraint Satisfaction, and Local Search for Course Timetabling",2009_008_0035.png,Bio-inspired & Evolutionary Computing,Hugo Terashima-Marín,Tecnológico de Monterrey,"Centro de Computación Inteligente y Robótica, Campus Monterrey","Monterrey, N.L., Mexico","Tecnológico de Monterrey, Campus Monterrey
Centro de Computación Inteligente y Robótica
Av. Eugenio Garza Sada 2501, Monterrey, N.L. 64849 Mexico",ITESM,2009,Mexico
1980,Fuzzy Relational Compression Applied on Feature Vectors for Infant Cry Recognition*,2009_008_0036.png,Fuzzy Logic & Fuzzy Systems,Orion Fausto Reyes-Galaviz,Universidad Autónoma de Tlaxcala,"Facultad de Ciencias Básicas, Ingeniería y Tecnología","Apizaco, Tlaxcala, México","Universidad Autónoma de Tlaxcala
Facultad de Ciencias Básicas, Ingeniería y Tecnología
Calzada Apizaquito, Km. 1.5 Apizaco, Tlaxcala. México",~UAT,2009,Mexico
1981,Fuzzy Relational Compression Applied on Feature Vectors for Infant Cry Recognition*,2009_008_0036.png,Fuzzy Logic & Fuzzy Systems,Carlos Alberto Reyes-García,"Instituto Nacional de Astrofísica, Óptica y Electrónica",,"Tonantzintla, Puebla, México","Instituto Nacional de Astrofísica, Óptica y Electrónica
Luis Enrique Erro 1, Tonantzintla, Puebla, México",INAOE,2009,Mexico
1982,Parametric Operations for Digital Hardware Implementation of Fuzzy Systems,2009_008_0037.png,Fuzzy Logic & Fuzzy Systems,Antonio Hernández Zavala,Instituto Politécnico Nacional,Unidad Profesional Interdisciplinaria en Ingeniería y Tecnologías Avanzadas,,"Unidad Profesional Interdisciplinaria en Ingeniería y Tecnologías Avanzadas, Instituto Politécnico Nacional",IPN,2009,Mexico
1983,Parametric Operations for Digital Hardware Implementation of Fuzzy Systems,2009_008_0037.png,Fuzzy Logic & Fuzzy Systems,Ildar Z. Batyrshin,Instituto Mexicano del Petróleo,,,Instituto Mexicano del Petróleo,IMP,2009,
1984,Parametric Operations for Digital Hardware Implementation of Fuzzy Systems,2009_008_0037.png,Fuzzy Logic & Fuzzy Systems,Imre J. Rudas,Budapest Tech,,,Budapest Tech,~BT,2009,Hungary
1985,Parametric Operations for Digital Hardware Implementation of Fuzzy Systems,2009_008_0037.png,Fuzzy Logic & Fuzzy Systems,Luís Villa Vargas,Instituto Politécnico Nacional,Centro de Investigaciones en Computación,,"Centro de Investigaciones en Computación, Instituto Politécnico Nacional",IPN,2009,Mexico
1986,Parametric Operations for Digital Hardware Implementation of Fuzzy Systems,2009_008_0037.png,Fuzzy Logic & Fuzzy Systems,Oscar Camacho Nieto,Instituto Politécnico Nacional,Centro de Investigaciones en Computación,,"Centro de Investigaciones en Computación, Instituto Politécnico Nacional",IPN,2009,Mexico
1987,Fuzzy Logic for Combining Particle Swarm Optimization and Genetic Algorithms: Preliminary Results,2009_008_0038.png,Bio-inspired & Evolutionary Computing,Fevrier Valdez,Tijuana Institute of Technology,,"Tijuana, BC, México","Tijuana Institute of Technology, Tijuana BC. México",~TIT,2009,Mexico
1988,Fuzzy Logic for Combining Particle Swarm Optimization and Genetic Algorithms: Preliminary Results,2009_008_0038.png,Bio-inspired & Evolutionary Computing,Patricia Melin,Tijuana Institute of Technology,,"Tijuana, BC, México","Tijuana Institute of Technology, Tijuana BC. México",~TIT,2009,Mexico
1989,Fuzzy Logic for Combining Particle Swarm Optimization and Genetic Algorithms: Preliminary Results,2009_008_0038.png,Bio-inspired & Evolutionary Computing,Oscar Castillo,Tijuana Institute of Technology,,"Tijuana, BC, México","Tijuana Institute of Technology, Tijuana BC. México",~TIT,2009,Mexico
1990,Optimization of Type-2 Fuzzy Integration in Modular Neural Networks Using an Evolutionary Method with Applications in Multimodal Biometry,2009_008_0039.png,Bio-inspired & Evolutionary Computing,Denisse Hidalgo,UABC University,School of Engineering,"Tijuana, México","School of Engineering UABC University. Tijuana, México",~UU,2009,Mexico
1991,Optimization of Type-2 Fuzzy Integration in Modular Neural Networks Using an Evolutionary Method with Applications in Multimodal Biometry,2009_008_0039.png,Bio-inspired & Evolutionary Computing,Patricia Melin,Tijuana Institute of Technology,Division of Graduate Studies,"Tijuana, México","Division of Graduate Studies Tijuana Institute of Technology. Tijuana, México",~TIT,2009,Mexico
1992,Optimization of Type-2 Fuzzy Integration in Modular Neural Networks Using an Evolutionary Method with Applications in Multimodal Biometry,2009_008_0039.png,Bio-inspired & Evolutionary Computing,Guillerrno Licea,UABC University,School of Engineering,"Tijuana, México","School of Engineering UABC University. Tijuana, México",~UU,2009,Mexico
1993,Optimization of Type-2 Fuzzy Integration in Modular Neural Networks Using an Evolutionary Method with Applications in Multimodal Biometry,2009_008_0039.png,Bio-inspired & Evolutionary Computing,Oscar Castillo,Tijuana Institute of Technology,Division of Graduate Studies,"Tijuana, México","Division of Graduate Studies Tijuana Institute of Technology. Tijuana, México",~TIT,2009,Mexico
1995,Comparison of Neural Networks and Support Vector Machine Dynamic Models for State Estimation in Semiautogenous Mills,2009_008_0041.png,Supervised Machine Learning,Gonzalo Acuña,Universidad de Santiago de Chile,Depto. de Ingeniería Informática,"Santiago, Chile","Depto. de Ingeniería Informática, Universidad de Santiago de Chile, USACH, Av. Ecuador 3659, Santiago, Chile",~USC,2009,Chile
1996,Comparison of Neural Networks and Support Vector Machine Dynamic Models for State Estimation in Semiautogenous Mills,2009_008_0041.png,Supervised Machine Learning,Millaray Curilem,Universidad de La Frontera,Dpto. De Ingeniería Eléctrica,"Temuco, Chile","Dpto. De Ingeniería Eléctrica, Universidad de La Frontera, UFRO, Av. Francisco Salazar 01145, Temuco, Chile",~UF,2009,Chile
1997,Using Wolfe’s Method in Support Vector Machines Learning Stage,2009_008_0042.png,Supervised Machine Learning,Juan Frausto-Solís,Instituto Tecnológico de Estudios Superiores de Monterrey,,,Instituto Tecnológico de Estudios Superiores de Monterrey,ITESM,2009,
1998,Using Wolfe’s Method in Support Vector Machines Learning Stage,2009_008_0042.png,Supervised Machine Learning,Miguel González-Mendoza,Instituto Tecnológico de Estudios Superiores de Monterrey,,,Instituto Tecnológico de Estudios Superiores de Monterrey,ITESM,2009,
1999,Using Wolfe’s Method in Support Vector Machines Learning Stage,2009_008_0042.png,Supervised Machine Learning,Roberto López-Díaz,Instituto Tecnológico de Estudios Superiores de Monterrey,,,Instituto Tecnológico de Estudios Superiores de Monterrey,ITESM,2009,
2000,Direct Adaptive Soft Computing Neural Control of a Continuous Bioprocess via Second Order Learning,2009_008_0043.png,Neural Networks & Deep Learning,Ieroham Baruch,CINVESTAV-IPN,Department of Automatic Control,"Mexico City, Mexico","Department of Automatic Control, CINVESTAV-IPN, Av. IPN No 2508, 07360 Mexico City, Mexico",CINVESTAV,2009,Mexico
2001,Direct Adaptive Soft Computing Neural Control of a Continuous Bioprocess via Second Order Learning,2009_008_0043.png,Neural Networks & Deep Learning,Carlos-Roman Mariaca-Gaspar,CINVESTAV-IPN,Department of Automatic Control,"Mexico City, Mexico","Department of Automatic Control, CINVESTAV-IPN, Av. IPN No 2508, 07360 Mexico City, Mexico",CINVESTAV,2009,Mexico
2002,Direct Adaptive Soft Computing Neural Control of a Continuous Bioprocess via Second Order Learning,2009_008_0043.png,Neural Networks & Deep Learning,Josefina Barrera-Cortes,CINVESTAV-IPN,Department of Biotechnology and Bioengineering,"Mexico City, Mexico","Department of Biotechnology and Bioengineering, CINVESTAV-IPN, Av. IPN No 2508, 07360 Mexico City, Mexico",CINVESTAV,2009,Mexico
2003,A Kohonen Network for Modeling Students’ Learning Styles in Web 2.0 Collaborative Learning Systems,2009_008_0044.png,Unsupervised Machine Learning,Ramón Zatarain-Cabada,Instituto Tecnológico de Culiacán,,"Culiacán, Sinaloa, México","Instituto Tecnológico de Culiacán, Juan de Dios Bátiz s/n, col. Guadalupe, Culiacán, Sinaloa, 80220, México",~ITC,2009,Mexico
2004,A Kohonen Network for Modeling Students’ Learning Styles in Web 2.0 Collaborative Learning Systems,2009_008_0044.png,Unsupervised Machine Learning,M. Lucia Barrón-Estrada,Instituto Tecnológico de Culiacán,,"Culiacán, Sinaloa, México","Instituto Tecnológico de Culiacán, Juan de Dios Bátiz s/n, col. Guadalupe, Culiacán, Sinaloa, 80220, México",~ITC,2009,Mexico
2005,A Kohonen Network for Modeling Students’ Learning Styles in Web 2.0 Collaborative Learning Systems,2009_008_0044.png,Unsupervised Machine Learning,Leopoldo Zepeda-Sánchez,Instituto Tecnológico de Culiacán,,"Culiacán, Sinaloa, México","Instituto Tecnológico de Culiacán, Juan de Dios Bátiz s/n, col. Guadalupe, Culiacán, Sinaloa, 80220, México",~ITC,2009,Mexico
2006,A Kohonen Network for Modeling Students’ Learning Styles in Web 2.0 Collaborative Learning Systems,2009_008_0044.png,Unsupervised Machine Learning,Guillermo Sandoval,Instituto Tecnológico de Culiacán,,"Culiacán, Sinaloa, México","Instituto Tecnológico de Culiacán, Juan de Dios Bátiz s/n, col. Guadalupe, Culiacán, Sinaloa, 80220, México",~ITC,2009,Mexico
2007,A Kohonen Network for Modeling Students’ Learning Styles in Web 2.0 Collaborative Learning Systems,2009_008_0044.png,Unsupervised Machine Learning,J. Moises Osorio-Velazquez,Instituto Tecnológico de Culiacán,,"Culiacán, Sinaloa, México","Instituto Tecnológico de Culiacán, Juan de Dios Bátiz s/n, col. Guadalupe, Culiacán, Sinaloa, 80220, México",~ITC,2009,Mexico
2008,A Kohonen Network for Modeling Students’ Learning Styles in Web 2.0 Collaborative Learning Systems,2009_008_0044.png,Unsupervised Machine Learning,J.E. Urias-Barrientos,Instituto Tecnológico de Culiacán,,"Culiacán, Sinaloa, México","Instituto Tecnológico de Culiacán, Juan de Dios Bátiz s/n, col. Guadalupe, Culiacán, Sinaloa, 80220, México",~ITC,2009,Mexico
2009,Teaching-Learning by Means of a Fuzzy-Causal User Model,2009_008_0045.png,Fuzzy Logic & Fuzzy Systems,Alejandro Peña Ayala,Instituto Politécnico Nacional,"WOLNM, ESIME-Z, CIC","Iztapalapa, D. F., Mexico","WOLNM, ESIME-Z and CIC - Instituto Politécnico Nacional, 31 julio 1859 #1099B Leyes Reforma, Iztapalapa, D. F., 09310, Mexico",IPN,2009,Mexico
2010,Inferring Knowledge from Active Learning Simulators for Physics,2009_008_0046.png,Probabilistic & Statistical Reasoning,Julieta Noguez,Tecnológico de Monterrey,Campus Ciudad de México,"México, D.F., México","Tecnológico de Monterrey, Campus Ciudad de México, Calle del Puente 222, Col. Ejidos de Huipulco, Tlalpan 14380 México, D.F., México",ITESM,2009,Mexico
2011,Inferring Knowledge from Active Learning Simulators for Physics,2009_008_0046.png,Probabilistic & Statistical Reasoning,Luis Neri,Tecnológico de Monterrey,Campus Ciudad de México,"México, D.F., México","Tecnológico de Monterrey, Campus Ciudad de México, Calle del Puente 222, Col. Ejidos de Huipulco, Tlalpan 14380 México, D.F., México",ITESM,2009,Mexico
2012,Inferring Knowledge from Active Learning Simulators for Physics,2009_008_0046.png,Probabilistic & Statistical Reasoning,Víctor Robledo-Rella,Tecnológico de Monterrey,Campus Ciudad de México,"México, D.F., México","Tecnológico de Monterrey, Campus Ciudad de México, Calle del Puente 222, Col. Ejidos de Huipulco, Tlalpan 14380 México, D.F., México",ITESM,2009,Mexico
2013,Inferring Knowledge from Active Learning Simulators for Physics,2009_008_0046.png,Probabilistic & Statistical Reasoning,Karla Muñoz,University of Ulster,Magee Campus,,"University of Ulster, Magee Campus",~UU,2009,
2014,Leukocyte Recognition Using EM-Algorithm,2009_008_0047.png,Computer Vision,Mario Chirinos Colunga,University of London,"Department of Computer Science and Information Systems, Birkbeck","London, United Kingdom","Department of Computer Science and Information Systems, Birkbeck, University of London, Malet Street, London WC1E 7HX",~UL,2009,United Kingdom
2015,Leukocyte Recognition Using EM-Algorithm,2009_008_0047.png,Computer Vision,Oscar Sánchez Siordia,Centro Nacional de Investigación y Desarrollo Tecnológico,CENIDET,"Cuernavaca, Morelos, México","Centro Nacional de Investigación y Desarrollo Tecnológico (CENIDET) Cuernavaca, Morelos, México",CENIDET,2009,Mexico
2016,Leukocyte Recognition Using EM-Algorithm,2009_008_0047.png,Computer Vision,Stephen J. Maybank,University of London,"Department of Computer Science and Information Systems, Birkbeck","London, United Kingdom","Department of Computer Science and Information Systems, Birkbeck, University of London, Malet Street, London WC1E 7HX",~UL,2009,United Kingdom
2017,An Automaton for Motifs Recognition in DNA Sequences,2009_008_0048.png,Heuristic Search & Optimization,Gerardo Perez,Benemérita Universidad Autónoma de Puebla,Facultad de Ciencias de la Computación,"Puebla, México","Facultad de Ciencias de la Computación, Benemérita Universidad Autónoma de Puebla, 14 sur y Av. San Claudio, Ciudad Universitaria, Puebla, México",~BUAP,2009,Mexico
2018,An Automaton for Motifs Recognition in DNA Sequences,2009_008_0048.png,Heuristic Search & Optimization,Yuridia P. Mejia,Benemérita Universidad Autónoma de Puebla,Facultad de Ciencias de la Computación,"Puebla, México","Facultad de Ciencias de la Computación, Benemérita Universidad Autónoma de Puebla, 14 sur y Av. San Claudio, Ciudad Universitaria, Puebla, México",~BUAP,2009,Mexico
2019,An Automaton for Motifs Recognition in DNA Sequences,2009_008_0048.png,Heuristic Search & Optimization,Ivan Olmos,Benemérita Universidad Autónoma de Puebla,Facultad de Ciencias de la Computación,"Puebla, México","Facultad de Ciencias de la Computación, Benemérita Universidad Autónoma de Puebla, 14 sur y Av. San Claudio, Ciudad Universitaria, Puebla, México",~BUAP,2009,Mexico
2020,An Automaton for Motifs Recognition in DNA Sequences,2009_008_0048.png,Heuristic Search & Optimization,Jesus A. Gonzalez,"Instituto Nacional de Astrofísica, Óptica y Electrónica",,"Puebla, México","Instituto Nacional de Astrofísica, Óptica y Electrónica, Luis Enrique Erro No. 1, Sta. María Tonantzintla, Puebla, México",INAOE,2009,Mexico
2021,An Automaton for Motifs Recognition in DNA Sequences,2009_008_0048.png,Heuristic Search & Optimization,Patricia Sánchez,Benemérita Universidad Autónoma de Puebla,Departamento de Ciencias Microbiológicas,"Puebla, México","Departamento de Ciencias Microbiológicas, Benemérita Universidad Autónoma de Puebla, Ciudad Universitaria, Puebla, México",~BUAP,2009,Mexico
2022,An Automaton for Motifs Recognition in DNA Sequences,2009_008_0048.png,Heuristic Search & Optimization,Candelario Vázquez,Benemérita Universidad Autónoma de Puebla,Departamento de Ciencias Microbiológicas,"Puebla, México","Departamento de Ciencias Microbiológicas, Benemérita Universidad Autónoma de Puebla, Ciudad Universitaria, Puebla, México",~BUAP,2009,Mexico
2023,A New Method for Optimal Cropping Pattern,2009_008_0049.png,Bio-inspired & Evolutionary Computing,Juan Frausto-Solis,Tecnologico de Monterrey,Campus Cuernavaca,"Xochitepec, Morelos, Mexico","Tecnologico de Monterrey Campus Cuernavaca, Autopista del Sol km 104, Colonia Real del Puente, Xochitepec, Morelos, Mexico",~TM,2009,Mexico
2024,A New Method for Optimal Cropping Pattern,2009_008_0049.png,Bio-inspired & Evolutionary Computing,Alberto Gonzalez-Sanchez,Tecnologico de Monterrey,Campus Cuernavaca,"Xochitepec, Morelos, Mexico","Tecnologico de Monterrey Campus Cuernavaca, Autopista del Sol km 104, Colonia Real del Puente, Xochitepec, Morelos, Mexico",~TM,2009,Mexico
2025,A New Method for Optimal Cropping Pattern,2009_008_0049.png,Bio-inspired & Evolutionary Computing,Monica Larre,Tecnologico de Monterrey,Campus Cuernavaca,"Xochitepec, Morelos, Mexico","Tecnologico de Monterrey Campus Cuernavaca, Autopista del Sol km 104, Colonia Real del Puente, Xochitepec, Morelos, Mexico",~TM,2009,Mexico
2026,MultiQuenching Annealing Algorithm for Protein Folding Problem,2009_008_0050.png,Heuristic Search & Optimization,Juan Frausto-Solis,Tecnológico de Monterrey,Campus Cuernavaca,"Xochitepec, Morelos, México","Tecnológico de Monterrey, Campus Cuernavaca, Autopista del Sol Km 104+06, Colonia Real del Puente, 62790, Xochitepec, Morelos. México",ITESM,2009,Mexico
2027,MultiQuenching Annealing Algorithm for Protein Folding Problem,2009_008_0050.png,Heuristic Search & Optimization,Xavier Soberon-Mainero,IBT UNAM,,,IBT UNAM,IBT UNAM,2009,
2028,MultiQuenching Annealing Algorithm for Protein Folding Problem,2009_008_0050.png,Heuristic Search & Optimization,Ernesto Liñán-García,Universidad Autónoma de Coahuila,,,Universidad Autónoma de Coahuila,~UAC,2009,
2029,Outlier Detection with a Hybrid Artificial Intelligence Method,2009_008_0051.png,Hybrid AI & Expert Systems,Manuel Mejía-Lavalle,Instituto de Investigaciones Eléctricas,,"Cuernavaca, Morelos, México","Instituto de Investigaciones Eléctricas, Reforma 113, 62490 Cuernavaca, Morelos, México",IIE,2009,Mexico
2030,Outlier Detection with a Hybrid Artificial Intelligence Method,2009_008_0051.png,Hybrid AI & Expert Systems,Ricardo Gómez Obregón,Comisión Federal de Electricidad,,"México DF, México","Comisión Federal de Electricidad, Reforma 164, México DF, México",~CFE,2009,Mexico
2031,Outlier Detection with a Hybrid Artificial Intelligence Method,2009_008_0051.png,Hybrid AI & Expert Systems,Atlántida Sánchez Vivar,Instituto de Investigaciones Eléctricas,,"Cuernavaca, Morelos, México","Instituto de Investigaciones Eléctricas, Reforma 113, 62490 Cuernavaca, Morelos, México",IIE,2009,Mexico
2032,Wind Speed Forecasting Using a Hybrid Neural-Evolutive Approach,2009_008_0052.png,Bio-inspired & Evolutionary Computing,Juan J. Flores,Universidad Michoacana,"Division de Estudios de Posgrado, Facultad de Ingenieria Electrica",Mexico,"Division de Estudios de Posgrado, Facultad de Ingenieria Electrica, Universidad Michoacana, Mexico",UMSNH,2009,Mexico
2033,Wind Speed Forecasting Using a Hybrid Neural-Evolutive Approach,2009_008_0052.png,Bio-inspired & Evolutionary Computing,Roberto Loaeza,Universidad Michoacana,"Division de Estudios de Posgrado, Facultad de Ingenieria Electrica",Mexico,"Division de Estudios de Posgrado, Facultad de Ingenieria Electrica, Universidad Michoacana, Mexico",UMSNH,2009,Mexico
2034,Wind Speed Forecasting Using a Hybrid Neural-Evolutive Approach,2009_008_0052.png,Bio-inspired & Evolutionary Computing,Héctor Rodríguez,Universidad Michoacana,"Division de Estudios de Posgrado, Facultad de Ingenieria Electrica",Mexico,"Division de Estudios de Posgrado, Facultad de Ingenieria Electrica, Universidad Michoacana, Mexico",UMSNH,2009,Mexico
2035,Wind Speed Forecasting Using a Hybrid Neural-Evolutive Approach,2009_008_0052.png,Bio-inspired & Evolutionary Computing,Erasmo Cadenas,Universidad Michoacana,Facultad de Ingenieria Mecanica,Mexico,"Facultad de Ingenieria Mecanica, Universidad Michoacana, Mexico",UMSNH,2009,Mexico
2036,Hybridization of Evolutionary Mechanisms for Feature Subset Selection in Unsupervised Learning,2009_008_0053.png,Bio-inspired & Evolutionary Computing,Dolores Torres,Universidad Autónoma de Aguascalientes,Centro de Ciencias Básicas,"Aguascalientes, México","Universidad Autónoma de Aguascalientes, Centro de Ciencias Básicas. Avenida Universidad # 940 Col Ciudad Universitaria, Aguascalientes, AGS. C.P. 20100. México",~UAA,2009,Mexico
2037,Hybridization of Evolutionary Mechanisms for Feature Subset Selection in Unsupervised Learning,2009_008_0053.png,Bio-inspired & Evolutionary Computing,Eunice Ponce-de-León,Universidad Autónoma de Aguascalientes,Centro de Ciencias Básicas,"Aguascalientes, México","Universidad Autónoma de Aguascalientes, Centro de Ciencias Básicas. Avenida Universidad # 940 Col Ciudad Universitaria, Aguascalientes, AGS. C.P. 20100. México",~UAA,2009,Mexico
2038,Hybridization of Evolutionary Mechanisms for Feature Subset Selection in Unsupervised Learning,2009_008_0053.png,Bio-inspired & Evolutionary Computing,Aurora Torres,Universidad Autónoma de Aguascalientes,Centro de Ciencias Básicas,"Aguascalientes, México","Universidad Autónoma de Aguascalientes, Centro de Ciencias Básicas. Avenida Universidad # 940 Col Ciudad Universitaria, Aguascalientes, AGS. C.P. 20100. México",~UAA,2009,Mexico
2039,Hybridization of Evolutionary Mechanisms for Feature Subset Selection in Unsupervised Learning,2009_008_0053.png,Bio-inspired & Evolutionary Computing,Alberto Ochoa,Universidad Autónoma de Ciudad Juárez,"Instituto de Ingeniería y Tecnología, Departamento de Ingeniería Eléctrica y Computación","Juárez, Chihuahua, México","Universidad Autónoma de Ciudad Juárez, Instituto de Ingeniería y Tecnología, Departamento de Ingeniería Eléctrica y Computación. Henry Dunant # 4016 Circuito Pronaf Apdo. Postal 1594-D, Juárez, Chihuahua. CP 32310. México",~UACJ,2009,Mexico
2040,Hybridization of Evolutionary Mechanisms for Feature Subset Selection in Unsupervised Learning,2009_008_0053.png,Bio-inspired & Evolutionary Computing,Elva Díaz,Universidad Autónoma de Aguascalientes,Centro de Ciencias Básicas,"Aguascalientes, México","Universidad Autónoma de Aguascalientes, Centro de Ciencias Básicas. Avenida Universidad # 940 Col Ciudad Universitaria, Aguascalientes, AGS. C.P. 20100. México",~UAA,2009,Mexico
2041,A Particle Swarm Optimization Method for Multimodal Optimization Based on Electrostatic Interaction,2009_008_0054.png,Bio-inspired & Evolutionary Computing,Julio Barrera,CINVESTAV-IPN,"Departamento de Computación, Evolutionary Computation Group","México, D.F., Mexico","CINVESTAV-IPN, Departamento de Computación, Evolutionary Computation Group, Av. IPN No. 2508, Col. San Pedro Zacatenco, México, D.F. 07360, Mexico",CINVESTAV,2009,Mexico
2042,A Particle Swarm Optimization Method for Multimodal Optimization Based on Electrostatic Interaction,2009_008_0054.png,Bio-inspired & Evolutionary Computing,Carlos A. Coello Coello,CINVESTAV-IPN,"Departamento de Computación, Evolutionary Computation Group | UMI-LAFMIA 3175","México, D.F., Mexico","CINVESTAV-IPN, Departamento de Computación, Evolutionary Computation Group, Av. IPN No. 2508, Col. San Pedro Zacatenco, México, D.F. 07360, Mexico | UMI-LAFMIA 3175 CNRS",CINVESTAV,2009,Mexico
2043,A Particle Swarm Optimization Method for Multimodal Optimization Based on Electrostatic Interaction,2009_008_0054.png,Bio-inspired & Evolutionary Computing,Carlos A. Coello Coello,CNRS,"Departamento de Computación, Evolutionary Computation Group | UMI-LAFMIA 3175","México, D.F., Mexico","CINVESTAV-IPN, Departamento de Computación, Evolutionary Computation Group, Av. IPN No. 2508, Col. San Pedro Zacatenco, México, D.F. 07360, Mexico | UMI-LAFMIA 3175 CNRS",CNRS,2009,Mexico
2044,Ranking Methods for Many-Objective Optimization,2009_008_0055.png,Bio-inspired & Evolutionary Computing,Mario Garza-Fabre,CINVESTAV,CINVESTAV-Tamaulipas,"Cd. Victoria, Tamaulipas, Mexico","CINVESTAV-Tamaulipas. Km. 6 carretera Cd. Victoria-Monterrey Cd. Victoria, Tamaulipas, 87261, Mexico",CINVESTAV,2009,Mexico
2045,Ranking Methods for Many-Objective Optimization,2009_008_0055.png,Bio-inspired & Evolutionary Computing,Gregorio Toscano Pulido,CINVESTAV,CINVESTAV-Tamaulipas,"Cd. Victoria, Tamaulipas, Mexico","CINVESTAV-Tamaulipas. Km. 6 carretera Cd. Victoria-Monterrey Cd. Victoria, Tamaulipas, 87261, Mexico",CINVESTAV,2009,Mexico
2046,Ranking Methods for Many-Objective Optimization,2009_008_0055.png,Bio-inspired & Evolutionary Computing,Carlos A. Coello Coello,CINVESTAV-IPN,Departamento de Computación,"Col. San Pedro Zacatenco, México, D.F., Mexico","CINVESTAV-IPN, Departamento de Computación, Av. IPN No. 2508 Col. San Pedro Zacatenco, México, D.F. 07360, Mexico",CINVESTAV,2009,Mexico
2047,Why Unary Quality Indicators Are Not Inferior to Binary Quality Indicators,2009_008_0056.png,Bio-inspired & Evolutionary Computing,Giovanni Lizárraga,Corporación Mexicana de Investigación en Materiales S.A. de C.V.,,"Saltillo, México","Corporación Mexicana de Investigación en Materiales S.A. de C.V. Ciencia y Tecnología 790, Saltillo México",~CMIEMSC,2009,Mexico
2048,Why Unary Quality Indicators Are Not Inferior to Binary Quality Indicators,2009_008_0056.png,Bio-inspired & Evolutionary Computing,Marco Jimenez Gomez,Corporación Mexicana de Investigación en Materiales S.A. de C.V.,,"Saltillo, México","Corporación Mexicana de Investigación en Materiales S.A. de C.V. Ciencia y Tecnología 790, Saltillo México",~CMIEMSC,2009,Mexico
2049,Why Unary Quality Indicators Are Not Inferior to Binary Quality Indicators,2009_008_0056.png,Bio-inspired & Evolutionary Computing,Mauricio Garza Castañón,Corporación Mexicana de Investigación en Materiales S.A. de C.V.,,"Saltillo, México","Corporación Mexicana de Investigación en Materiales S.A. de C.V. Ciencia y Tecnología 790, Saltillo México",~CMIEMSC,2009,Mexico
2050,Why Unary Quality Indicators Are Not Inferior to Binary Quality Indicators,2009_008_0056.png,Bio-inspired & Evolutionary Computing,Jorge Acevedo-Davila,Corporación Mexicana de Investigación en Materiales S.A. de C.V.,,"Saltillo, México","Corporación Mexicana de Investigación en Materiales S.A. de C.V. Ciencia y Tecnología 790, Saltillo México",~CMIEMSC,2009,Mexico
2051,Why Unary Quality Indicators Are Not Inferior to Binary Quality Indicators,2009_008_0056.png,Bio-inspired & Evolutionary Computing,Salvador Botello Rionda,Center of Research in Mathematics,,"Valenciana, Guanajuato, México","Center of Research in Mathematics. Jalisco S/N, Valenciana, Guanajuato, México",~CRM,2009,Mexico
2052,Using Copulas in Estimation of Distribution Algorithms,2009_008_0057.png,Bio-inspired & Evolutionary Computing,Rogelio Salinas-Gutiérrez,Centro de Investigación en Matemáticas,,"Guanajuato, México","Centro de Investigación en Matemáticas, Guanajuato, México",~CIEM,2009,Mexico
2053,Using Copulas in Estimation of Distribution Algorithms,2009_008_0057.png,Bio-inspired & Evolutionary Computing,Arturo Hernández-Aguirre,Centro de Investigación en Matemáticas,,"Guanajuato, México","Centro de Investigación en Matemáticas, Guanajuato, México",~CIEM,2009,Mexico
2054,Using Copulas in Estimation of Distribution Algorithms,2009_008_0057.png,Bio-inspired & Evolutionary Computing,Enrique R. Villa-Diharce,Centro de Investigación en Matemáticas,,"Guanajuato, México","Centro de Investigación en Matemáticas, Guanajuato, México",~CIEM,2009,Mexico
2055,Redistricting by Square Cells,2009_008_0058.png,Heuristic Search & Optimization,Miguel Ángel Gutiérrez Andrade,Universidad Autónoma Metropolitana,Departamento de Ingeniería Eléctrica,"México, D.F., México","Universidad Autónoma Metropolitana, Departamento de Ingeniería Eléctrica, Av. San Rafael Atlixco 186 Col. Vicentina, 09340 México, D.F.",UAM,2009,Mexico
2056,Redistricting by Square Cells,2009_008_0058.png,Heuristic Search & Optimization,Eric Alfredo Rincón García,Universidad Nacional Autónoma de México,"Facultad de Ingeniería, DIMEI - Departamento de Sistemas","México, D.F., México","Universidad Nacional Autónoma de México, Facultad de Ingeniería, DIMEI - Departamento de Sistemas, Ciudad Universitaria, 04510 México, D.F.",UNAM,2009,Mexico
2057,Finding Minimal Addition Chains with a Particle Swarm Optimization Algorithm,2009_008_0059.png,Bio-inspired & Evolutionary Computing,Alejandro León-Javier,National Polytechnic Institute,Center for Computing Research (CIC-IPN),Mexico,"Center for Computing Research, National Polytechnic Institute (CIC-IPN), Mexico",IPN,2009,Mexico
2058,Finding Minimal Addition Chains with a Particle Swarm Optimization Algorithm,2009_008_0059.png,Bio-inspired & Evolutionary Computing,Nareli Cruz-Cortés,National Polytechnic Institute,Center for Computing Research (CIC-IPN),Mexico,"Center for Computing Research, National Polytechnic Institute (CIC-IPN), Mexico",IPN,2009,Mexico
2059,Finding Minimal Addition Chains with a Particle Swarm Optimization Algorithm,2009_008_0059.png,Bio-inspired & Evolutionary Computing,Marco A. Moreno-Armendáriz,National Polytechnic Institute,Center for Computing Research (CIC-IPN),Mexico,"Center for Computing Research, National Polytechnic Institute (CIC-IPN), Mexico",IPN,2009,Mexico
2060,Finding Minimal Addition Chains with a Particle Swarm Optimization Algorithm,2009_008_0059.png,Bio-inspired & Evolutionary Computing,Sandra Orantes-Jiménez,National Polytechnic Institute,Center for Computing Research (CIC-IPN),Mexico,"Center for Computing Research, National Polytechnic Institute (CIC-IPN), Mexico",IPN,2009,Mexico
2061,Building Blocks and Search,2009_008_0060.png,Heuristic Search & Optimization,Alexis Lozano,Universidad Nacional Autónoma de México,C3 Centro de Ciencias de la Complejidad,"México D.F., México","C3 Centro de Ciencias de la Complejidad, Universidad Nacional Autónoma de México, Torre de Ingeniería, Circuito Exterior s/n Ciudad Universitaria, México D.F. 04510",UNAM,2009,Mexico
2062,Building Blocks and Search,2009_008_0060.png,Heuristic Search & Optimization,Víctor Mireles,Universidad Nacional Autónoma de México,Instituto de Ciencias Nucleares,"México D.F., México","Instituto de Ciencias Nucleares, Universidad Nacional Autónoma de México, A. Postal 70-543, México D.F. 04510",UNAM,2009,Mexico
2063,Building Blocks and Search,2009_008_0060.png,Heuristic Search & Optimization,Daniel Monsivais,Universidad Nacional Autónoma de México,Posgrado en Ciencia e Ingeniería de la Computación,"México D.F., México","Posgrado en Ciencia e Ingeniería de la Computación, Universidad Nacional Autónoma de México Circuito Escolar s/n Ciudad Universitaria, México D.F. 04510",UNAM,2009,Mexico
2064,Building Blocks and Search,2009_008_0060.png,Heuristic Search & Optimization,Christopher R. Stephens,Universidad Nacional Autónoma de México,C3 Centro de Ciencias de la Complejidad,"México D.F., México","C3 Centro de Ciencias de la Complejidad, Universidad Nacional Autónoma de México, Torre de Ingeniería, Circuito Exterior s/n Ciudad Universitaria, México D.F. 04510",UNAM,2009,Mexico
2065,Building Blocks and Search,2009_008_0060.png,Heuristic Search & Optimization,Sergio Antonio Alcalá,Universidad Nacional Autónoma de México,Instituto de Ciencias Nucleares,"México D.F., México","Instituto de Ciencias Nucleares, Universidad Nacional Autónoma de México, A. Postal 70-543, México D.F. 04510",UNAM,2009,Mexico
2066,Building Blocks and Search,2009_008_0060.png,Heuristic Search & Optimization,Francisco Cervantes,Universidad de las Américas Puebla,,"Cholula, Puebla, México","Universidad de las Américas Puebla, Sta. Catarina Mártir, Cholula, Puebla. C.P. 72820. México",~UAP,2009,Mexico
2067,An Analysis of Recombination in Some Simple Landscapes,2009_008_0061.png,Supervised Machine Learning,David A. Rosenblueth,UNAM,Centro de Ciencias de la Complejidad,"México D.F., México","C3 - Centro de Ciencias de la Complejidad
Instituto de Investigaciones en Matemáticas Aplicadas y en Sistemas, UNAM
A. Postal 20-726, México D.F. 01000",UNAM,2009,Mexico
2068,An Analysis of Recombination in Some Simple Landscapes,2009_008_0061.png,Supervised Machine Learning,Christopher R. Stephens,UNAM,Instituto de Ciencias Nucleares,"México D.F., México","C3 - Centro de Ciencias de la Complejidad
Instituto de Ciencias Nucleares, UNAM
Circuito Exterior, A. Postal 70-543, México D.F. 04510",UNAM,2009,Mexico
2069,An Empirical Investigation of How Degree Neutrality Affects GP Search,2009_008_0062.png,Heuristic Search & Optimization,Edgar Galván-López,University College Dublin,"Natural Computing Research & Applications Group, Complex and Adaptive Systems Lab",,"Natural Computing Research & Applications Group, Complex and Adaptive Systems Lab, University College Dublin",~UCD,2009,
2070,An Empirical Investigation of How Degree Neutrality Affects GP Search,2009_008_0062.png,Heuristic Search & Optimization,Riccardo Poli,University of Essex,School of Computer Science and Electronic Engineering,"Colchester, UK","University of Essex, School of Computer Science and Electronic Engineering, Wivenhoe Park, Colchester, CO4 3SQ, UK",~UE,2009,United Kingdom
2071,Discovering Role of Linguistic Geometry,2010_009_0000.png,Heuristic Search & Optimization,Boris Stilman,University of Colorado Denver,Department of Computer Science and Engineering,"Denver, CO, USA","University of Colorado Denver, Department of Computer Science and Engineering, Campus Box 109, Denver, CO 80217-3364, USA",~UCD,2010,United States
2072,Discovering Role of Linguistic Geometry,2010_009_0000.png,Heuristic Search & Optimization,Vladimir Yakhnis,STILMAN Advanced Strategies,,"Denver, CO, USA","STILMAN Advanced Strategies Denver, 1623 Blake Street, Suite 200, Denver, CO 20202, USA",~SAS,2010,United States
2073,Discovering Role of Linguistic Geometry,2010_009_0000.png,Heuristic Search & Optimization,Oleg Umanskiy,University of Colorado Denver,Department of Computer Science and Engineering | ,"Denver, CO, USA | Denver, CO, USA","University of Colorado Denver, Department of Computer Science and Engineering, Campus Box 109, Denver, CO 80217-3364, USA | STILMAN Advanced Strategies Denver, 1623 Blake Street, Suite 200, Denver, CO 20202, USA",~UCD,2010,United States
2074,Discovering Role of Linguistic Geometry,2010_009_0000.png,Heuristic Search & Optimization,Oleg Umanskiy,STILMAN Advanced Strategies,Department of Computer Science and Engineering | ,"Denver, CO, USA | Denver, CO, USA","University of Colorado Denver, Department of Computer Science and Engineering, Campus Box 109, Denver, CO 80217-3364, USA | STILMAN Advanced Strategies Denver, 1623 Blake Street, Suite 200, Denver, CO 20202, USA",~SAS,2010,United States
2075,Elkan's k-Means Algorithm for Graphs,2010_009_0001.png,Unsupervised Machine Learning,Brijnesh J. Jain,Berlin Institute of Technology,,Germany,"Berlin Institute of Technology, Germany",~BIT,2010,
2076,Elkan's k-Means Algorithm for Graphs,2010_009_0001.png,Unsupervised Machine Learning,Klaus Obermayer,Berlin Institute of Technology,,Germany,"Berlin Institute of Technology, Germany",~BIT,2010,
2077,A Simple Approach to Incorporate Label Dependency in Multi-label Classification,2010_009_0002.png,Supervised Machine Learning,Everton Alvares Cherman,University of São Paulo,Institute of Mathematics and Computer Science (ICMC),"São Carlos, SP, Brazil","Institute of Mathematics and Computer Science (ICMC)
University of São Paulo at São Carlos (USP/São Carlos)
P.O. Box 668, Zip Code 13561-970
São Carlos, SP, Brazil",*USP,2010,Brazil
2078,A Simple Approach to Incorporate Label Dependency in Multi-label Classification,2010_009_0002.png,Supervised Machine Learning,Jean Metz,University of São Paulo,Institute of Mathematics and Computer Science (ICMC),"São Carlos, SP, Brazil","Institute of Mathematics and Computer Science (ICMC)
University of São Paulo at São Carlos (USP/São Carlos)
P.O. Box 668, Zip Code 13561-970
São Carlos, SP, Brazil",*USP,2010,Brazil
2079,A Simple Approach to Incorporate Label Dependency in Multi-label Classification,2010_009_0002.png,Supervised Machine Learning,Maria Carolina Monard,University of São Paulo,Institute of Mathematics and Computer Science (ICMC),"São Carlos, SP, Brazil","Institute of Mathematics and Computer Science (ICMC)
University of São Paulo at São Carlos (USP/São Carlos)
P.O. Box 668, Zip Code 13561-970
São Carlos, SP, Brazil",*USP,2010,Brazil
2080,Methods and Algorithms of Information Generalization in Noisy Databases,2010_009_0003.png,Data Mining & Knowledge Discovery,Vadim Vagin,Moscow Power Engineering Institute (Technical University),,"Moscow, Russia","Moscow Power Engineering Institute (Technical University), Krasnokazarmennaya 14, 111250 Moscow, Russia",~MPEI(U,2010,Russia
2081,Methods and Algorithms of Information Generalization in Noisy Databases,2010_009_0003.png,Data Mining & Knowledge Discovery,Marina Fomina,Moscow Power Engineering Institute (Technical University),,"Moscow, Russia","Moscow Power Engineering Institute (Technical University), Krasnokazarmennaya 14, 111250 Moscow, Russia",~MPEI(U,2010,Russia
2082,Object Class Recognition Using SIFT and Bayesian Networks,2010_009_0004.png,Computer Vision,Leonardo Chang,Advanced Technologies Application Center,,"Siboney, Playa, P.C. 12200, Havana, Cuba","Advanced Technologies Application Center,
7a # 21812 b/ 218 y 222, Siboney, Playa, P.C. 12200, Havana, Cuba",~ATAC,2010,Cuba
2083,Object Class Recognition Using SIFT and Bayesian Networks,2010_009_0004.png,Computer Vision,Miriam Monica Duarte,Advanced Technologies Application Center,,"Siboney, Playa, P.C. 12200, Havana, Cuba","Advanced Technologies Application Center,
7a # 21812 b/ 218 y 222, Siboney, Playa, P.C. 12200, Havana, Cuba",~ATAC,2010,Cuba
2084,Object Class Recognition Using SIFT and Bayesian Networks,2010_009_0004.png,Computer Vision,Luis Enrique Sucar,"National Institute for Astrophysics, Optics and Electronics",,"Tonantzintla, Puebla, Mexico","National Institute for Astrophysics, Optics and Electronics,
Luis Enrique Erro # 1, Tonantzintla, Puebla, Mexico",~NIAOE,2010,Mexico
2085,Object Class Recognition Using SIFT and Bayesian Networks,2010_009_0004.png,Computer Vision,Eduardo F. Morales,"National Institute for Astrophysics, Optics and Electronics",,"Tonantzintla, Puebla, Mexico","National Institute for Astrophysics, Optics and Electronics,
Luis Enrique Erro # 1, Tonantzintla, Puebla, Mexico",~NIAOE,2010,Mexico
2086,Boosting Based Conditional Quantile Estimation for Regression and Binary Classification,2010_009_0005.png,Supervised Machine Learning,Songfeng Zheng,Missouri State University,Department of Mathematics,"Springfield, MO, USA","Department of Mathematics, Missouri State University, Springfield, MO 65897, USA",~MSU,2010,United States
2087,A Fast Fuzzy Cocke-Younger-Kasami Algorithm for DNA and RNA Strings Analysis,2010_009_0006.png,Knowledge Representation & Reasoning,Herón Molina-Lozano,Instituto Politécnico Nacional,Centro de Investigación en Computación,"Col. Nueva Industrial Vallejo Delegación Gustavo A. Madero C.P 07738, México D.F., México","Centro de Investigación en Computación, Instituto Politécnico Nacional, Av. Juan de Dios Bátiz s/n casi esq. Miguel Othón de Mendizábal, Unidad Profesional Adolfo López Mateos Col. Nueva Industrial Vallejo Delegación Gustavo A. Madero C.P 07738, México D.F.",IPN,2010,Mexico
2088,A Fast Implementation of the CT_EXT Algorithm for the Testor Property Identification,2010_009_0007.png,Supervised Machine Learning,Guillermo Sanchez-Diaz,Universidad de Guadalajara,Centro Universitario de los Valles,"Ameca, Jal. Mexico, C.P. 46600","Universidad de Guadalajara, Centro Universitario de los Valles, Carr. Guadalajara-Ameca, Km. 45, Ameca, Jal. Mexico, C.P. 46600",~UG,2010,
2089,A Fast Implementation of the CT_EXT Algorithm for the Testor Property Identification,2010_009_0007.png,Supervised Machine Learning,Ivan Piza-Davila,Instituto Tecnologico y de Estudios Superiores de Occidente,,"Tlaquepaque, Jal. Mexico, C.P. 45604","Instituto Tecnologico y de Estudios Superiores de Occidente, Periferico Sur Manuel Gomez Morin 8585, Tlaquepaque, Jal. Mexico, C.P. 45604",~ITYESO,2010,
2090,A Fast Implementation of the CT_EXT Algorithm for the Testor Property Identification,2010_009_0007.png,Supervised Machine Learning,Manuel Lazo-Cortes,Universidad de las Ciencias Informaticas,,"Torrens, Havana, Cuba","Universidad de las Ciencias Informaticas, Carr. de San Antonio de los Baños Km. 2.5, Torrens, Havana, Cuba",~UCI,2010,Cuba
2091,A Fast Implementation of the CT_EXT Algorithm for the Testor Property Identification,2010_009_0007.png,Supervised Machine Learning,Miguel Mora-Gonzalez,Universidad de Guadalajara,Centro Universitario de los Lagos,"Lagos de Moreno, Jal. Mexico, C.P. 47460","Universidad de Guadalajara, Centro Universitario de los Lagos, Av. Enrique Diaz de Leon 1144, Lagos de Moreno, Jal. Mexico, C.P. 47460",~UG,2010,
2092,A Fast Implementation of the CT_EXT Algorithm for the Testor Property Identification,2010_009_0007.png,Supervised Machine Learning,Javier Salinas-Luna,Universidad de Guadalajara,Centro Universitario de los Valles,"Ameca, Jal. Mexico, C.P. 46600","Universidad de Guadalajara, Centro Universitario de los Valles, Carr. Guadalajara-Ameca, Km. 45, Ameca, Jal. Mexico, C.P. 46600",~UG,2010,
2093,Supervised Probabilistic Classification Based on Gaussian Copulas,2010_009_0008.png,Supervised Machine Learning,Rogelio Salinas-Gutiérrez,Center for Research in Mathematics (CIMAT),,"Guanajuato, México","Center for Research in Mathematics (CIMAT), Guanajuato, México",CIMAT,2010,Mexico
2094,Supervised Probabilistic Classification Based on Gaussian Copulas,2010_009_0008.png,Supervised Machine Learning,Arturo Hernández-Aguirre,Center for Research in Mathematics (CIMAT),,"Guanajuato, México","Center for Research in Mathematics (CIMAT), Guanajuato, México",CIMAT,2010,Mexico
2095,Supervised Probabilistic Classification Based on Gaussian Copulas,2010_009_0008.png,Supervised Machine Learning,Enrique R. Villa-Diharce,Center for Research in Mathematics (CIMAT),,"Guanajuato, México","Center for Research in Mathematics (CIMAT), Guanajuato, México",CIMAT,2010,Mexico
2096,Supervised Probabilistic Classification Based on Gaussian Copulas,2010_009_0008.png,Supervised Machine Learning,Mariano J.J. Rivera-Meraz,Center for Research in Mathematics (CIMAT),,"Guanajuato, México","Center for Research in Mathematics (CIMAT), Guanajuato, México",CIMAT,2010,Mexico
2097,Text-Independent Speaker Identification Using VQ-HMM Model Based Multiple Classifier System,2010_009_0009.png,Computer Vision,Ali Zulfiqar,University of Gujrat,Departament of CS & IT,"Gujrat, Pakistan","Departament of CS & IT, University of Gujrat, Pakistan",~UG,2010,
2098,Text-Independent Speaker Identification Using VQ-HMM Model Based Multiple Classifier System,2010_009_0009.png,Computer Vision,Aslam Muhammad,"UET, Lahore",Departament of CS & E,"Lahore, Pakistan","Departament of CS & E, U. E. T., Lahore, Pakistan",~UL,2010,
2099,Text-Independent Speaker Identification Using VQ-HMM Model Based Multiple Classifier System,2010_009_0009.png,Computer Vision,A.M. Martinez-Enriquez,CINVESTAV-IPN,Department of Computer Science,Mexico,"Department of Computer Science, CINVESTAV-IPN, Mexico",CINVESTAV,2010,Mexico
2100,Text-Independent Speaker Identification Using VQ-HMM Model Based Multiple Classifier System,2010_009_0009.png,Computer Vision,G. Escalada-Imaz,CSIC,Artificial Intelligence Research Institute,"Barcelona, Spain","Artificial Intelligence Research Institute, CSIC, Barcelona, Spain",CSIC,2010,Spain
2101,Towards One-Class Pattern Recognition in Brain Activity via Neural Networks,2010_009_0010.png,Neural Networks & Deep Learning,Omer Boehm,University of Haifa,Computer Science Department,"Haifa, Israel","University of Haifa
Computer Science Department
Haifa, Israel 31905",~UH,2010,
2102,Towards One-Class Pattern Recognition in Brain Activity via Neural Networks,2010_009_0010.png,Neural Networks & Deep Learning,David R. Hardoon,A*Star,Machine Learning Group,Singapore,"Institue for Infocomm Research
Machine Learning Group
A*Star, Singapore",A*Star,2010,
2103,Towards One-Class Pattern Recognition in Brain Activity via Neural Networks,2010_009_0010.png,Neural Networks & Deep Learning,Larry M. Manevitz,University of Haifa,Computer Science Department,"Haifa, Israel","University of Haifa
Computer Science Department
Haifa, Israel 31905",~UH,2010,
2104,Real Time Tracking of Musical Performances,2010_009_0011.png,Computer Vision,Antonio Camarena-Ibarrola,Universidad Michoacana de San Nicolás de Hidalgo,,"Morelia, Mich., México","Universidad Michoacana de San Nicolás de Hidalgo
Morelia, Mich., México",~UMSNH,2010,Mexico
2105,Real Time Tracking of Musical Performances,2010_009_0011.png,Computer Vision,Edgar Chávez,Universidad Michoacana de San Nicolás de Hidalgo,,"Morelia, Mich., México","Universidad Michoacana de San Nicolás de Hidalgo
Morelia, Mich., México",~UMSNH,2010,Mexico
2106,Recognizing Dactylological Symbols with Image Segmentation and a New Differentiated Weighting Scheme,2010_009_0012.png,Computer Vision,Laura Jeanine Razo Gil,Instituto Politécnico Nacional,Centro de Investigación en Computación (Center for Computing Research),"Mexico City, Mexico","Centro de Investigación en Computación (Center for Computing Research), IPN, Av. Juan Dios Bátiz, s/n, Zacatenco, 07738, Mexico City, Mexico",IPN,2010,Mexico
2107,Recognizing Dactylological Symbols with Image Segmentation and a New Differentiated Weighting Scheme,2010_009_0012.png,Computer Vision,Salvador Godoy-Calderón,Instituto Politécnico Nacional,Centro de Investigación en Computación (Center for Computing Research),"Mexico City, Mexico","Centro de Investigación en Computación (Center for Computing Research), IPN, Av. Juan Dios Bátiz, s/n, Zacatenco, 07738, Mexico City, Mexico",IPN,2010,Mexico
2108,Recognizing Dactylological Symbols with Image Segmentation and a New Differentiated Weighting Scheme,2010_009_0012.png,Computer Vision,Ricardo Barrón Fernández,Instituto Politécnico Nacional,Centro de Investigación en Computación (Center for Computing Research),"Mexico City, Mexico","Centro de Investigación en Computación (Center for Computing Research), IPN, Av. Juan Dios Bátiz, s/n, Zacatenco, 07738, Mexico City, Mexico",IPN,2010,Mexico
2109,Selecting Candidate Labels for Hierarchical Document Clusters Using Association Rules,2010_009_0013.png,Data Mining & Knowledge Discovery,Fabiano Fernandes dos Santos,Universidade de São Paulo (USP),Instituto de Ciências Matemáticas e de Computação,,"Instituto de Ciências Matemáticas e de Computação
Universidade de São Paulo (USP)
{fabianof,solange}@icmc.usp.br",~USP(,2010,
2110,Selecting Candidate Labels for Hierarchical Document Clusters Using Association Rules,2010_009_0013.png,Data Mining & Knowledge Discovery,Veronica Oliveira de Carvalho,Universidade Estadual Paulista,Instituto de Geociências e Ciências Exatas,,"Instituto de Geociências e Ciências Exatas
UNESP - Univ Estadual Paulista
veronica@rc.unesp.br",~UEP,2010,
2111,Selecting Candidate Labels for Hierarchical Document Clusters Using Association Rules,2010_009_0013.png,Data Mining & Knowledge Discovery,Solange Oliveira Rezende,Universidade de São Paulo (USP),Instituto de Ciências Matemáticas e de Computação,,"Instituto de Ciências Matemáticas e de Computação
Universidade de São Paulo (USP)
{fabianof,solange}@icmc.usp.br",~USP(,2010,
2112,Recognizing Textual Entailment Using a Machine Learning Approach,2010_009_0014.png,Natural Language Processing (NLP),Miguel Angel Ríos Gaona,National Polytechnic Institute,Center for Computing Research,Mexico,"Center for Computing Research, National Polytechnic Institute, Mexico",IPN,2010,Mexico
2113,Recognizing Textual Entailment Using a Machine Learning Approach,2010_009_0014.png,Natural Language Processing (NLP),Alexander Gelbukh,National Polytechnic Institute,Center for Computing Research,Mexico,"Center for Computing Research, National Polytechnic Institute, Mexico",IPN,2010,Mexico
2114,Recognizing Textual Entailment Using a Machine Learning Approach,2010_009_0014.png,Natural Language Processing (NLP),Sivaji Bandyopadhyay,Jadavpur University,Computer Science & Engineering Department,"Kolkata 700 032, India","Computer Science & Engineering Department, Jadavpur University, Kolkata 700 032 India",~JU,2010,India
2115,Detection of Different Authorship of Text Sequences through Self-organizing Maps and Mutual Information Function,2010_009_0015.png,Data Mining & Knowledge Discovery,Antonio Neme,Universidad Autónoma de la Ciudad de México,Complex systems and nonlinear dynamics group,"México, D.F. México","Complex systems and nonlinear dynamics group, Universidad Autónoma de la Ciudad de México, México, D.F. México",~UACM,2010,Mexico
2116,Detection of Different Authorship of Text Sequences through Self-organizing Maps and Mutual Information Function,2010_009_0015.png,Data Mining & Knowledge Discovery,Blanca Lugo,Universidad Autónoma del Estado de Coahuila,Facultad de Ciencias,"Saltillo, Coah, México","Facultad de Ciencias, Universidad Autónoma del Estado de Coahuila, Saltillo, Coah, México",~UAEC,2010,Mexico
2117,Detection of Different Authorship of Text Sequences through Self-organizing Maps and Mutual Information Function,2010_009_0015.png,Data Mining & Knowledge Discovery,Alejandra Cervera,Comisión Nacional para el uso y conocimiento de la biodiversidad,,México,"Comisión Nacional para el uso y conocimiento de la biodiversidad, México",~CNPEUYCB,2010,Mexico
2118,Supervised Machine Learning for Predicting the Meaning of Verb-Noun Combinations in Spanish,2010_009_0016.png,Supervised Machine Learning,Olga Kolesnikova,National Polytechnic Institute,Center for Computing Research,"Mexico City, 07738, Mexico","Center for Computing Research, National Polytechnic Institute, Mexico City, 07738, Mexico",IPN,2010,Mexico
2119,Supervised Machine Learning for Predicting the Meaning of Verb-Noun Combinations in Spanish,2010_009_0016.png,Supervised Machine Learning,Alexander Gelbukh,National Polytechnic Institute,Center for Computing Research,"Mexico City, 07738, Mexico","Center for Computing Research, National Polytechnic Institute, Mexico City, 07738, Mexico",IPN,2010,Mexico
