title,research_area,authors,image_file
Searching for a Solution to Program Verification=Equation Solving in CCS*,Logic & Automated Reasoning,"[{'name': 'Raúl Monroy', 'institution': 'ITESM', 'subunit': 'Computer Science Department, Campus Estado de México', 'location': 'Atizapán, Estado de México, México', 'full_affiliation': 'Computer Science Department, ITESM Campus Estado de México Apdo. Postal 50, Módulo de Servicio Postal Campus Edo. de México del ITESM, 52926 Atizapán, Edo. de México, México'}, {'name': 'Alan Bundy', 'institution': 'The University of Edinburgh', 'subunit': 'Division of Informatics', 'location': 'Edinburgh, Scotland, U.K', 'full_affiliation': 'Division of Informatics, The University of Edinburgh, 80 South Bridge, EH1 1HN, Scotland, U.K'}, {'name': 'Ian Green', 'institution': 'The University of Edinburgh', 'subunit': 'Division of Informatics', 'location': 'Edinburgh, Scotland, U.K', 'full_affiliation': 'Division of Informatics, The University of Edinburgh, 80 South Bridge, EH1 1HN, Scotland, U.K'}]",2000_001_0000.png
Knowledge Representation Using High-Level Non-monotonic Reasoning,Knowledge Representation & Reasoning,"[{'name': 'Mauricio Osorio', 'institution': 'Universidad de las Americas', 'subunit': 'Departamento de Ingenieria en Sistemas Computacionales', 'location': 'Sta. Catarina Martir, Cholula, Puebla, Mexico', 'full_affiliation': 'Universidad de las Americas, Departamento de Ingenieria en Sistemas Computacionales, Sta. Catarina Martir, Cholula 72820 Puebla, Mexico'}, {'name': 'Juan Carlos Nieves', 'institution': 'Universidad de las Americas', 'subunit': 'Departamento de Ingenieria en Sistemas Computacionales', 'location': 'Sta. Catarina Martir, Cholula, Puebla, Mexico', 'full_affiliation': 'Universidad de las Americas, Departamento de Ingenieria en Sistemas Computacionales, Sta. Catarina Martir, Cholula 72820 Puebla, Mexico'}, {'name': 'Fernando Zacarias', 'institution': 'Benemerita Universidad Autonoma de Puebla', 'subunit': 'Facultad de ciencias de la computación', 'location': 'Puebla, Mexico', 'full_affiliation': 'Benemerita Universidad Autonoma de Puebla, Facultad de ciencias de la computación, 75570 Puebla, Mexico.'}, {'name': 'Erika Saucedo', 'institution': 'Instituto Tecnológico y de Estudios Superiores de Monterrey', 'subunit': 'CEM, Departamento de Ingenieria y Ciencias', 'location': 'Atizapan de Zaragoza, Edo. de Mexico', 'full_affiliation': 'Instituto Tecnológico y de Estudios Superiores de Monterrey, CEM, Departamento de Ingenieria y Ciencias Atizapan de Zaragoza, Edo. de Mexico.'}]",2000_001_0001.png
Experiments on Information Retrieval Using Case-Based Reasoning,Knowledge Representation & Reasoning,"[{'name': 'Carlos Ramirez', 'institution': 'ITESM', 'subunit': 'Campus Querétaro', 'location': 'Querétaro, Qro. México', 'full_affiliation': 'ITESM Campus Querétaro\nEpigmenio Gonzalez 500, San Pablo, Querétaro, Qro. México'}]",2000_001_0002.png
A Probabilistic Exemplar-Based Model for Case-Based Reasoning,Probabilistic & Statistical Reasoning,"[{'name': 'Andrés F. Rodríguez', 'institution': 'Instituto de Investigaciones Eléctricas', 'subunit': '', 'location': 'Cuernavaca, Mor., México', 'full_affiliation': 'Instituto de Investigaciones Eléctricas AP 475, Cuernavaca, Mor. México'}, {'name': 'Sunil Vadera', 'institution': 'University of Salford', 'subunit': 'School of Sciences', 'location': 'Salford, UK', 'full_affiliation': 'School of Sciences, University of Salford Salford, M5 4WT, UK'}, {'name': 'L. Enrique Sucar', 'institution': 'ITESM', 'subunit': 'Departamento de Computación, Campus Morelos', 'location': 'Cuernavaca, Mor., México', 'full_affiliation': 'Departamento de Computación, ITESM - Campus Morelos AP C-99, Cuernavaca, Mor., 62020, México'}]",2000_001_0003.png
Intensification and Diversification Strategies with Tabu Search: One-Machine Problem with Weighted Tardiness Objective,Heuristic Search & Optimization,"[{'name': 'Ricardo P. Beausoleil', 'institution': 'Institute of Cybernetics Mathematics and Physics', 'subunit': 'Department of Optimization', 'location': 'Havana, Cuba', 'full_affiliation': 'Institute of Cybernetics Mathematics and Physics Department of Optimization, City of Havana, Havana p.c. 10400,Cuba'}]",2000_001_0004.png
A Methodology to Parallel the Temperature Cycle in Simulated Annealing,Heuristic Search & Optimization,"[{'name': 'Héctor Sanvicente Sánchez', 'institution': 'IMTA', 'subunit': '', 'location': 'Jiutepec, Morelos, México', 'full_affiliation': 'IMTA, Paseo Cuauhnahuac 8532, Col Progreso, C.P. 62550, Jiutepec, Morelos, México'}, {'name': 'Juan Frausto Solís', 'institution': 'ITESM', 'subunit': 'Campus Morelos', 'location': 'Cuernavaca, Morelos, México', 'full_affiliation': 'ITESM Campus Morelos, Reforma 182-A, Col. Lomas de Cuernavaca, A.P. 99-C, Cuernavaca, Morelos, México'}]",2000_001_0005.png
Vertical Fragmentation and Allocation in Distributed Databases with Site Capacity Restrictions Using the Threshold Accepting Algorithm,Heuristic Search & Optimization,"[{'name': 'Joaquín Pérez', 'institution': 'Instituto de Investigaciones Eléctricas | Centro Nacional de Investigación y Desarrollo Tecnológico', 'subunit': '', 'location': '', 'full_affiliation': 'Instituto de Investigaciones Eléctricas | Centro Nacional de Investigación y Desarrollo Tecnológico'}, {'name': 'Rodolfo Pazos', 'institution': 'Centro Nacional de Investigación y Desarrollo Tecnológico', 'subunit': '', 'location': '', 'full_affiliation': 'Centro Nacional de Investigación y Desarrollo Tecnológico'}, {'name': 'Juan Frausto', 'institution': 'ITESM', 'subunit': 'Campus Morelos', 'location': '', 'full_affiliation': 'ITESM Campus Morelos'}, {'name': 'David Romero', 'institution': 'UNAM', 'subunit': 'Instituto de Matemáticas', 'location': '', 'full_affiliation': 'Instituto de Matemáticas, UNAM'}, {'name': 'Laura Cruz', 'institution': 'Instituto Tecnológico de Cd. Madero', 'subunit': '', 'location': '', 'full_affiliation': 'Instituto Tecnológico de Cd. Madero'}]",2000_001_0006.png
A Practical Approach for Logic Program Analysis and Transformation,Logic & Automated Reasoning,"[{'name': 'Wamberto Weber-Vasconcelos', 'institution': 'Universidade Estadual do Ceará', 'subunit': 'Departamento de Estatística e Computação', 'location': 'Fortaleza, Ceará, Brazil', 'full_affiliation': 'Departamento de Estatística e Computação, Universidade Estadual do Ceará, Av. Paranjana, 1700 – 60.740-000 Fortaleza Ceará, Brazil'}, {'name': 'Eudenia Xavier Meneses', 'institution': 'Universidade Estadual do Ceará', 'subunit': 'Departamento de Estatística e Computação', 'location': 'Fortaleza, Ceará, Brazil', 'full_affiliation': 'Departamento de Estatística e Computação, Universidade Estadual do Ceará, Av. Paranjana, 1700 – 60.740-000 Fortaleza Ceará, Brazil'}]",2000_001_0007.png
Experiments in Answer Sets Planning (Extended Abstract),Knowledge Representation & Reasoning,"[{'name': 'M. Balduccini', 'institution': ""Università degli Studi dell'Insubria | Università degli Studi di Milano"", 'subunit': 'Centro di ricerca “Informatica Interattiva” | Dipartimento di Scienze dell’Informazione', 'location': 'Varese, Italy | Milano, Italy', 'full_affiliation': 'Centro di ricerca “Informatica Interattiva”, Università degli Studi dell’Insubria a Varese, Italy. Dipartimento di Scienze dell’Informazione, Università degli Studi di Milano, Italy.'}, {'name': 'G. Brignoli', 'institution': ""Università degli Studi dell'Insubria | Università degli Studi di Milano"", 'subunit': 'Centro di ricerca “Informatica Interattiva” | Dipartimento di Scienze dell’Informazione', 'location': 'Varese, Italy | Milano, Italy', 'full_affiliation': 'Centro di ricerca “Informatica Interattiva”, Università degli Studi dell’Insubria a Varese, Italy. Dipartimento di Scienze dell’Informazione, Università degli Studi di Milano, Italy.'}, {'name': 'G.A. Lanzarone', 'institution': ""Università degli Studi dell'Insubria | Università degli Studi di Milano"", 'subunit': 'Centro di ricerca “Informatica Interattiva” | Dipartimento di Scienze dell’Informazione', 'location': 'Varese, Italy | Milano, Italy', 'full_affiliation': 'Centro di ricerca “Informatica Interattiva”, Università degli Studi dell’Insubria a Varese, Italy. Dipartimento di Scienze dell’Informazione, Università degli Studi di Milano, Italy.'}, {'name': 'F. Magni', 'institution': ""Università degli Studi dell'Insubria | Università degli Studi di Milano"", 'subunit': 'Centro di ricerca “Informatica Interattiva” | Dipartimento di Scienze dell’Informazione', 'location': 'Varese, Italy | Milano, Italy', 'full_affiliation': 'Centro di ricerca “Informatica Interattiva”, Università degli Studi dell’Insubria a Varese, Italy. Dipartimento di Scienze dell’Informazione, Università degli Studi di Milano, Italy.'}, {'name': 'A. Provetti', 'institution': ""Università degli Studi dell'Insubria | Università degli Studi di Milano"", 'subunit': 'Centro di ricerca “Informatica Interattiva” | Dipartimento di Scienze dell’Informazione', 'location': 'Varese, Italy | Milano, Italy', 'full_affiliation': 'Centro di ricerca “Informatica Interattiva”, Università degli Studi dell’Insubria a Varese, Italy. Dipartimento di Scienze dell’Informazione, Università degli Studi di Milano, Italy.'}]",2000_001_0008.png
Competitive Learning Methods for Efficient Vector Quantizations in a Speech Recognition Environment,Neural Networks & Deep Learning,"[{'name': 'F. Curatelli', 'institution': 'University of Genova', 'subunit': 'DIBE', 'location': 'Genova, Italy', 'full_affiliation': 'DIBE – University of Genova, Via Opera Pia 11A, 16145, Genova, Italy'}, {'name': 'O. Mayora-Ibarra', 'institution': 'University of Genova', 'subunit': 'DIBE', 'location': 'Genova, Italy', 'full_affiliation': 'DIBE – University of Genova, Via Opera Pia 11A, 16145, Genova, Italy'}]",2000_001_0009.png
Facial Expression Recognition and Modeling for Virtual Intelligent Tutoring Systems,Computer Vision,"[{'name': 'Homero V. Ríos', 'institution': 'Laboratorio Nacional de Informática Avanzada, A.C.', 'subunit': '', 'location': 'Xalapa, Veracruz, México', 'full_affiliation': 'Laboratorio Nacional de Informática Avanzada, A.C. Rébsamen 80, c.p. 91090, Xalapa, Veracruz, México'}, {'name': 'Ana Luisa Solís', 'institution': 'Universidad Nacional Autónoma de México', 'subunit': 'Departamento de Matemáticas, Facultad de Ciencias', 'location': '', 'full_affiliation': 'Departamento de Matemáticas, Facultad de Ciencias, Universidad Nacional Autónoma de México'}, {'name': 'Emilio Aguirre', 'institution': 'Laboratorio Nacional de Informática Avanzada, A.C.', 'subunit': '', 'location': 'Xalapa, Veracruz, México', 'full_affiliation': 'Laboratorio Nacional de Informática Avanzada, A.C. Rébsamen 80, c.p. 91090, Xalapa, Veracruz, México'}, {'name': 'Lourdes Guerrero', 'institution': 'Universidad Nacional Autónoma de México', 'subunit': 'Departamento de Matemáticas, Facultad de Ciencias', 'location': '', 'full_affiliation': 'Departamento de Matemáticas, Facultad de Ciencias, Universidad Nacional Autónoma de México'}, {'name': 'Joaquín Peña', 'institution': 'Laboratorio Nacional de Informática Avanzada, A.C.', 'subunit': '', 'location': 'Xalapa, Veracruz, México', 'full_affiliation': 'Laboratorio Nacional de Informática Avanzada, A.C. Rébsamen 80, c.p. 91090, Xalapa, Veracruz, México'}, {'name': 'Alberto Santamaría', 'institution': 'Laboratorio Nacional de Informática Avanzada, A.C.', 'subunit': '', 'location': 'Xalapa, Veracruz, México', 'full_affiliation': 'Laboratorio Nacional de Informática Avanzada, A.C. Rébsamen 80, c.p. 91090, Xalapa, Veracruz, México'}]",2000_001_0010.png
Detection and Tracking of Facial Features in Video Sequences,Computer Vision,"[{'name': 'Rogério Schmidt Feris', 'institution': 'University of São Paulo', 'subunit': 'CreatiVision - Creative Vision Research Group, Department of Computer Science, DCC-IME-USP', 'location': 'São Paulo, SP, Brazil', 'full_affiliation': 'CreatiVision - Creative Vision Research Group\nDepartment of Computer Science\nDCC-IME-USP, University of São Paulo\nRua do Matão, 1010, São Paulo, SP, 05508-900, Brazil'}, {'name': 'Teófilo Emídio de Campos', 'institution': 'University of São Paulo', 'subunit': 'CreatiVision - Creative Vision Research Group, Department of Computer Science, DCC-IME-USP', 'location': 'São Paulo, SP, Brazil', 'full_affiliation': 'CreatiVision - Creative Vision Research Group\nDepartment of Computer Science\nDCC-IME-USP, University of São Paulo\nRua do Matão, 1010, São Paulo, SP, 05508-900, Brazil'}, {'name': 'Roberto Marcondes Cesar Junior', 'institution': 'University of São Paulo', 'subunit': 'CreatiVision - Creative Vision Research Group, Department of Computer Science, DCC-IME-USP', 'location': 'São Paulo, SP, Brazil', 'full_affiliation': 'CreatiVision - Creative Vision Research Group\nDepartment of Computer Science\nDCC-IME-USP, University of São Paulo\nRua do Matão, 1010, São Paulo, SP, 05508-900, Brazil'}]",2000_001_0011.png
An Application of Behavior-Based Architecture for Mobile Robots Design,Robotics,"[{'name': 'Sergio Uribe-Gutierrez', 'institution': 'ITESM', 'subunit': 'Centro de Inteligencia Artificial, Campus Monterrey', 'location': 'Monterrey, N.L., MEXICO', 'full_affiliation': 'Centro de Inteligencia Artificial, ITESM Campus Monterrey, Ave. Eugenio Garza Sada 2501, Monterrey, N.L. 64849 MEXICO'}, {'name': 'Horacio Martinez-Alfaro', 'institution': 'ITESM', 'subunit': 'Centro de Inteligencia Artificial, Campus Monterrey', 'location': 'Monterrey, N.L., MEXICO', 'full_affiliation': 'Centro de Inteligencia Artificial, ITESM Campus Monterrey, Ave. Eugenio Garza Sada 2501, Monterrey, N.L. 64849 MEXICO'}]",2000_001_0012.png
Cooperative Simulated Annealing for Path Planning in Multi-robot Systems,Robotics,"[{'name': 'Gildardo Sánchez-Ante', 'institution': 'ITESM', 'subunit': 'Department of Computer Science, Campus Morelos', 'location': 'Cuernavaca, Morelos, MEXICO', 'full_affiliation': 'Department of Computer Science\nITESM Campus Morelos\nAv. Paseo de la Reforma 182-A\nCuernavaca, Morelos, 62589\nMEXICO'}, {'name': 'Fernando Ramos', 'institution': 'ITESM', 'subunit': 'Department of Computer Science, Campus Morelos', 'location': 'Cuernavaca, Morelos, MEXICO', 'full_affiliation': 'Department of Computer Science\nITESM Campus Morelos\nAv. Paseo de la Reforma 182-A\nCuernavaca, Morelos, 62589\nMEXICO'}, {'name': 'Juan Frausto', 'institution': 'ITESM', 'subunit': 'Department of Computer Science, Campus Morelos', 'location': 'Cuernavaca, Morelos, MEXICO', 'full_affiliation': 'Department of Computer Science\nITESM Campus Morelos\nAv. Paseo de la Reforma 182-A\nCuernavaca, Morelos, 62589\nMEXICO'}]",2000_001_0013.png
Learning Probabilistic Grid-Based Maps for Indoor Mobile Robots Using Ultrasonic and Laser Range Sensors,Robotics,"[{'name': 'Leonardo Romero', 'institution': 'ITESM', 'subunit': 'Campus Morelos', 'location': 'Temixco, Morelos, Mexico', 'full_affiliation': 'ITESM, Campus Morelos, Temixco, Morelos, 62589, Mexico'}, {'name': 'Eduardo Morales', 'institution': 'ITESM', 'subunit': 'Campus Morelos', 'location': 'Temixco, Morelos, Mexico', 'full_affiliation': 'ITESM, Campus Morelos, Temixco, Morelos, 62589, Mexico'}, {'name': 'Enrique Sucar', 'institution': 'ITESM', 'subunit': 'Campus Morelos', 'location': 'Temixco, Morelos, Mexico', 'full_affiliation': 'ITESM, Campus Morelos, Temixco, Morelos, 62589, Mexico'}]",2000_001_0014.png
Evolving Insect Locomotion Using Cooperative Genetic Programming,Bio-inspired & Evolutionary Computing,"[{'name': 'Edgar E. Vallejo', 'institution': 'ITESM', 'subunit': 'Computer Science Department, Campus Estado de México', 'location': 'Atizapán, Edo. México, México', 'full_affiliation': 'Computer Science Department, ITESM Campus Estado de México Apdo. Postal 50, Módulo de Servicio Postal Campus Estado de México del ITESM, 52926 Atizapán, Edo. México, México'}, {'name': 'Fernando Ramos', 'institution': 'ITESM', 'subunit': 'Graduate School of Informatics, Campus Morelos', 'location': 'Cuernavaca, Morelos, México', 'full_affiliation': 'Graduate School of Informatics, ITESM Campus Morelos Ave. Paseo de la Reforma 182 Col. Lomas de Cuernavaca, 62589 Cuernavaca, Morelos, México'}]",2000_001_0015.png
On the Minimal Cooperative Attitude in Multi-robotics Systems,Robotics,"[{'name': 'Giovani Gómez', 'institution': 'ITESM', 'subunit': 'Department of Computer Science, Campus Morelos', 'location': 'Cuernavaca, Morelos, México', 'full_affiliation': 'Department of Computer Science. ITESM Campus Morelos. Ap. Postal C-99 62050, Cuernavaca, Morelos. México.'}, {'name': 'Fernando Ramos', 'institution': 'ITESM', 'subunit': 'Department of Computer Science, Campus Morelos', 'location': 'Cuernavaca, Morelos, México', 'full_affiliation': 'Department of Computer Science. ITESM Campus Morelos. Ap. Postal C-99 62050, Cuernavaca, Morelos. México.'}]",2000_001_0016.png
Eigenfaces Versus Eigeneyes: First Steps Toward Performance Assessment of Representations for Face Recognition,Computer Vision,"[{'name': 'Teófilo Emídio de Campos', 'institution': 'University of São Paulo', 'subunit': 'CreatiVision - Creativision Research Group, Department of Computer Science, DCC-IME-USP', 'location': 'São Paulo, SP, Brazil', 'full_affiliation': 'CreatiVision - Creativision Research Group, Department of Computer Science, DCC-IME-USP, University of São Paulo, Rua do Matão, 1010, São Paulo, SP, 05508-900, Brazil'}, {'name': 'Rogério Schmidt Feris', 'institution': 'University of São Paulo', 'subunit': 'CreatiVision - Creativision Research Group, Department of Computer Science, DCC-IME-USP', 'location': 'São Paulo, SP, Brazil', 'full_affiliation': 'CreatiVision - Creativision Research Group, Department of Computer Science, DCC-IME-USP, University of São Paulo, Rua do Matão, 1010, São Paulo, SP, 05508-900, Brazil'}, {'name': 'Roberto Marcondes Cesar Junior', 'institution': 'University of São Paulo', 'subunit': 'CreatiVision - Creativision Research Group, Department of Computer Science, DCC-IME-USP', 'location': 'São Paulo, SP, Brazil', 'full_affiliation': 'CreatiVision - Creativision Research Group, Department of Computer Science, DCC-IME-USP, University of São Paulo, Rua do Matão, 1010, São Paulo, SP, 05508-900, Brazil'}]",2000_001_0017.png
A Neurocontrol Scheme of a 2-DOF Manipulator Using CMAC,Neural Networks & Deep Learning,"[{'name': 'Raúl Leal Ascencio', 'institution': 'Instituto Tecnológico de Estudios Superiores de Occidente, ITESO', 'subunit': 'Depto. de Electrónica, Sistemas e Informática', 'location': 'Tlaquepaque Jal., México', 'full_affiliation': 'Depto. de Electrónica, Sistemas e Informática\nInstituto Tecnológico de Estudios Superiores de Occidente, ITESO,\nTlaquepaque Jal., 45090, México'}, {'name': 'Marco Perez Cisneros', 'institution': 'Instituto Tecnológico de Estudios Superiores de Occidente, ITESO', 'subunit': 'Depto. de Electrónica, Sistemas e Informática', 'location': 'Tlaquepaque Jal., México', 'full_affiliation': 'Depto. de Electrónica, Sistemas e Informática\nInstituto Tecnológico de Estudios Superiores de Occidente, ITESO,\nTlaquepaque Jal., 45090, México'}]",2000_001_0018.png
A New Approach for the Solution of Multiple Objective Optimization Problems Based on Reinforcement Learning,Reinforcement Learning,"[{'name': 'Carlos Mariano', 'institution': 'Instituto Mexicano de Tecnología del Agua', 'subunit': '', 'location': 'Jiutepec, Morelos, Mexico', 'full_affiliation': 'Instituto Mexicano de Tecnología del Agua, Paseo Cuauhnáhuac 8532, Jiutepec, Morelos, 62550, Mexico.'}, {'name': 'Eduardo Morales', 'institution': 'ITESM', 'subunit': 'Campus Morelos', 'location': 'Temixco, Morelos, Mexico', 'full_affiliation': 'ITESM – Campus Morelos, Paseo de la Reforma 182-A, Temixco, Morelos, 62589, Mexico,'}]",2000_001_0019.png
Automatic Extraction of Logic Program Transformations from Examples,Knowledge Representation & Reasoning,"[{'name': 'Wamberto Weber-Vasconcelos', 'institution': 'Universidade Estadual do Ceará', 'subunit': 'Departmento de Estatística e Computação', 'location': 'Ceará, Brazil', 'full_affiliation': 'Departmento de Estatística e Computação, Universidade Estadual do Ceará, Ceará, Brazil'}, {'name': 'Marcelo A.T. Aragão', 'institution': 'Banco Central do Brasil', 'subunit': 'Departmento de Informática', 'location': 'Brasília, Brazil', 'full_affiliation': 'Departmento de Informática, Banco Central do Brasil, Brasília, Brazil'}]",2000_001_0020.png
Modifications to the Credit Apportionment Mechanism of a Simple Classifier System,Bio-inspired & Evolutionary Computing,"[{'name': 'Carlos Zozaya-Gorostiza', 'institution': 'Instituto Tecnológico Autónomo de México', 'subunit': 'División Académica de Ingeniería', 'location': 'México D.F., México', 'full_affiliation': 'Instituto Tecnológico Autónomo de México, División Académica de Ingeniería, Río Hondo # 1, México D.F. 01000, México'}, {'name': 'David R. Orellana-Moyao', 'institution': 'Instituto Tecnológico Autónomo de México', 'subunit': 'División Académica de Ingeniería', 'location': 'México D.F., México', 'full_affiliation': 'Instituto Tecnológico Autónomo de México, División Académica de Ingeniería, Río Hondo # 1, México D.F. 01000, México'}]",2000_001_0021.png
A Framework for Interleaving Planning-while-Learning and Execution,Knowledge Representation & Reasoning,"[{'name': 'Marcello Balduccini', 'institution': ""Università degli Studi dell'Insubria"", 'subunit': 'Centro di Ricerca “Informatica Interattiva”', 'location': 'Varese, Italy', 'full_affiliation': ""Centro di Ricerca “Informatica Interattiva”\nUniversità degli Studi dell'Insubria\nvia Ravasi 2, I-21100 Varese (Italy)""}]",2000_001_0022.png
Integrated Reinforcement and Evolutionary Learning Algorithm: Application to Alife in a Shared World,Bio-inspired & Evolutionary Computing,"[{'name': 'Jianjun Yan', 'institution': 'Utsunomiya University', 'subunit': 'Computer Science Department, Faculty of Engineering', 'location': 'Utsunomiya, Japan', 'full_affiliation': 'Computer Science Department, Faculty of Engineering, Utsunomiya University, Utsunomiya 321-8585, Japan'}, {'name': 'Naoyuki Tokuda', 'institution': 'Utsunomiya University', 'subunit': 'Computer Science Department, Faculty of Engineering', 'location': 'Utsunomiya, Japan', 'full_affiliation': 'Computer Science Department, Faculty of Engineering, Utsunomiya University, Utsunomiya 321-8585, Japan'}, {'name': 'Juichi Miyamichi', 'institution': 'Utsunomiya University', 'subunit': 'Computer Science Department, Faculty of Engineering', 'location': 'Utsunomiya, Japan', 'full_affiliation': 'Computer Science Department, Faculty of Engineering, Utsunomiya University, Utsunomiya 321-8585, Japan'}]",2000_001_0023.png
RuLess: A Method for the Acquisition and Simplification of Rules,Hybrid AI & Expert Systems,"[{'name': 'Pablo R. de Buen Rodriguez', 'institution': 'Instituto de Investigaciones Eléctricas', 'subunit': '', 'location': 'Temixco, Mor., Mexico', 'full_affiliation': 'Instituto de Investigaciones Eléctricas, Av. Paseo de la Reforma 113, Temixco, Mor., 62490, Mexico; Tel. (7)318-38-11 ext.7797; Fax: (7)318-25-38; debuen@iie.org.mx'}, {'name': 'Eduardo F. Morales', 'institution': 'ITESM', 'subunit': 'Campus Morelos', 'location': 'Temixco, Mor., Mexico', 'full_affiliation': 'ITESM - Campus Morelos, Av. Paseo de la Reforma 182-A, Temixco, Mor., 62589, Mexico; emorales@campus.mor.itesm.mx'}, {'name': 'Sunil Vadera', 'institution': 'University of Salford', 'subunit': 'Department of Computer and Mathematical Sciences', 'location': 'Salford, UK', 'full_affiliation': 'Department of Computer and Mathematical Sciences, University of Salford, Salford, M5 4WT, UK; S.Vadera@cms.salford.ac.uk'}]",2000_001_0024.png
"Applying Reinforcement Learning to Improve MCOE, an Intelligent Learning Environment for Ecology",Reinforcement Learning,"[{'name': 'Daniel Antonio Callegari', 'institution': 'Pontifícia Universidade Católica do Rio Grande do Sul - PUCRS', 'subunit': 'Programa de Pós-Graduação em Ciência da Computação', 'location': 'Porto Alegre, RS, Brazil', 'full_affiliation': 'Pontifícia Universidade Católica do Rio Grande do Sul - PUCRS\nPrograma de Pós-Graduação em Ciência da Computação,\nAv. Ipiranga 6681 - prédio 16, Porto Alegre, RS - Brazil - 90610-900'}, {'name': 'Flávio Moreira de Oliveira', 'institution': 'Pontifícia Universidade Católica do Rio Grande do Sul - PUCRS', 'subunit': 'Programa de Pós-Graduação em Ciência da Computação', 'location': 'Porto Alegre, RS, Brazil', 'full_affiliation': 'Pontifícia Universidade Católica do Rio Grande do Sul - PUCRS\nPrograma de Pós-Graduação em Ciência da Computação,\nAv. Ipiranga 6681 - prédio 16, Porto Alegre, RS - Brazil - 90610-900'}]",2000_001_0025.png
Rapid Fine-Tuning of Computationally Intensive Classifiers,Supervised Machine Learning,"[{'name': 'Stefan Zemke', 'institution': 'Stockholm University/KTH', 'subunit': 'Department of Computer and Systems Sciences', 'location': 'Kista, Sweden', 'full_affiliation': 'Department of Computer and Systems Sciences\nStockholm University/KTH, Electrum 230, 164 40 Kista, Sweden'}]",2000_001_0026.png
Applying One-Sided Selection to Unbalanced Datasets,Supervised Machine Learning,"[{'name': 'Gustavo E.A.P.A. Batista', 'institution': 'Universidade de São Paulo', 'subunit': 'Instituto de Ciências Matemáticas de São Carlos | Silicon Graphics Brasil', 'location': 'São Carlos, SP, Brasil', 'full_affiliation': 'Instituto de Ciências Matemáticas de São Carlos, Universidade de São Paulo. Silicon Graphics Brasil.'}, {'name': 'Andre C.P.L.F. Carvalho', 'institution': 'Universidade de São Paulo', 'subunit': 'Instituto de Ciências Matemáticas de São Carlos', 'location': 'São Carlos, SP, Brasil', 'full_affiliation': 'Instituto de Ciências Matemáticas de São Carlos, Universidade de São Paulo.'}, {'name': 'Maria Carolina Monard', 'institution': 'Universidade de São Paulo', 'subunit': 'Instituto de Ciências Matemáticas de São Carlos/ILTC', 'location': 'São Carlos, SP, Brasil', 'full_affiliation': 'Instituto de Ciências Matemáticas de São Carlos, Universidade de São Paulo/ILTC. Av. Carlos Botelho, 1465. Caixa Postal 668. CEP 13560-970. São Carlos - SP. Brasil.'}]",2000_001_0027.png
NSL/ASL: Distributed Simulation of Modular Neural Networks,Neural Networks & Deep Learning,"[{'name': 'Alfredo Weitzenfeld', 'institution': 'Instituto Tecnológico Autónomo de México (ITAM)', 'subunit': 'Departamento Académico de Computación', 'location': 'México DF, MEXICO', 'full_affiliation': 'Departamento Académico de Computación\nInstituto Tecnológico Autónomo de México (ITAM)\nRío Hondo #1, San Angel Tizapán, CP 01000\nMéxico DF, MEXICO'}, {'name': 'Oscar Peguero', 'institution': 'Instituto Tecnológico Autónomo de México (ITAM)', 'subunit': 'Departamento Académico de Computación', 'location': 'México DF, MEXICO', 'full_affiliation': 'Departamento Académico de Computación\nInstituto Tecnológico Autónomo de México (ITAM)\nRío Hondo #1, San Angel Tizapán, CP 01000\nMéxico DF, MEXICO'}, {'name': 'Sebastián Gutiérrez', 'institution': 'Instituto Tecnológico Autónomo de México (ITAM)', 'subunit': 'Departamento Académico de Computación', 'location': 'México DF, MEXICO', 'full_affiliation': 'Departamento Académico de Computación\nInstituto Tecnológico Autónomo de México (ITAM)\nRío Hondo #1, San Angel Tizapán, CP 01000\nMéxico DF, MEXICO'}]",2000_001_0028.png
Dynamical Behavior of an Electronic Neuron of Commutation,Neural Networks & Deep Learning,"[{'name': 'A. Padrón', 'institution': 'UNAM', 'subunit': 'Laboratorio de Ingeniería Neuronal, Centro de Instrumentos', 'location': 'Coyoacán, México D.F., México', 'full_affiliation': 'Laboratorio de Ingeniería Neuronal, Centro de Instrumentos - UNAM Apartado Postal 70 - 186, Coyoacán, C. P. 04510, México D.F.'}, {'name': 'J. L. Pérez', 'institution': 'UNAM', 'subunit': 'Laboratorio de Ingeniería Neuronal, Centro de Instrumentos', 'location': 'Coyoacán, México D.F., México', 'full_affiliation': 'Laboratorio de Ingeniería Neuronal, Centro de Instrumentos - UNAM Apartado Postal 70 - 186, Coyoacán, C. P. 04510, México D.F.'}, {'name': 'A. Herrera', 'institution': 'UNAM', 'subunit': 'Laboratorio de Ingeniería Neuronal, Centro de Instrumentos', 'location': 'Coyoacán, México D.F., México', 'full_affiliation': 'Laboratorio de Ingeniería Neuronal, Centro de Instrumentos - UNAM Apartado Postal 70 - 186, Coyoacán, C. P. 04510, México D.F.'}, {'name': 'R. Prieto', 'institution': 'UNAM', 'subunit': 'Laboratorio de Ingeniería Neuronal, Centro de Instrumentos', 'location': 'Coyoacán, México D.F., México', 'full_affiliation': 'Laboratorio de Ingeniería Neuronal, Centro de Instrumentos - UNAM Apartado Postal 70 - 186, Coyoacán, C. P. 04510, México D.F.'}]",2000_001_0029.png
Training Neural Networks Using Non-standard Norms – Preliminary Results,Neural Networks & Deep Learning,"[{'name': 'Angel Kuri Morales', 'institution': 'Instituto Politécnico Nacional', 'subunit': 'Centro de Investigación en Computación', 'location': 'Zacatenco, México, D.F.', 'full_affiliation': 'Centro de Investigación en Computación\nInstituto Politécnico Nacional\nUnidad Profesional Adolfo López Mateos\nZacatenco\nMéxico 07738, D.F.'}]",2000_001_0030.png
Extending the Prediction Horizon in Dynamic Bandwidth Allocation for VBR Video Transport,Neural Networks & Deep Learning,"[{'name': 'Armando García-Rodríguez', 'institution': 'Lucent Technologies', 'subunit': '', 'location': '', 'full_affiliation': 'Lucent Technologies'}, {'name': 'Ramón M. Rodríguez-Dagnino', 'institution': 'ITESM', 'subunit': 'Centro de Electrónica y Telecomunicaciones', 'location': 'Monterrey, N.L., México', 'full_affiliation': 'ITESM, Centro de Electrónica y Telecomunicaciones, Sucursal de correos “J” C.P. 64849, Monterrey, N.L., México'}, {'name': 'Christos Douligeris', 'institution': 'University of Miami | University of Piraeus', 'subunit': 'Electrical and Computer Engineering', 'location': 'Coral Gables, FL, USA | Greece', 'full_affiliation': 'University of Miami, Electrical and Computer Engineering, Coral Gables, FL 33124 USA, christos@ece.miami.edu, and University of Piraeus, Greece'}]",2000_001_0031.png
A Procedure to Select the Vigilance Threshold for the ART2 for Supervised and Unsupervised Training,Neural Networks & Deep Learning,"[{'name': 'P. Rayón Villela', 'institution': 'Instituto Politécnico Nacional', 'subunit': 'Centro de Investigación en Computación', 'location': 'México, D.F., México', 'full_affiliation': 'Centro de Investigación en Computación-IPN\nU. Prof. Adolfo López Mateos, México, D.F. 07738, México'}, {'name': 'J. H. Sossa Azuela', 'institution': 'Instituto Politécnico Nacional', 'subunit': 'Centro de Investigación en Computación', 'location': 'México, D.F., México', 'full_affiliation': 'Centro de Investigación en Computación-IPN\nU. Prof. Adolfo López Mateos, México, D.F. 07738, México'}]",2000_001_0032.png
Investigation of the One-Armed Bandit by Neural Network,Neural Networks & Deep Learning,"[{'name': 'Frank C. Lin', 'institution': 'University of Maryland Eastern Shore', 'subunit': 'Dept. of Math and Computer Science', 'location': 'Princess Anne, MD, USA', 'full_affiliation': 'Dept. of Math and Computer Science\nUniversity of Maryland Eastern Shore\nPrincess Anne, MD 21853-1299'}, {'name': 'Xiaojiang Ju', 'institution': 'University of Maryland Eastern Shore', 'subunit': 'Dept. of Math and Computer Science', 'location': 'Princess Anne, MD, USA', 'full_affiliation': 'Dept. of Math and Computer Science\nUniversity of Maryland Eastern Shore\nPrincess Anne, MD 21853-1299'}]",2000_001_0033.png
Knowledge Base System for Diagnostic Assessment of Doppler Spectrogram,Hybrid AI & Expert Systems,"[{'name': 'B. Das', 'institution': 'Indian Institute of Technology', 'subunit': 'Dept of Electronics & ECE', 'location': 'Kharagpur, West Bengal, India', 'full_affiliation': 'Dept of Electronics & ECE, Indian Institute of Technology Kharagpur, West Bengal, India'}, {'name': 'S.K. Mitra', 'institution': 'EKO Heart Foundation', 'subunit': '', 'location': 'Calcutta, West Bengal, India', 'full_affiliation': 'EKO Heart Foundation Calcutta, West Bengal, India'}, {'name': 'S. Banerjee', 'institution': 'Indian Institute of Technology', 'subunit': 'Dept of Electronics & ECE', 'location': 'Kharagpur, West Bengal, India', 'full_affiliation': 'Dept of Electronics & ECE, Indian Institute of Technology Kharagpur, West Bengal, India'}]",2000_001_0034.png
Using Randomized Algorithms for Digital Mock-Up in Automotive Industry,Robotics,"[{'name': 'Benedikt Bietzker', 'institution': 'ISA Tools GmbH', 'subunit': '', 'location': 'Stuttgart, Germany', 'full_affiliation': 'ISA Tools GmbH, Vaihinger Straße 169, 70567 Stuttgart, Germany'}, {'name': 'Oliver Karch', 'institution': 'University of Würzburg', 'subunit': 'Department of Computer Science I', 'location': 'Würzburg, Germany', 'full_affiliation': 'Department of Computer Science I, University of Würzburg, Am Hubland, 97074 Würzburg, Germany'}, {'name': 'Hartmut Noltemeier', 'institution': 'University of Würzburg', 'subunit': 'Department of Computer Science I', 'location': 'Würzburg, Germany', 'full_affiliation': 'Department of Computer Science I, University of Würzburg, Am Hubland, 97074 Würzburg, Germany'}]",2000_001_0035.png
Risks Inside-Out,Hybrid AI & Expert Systems,"[{'name': 'Osvaldo Cairó', 'institution': 'Instituto Tecnológico Autónomo de México (ITAM)', 'subunit': 'Computer Science Department', 'location': 'Mexico City, Mexico', 'full_affiliation': 'Computer Science Department, Instituto Tecnológico Autónomo de México (ITAM), Mexico City, Mexico 01000'}, {'name': 'Julio Barreiro', 'institution': 'Universidad Nacional Autónoma de México (UNAM)', 'subunit': 'Computer Science Department', 'location': 'Mexico City, Mexico', 'full_affiliation': 'Computer Science Department, Universidad Nacional Autónoma de México (UNAM), Mexico City, Mexico 04510'}, {'name': 'Francisco Solsona', 'institution': 'Universidad Nacional Autónoma de México (UNAM)', 'subunit': 'Computer Science Department', 'location': 'Mexico City, Mexico', 'full_affiliation': 'Computer Science Department, Universidad Nacional Autónoma de México (UNAM), Mexico City, Mexico 04510'}]",2000_001_0036.png
"A Cooperative, Deductive, and Self-Adaptive Web Authoring Environment",Hybrid AI & Expert Systems,"[{'name': 'Dominique Decouchant', 'institution': 'Laboratoire “Logiciels, Systèmes, Réseaux”', 'subunit': '', 'location': 'Grenoble, France', 'full_affiliation': 'Laboratoire “Logiciels, Systèmes, Réseaux”, Grenoble, France'}, {'name': 'Ana María Martínez-Enríquez', 'institution': 'CINVESTAV-IPN', 'subunit': 'Sección de Computación, Departamento de Ingeniería Eléctrica', 'location': 'D. F., México', 'full_affiliation': 'Sección de Computación, Departamento de Ingeniería Eléctrica, CINVESTAV-IPN, D. F., México'}]",2000_001_0037.png
Definition of a General Conceptualization Method for the Expert Knowledge,Hybrid AI & Expert Systems,"[{'name': 'Almudena Sierra-Alonso', 'institution': 'Universidad Carlos III', 'subunit': 'Escuela Politécnica Superior', 'location': 'Leganés, Madrid, Spain', 'full_affiliation': 'Universidad Carlos III. Escuela Politécnica Superior. Avda. de la Universidad nº 30, 28911 Leganés, Madrid, Spain'}]",2000_001_0038.png
Segmenting the e-Commerce Market Using the Generative Topographic Mapping,Unsupervised Machine Learning,"[{'name': 'A. Vellido', 'institution': 'Liverpool John Moores University', 'subunit': 'School of Computing and Mathematical Sciences', 'location': 'Liverpool, UK', 'full_affiliation': 'School of Computing and Mathematical Sciences, Liverpool John Moores University, Byrom St. Liverpool L3 3AF, UK'}, {'name': 'P.J.G. Lisboa', 'institution': 'Liverpool John Moores University', 'subunit': 'School of Computing and Mathematical Sciences', 'location': 'Liverpool, UK', 'full_affiliation': 'School of Computing and Mathematical Sciences, Liverpool John Moores University, Byrom St. Liverpool L3 3AF, UK'}, {'name': 'K. Meehan', 'institution': 'Liverpool John Moores University', 'subunit': 'Business School', 'location': 'Liverpool, UK', 'full_affiliation': 'Business School, Liverpool John Moores University, 98 Mount Pleasant, Liverpool L3 5UZ, UK'}]",2000_001_0039.png
Designing a Fast Neuro-fuzzy System for Speech Noise Cancellation,Fuzzy Logic & Fuzzy Systems,"[{'name': 'Anna Esposito', 'institution': 'International Institute for Advanced Scientific Studies', 'subunit': 'IIASS', 'location': 'Vietri sul Mare, SA, Italy', 'full_affiliation': 'International Institute for Advanced Scientific Studies (IIASS) Via G. Pellegrino 19, 84019, Vietri sul Mare, SA, Italy'}, {'name': 'Eugène C. Ezin', 'institution': 'International Institute for Advanced Scientific Studies | Institut de Mathématiques et de Sciences Physiques', 'subunit': 'IIASS | IMSP', 'location': 'Vietri sul Mare, SA, Italy | Porto-Novo, Benin', 'full_affiliation': 'International Institute for Advanced Scientific Studies (IIASS) Via G. Pellegrino 19, 84019, Vietri sul Mare, SA, Italy | Institut de Mathématiques et de Sciences Physiques (IMSP) B.P. 613 Porto-Novo, Benin'}, {'name': 'Carlos A. Reyes-Garcia', 'institution': 'International Institute for Advanced Scientific Studies | Instituto Tecnologico de Apizaco-COSNET', 'subunit': 'IIASS | ', 'location': 'Vietri sul Mare, SA, Italy | Apizaco, Tlaxcala, Mexico', 'full_affiliation': 'International Institute for Advanced Scientific Studies (IIASS) Via G. Pellegrino 19, 84019, Vietri sul Mare, SA, Italy | Instituto Tecnologico de Apizaco-COSNET Apizaco, Tlaxcala, Mexico 90300'}]",2000_001_0040.png
Verification of Correct Pronunciation of Mexican Spanish Using Speech Technology,Natural Language Processing (NLP),"[{'name': 'Ingrid Kirschning', 'institution': 'Universidad de las Américas-Puebla', 'subunit': 'Tlatoa Speech Processing Group, ICT, CENTIA', 'location': 'Cholula, Pue., México', 'full_affiliation': 'Tlatoa Speech Processing Group, ICT, CENTIA**, Universidad de las Américas-Puebla. Sta. Catarina Mártir s/n, 72820 Cholula, Pue., México.'}, {'name': 'Nancy Aguas', 'institution': 'Universidad de las Américas-Puebla', 'subunit': 'Tlatoa Speech Processing Group, ICT, CENTIA', 'location': 'Cholula, Pue., México', 'full_affiliation': 'Tlatoa Speech Processing Group, ICT, CENTIA**, Universidad de las Américas-Puebla. Sta. Catarina Mártir s/n, 72820 Cholula, Pue., México.'}]",2000_001_0041.png
Explaining Abstract Data Types with Sentential and Diagrammatic Elements,Hybrid AI & Expert Systems,"[{'name': 'Agustin A. Araya', 'institution': 'California State University at San Jose', 'subunit': 'Dept. of Mathematics and Computer Science', 'location': 'San Jose, CA, USA', 'full_affiliation': 'Dept. of Mathematics and Computer Science\nCalifornia State University at San Jose\nSan Jose, CA 95192, USA'}, {'name': 'Jessica H. Chu', 'institution': 'California State University at San Jose', 'subunit': 'Dept. of Mathematics and Computer Science', 'location': 'San Jose, CA, USA', 'full_affiliation': 'Dept. of Mathematics and Computer Science\nCalifornia State University at San Jose\nSan Jose, CA 95192, USA'}]",2000_001_0042.png
Dialogue Structure Influence Over Anaphora Resolution*,Natural Language Processing (NLP),"[{'name': 'Patricio Martínez-Barco', 'institution': 'Universidad de Alicante', 'subunit': 'Departamento de Lenguajes y Sistemas Informáticos', 'location': 'Alicante, Spain', 'full_affiliation': 'Departamento de Lenguajes y Sistemas Informáticos\nUniversidad de Alicante\nCarretera de San Vicente del Raspeig - Alicante - Spain'}, {'name': 'Manuel Palomar', 'institution': 'Universidad de Alicante', 'subunit': 'Departamento de Lenguajes y Sistemas Informáticos', 'location': 'Alicante, Spain', 'full_affiliation': 'Departamento de Lenguajes y Sistemas Informáticos\nUniversidad de Alicante\nCarretera de San Vicente del Raspeig - Alicante - Spain'}]",2000_001_0043.png
Processing of Spanish Definite Descriptions*,Natural Language Processing (NLP),"[{'name': 'Rafael Muñoz', 'institution': 'Universidad de Alicante', 'subunit': 'Grupo de investigación en Procesamiento del Lenguaje y Sistemas de Información, Departamente de Lenguajes y Sistemas de Informáticos', 'location': 'Alicante, Spain', 'full_affiliation': 'Grupo de investigación en Procesamiento del Lenguaje y Sistemas de Información\nDepartamente de Lenguajes y Sistemas de Informáticos. Universidad de Alicante\nApartado 99. 03080 Alicante, Spain'}, {'name': 'Manuel Palomar', 'institution': 'Universidad de Alicante', 'subunit': 'Grupo de investigación en Procesamiento del Lenguaje y Sistemas de Información, Departamente de Lenguajes y Sistemas de Informáticos', 'location': 'Alicante, Spain', 'full_affiliation': 'Grupo de investigación en Procesamiento del Lenguaje y Sistemas de Información\nDepartamente de Lenguajes y Sistemas de Informáticos. Universidad de Alicante\nApartado 99. 03080 Alicante, Spain'}, {'name': 'Antonio Ferrández', 'institution': 'Universidad de Alicante', 'subunit': 'Grupo de investigación en Procesamiento del Lenguaje y Sistemas de Información, Departamente de Lenguajes y Sistemas de Informáticos', 'location': 'Alicante, Spain', 'full_affiliation': 'Grupo de investigación en Procesamiento del Lenguaje y Sistemas de Información\nDepartamente de Lenguajes y Sistemas de Informáticos. Universidad de Alicante\nApartado 99. 03080 Alicante, Spain'}]",2000_001_0044.png
Syntactic-Conceptual Analysis of Sentences in Spanish Using a Restricted Lexicon for Disambiguation,Natural Language Processing (NLP),"[{'name': 'Miguel Angel Ibarra Rivera', 'institution': 'Centro de Investigación Científica y de Educación Superior de Ensenada, CICESE', 'subunit': 'Computer Science Department', 'location': 'Ensenada, B.C., México', 'full_affiliation': 'Computer Science Department\nCentro de Investigación Científica y de Educación Superior de Ensenada, CICESE\nKm. 107 Carretera Tijuana-Ensenada, Ensenada, B.C., México'}, {'name': 'Jesús Favela Vara', 'institution': 'Centro de Investigación Científica y de Educación Superior de Ensenada, CICESE', 'subunit': 'Computer Science Department', 'location': 'Ensenada, B.C., México', 'full_affiliation': 'Computer Science Department\nCentro de Investigación Científica y de Educación Superior de Ensenada, CICESE\nKm. 107 Carretera Tijuana-Ensenada, Ensenada, B.C., México'}, {'name': 'Aurelio López-López', 'institution': 'Instituto Nacional de Astrofísica, Optica y Electrónica', 'subunit': 'Computer Systems Engineering Group', 'location': 'Puebla, Pue., México', 'full_affiliation': 'Computer Systems Engineering Group\nInstituto Nacional de Astrofísica, Optica y Electrónica\nApdo. Postal 51 y 216, 72000, Puebla, Pue., México'}]",2000_001_0045.png
Comparison of Conceptual Graphs,Knowledge Representation & Reasoning,"[{'name': 'Manuel Montes-y-Gómez', 'institution': 'National Polytechnic Institute (IPN)', 'subunit': 'Center for Computing Research (CIC)', 'location': 'Zacatenco, Mexico D.F., Mexico', 'full_affiliation': 'Center for Computing Research (CIC), National Polytechnic Institute (IPN), Av. Juan de Dios Bátiz, esq. Mendizabal, Zacatenco, 07738, Mexico D.F., Mexico'}, {'name': 'Alexander Gelbukh', 'institution': 'National Polytechnic Institute (IPN)', 'subunit': 'Center for Computing Research (CIC)', 'location': 'Zacatenco, Mexico D.F., Mexico', 'full_affiliation': 'Center for Computing Research (CIC), National Polytechnic Institute (IPN), Av. Juan de Dios Bátiz, esq. Mendizabal, Zacatenco, 07738, Mexico D.F., Mexico'}, {'name': 'Aurelio López-López', 'institution': 'INAOE', 'subunit': '', 'location': 'Tonantzintla, Puebla, México', 'full_affiliation': 'INAOE, Electronics, Luis Enrique Erro No. 1 Tonantzintla, Puebla, 72840 México'}]",2000_001_0046.png
Interaction of Purposeful Agents that Use Different Ontologies,Multi-Agent Systems & Distributed AI,"[{'name': 'Adolfo Guzmán', 'institution': 'Instituto Politécnico Nacional', 'subunit': 'Centro de Investigación en Computación (CIC)', 'location': 'Mexico City, Mexico', 'full_affiliation': 'Centro de Investigación en Computación (CIC), Instituto Politécnico Nacional (IPN). Mexico City'}, {'name': 'Jesús Olivares', 'institution': 'Instituto Politécnico Nacional', 'subunit': 'Centro de Investigación en Computación (CIC)', 'location': 'Mexico City, Mexico', 'full_affiliation': 'Centro de Investigación en Computación (CIC), Instituto Politécnico Nacional (IPN). Mexico City'}, {'name': 'Araceli Demetrio', 'institution': 'Instituto Politécnico Nacional', 'subunit': 'Centro de Investigación en Computación (CIC)', 'location': 'Mexico City, Mexico', 'full_affiliation': 'Centro de Investigación en Computación (CIC), Instituto Politécnico Nacional (IPN). Mexico City'}, {'name': 'Carmen Domínguez', 'institution': 'Instituto Politécnico Nacional', 'subunit': 'Centro de Investigación en Computación (CIC)', 'location': 'Mexico City, Mexico', 'full_affiliation': 'Centro de Investigación en Computación (CIC), Instituto Politécnico Nacional (IPN). Mexico City'}]",2000_001_0047.png
Multi-agent Adaptive Dynamic Programming,Reinforcement Learning,"[{'name': 'Snehasis Mukhopadhyay', 'institution': 'Indiana University Purdue University Indianapolis', 'subunit': 'Department of Computer and Information Science', 'location': 'Indianapolis, IN, USA', 'full_affiliation': 'Department of Computer and Information Science, SL280, 723W Michigan St., Indiana University Purdue University Indianapolis, Indianapolis, IN 46202 - 5132'}, {'name': 'Joby Varghese', 'institution': 'Indiana University Purdue University Indianapolis', 'subunit': 'Department of Computer and Information Science', 'location': 'Indianapolis, IN, USA', 'full_affiliation': 'Department of Computer and Information Science, SL280, 723W Michigan St., Indiana University Purdue University Indianapolis, Indianapolis, IN 46202 - 5132'}]",2000_001_0048.png
A New Generation of International Databases: A Multi-agent Inspired Approach to Integrate Different Theory-Driven Databases on Conflict Warning,Multi-Agent Systems & Distributed AI,"[{'name': 'Monica Lagazio', 'institution': 'University of Nottingham', 'subunit': 'School of Politics', 'location': 'Nottingham, UK', 'full_affiliation': 'University of Nottingham, School of Politics, Nottingham, NG7 2RD, UK'}, {'name': 'Evan Govender', 'institution': 'University of Nottingham', 'subunit': 'School of Mechanical, Materials, Manufacturing Engineering and Management', 'location': 'Nottingham, UK', 'full_affiliation': 'University of Nottingham, School of Mechanical, Materials, Manufacturing Engineering and Management, NG7 2RD, UK'}]",2000_001_0049.png
Intelligent Interface Agents Behavior Modeling,Multi-Agent Systems & Distributed AI,"[{'name': 'Jorge J. Gómez-Sanz', 'institution': 'Universidad Complutense', 'subunit': 'Departamento de Sistemas Informáticos y Programación', 'location': 'Madrid, Spain', 'full_affiliation': 'Departamento de Sistemas Informáticos y Programación, Universidad Complutense, Ciudad Universitaria s/n, 28040 Madrid, Spain'}, {'name': 'Juan Pavón', 'institution': 'Universidad Complutense', 'subunit': 'Departamento de Sistemas Informáticos y Programación', 'location': 'Madrid, Spain', 'full_affiliation': 'Departamento de Sistemas Informáticos y Programación, Universidad Complutense, Ciudad Universitaria s/n, 28040 Madrid, Spain'}, {'name': 'Francisco Garijo', 'institution': 'Telefonica I+D', 'subunit': '', 'location': 'Madrid, Spain', 'full_affiliation': 'Telefonica I+D, C/ Emilio Vargas 6, 28043 Madrid, Spain'}]",2000_001_0050.png
Memory Based Reasoning and Agents Adaptive Behavior,Multi-Agent Systems & Distributed AI,"[{'name': 'Ana S. Aguera', 'institution': 'Instituto de Investigaciones Eléctricas', 'subunit': '', 'location': 'Temixco, Morelos, México', 'full_affiliation': 'Instituto de Investigaciones Eléctricas Av. Reforma 113 Temixco, Morelos. México'}, {'name': 'Alejandro Guerra', 'institution': 'Universidad Veracruzana', 'subunit': 'Departamento de Inteligencia Artificial', 'location': 'Xalapa, Veracruz, México', 'full_affiliation': 'Departamento de Inteligencia Artificial Universidad Veracruzana Sebastián Camacho # 5 Xalapa, Veracruz México'}, {'name': 'Manuel Martínez', 'institution': 'Universidad Veracruzana', 'subunit': 'Departamento de Inteligencia Artificial', 'location': 'Xalapa, Veracruz, México', 'full_affiliation': 'Departamento de Inteligencia Artificial Universidad Veracruzana Sebastián Camacho # 5 Xalapa, Veracruz México'}]",2000_001_0051.png
A Model for Combination of External and Internal Stimuli in the Action Selection of an Autonomous Agent,Robotics,"[{'name': 'Pedro Pablo González Pérez', 'institution': 'UNAM', 'subunit': 'Instituto de Investigaciones Biomédicas | Instituto de Química', 'location': '', 'full_affiliation': 'Instituto de Investigaciones Biomédicas/UNAM | Instituto de Química/UNAM'}, {'name': 'José Negrete Martínez', 'institution': 'UNAM | UV', 'subunit': 'Instituto de Investigaciones Biomédicas | Maestría en Inteligencia Artificial', 'location': '', 'full_affiliation': 'Instituto de Investigaciones Biomédicas/UNAM | Maestría en Inteligencia Artificial/UV'}, {'name': 'Ariel Barreiro García', 'institution': 'ISCM-H', 'subunit': 'Centro de Cibernética Aplicada a la Medicina', 'location': '', 'full_affiliation': 'Centro de Cibernética Aplicada a la Medicina/ISCM-H'}, {'name': 'Carlos Gershenson García', 'institution': 'UNAM | Fundación Arturo Rosenblueth', 'subunit': 'Instituto de Química | Facultad de Filosofía y Letras', 'location': '', 'full_affiliation': 'Instituto de Química/UNAM | Fundación Arturo Rosenblueth | Facultad de Filosofía y Letras/UNAM'}]",2000_001_0052.png
Action Selection Properties in a Software Simulated Agent,Robotics,"[{'name': 'Carlos Gershenson García', 'institution': 'UNAM', 'subunit': 'Instituto de Química | Fundación Arturo Rosenblueth | Facultad de Filosofía y Letras', 'location': '', 'full_affiliation': 'Instituto de Química/UNAM | Fundación Arturo Rosenblueth | Facultad de Filosofía y Letras/UNAM'}, {'name': 'Pedro Pablo González Pérez', 'institution': 'UNAM', 'subunit': 'Instituto de Investigaciones Biomédicas | Instituto de Química', 'location': '', 'full_affiliation': 'Instituto de Investigaciones Biomédicas/UNAM | Instituto de Química/UNAM'}, {'name': 'José Negrete Martínez', 'institution': 'UNAM | UV', 'subunit': 'Instituto de Investigaciones Biomédicas | Maestría en Inteligencia Artificial', 'location': '', 'full_affiliation': 'Instituto de Investigaciones Biomédicas/UNAM | Maestría en Inteligencia Artificial/UV'}]",2000_001_0053.png
MultiAgent Planning: A Resource Based Approach,Multi-Agent Systems & Distributed AI,"[{'name': 'José Juan Palacios Pérez', 'institution': 'Universidad Autónoma de Puebla', 'subunit': 'Faculty of Computer Sciences', 'location': 'México', 'full_affiliation': 'Faculty of Computer Sciences,\nB. Universidad Autónoma de Puebla, México'}]",2000_001_0054.png
Generation of a Personal Qualitative Assessment Instrument Using a Fuzzy Expert System,Fuzzy Logic & Fuzzy Systems,"[{'name': 'A.M. Martínez-Enríquez', 'institution': 'CINVESTAV-IPN', 'subunit': 'Sección de Computación, Departamento de Ingeniería Eléctrica', 'location': '', 'full_affiliation': 'Sección de Computación, Departamento de Ingeniería Eléctrica, CINVESTAV-IPN'}, {'name': 'O.R. Sereno-Peñaloza', 'institution': 'CINVESTAV-IPN', 'subunit': 'Sección de Computación, Departamento de Ingeniería Eléctrica', 'location': '', 'full_affiliation': 'Sección de Computación, Departamento de Ingeniería Eléctrica, CINVESTAV-IPN'}]",2000_001_0055.png
Probabilistic Model-Based Diagnosis,Probabilistic & Statistical Reasoning,"[{'name': 'Pablo H. Ibargüengoytia', 'institution': 'Instituto de Investigaciones Eléctricas', 'subunit': '', 'location': 'Temixco, Mor., México', 'full_affiliation': 'Instituto de Investigaciones Eléctricas Av. Reforma 113, Temixco, Mor., 62490, México'}, {'name': 'L. Enrique Sucar', 'institution': 'ITESM', 'subunit': 'Campus Morelos', 'location': 'Temixco, Mor., México', 'full_affiliation': 'ITESM - Campus Morelos Paseo de la Reforma 182-A, Temixco, Mor., 62589, México'}, {'name': 'Eduardo Morales', 'institution': 'ITESM', 'subunit': 'Campus Morelos', 'location': 'Temixco, Mor., México', 'full_affiliation': 'ITESM - Campus Morelos Paseo de la Reforma 182-A, Temixco, Mor., 62589, México'}]",2000_001_0056.png
Instance Metrics Improvement by Probabilistic Support,Natural Language Processing (NLP),"[{'name': 'Héctor Jiménez', 'institution': 'Universidad Autónoma de Puebla', 'subunit': 'Facultad de Ciencias Físico-Matemáticas', 'location': '', 'full_affiliation': 'Facultad de Ciencias Físico-Matemáticas\nUniversidad Autónoma de Puebla'}, {'name': 'Guillermo Morales', 'institution': 'Instituto Politécnico Nacional', 'subunit': 'Centro de Investigación y Estudios Avanzados', 'location': '', 'full_affiliation': 'Centro de Investigación y Estudios Avanzados del IPN'}]",2000_001_0057.png
EDAS – Event-Disturbance Analysis System for Fossil Power Plants Operation,Probabilistic & Statistical Reasoning,"[{'name': 'G. Arroyo-Figueroa', 'institution': 'Instituto de Investigaciones Eléctricas', 'subunit': '', 'location': 'Cuernavaca, Morelos, Mexico', 'full_affiliation': 'Instituto de Investigaciones Eléctricas AP 475-1, 62001 Cuernavaca, Morelos, Mexico'}, {'name': 'L. Enrique Sucar', 'institution': 'ITESM', 'subunit': 'Campus Morelos', 'location': 'Cuernavaca, Morelos, Mexico', 'full_affiliation': 'ITESM Campus Morelos AP C-99, 62020 Cuernavaca, Morelos, Mexico'}]",2000_001_0058.png
A Complete Teamwork Model in a Dynamic Environment,Multi-Agent Systems & Distributed AI,"[{'name': 'M. Goyal', 'institution': 'The University of New South Wales', 'subunit': 'Department of Information Engineering, School of Computer Science and Engineering', 'location': 'Sydny 2052, Australia', 'full_affiliation': 'Department of Information Engineering\nSchool of Computer Science and Engineering\nThe University of New South Wales\nSydny 2052 Australia'}, {'name': 'N. Parameswaran', 'institution': 'The University of New South Wales', 'subunit': 'Department of Information Engineering, School of Computer Science and Engineering', 'location': 'Sydny 2052, Australia', 'full_affiliation': 'Department of Information Engineering\nSchool of Computer Science and Engineering\nThe University of New South Wales\nSydny 2052 Australia'}]",2000_001_0059.png
Towards a Personalized Web-Based Educational System,Hybrid AI & Expert Systems,"[{'name': 'J. G. Boticario', 'institution': 'Spanish National University for Distance Education (U.N.E.D.)', 'subunit': 'Dpto. de Inteligencia Artificial', 'location': 'Madrid, Spain', 'full_affiliation': 'Dpto. de Inteligencia Artificial\nSpanish National University for Distance Education (U.N.E.D.)\nSenda del Rey, 9\nMadrid, Spain'}, {'name': 'E. Gaudioso', 'institution': 'Spanish National University for Distance Education (U.N.E.D.)', 'subunit': 'Dpto. de Inteligencia Artificial', 'location': 'Madrid, Spain', 'full_affiliation': 'Dpto. de Inteligencia Artificial\nSpanish National University for Distance Education (U.N.E.D.)\nSenda del Rey, 9\nMadrid, Spain'}]",2000_001_0060.png
CASSIEL: Modeling Intelligent Agents for a Lifelong Learning Environment,Multi-Agent Systems & Distributed AI,"[{'name': 'Gerardo Ayala', 'institution': 'Universidad de las Américas-Puebla', 'subunit': 'CENTIA', 'location': 'Cholula, Puebla, México', 'full_affiliation': 'CENTIA*, Universidad de las Américas-Puebla. Sta. Catarina Mártir s/n, 72820 Cholula, Pue., México.'}, {'name': 'Arlette Hernández', 'institution': 'Universidad de las Américas-Puebla', 'subunit': 'CENTIA', 'location': 'Cholula, Puebla, México', 'full_affiliation': 'CENTIA*, Universidad de las Américas-Puebla. Sta. Catarina Mártir s/n, 72820 Cholula, Pue., México.'}]",2000_001_0061.png
Adapting the Messy Genetic Algorithm for Path Planning in Redundant and Non-redundant Manipulators,Bio-inspired & Evolutionary Computing,"[{'name': 'Victor de la Cueva', 'institution': 'ITESM', 'subunit': 'Campus Veracruz, División de Profesional', 'location': 'Córdoba, Ver., Mexico', 'full_affiliation': 'ITESM Campus Veracruz, División de Profesional, Av. Eugenio Garza Sada 1, Ex Campo de Golf Ruiz Galindo, C.P. 94500, Córdoba, Ver., Mexico'}, {'name': 'Fernando Ramos', 'institution': 'ITESM', 'subunit': 'Campus Cuernavaca, División de Ingeniería y Ciencias', 'location': 'Cuernavaca, Mor., México', 'full_affiliation': 'ITESM Campus Cuernavaca, División de Ingeniería y Ciencias, Av. Paseo de la Reforma 182-A, Col. Lomas de Cuernavaca, C.P. 62589, Cuernavaca, Mor., México'}]",2002_002_0000.png
Path Planning Using a Single-Query Bi-directional Lazy Collision Checking Planner,Robotics,"[{'name': 'Gildardo Sánchez-Ante', 'institution': 'ITESM', 'subunit': 'Dept. of Computer Science, Campus Guadalajara', 'location': 'Zapopan, Jalisco, Mexico', 'full_affiliation': 'Dept. of Computer Science\nITESM Campus Guadalajara\nAv. Gral. Ramon Corona 2514\nZapopan, Jalisco, 45140\nMEXICO'}]",2002_002_0001.png
Feature Matching Using Accumulation Spaces,Computer Vision,"[{'name': 'Jesús A. Martínez Nuño', 'institution': 'Instituto Politécnico Nacional', 'subunit': 'Centro de Investigación en Computación', 'location': 'México, D.F.', 'full_affiliation': 'Centro de Investigación en Computación - IPN Av. Juan de Dios Bátiz s/n, Esq. Miguel Othón de Mendizábal UPALM-IPN Zacatenco, México. D.F.C.P. 07738'}, {'name': 'Juan Humberto Sossa Azuela', 'institution': 'Instituto Politécnico Nacional', 'subunit': 'Centro de Investigación en Computación', 'location': 'México, D.F.', 'full_affiliation': 'Centro de Investigación en Computación - IPN Av. Juan de Dios Bátiz s/n, Esq. Miguel Othón de Mendizábal UPALM-IPN Zacatenco, México. D.F.C.P. 07738'}]",2002_002_0002.png
A Methodology for the Statistical Characterization of Genetic Algorithms,Bio-inspired & Evolutionary Computing,"[{'name': 'Angel Fernando Kuri-Morales', 'institution': 'Instituto Tecnológico Autónomo de México', 'subunit': '', 'location': 'México D.F., México', 'full_affiliation': 'Instituto Tecnológico Autónomo de México\nRío Hondo No. 1, México D.F.'}]",2002_002_0003.png
MPSA: A Methodology to Parallelize Simulated Annealing and Its Application to the Traveling Salesman Problem,Heuristic Search & Optimization,"[{'name': 'Héctor Sanvicente-Sánchez', 'institution': 'IMTA', 'subunit': '', 'location': 'Jiutepec, Morelos, México', 'full_affiliation': '1 IMTA, Paseo Cuauhnáhuac 8532, Col Progreso, C.P. 62550, Jiutepec, Morelos, México'}, {'name': 'Juan Frausto-Solís', 'institution': 'ITESM', 'subunit': 'Campus Cuernavaca', 'location': 'Cuernavaca, Morelos, México', 'full_affiliation': '2 ITESM Campus Cuernavaca, Reforma 182-A, Col. Lomas de Cuernavaca, A.P. 99-C, Cuernavaca, Morelos, México'}]",2002_002_0004.png
Penalty Function Methods for Constrained Optimization with Genetic Algorithms: A Statistical Analysis,Bio-inspired & Evolutionary Computing,"[{'name': 'Angel Fernando Kuri-Morales', 'institution': 'Instituto Tecnológico Autónomo de México', 'subunit': '', 'location': 'México D.F., México', 'full_affiliation': 'Instituto Tecnológico Autónomo de México\nRío Hondo No. 1, México D.F.'}, {'name': 'Jesús Gutiérrez-García', 'institution': 'Instituto Politécnico Nacional', 'subunit': 'Centro de Investigación en Computación', 'location': 'México D.F., México', 'full_affiliation': 'Centro de Investigación en Computación\nInstituto Politécnico Nacional, México D.F.'}]",2002_002_0005.png
Automatic Generation of Control Parameters for the Threshold Accepting Algorithm,Heuristic Search & Optimization,"[{'name': 'Joaquín Pérez', 'institution': 'Instituto de Investigaciones Eléctricas | Centro Nacional de Investigación y Desarrollo Tecnológico', 'subunit': '', 'location': '', 'full_affiliation': 'Instituto de Investigaciones Eléctricas | Centro Nacional de Investigación y Desarrollo Tecnológico'}, {'name': 'Rodolfo Pazos', 'institution': 'Centro Nacional de Investigación y Desarrollo Tecnológico', 'subunit': '', 'location': '', 'full_affiliation': 'Centro Nacional de Investigación y Desarrollo Tecnológico'}, {'name': 'Laura Velez', 'institution': 'Instituto Tecnológico de Cd. Madero', 'subunit': '', 'location': '', 'full_affiliation': 'Instituto Tecnológico de Cd. Madero'}, {'name': 'Guillermo Rodríguez', 'institution': 'Instituto de Investigaciones Eléctricas', 'subunit': '', 'location': '', 'full_affiliation': 'Instituto de Investigaciones Eléctricas'}]",2002_002_0006.png
Genetic Algorithms and Case-Based Reasoning as a Discovery and Learning Machine in the Optimization of Combinational Logic Circuits,Bio-inspired & Evolutionary Computing,"[{'name': 'E. Islas Pérez', 'institution': 'Instituto de Investigaciones Eléctricas', 'subunit': '', 'location': 'Temixco Morelos, México', 'full_affiliation': 'Instituto de Investigaciones Eléctricas, Av. Reforma 113, Col. Palmira, 62490 Temixco Morelos, México'}, {'name': 'Carlos A. Coello Coello', 'institution': 'CINVESTAV-IPN', 'subunit': 'Depto. de Ingeniería Eléctrica, Sección de Computación', 'location': 'México, D.F., México', 'full_affiliation': 'CINVESTAV-IPN, Depto. de Ingeniería Eléctrica, Sección de Computación, Av. IPN No. 2508, Col. San Pedro Zacatenco, México, D.F. 07300, México'}, {'name': 'Arturo Hernández-Aguirre', 'institution': 'CIMAT', 'subunit': 'Depto. de Computación', 'location': 'Guanajuato, Gto., México', 'full_affiliation': 'CIMAT, Depto. de Computación, Guanajuato, Gto. 36240, México'}, {'name': 'Alejandro Villavicencio Ramírez', 'institution': 'Instituto de Investigaciones Eléctricas', 'subunit': '', 'location': 'Temixco Morelos, México', 'full_affiliation': 'Instituto de Investigaciones Eléctricas, Av. Reforma 113, Col. Palmira, 62490 Temixco Morelos, México'}]",2002_002_0007.png
Time-Domain Segmentation and Labelling of Speech with Fuzzy-Logic Post-Correction Rules,Fuzzy Logic & Fuzzy Systems,"[{'name': 'O. Mayora-Ibarra', 'institution': 'ITESM', 'subunit': 'Campus Cuernavaca', 'location': 'Temixco, Mor., México', 'full_affiliation': 'ITESM, Campus Cuernavaca, Av. Paseo de la Reforma 182-A, Lomas de Cuernavaca Temixco, Mor. C.P. 62589, México'}, {'name': 'F. Curatelli', 'institution': 'Università di Genova', 'subunit': 'DIBE', 'location': 'Genova, Italy', 'full_affiliation': 'DIBE, Università di Genova, Via Opera Pia 11A, 16145 Genova, Italy'}]",2002_002_0008.png
Detecting Deviations in Text Collections: An Approach Using Conceptual Graphs,Natural Language Processing (NLP),"[{'name': 'M. Montes-y-Gómez', 'institution': 'Center for Computing Research (CIC-IPN)', 'subunit': '', 'location': 'México', 'full_affiliation': 'Center for Computing Research (CIC-IPN), México.'}, {'name': 'A. Gelbukh', 'institution': 'Center for Computing Research (CIC-IPN)', 'subunit': '', 'location': 'México', 'full_affiliation': 'Center for Computing Research (CIC-IPN), México.'}, {'name': 'A. López-López', 'institution': 'Instituto Nacional de Astrofísica, Optica y Electrónica (INAOE)', 'subunit': '', 'location': 'México', 'full_affiliation': 'Instituto Nacional de Astrofísica, Optica y Electrónica (INAOE), México.'}]",2002_002_0009.png
Using Long Queries in a Passage Retrieval System*,Natural Language Processing (NLP),"[{'name': 'Fernando Llopis', 'institution': 'University of Alicante', 'subunit': 'Departamento de Lenguajes y Sistemas Informáticos', 'location': 'Alicante, Spain', 'full_affiliation': 'Departamento de Lenguajes y Sistemas Informáticos\nUniversity of Alicante\nAlicante, Spain'}, {'name': 'Antonio Ferrández', 'institution': 'University of Alicante', 'subunit': 'Departamento de Lenguajes y Sistemas Informáticos', 'location': 'Alicante, Spain', 'full_affiliation': 'Departamento de Lenguajes y Sistemas Informáticos\nUniversity of Alicante\nAlicante, Spain'}, {'name': 'José Luis Vicedo', 'institution': 'University of Alicante', 'subunit': 'Departamento de Lenguajes y Sistemas Informáticos', 'location': 'Alicante, Spain', 'full_affiliation': 'Departamento de Lenguajes y Sistemas Informáticos\nUniversity of Alicante\nAlicante, Spain'}]",2002_002_0010.png
Solving Optimal Location of Traffic Counting Points at Urban Intersections in CLP(FD),Heuristic Search & Optimization,"[{'name': 'Ana Paula Tomás', 'institution': 'Universidade do Porto', 'subunit': 'DCC-FC & LIACC, Faculdade de Ciências', 'location': 'Porto, Portugal', 'full_affiliation': 'DCC-FC & LIACC, Faculdade de Ciências, Universidade do Porto, R. do Campo Alegre, 823, 4150-180 Porto, Portugal'}]",2002_002_0011.png
Improving Pattern Recognition Using Several Feature Vectors,Neural Networks & Deep Learning,"[{'name': 'Patricia Rayón Villela', 'institution': 'Instituto Tecnológico y de Estudios Superiores de Monterrey', 'subunit': 'Campus Ciudad de México', 'location': 'México, D.F., México', 'full_affiliation': 'Instituto Tecnológico y de Estudios Superiores de Monterrey-Campus Ciudad de México, Calle del Puente 222, Ejidos de Huipulco, México, D.F., 14380. México'}, {'name': 'Juan Humberto Sossa Azuela', 'institution': 'Instituto Politécnico Nacional', 'subunit': 'Centro de Investigación en Computación', 'location': 'México, D.F., México', 'full_affiliation': 'Centro de Investigación en Computación-IPN, Av. Juan de Dios Batíz, esquina con Miguel Otón de Mendizábal, México, D.F., 07738. México'}]",2002_002_0012.png
Learning Optimization in a MLP Neural Network Applied to OCR,Neural Networks & Deep Learning,"[{'name': 'Isis Bonet Cruz', 'institution': 'Universidad Central de Las Villas', 'subunit': 'Departamento de Ciencias de la Computación', 'location': 'Santa Clara, Villa Clara, Cuba', 'full_affiliation': 'Departamento de Ciencias de la Computación, Universidad Central de Las Villas, Carretera a Camajuaní Km 5½, Santa Clara, Villa Clara, Cuba, CP: 54830.'}, {'name': 'Adolfo Díaz Sardiñas', 'institution': 'Universidad Central de Las Villas', 'subunit': 'Departamento de Ciencias de la Computación', 'location': 'Santa Clara, Villa Clara, Cuba', 'full_affiliation': 'Departamento de Ciencias de la Computación, Universidad Central de Las Villas, Carretera a Camajuaní Km 5½, Santa Clara, Villa Clara, Cuba, CP: 54830.'}, {'name': 'Rafael Bello Pérez', 'institution': 'Universidad Central de Las Villas', 'subunit': 'Departamento de Ciencias de la Computación', 'location': 'Santa Clara, Villa Clara, Cuba', 'full_affiliation': 'Departamento de Ciencias de la Computación, Universidad Central de Las Villas, Carretera a Camajuaní Km 5½, Santa Clara, Villa Clara, Cuba, CP: 54830.'}, {'name': 'Yanetsy Sardiñas Oliva', 'institution': 'Empresa de Servicios Informáticos', 'subunit': '', 'location': 'Ciego de Ávila, Cuba', 'full_affiliation': 'Empresa de Servicios Informáticos, Circunvalación Norte, Ciego de Ávila, Cuba.'}]",2002_002_0013.png
Applications of a Collaborative Learning Ontology,Knowledge Representation & Reasoning,"[{'name': 'B. Barros', 'institution': 'U.N.E.D', 'subunit': 'Departamento de Lenguajes y Sistemas Informaticos, Escuela Técnica Superior de Ingenieros Industriales', 'location': 'Madrid, Spain', 'full_affiliation': 'Departamento de Lenguajes y Sistemas Informaticos Escuela Técnica Superior de Ingenieros Industriales (U.N.E.D) Ciudad Universitaria s/n, 28040 Madrid, Spain'}, {'name': 'M.F. Verdejo', 'institution': 'U.N.E.D', 'subunit': 'Departamento de Lenguajes y Sistemas Informaticos, Escuela Técnica Superior de Ingenieros Industriales', 'location': 'Madrid, Spain', 'full_affiliation': 'Departamento de Lenguajes y Sistemas Informaticos Escuela Técnica Superior de Ingenieros Industriales (U.N.E.D) Ciudad Universitaria s/n, 28040 Madrid, Spain'}, {'name': 'T. Read', 'institution': 'U.N.E.D', 'subunit': 'Departamento de Lenguajes y Sistemas Informaticos, Escuela Técnica Superior de Ingenieros Industriales', 'location': 'Madrid, Spain', 'full_affiliation': 'Departamento de Lenguajes y Sistemas Informaticos Escuela Técnica Superior de Ingenieros Industriales (U.N.E.D) Ciudad Universitaria s/n, 28040 Madrid, Spain'}, {'name': 'R. Mizoguchi', 'institution': 'Osaka University', 'subunit': 'I.S.I.R.', 'location': 'Ibaraki, Osaka, Japan', 'full_affiliation': 'I.S.I.R., Osaka University 8-1 Mihogaoka, Ibaraki. Osaka, 567-0047 Japan'}]",2002_002_0014.png
Automated Case Generation from Databases Using Similarity-Based Rough Approximation,Hybrid AI & Expert Systems,"[{'name': 'Liqiang Geng', 'institution': 'University of Regina', 'subunit': 'Department of Computer Science', 'location': 'Regina, Saskatchewan, Canada', 'full_affiliation': 'Department of Computer Science\nUniversity of Regina\nRegina, Sask, S4S 0A2, Canada'}, {'name': 'Christine W. Chan', 'institution': 'University of Regina', 'subunit': 'Department of Computer Science', 'location': 'Regina, Saskatchewan, Canada', 'full_affiliation': 'Department of Computer Science\nUniversity of Regina\nRegina, Sask, S4S 0A2, Canada'}]",2002_002_0015.png
A Framework for Social Agents’ Interaction Based on Communicative Action Theory and Dynamic Deontic Logic,Multi-Agent Systems & Distributed AI,"[{'name': 'Amal El Fallah-Seghrouchni', 'institution': ""Laboratoire d'Informatique de Paris Nord"", 'subunit': 'LIPN, UPRES-A CNRS', 'location': 'France', 'full_affiliation': ""Laboratoire d'Informatique de Paris Nord, LIPN, UPRES-A CNRS- 7030, France""}, {'name': 'Christian Lemaître', 'institution': 'Laboratorio Nacional de Informática Avanzada', 'subunit': 'LANIA', 'location': 'Mexico', 'full_affiliation': 'Laboratorio Nacional de Informática Avanzada, LANIA, Mexico'}]",2002_002_0016.png
Autonomous Agents for Ubiquitous Collaborative Environments,Multi-Agent Systems & Distributed AI,"[{'name': 'Jesús Favela', 'institution': 'CICESE', 'subunit': 'Departamento de Ciencias de la Computación', 'location': 'Ensenada, México', 'full_affiliation': 'Departamento de Ciencias de la Computación, CICESE, Ensenada, México'}, {'name': 'Manuel Alba', 'institution': 'TheBrain Technologies Corp.', 'subunit': '', 'location': 'Santa Monica, CA, USA', 'full_affiliation': 'TheBrain Technologies Corp., Santa Monica, CA, USA'}, {'name': 'Marcela Rodríguez', 'institution': 'Universidad Autónoma de Baja California | CICESE', 'subunit': 'Facultad de Ingeniería | Departamento de Ciencias de la Computación', 'location': 'Mexicali, México | Ensenada, México', 'full_affiliation': 'Departamento de Ciencias de la Computación, CICESE, Ensenada, México | Facultad de Ingeniería, Universidad Autónoma de Baja California, Mexicali, México'}]",2002_002_0017.png
A Framework for Agent Based Network Management Systems,Multi-Agent Systems & Distributed AI,"[{'name': 'Alberto Caballero', 'institution': 'ISPJAE', 'subunit': 'Facultad de Ingeniería Industrial', 'location': '', 'full_affiliation': 'Facultad de Ingeniería Industrial, ISPJAE.'}, {'name': 'Ronny Alfonso', 'institution': 'ISPJAE', 'subunit': 'Centro de Estudios de Ingeniería de Sistemas', 'location': '', 'full_affiliation': 'Centro de Estudios de Ingeniería de Sistemas, ISPJAE.'}]",2002_002_0018.png
A Multi-agent Cooperative Intelligent Tutoring System: The Case of Musical Harmony Domain,Multi-Agent Systems & Distributed AI,"[{'name': 'Evandro de Barros Costa', 'institution': 'Universidade Federal de Alagoas', 'subunit': 'Departamento de Tecnologia da Informação', 'location': 'Maceió, Alagoas, Brazil', 'full_affiliation': 'Departamento de Tecnologia da Informação Universidade Federal de Alagoas Campus A.C. Simões, Tab. do Martins, Maceió -AL - Brazil'}, {'name': 'Hyggo Oliveira de Almeida', 'institution': 'Universidade Federal de Alagoas', 'subunit': 'Departamento de Tecnologia da Informação', 'location': 'Maceió, Alagoas, Brazil', 'full_affiliation': 'Departamento de Tecnologia da Informação Universidade Federal de Alagoas Campus A.C. Simões, Tab. do Martins, Maceió -AL - Brazil'}, {'name': 'Emerson Ferreira de Araújo Lima', 'institution': 'Universidade Federal de Alagoas', 'subunit': 'Departamento de Tecnologia da Informação', 'location': 'Maceió, Alagoas, Brazil', 'full_affiliation': 'Departamento de Tecnologia da Informação Universidade Federal de Alagoas Campus A.C. Simões, Tab. do Martins, Maceió -AL - Brazil'}, {'name': 'Ricardo Rubens Gomes Nunes Filho', 'institution': 'Universidade Federal de Alagoas', 'subunit': 'Departamento de Tecnologia da Informação', 'location': 'Maceió, Alagoas, Brazil', 'full_affiliation': 'Departamento de Tecnologia da Informação Universidade Federal de Alagoas Campus A.C. Simões, Tab. do Martins, Maceió -AL - Brazil'}, {'name': 'Klebson dos Santos Silva', 'institution': 'Universidade Federal de Alagoas', 'subunit': 'Departamento de Tecnologia da Informação', 'location': 'Maceió, Alagoas, Brazil', 'full_affiliation': 'Departamento de Tecnologia da Informação Universidade Federal de Alagoas Campus A.C. Simões, Tab. do Martins, Maceió -AL - Brazil'}, {'name': 'Fernando Maia Assunção', 'institution': 'UFPB', 'subunit': 'Departamento de Sistemas e Computação', 'location': 'Campina Grande, PB, Brazil', 'full_affiliation': 'Departamento de Sistemas e Computação - UFPB, Campina Grande-PB'}]",2002_002_0019.png
Reacting to Unexpected Events and Communicating in Spite of Mixed Ontologies,Knowledge Representation & Reasoning,"[{'name': 'Adolfo Guzmán', 'institution': 'Instituto Politécnico Nacional', 'subunit': 'Centro de Investigación en Computación', 'location': 'Mexico City, Mexico', 'full_affiliation': 'Centro de Investigación en Computación, Instituto Politécnico Nacional, Av. J. Bátiz esq. Miguel Othón, C. P. 07738, Mexico City.'}, {'name': 'Carmen Domínguez', 'institution': 'Instituto Politécnico Nacional', 'subunit': 'Centro de Investigación en Computación', 'location': 'Mexico City, Mexico', 'full_affiliation': 'Centro de Investigación en Computación, Instituto Politécnico Nacional, Av. J. Bátiz esq. Miguel Othón, C. P. 07738, Mexico City.'}, {'name': 'Jesús Olivares', 'institution': 'Instituto Politécnico Nacional', 'subunit': 'Centro de Investigación en Computación', 'location': 'Mexico City, Mexico', 'full_affiliation': 'Centro de Investigación en Computación, Instituto Politécnico Nacional, Av. J. Bátiz esq. Miguel Othón, C. P. 07738, Mexico City.'}]",2002_002_0020.png
Logic of Interaction for Multiagent Systems,Multi-Agent Systems & Distributed AI,"[{'name': 'Matías Alvarado', 'institution': 'National Technical University (CIC-IPN) | Instituto Mexicano del Petróleo', 'subunit': 'Center for Computing Research | Programa de Matemáticas Aplicadas y Computación', 'location': 'México, D.F., México', 'full_affiliation': 'Center for Computing Research of the National Technical University, (CIC-IPN), Mexico Av. Juan de Dios Batiz esq. Othon de Mendizabal s/n. Col. Nueva Industrial Vallejo, México, D.F., C.P. 07738 | Instituto Mexicano del Petróleo, Programa de Matemáticas Aplicadas y Computación, Eje Central Lázaro Cárdenas 152, CP. 07730 México DF.'}, {'name': 'Leonid Sheremetov', 'institution': 'National Technical University (CIC-IPN) | Instituto Mexicano del Petróleo', 'subunit': 'Center for Computing Research | Programa de Matemáticas Aplicadas y Computación', 'location': 'México, D.F., México', 'full_affiliation': 'Center for Computing Research of the National Technical University, (CIC-IPN), Mexico Av. Juan de Dios Batiz esq. Othon de Mendizabal s/n. Col. Nueva Industrial Vallejo, México, D.F., C.P. 07738 | Instituto Mexicano del Petróleo, Programa de Matemáticas Aplicadas y Computación, Eje Central Lázaro Cárdenas 152, CP. 07730 México DF.'}, {'name': 'Ernesto Germán', 'institution': 'National Technical University (CIC-IPN)', 'subunit': 'Center for Computing Research', 'location': 'México, D.F., México', 'full_affiliation': 'Center for Computing Research of the National Technical University, (CIC-IPN), Mexico Av. Juan de Dios Batiz esq. Othon de Mendizabal s/n. Col. Nueva Industrial Vallejo, México, D.F., C.P. 07738'}, {'name': 'Erick Alva', 'institution': 'National Technical University (CIC-IPN)', 'subunit': 'Center for Computing Research', 'location': 'México, D.F., México', 'full_affiliation': 'Center for Computing Research of the National Technical University, (CIC-IPN), Mexico Av. Juan de Dios Batiz esq. Othon de Mendizabal s/n. Col. Nueva Industrial Vallejo, México, D.F., C.P. 07738'}]",2002_002_0021.png
A New Measure for the Accuracy of a Bayesian Network,Probabilistic & Statistical Reasoning,"[{'name': 'Alexandros Pappas', 'institution': 'Imperial College of Science, Technology and Medicine', 'subunit': 'Department of Computing', 'location': 'London, United Kingdom', 'full_affiliation': 'Department of Computing, Imperial College of Science, Technology and Medicine, 180 Queen’s Gate, London SW7 2BZ, United Kingdom'}, {'name': 'Duncan F. Gillies', 'institution': 'Imperial College of Science, Technology and Medicine', 'subunit': 'Department of Computing', 'location': 'London, United Kingdom', 'full_affiliation': 'Department of Computing, Imperial College of Science, Technology and Medicine, 180 Queen’s Gate, London SW7 2BZ, United Kingdom'}]",2002_002_0022.png
Modeling Dynamical Causal Interactions with Fuzzy Temporal Networks for Process Operation Support Systems,Fuzzy Logic & Fuzzy Systems,"[{'name': 'Gustavo Arroyo-Figueroa', 'institution': 'Instituto de Investigaciones Eléctricas', 'subunit': 'Gerencia de Sistemas Informáticos', 'location': 'Temixco, Morelos, Mexico', 'full_affiliation': 'Gerencia de Sistemas Informáticos, Instituto de Investigaciones Eléctricas, Av. Reforma 113, Col. Palmira, 62490 Temixco Morelos Mexico'}, {'name': 'Raúl Herrera-Avelar', 'institution': 'Instituto de Investigaciones Eléctricas', 'subunit': 'Gerencia de Sistemas Informáticos', 'location': 'Temixco, Morelos, Mexico', 'full_affiliation': 'Gerencia de Sistemas Informáticos, Instituto de Investigaciones Eléctricas, Av. Reforma 113, Col. Palmira, 62490 Temixco Morelos Mexico'}]",2002_002_0023.png
Resection Simulation with Local Tissue Deformations for Computer Assisted Surgery of the Prostate,Bio-inspired & Evolutionary Computing,"[{'name': 'Miguel A. Padilla Castañeda', 'institution': 'Universidad Nacional Autónoma de México', 'subunit': 'Laboratorio de Imágenes y Visión (LIV), Centro de Instrumentos', 'location': 'México, D.F., 04510', 'full_affiliation': 'Laboratorio de Imágenes y Visión (LIV), Centro de Instrumentos, Universidad Nacional Autónoma de México, México, D.F., 04510'}, {'name': 'Fernando Arámbula Cosío', 'institution': 'Universidad Nacional Autónoma de México', 'subunit': 'Laboratorio de Imágenes y Visión (LIV), Centro de Instrumentos', 'location': 'México, D.F., 04510', 'full_affiliation': 'Laboratorio de Imágenes y Visión (LIV), Centro de Instrumentos, Universidad Nacional Autónoma de México, México, D.F., 04510'}]",2002_002_0024.png
Use of a Rule-Based System for Process Control: Flow Instabilities in Axial Compressors Case Study,Fuzzy Logic & Fuzzy Systems,"[{'name': 'Marino Sánchez-Parra', 'institution': 'Instituto de Investigaciones Eléctricas (IIE)', 'subunit': 'Gerencia de Control e Instrumentación', 'location': 'Temixco, Morelos, México', 'full_affiliation': 'Instituto de Investigaciones Eléctricas (IIE) – Gerencia de Control e Instrumentación. Av. Reforma No. 113, Col. Palmira, Temixco 62490, Morelos, México.'}, {'name': 'René Vite-Hernández', 'institution': 'Instituto de Investigaciones Eléctricas (IIE)', 'subunit': 'Gerencia de Control e Instrumentación', 'location': 'Temixco, Morelos, México', 'full_affiliation': 'Instituto de Investigaciones Eléctricas (IIE) – Gerencia de Control e Instrumentación. Av. Reforma No. 113, Col. Palmira, Temixco 62490, Morelos, México.'}]",2002_002_0025.png
An Inference Engine for Web Adaptive Cooperative Work,Hybrid AI & Expert Systems,"[{'name': 'Ana María Martínez-Enríquez', 'institution': 'CINVESTAV-IPN', 'subunit': 'Depto de Ingeniería Eléctrica', 'location': 'D. F., México', 'full_affiliation': 'Depto de Ingeniería Eléctrica, CINVESTAV-IPN, D. F., México'}, {'name': 'Aslam Muhammad', 'institution': 'CINVESTAV-IPN', 'subunit': 'Depto de Ingeniería Eléctrica', 'location': 'D. F., México', 'full_affiliation': 'Depto de Ingeniería Eléctrica, CINVESTAV-IPN, D. F., México'}, {'name': 'Dominique Decouchant', 'institution': 'Laboratoire “Logiciels, Systèmes, Réseaux”', 'subunit': '', 'location': 'Grenoble, France', 'full_affiliation': 'Laboratoire “Logiciels, Systèmes, Réseaux”, Grenoble, France'}, {'name': 'Jesús Favela', 'institution': 'CICESE', 'subunit': 'Ciencias de la Computación', 'location': 'Ensenada, México', 'full_affiliation': 'Ciencias de la Computación, CICESE, Ensenada, México'}]",2002_002_0026.png
Pattern-Based Data Compression,Heuristic Search & Optimization,"[{'name': 'Ángel Kuri', 'institution': 'ITAM', 'subunit': 'Department of Computing', 'location': '', 'full_affiliation': 'Department of Computing, ITAM.'}, {'name': 'José Galaviz', 'institution': 'UNAM', 'subunit': 'Department of Mathematics, Facultad de Ciencias', 'location': '', 'full_affiliation': 'Department of Mathematics, Facultad de Ciencias, UNAM.'}]",2004_003_0000.png
Using Simulated Annealing for Paper Cutting Optimization,Heuristic Search & Optimization,"[{'name': 'Horacio Martínez-Alfaro', 'institution': 'ITESM', 'subunit': 'Center for Intelligent Systems', 'location': 'Monterrey, N.L., México', 'full_affiliation': 'ITESM, Center for Intelligent Systems Monterrey, N.L. 64849 México'}, {'name': 'Manuel Valenzuela-Rendón', 'institution': 'ITESM', 'subunit': 'Center for Intelligent Systems', 'location': 'Monterrey, N.L., México', 'full_affiliation': 'ITESM, Center for Intelligent Systems Monterrey, N.L. 64849 México'}]",2004_003_0001.png
Extracting Temporal Patterns from Time Series Data Bases for Prediction of Electrical Demand,Data Mining & Knowledge Discovery,"[{'name': 'J. Jesús Rico', 'institution': 'Universidad Michoacana', 'subunit': 'División de Estudios de Postgrado, Facultad de Ingeniería Eléctrica', 'location': 'Morelia, Mexico', 'full_affiliation': 'División de Estudios de Postgrado, Facultad de Ingeniería Eléctrica, Universidad Michoacana, Morelia, Mexico'}, {'name': 'Juan J. Flores', 'institution': 'Universidad Michoacana', 'subunit': 'División de Estudios de Postgrado, Facultad de Ingeniería Eléctrica', 'location': 'Morelia, Mexico', 'full_affiliation': 'División de Estudios de Postgrado, Facultad de Ingeniería Eléctrica, Universidad Michoacana, Morelia, Mexico'}, {'name': 'Constantino Sotomane', 'institution': 'Universidade Eduardo Mondlane', 'subunit': 'Centro de Informatica', 'location': 'Maputo, Mozambique', 'full_affiliation': 'Universidade Eduardo Mondlane, Centro de Informatica, Maputo, Mozambique'}, {'name': 'Félix Calderón', 'institution': 'Universidad Michoacana', 'subunit': 'División de Estudios de Postgrado, Facultad de Ingeniería Eléctrica', 'location': 'Morelia, Mexico', 'full_affiliation': 'División de Estudios de Postgrado, Facultad de Ingeniería Eléctrica, Universidad Michoacana, Morelia, Mexico'}]",2004_003_0002.png
The Synergy between Classical and Soft-Computing Techniques for Time Series Prediction,Neural Networks & Deep Learning,"[{'name': 'I. Rojas', 'institution': 'University of Granada', 'subunit': 'Department of Computer Architecture and Technology, E.T.S. Computer Engineering', 'location': 'Granada, Spain', 'full_affiliation': 'University of Granada, Department of Computer Architecture and Technology, E.T.S. Computer Engineering, 18071 Granada, Spain'}, {'name': 'F. Rojas', 'institution': 'University of Granada', 'subunit': 'Department of Computer Architecture and Technology, E.T.S. Computer Engineering', 'location': 'Granada, Spain', 'full_affiliation': 'University of Granada, Department of Computer Architecture and Technology, E.T.S. Computer Engineering, 18071 Granada, Spain'}, {'name': 'H. Pomares', 'institution': 'University of Granada', 'subunit': 'Department of Computer Architecture and Technology, E.T.S. Computer Engineering', 'location': 'Granada, Spain', 'full_affiliation': 'University of Granada, Department of Computer Architecture and Technology, E.T.S. Computer Engineering, 18071 Granada, Spain'}, {'name': 'L.J. Herrera', 'institution': 'University of Granada', 'subunit': 'Department of Computer Architecture and Technology, E.T.S. Computer Engineering', 'location': 'Granada, Spain', 'full_affiliation': 'University of Granada, Department of Computer Architecture and Technology, E.T.S. Computer Engineering, 18071 Granada, Spain'}, {'name': 'J. González', 'institution': 'University of Granada', 'subunit': 'Department of Applied Mathematics, Science faculty', 'location': 'Granada, Spain', 'full_affiliation': 'University of Granada, Department of Applied Mathematics, Science faculty, Granada, Spain'}, {'name': 'O. Valenzuela', 'institution': 'University of Granada', 'subunit': 'Department of Applied Mathematics, Science faculty', 'location': 'Granada, Spain', 'full_affiliation': 'University of Granada, Department of Applied Mathematics, Science faculty, Granada, Spain'}]",2004_003_0003.png
A Naïve Geography Analyst System with Cognitive Support of Imagery Exploitation,Computer Vision,"[{'name': 'Sung Baik', 'institution': 'Sejong University', 'subunit': 'School of Computer Engineering', 'location': 'Seoul 143-747, KOREA', 'full_affiliation': 'School of Computer Engineering\nSejong University, Seoul 143-747, KOREA'}, {'name': 'Jerzy Bala', 'institution': 'George Mason University', 'subunit': 'School of Information Technology and Engineering', 'location': 'Fairfax, VA 22030, U.S.A.', 'full_affiliation': 'School of Information Technology and Engineering\nGeorge Mason University\nFairfax, VA 22030, U.S.A.'}, {'name': 'Ali Hadjarian', 'institution': 'Sigma Systems Research, Inc.', 'subunit': '', 'location': 'Fairfax, VA 22032, U.S.A.', 'full_affiliation': 'Sigma Systems Research, Inc.\nFairfax, VA 22032, U.S.A.'}, {'name': 'Peter Pachowicz', 'institution': 'Sigma Systems Research, Inc.', 'subunit': '', 'location': 'Fairfax, VA 22032, U.S.A.', 'full_affiliation': 'Sigma Systems Research, Inc.\nFairfax, VA 22032, U.S.A.'}]",2004_003_0004.png
Don't You Escape! I'll Tell You My Story,Knowledge Representation & Reasoning,"[{'name': 'Jesús Ibáñez', 'institution': 'Universitat Pompeu Fabra', 'subunit': 'Departamento de Tecnología', 'location': 'Barcelona, Spain', 'full_affiliation': 'Departamento de Tecnología, Universitat Pompeu Fabra, Passeig de Circumvallació, 8, 08003 Barcelona, Spain'}, {'name': 'Carlos Delgado-Mata', 'institution': 'The University of Salford', 'subunit': 'Centre for Virtual Environments', 'location': 'Salford, M5 4WT, Manchester, UK', 'full_affiliation': 'Centre for Virtual Environments, The University of Salford, Business House, University Road, Salford, M5 4WT, Manchester, UK'}, {'name': 'Ruth Aylett', 'institution': 'The University of Salford', 'subunit': 'Centre for Virtual Environments', 'location': 'Salford, M5 4WT, Manchester, UK', 'full_affiliation': 'Centre for Virtual Environments, The University of Salford, Business House, University Road, Salford, M5 4WT, Manchester, UK'}, {'name': 'Rocio Ruiz-Rodarte', 'institution': 'Instituto Tecnológico de Estudios Superiores de Monterrey', 'subunit': 'Campus Estado de México', 'location': '52926 México', 'full_affiliation': 'Instituto Tecnológico de Estudios Superiores de Monterrey, Campus Estado de México, 52926 México'}]",2004_003_0005.png
Querying Virtual Worlds. A Fuzzy Approach,Fuzzy Logic & Fuzzy Systems,"[{'name': 'Jesús Ibáñez', 'institution': 'Universitat Pompeu Fabra', 'subunit': 'Departamento de Tecnología', 'location': 'Barcelona, Spain', 'full_affiliation': 'Departamento de Tecnología, Universitat Pompeu Fabra, Passeig de Circumvallació, 8. 08003 Barcelona, Spain'}, {'name': 'Antonio F. Gómez-Skarmeta', 'institution': 'Universidad de Murcia', 'subunit': 'Departamento de Ingeniería de la Información y las Comunicaciones', 'location': 'Murcia, Spain', 'full_affiliation': 'Departamento de Ingeniería de la Información y las Comunicaciones, Universidad de Murcia. Apartado 4021, 30001 Murcia, Spain'}, {'name': 'Josep Blat', 'institution': 'Universitat Pompeu Fabra', 'subunit': 'Departamento de Tecnología', 'location': 'Barcelona, Spain', 'full_affiliation': 'Departamento de Tecnología, Universitat Pompeu Fabra, Passeig de Circumvallació, 8. 08003 Barcelona, Spain'}]",2004_003_0006.png
Infant Cry Classification to Identify Hypoacoustics and Asphyxia with Neural Networks,Neural Networks & Deep Learning,"[{'name': 'Orion Fausto Reyes Galaviz', 'institution': 'Instituto Tecnológico de Apizaco', 'subunit': '', 'location': 'Apizaco, Tlaxcala, Mexico', 'full_affiliation': 'Instituto Tecnológico de Apizaco, Av. Tecnologico S/N, Apizaco, Tlaxcala, 90400, Mexico'}, {'name': 'Carlos Alberto Reyes Garcia', 'institution': 'Instituto Nacional de Astrofisica Optica y Electronica', 'subunit': '', 'location': 'Tonantzintla, Puebla, Mexico', 'full_affiliation': 'Instituto Nacional de Astrofisica Optica y Electronica, Luis E. Erro 1, Tonantzintla, Puebla, 72840, Mexico'}]",2004_003_0007.png
N-best List Rescoring Using Syntactic Trigrams,Natural Language Processing (NLP),"[{'name': 'Luis R. Salgado-Garza', 'institution': 'ITESM', 'subunit': 'Computer Science Department', 'location': 'Monterrey, Nuevo León, México', 'full_affiliation': 'Computer Science Department, ITESM, Campus Monterrey Ave. E. Garza Sada #2501 Sur, Monterrey, Nuevo León, C.P. 64849, México.'}, {'name': 'Richard M. Stern', 'institution': 'Carnegie Mellon University', 'subunit': 'Electrical and Computer Engineering Department', 'location': 'Pittsburgh, PA, USA', 'full_affiliation': 'Electrical and Computer Engineering Department, Carnegie Mellon University, 5000 Forbes Avenue, Pittsburgh, PA 15213-3890, USA.'}, {'name': 'Juan A. Nolazco F.', 'institution': 'ITESM', 'subunit': 'Computer Science Department', 'location': 'Monterrey, Nuevo León, México', 'full_affiliation': 'Computer Science Department, ITESM, Campus Monterrey Ave. E. Garza Sada #2501 Sur, Monterrey, Nuevo León, C.P. 64849, México.'}]",2004_003_0008.png
Continuants Based Neural Speaker Verification System,Neural Networks & Deep Learning,"[{'name': 'Tae-Seung Lee', 'institution': 'Hankuk Aviation University', 'subunit': 'School of Electronics, Telecommunication and Computer Engineering', 'location': 'Kyonggi-do, Korea', 'full_affiliation': 'School of Electronics, Telecommunication and Computer Engineering, Hankuk Aviation University, 200-1, Hwajeon-dong, Deokyang-gu, Kyonggi-do, 412-791, Korea'}, {'name': 'Byong-Won Hwang', 'institution': 'Hankuk Aviation University', 'subunit': 'School of Electronics, Telecommunication and Computer Engineering', 'location': 'Kyonggi-do, Korea', 'full_affiliation': 'School of Electronics, Telecommunication and Computer Engineering, Hankuk Aviation University, 200-1, Hwajeon-dong, Deokyang-gu, Kyonggi-do, 412-791, Korea'}]",2004_003_0009.png
Agent Protocols as Executable Ontologies,Knowledge Representation & Reasoning,"[{'name': 'Manuel José Contreras M.', 'institution': 'University of Edinburgh', 'subunit': 'School of Informatics', 'location': '', 'full_affiliation': 'School of Informatics, University of Edinburgh\n{M. Contreras, A. Smaill}@ed.ac.uk'}, {'name': 'Alan Smaill', 'institution': 'University of Edinburgh', 'subunit': 'School of Informatics', 'location': '', 'full_affiliation': 'School of Informatics, University of Edinburgh\n{M. Contreras, A. Smaill}@ed.ac.uk'}]",2004_003_0010.png
Evaluation of RDF(S) and DAML+OIL Import/Export Services within Ontology Platforms,Knowledge Representation & Reasoning,"[{'name': 'Asunción Gómez-Pérez', 'institution': 'Universidad Politécnica de Madrid', 'subunit': 'Laboratorio de Inteligencia Artificial, Facultad de Informática', 'location': 'Boadilla del Monte, 28660. Madrid, Spain', 'full_affiliation': 'Laboratorio de Inteligencia Artificial\nFacultad de Informática\nUniversidad Politécnica de Madrid\nCampus de Montegancedo sn.\nBoadilla del Monte, 28660. Madrid, Spain'}, {'name': 'M. Carmen Suárez-Figueroa', 'institution': 'Universidad Politécnica de Madrid', 'subunit': 'Laboratorio de Inteligencia Artificial, Facultad de Informática', 'location': 'Boadilla del Monte, 28660. Madrid, Spain', 'full_affiliation': 'Laboratorio de Inteligencia Artificial\nFacultad de Informática\nUniversidad Politécnica de Madrid\nCampus de Montegancedo sn.\nBoadilla del Monte, 28660. Madrid, Spain'}]",2004_003_0011.png
Graduated Errors in Approximate Queries Using Hierarchies and Ordered Sets,Knowledge Representation & Reasoning,"[{'name': 'Adolfo Guzman-Arenas', 'institution': 'Instituto Politécnico Nacional', 'subunit': 'Centro de Investigación en Computación', 'location': 'Mexico City, MEXICO', 'full_affiliation': 'Centro de Investigación en Computación, Instituto Politécnico Nacional. 07738 Mexico City, MEXICO'}, {'name': 'Serguei Levachkine', 'institution': 'Instituto Politécnico Nacional', 'subunit': 'Centro de Investigación en Computación', 'location': 'Mexico City, MEXICO', 'full_affiliation': 'Centro de Investigación en Computación, Instituto Politécnico Nacional. 07738 Mexico City, MEXICO'}]",2004_003_0012.png
Finding the Most Similar Concepts in Two Different Ontologies,Knowledge Representation & Reasoning,"[{'name': 'Adolfo Guzman-Arenas', 'institution': 'Instituto Politécnico Nacional', 'subunit': 'Centro de Investigación en Computación', 'location': 'Mexico City, MEXICO', 'full_affiliation': 'Centro de Investigación en Computación, Instituto Politécnico Nacional\n07738 Mexico City, MEXICO'}, {'name': 'Jesus M. Olivares-Ceja', 'institution': 'Instituto Politécnico Nacional', 'subunit': 'Centro de Investigación en Computación', 'location': 'Mexico City, MEXICO', 'full_affiliation': 'Centro de Investigación en Computación, Instituto Politécnico Nacional\n07738 Mexico City, MEXICO'}]",2004_003_0013.png
ADM: An Active Deductive XML Database System,Knowledge Representation & Reasoning,"[{'name': 'Oscar Olmedo-Aguirre', 'institution': 'CINVESTAV-IPN', 'subunit': 'Computer Science', 'location': 'Mexico City, Mexico', 'full_affiliation': 'Computer Science, CINVESTAV-IPN, Av IPN 2508, Mexico City, Mexico'}, {'name': 'Karina Escobar-Vázquez', 'institution': 'CINVESTAV-IPN', 'subunit': 'Computer Science', 'location': 'Mexico City, Mexico', 'full_affiliation': 'Computer Science, CINVESTAV-IPN, Av IPN 2508, Mexico City, Mexico'}, {'name': 'Giner Alor-Hernández', 'institution': 'CINVESTAV-IPN', 'subunit': 'Computer Science', 'location': 'Mexico City, Mexico', 'full_affiliation': 'Computer Science, CINVESTAV-IPN, Av IPN 2508, Mexico City, Mexico'}, {'name': 'Guillermo Morales-Luna', 'institution': 'CINVESTAV-IPN', 'subunit': 'Computer Science', 'location': 'Mexico City, Mexico', 'full_affiliation': 'Computer Science, CINVESTAV-IPN, Av IPN 2508, Mexico City, Mexico'}]",2004_003_0014.png
Web-Based Intelligent Service for Coalition Operation Support in Networked Organizations,Hybrid AI & Expert Systems,"[{'name': 'Alexander Smirnov', 'institution': 'St.Petersburg Institute for Informatics and Automation of the Russian Academy of Sciences', 'subunit': '', 'location': 'St Petersburg, Russia', 'full_affiliation': 'St.Petersburg Institute for Informatics and Automation of the Russian Academy of Sciences\n39, 14th Line, St Petersburg, 199178, Russia'}, {'name': 'Mikhail Pashkin', 'institution': 'St.Petersburg Institute for Informatics and Automation of the Russian Academy of Sciences', 'subunit': '', 'location': 'St Petersburg, Russia', 'full_affiliation': 'St.Petersburg Institute for Informatics and Automation of the Russian Academy of Sciences\n39, 14th Line, St Petersburg, 199178, Russia'}, {'name': 'Nikolai Chilov', 'institution': 'St.Petersburg Institute for Informatics and Automation of the Russian Academy of Sciences', 'subunit': '', 'location': 'St Petersburg, Russia', 'full_affiliation': 'St.Petersburg Institute for Informatics and Automation of the Russian Academy of Sciences\n39, 14th Line, St Petersburg, 199178, Russia'}, {'name': 'Tatiana Levashova', 'institution': 'St.Petersburg Institute for Informatics and Automation of the Russian Academy of Sciences', 'subunit': '', 'location': 'St Petersburg, Russia', 'full_affiliation': 'St.Petersburg Institute for Informatics and Automation of the Russian Academy of Sciences\n39, 14th Line, St Petersburg, 199178, Russia'}, {'name': 'Andrew Krizhanovsky', 'institution': 'St.Petersburg Institute for Informatics and Automation of the Russian Academy of Sciences', 'subunit': '', 'location': 'St Petersburg, Russia', 'full_affiliation': 'St.Petersburg Institute for Informatics and Automation of the Russian Academy of Sciences\n39, 14th Line, St Petersburg, 199178, Russia'}]",2004_003_0015.png
Knowledge Acquisition and Management System for an Intelligent Planner,Knowledge Representation & Reasoning,"[{'name': 'Elí B. Zenteno', 'institution': 'Instituto de Investigaciones Eléctricas', 'subunit': '', 'location': 'Cuernavaca, Mor., México', 'full_affiliation': 'Instituto de Investigaciones Eléctricas Av. Reforma 113, Cuernavaca, Mor., 62490, México'}, {'name': 'Pablo H. Ibargüengoytia', 'institution': 'Instituto de Investigaciones Eléctricas', 'subunit': '', 'location': 'Cuernavaca, Mor., México', 'full_affiliation': 'Instituto de Investigaciones Eléctricas Av. Reforma 113, Cuernavaca, Mor., 62490, México'}]",2004_003_0016.png
Stability Analysis for Dynamic Constraint Satisfaction Problems,Heuristic Search & Optimization,"[{'name': 'Manuel Iván Angles-Domínguez', 'institution': 'ITESM', 'subunit': 'Center for Intelligent Systems, ITESM Campus Monterrey', 'location': 'Monterrey, Nuevo Leon, Mexico', 'full_affiliation': 'Center for Intelligent Systems, ITESM Campus Monterrey, Ave. Eugenio Garza Sada 2501 Sur, C.P. 64849 Monterrey, Nuevo Leon., Mexico'}, {'name': 'Hugo Terashima-Marín', 'institution': 'ITESM', 'subunit': 'Center for Intelligent Systems, ITESM Campus Monterrey', 'location': 'Monterrey, Nuevo Leon, Mexico', 'full_affiliation': 'Center for Intelligent Systems, ITESM Campus Monterrey, Ave. Eugenio Garza Sada 2501 Sur, C.P. 64849 Monterrey, Nuevo Leon., Mexico'}]",2004_003_0017.png
Evaluation-Based Semiring Meta-constraints*,Heuristic Search & Optimization,"[{'name': 'Jerome Kelleher', 'institution': 'University College Cork', 'subunit': 'Department of Computer Science, Cork Constraint Computation Centre', 'location': 'Cork, Ireland', 'full_affiliation': 'Cork Constraint Computation Centre, Department of Computer Science, University College Cork, Ireland'}, {'name': ""Barry O'Sullivan"", 'institution': 'University College Cork', 'subunit': 'Department of Computer Science, Cork Constraint Computation Centre', 'location': 'Cork, Ireland', 'full_affiliation': 'Cork Constraint Computation Centre, Department of Computer Science, University College Cork, Ireland'}]",2004_003_0018.png
Invariant Patterns for Program Reasoning,Heuristic Search & Optimization,"[{'name': 'Andrew Ireland', 'institution': 'Heriot-Watt University', 'subunit': 'School of Mathematical & Computer Sciences', 'location': 'Edinburgh, Scotland, UK', 'full_affiliation': 'School of Mathematical & Computer Sciences, Heriot-Watt University, Edinburgh, Scotland, UK'}, {'name': 'Bill J. Ellis', 'institution': 'Heriot-Watt University', 'subunit': 'School of Mathematical & Computer Sciences', 'location': 'Edinburgh, Scotland, UK', 'full_affiliation': 'School of Mathematical & Computer Sciences, Heriot-Watt University, Edinburgh, Scotland, UK'}, {'name': 'Tommy Ingulfsen', 'institution': 'Heriot-Watt University', 'subunit': 'School of Mathematical & Computer Sciences', 'location': 'Edinburgh, Scotland, UK', 'full_affiliation': 'School of Mathematical & Computer Sciences, Heriot-Watt University, Edinburgh, Scotland, UK'}]",2004_003_0019.png
Closing the Gap between the Stable Semantics and Extensions of WFS,Knowledge Representation & Reasoning,"[{'name': 'Mauricio Osorio', 'institution': 'Universidad de las Américas, CENTIA', 'subunit': '', 'location': 'Sta. Catarina Mártir, Cholula, Puebla 72820 México', 'full_affiliation': 'Universidad de las Américas, CENTIA. Sta. Catarina Mártir, Cholula, Puebla 72820 México'}, {'name': 'Veronica Borja', 'institution': 'Universidad de las Américas, CENTIA', 'subunit': '', 'location': 'Sta. Catarina Mártir, Cholula, Puebla 72820 México', 'full_affiliation': 'Universidad de las Américas, CENTIA. Sta. Catarina Mártir, Cholula, Puebla 72820 México'}, {'name': 'Jose Arrazola', 'institution': 'Universidad de las Américas, CENTIA', 'subunit': '', 'location': 'Sta. Catarina Mártir, Cholula, Puebla 72820 México', 'full_affiliation': 'Universidad de las Américas, CENTIA. Sta. Catarina Mártir, Cholula, Puebla 72820 México'}]",2004_003_0020.png
A Framework for Agent-Based Brokering of Reasoning Services,Hybrid AI & Expert Systems,"[{'name': 'Jürgen Zimmer', 'institution': 'University of Edinburgh', 'subunit': 'School of Informatics', 'location': 'Edinburgh, Scotland, United Kingdom', 'full_affiliation': 'Mathematical Reasoning Group, School of Informatics, University of Edinburgh, Appleton Tower, Edinburgh EH8 9LE, Scotland'}]",2004_003_0021.png
Faster Proximity Searching in Metric Data,Data Mining & Knowledge Discovery,"[{'name': 'Edgar Chávez', 'institution': 'Universidad Michoacana', 'subunit': '', 'location': 'México', 'full_affiliation': 'Universidad Michoacana, México.'}, {'name': 'Karina Figueroa', 'institution': 'Universidad Michoacana | Universidad de Chile', 'subunit': ' | DCC', 'location': 'México | Chile', 'full_affiliation': 'Universidad Michoacana, México. | DCC Universidad de Chile, Chile'}]",2004_003_0022.png
Data Mining with Decision Trees and Neural Networks for Calcification Detection in Mammograms,Computer Vision,"[{'name': 'Beatriz A. Flores', 'institution': 'National Institute of Astrophysics, Optics and Electronics', 'subunit': '', 'location': 'Tonantzintla, Puebla, Mexico', 'full_affiliation': 'National Institute of Astrophysics, Optics and Electronics\nLuis Enrique Erro #1\nTonantzintla, Puebla, Mexico'}, {'name': 'Jesus A. Gonzalez', 'institution': 'National Institute of Astrophysics, Optics and Electronics', 'subunit': '', 'location': 'Tonantzintla, Puebla, Mexico', 'full_affiliation': 'National Institute of Astrophysics, Optics and Electronics\nLuis Enrique Erro #1\nTonantzintla, Puebla, Mexico'}]",2004_003_0023.png
An Optimization Algorithm Based on Active and Instance-Based Learning,Heuristic Search & Optimization,"[{'name': 'Olac Fuentes', 'institution': 'Instituto Nacional de Astrofísica, Óptica y Electrónica', 'subunit': '', 'location': 'Santa María Tonantzintla, Puebla, México 72840', 'full_affiliation': 'Instituto Nacional de Astrofísica, Óptica y Electrónica\nLuis Enrique Erro 1\nSanta María Tonantzintla, Puebla, México 72840'}, {'name': 'Thamar Solorio', 'institution': 'Instituto Nacional de Astrofísica, Óptica y Electrónica', 'subunit': '', 'location': 'Santa María Tonantzintla, Puebla, México 72840', 'full_affiliation': 'Instituto Nacional de Astrofísica, Óptica y Electrónica\nLuis Enrique Erro 1\nSanta María Tonantzintla, Puebla, México 72840'}]",2004_003_0024.png
MultiGrid-Based Fuzzy Systems for Function Approximation,Fuzzy Logic & Fuzzy Systems,"[{'name': 'Luis Javier Herrera', 'institution': 'University of Granada', 'subunit': 'Department of Computer Architecture and Technology, E.T.S. Computer Engineering', 'location': 'Granada, Spain', 'full_affiliation': 'University of Granada, Department of Computer Architecture and Technology, E.T.S. Computer Engineering, 18071 Granada, Spain http://atc.ugr.es'}, {'name': 'Héctor Pomares', 'institution': 'University of Granada', 'subunit': 'Department of Computer Architecture and Technology, E.T.S. Computer Engineering', 'location': 'Granada, Spain', 'full_affiliation': 'University of Granada, Department of Computer Architecture and Technology, E.T.S. Computer Engineering, 18071 Granada, Spain http://atc.ugr.es'}, {'name': 'Ignacio Rojas', 'institution': 'University of Granada', 'subunit': 'Department of Computer Architecture and Technology, E.T.S. Computer Engineering', 'location': 'Granada, Spain', 'full_affiliation': 'University of Granada, Department of Computer Architecture and Technology, E.T.S. Computer Engineering, 18071 Granada, Spain http://atc.ugr.es'}, {'name': 'Olga Valenzuela', 'institution': 'University of Granada', 'subunit': 'Department of Applied Mathematics, Science faculty', 'location': 'Granada, Spain', 'full_affiliation': 'University of Granada, Department of Applied Mathematics, Science faculty, Granada, Spain'}, {'name': 'Mohammed Awad', 'institution': 'University of Granada', 'subunit': 'Department of Computer Architecture and Technology, E.T.S. Computer Engineering', 'location': 'Granada, Spain', 'full_affiliation': 'University of Granada, Department of Computer Architecture and Technology, E.T.S. Computer Engineering, 18071 Granada, Spain http://atc.ugr.es'}]",2004_003_0025.png
Inducing Classification Rules from Highly-Structured Data with Composition,Supervised Machine Learning,"[{'name': 'René MacKinney-Romero', 'institution': 'Universidad Autónoma Metropolitana', 'subunit': 'Departamento de Ingeniería Eléctrica', 'location': 'México D.F., México', 'full_affiliation': 'Departamento de Ingeniería Eléctrica, Universidad Autónoma Metropolitana México D.F. 09950, México'}, {'name': 'Christophe Giraud-Carrier', 'institution': 'ELCA Informatique SA', 'subunit': '', 'location': 'Lausanne, Switzerland', 'full_affiliation': 'ELCA Informatique SA Lausanne, Switzerland'}]",2004_003_0026.png
Analysing Spectroscopic Data Using Hierarchical Cooperative Maximum Likelihood Hebbian Learning,Neural Networks & Deep Learning,"[{'name': 'Donald MacDonald', 'institution': 'University of Burgos | University of Paisley', 'subunit': 'Department of Civil Engineering | Applied Computational Intelligence Research Unit', 'location': 'Burgos, Spain | Paisley, Scotland', 'full_affiliation': 'Department of Civil Engineering, University of Burgos, Spain. | Applied Computational Intelligence Research Unit, University of Paisley, Scotland'}, {'name': 'Emilio Corchado', 'institution': 'University of Burgos | University of Paisley', 'subunit': 'Department of Civil Engineering | Applied Computational Intelligence Research Unit', 'location': 'Burgos, Spain | Paisley, Scotland', 'full_affiliation': 'Department of Civil Engineering, University of Burgos, Spain. | Applied Computational Intelligence Research Unit, University of Paisley, Scotland'}, {'name': 'Colin Fyfe', 'institution': 'University of Paisley', 'subunit': 'Applied Computational Intelligence Research Unit', 'location': 'Paisley, Scotland', 'full_affiliation': 'Applied Computational Intelligence Research Unit, University of Paisley, Scotland'}]",2004_003_0028.png
Feature Selection-Ranking Methods in a Very Large Electric Database,Data Mining & Knowledge Discovery,"[{'name': 'Manuel Mejía-Lavalle', 'institution': 'Instituto de Investigaciones Eléctricas', 'subunit': 'Gerencia de Sistemas Informáticos', 'location': 'Cuernavaca, Morelos, México', 'full_affiliation': 'Instituto de Investigaciones Eléctricas, Gerencia de Sistemas Informáticos Reforma 113, 62490 Cuernavaca, Morelos, México'}, {'name': 'Guillermo Rodríguez-Ortiz', 'institution': 'Instituto de Investigaciones Eléctricas', 'subunit': 'Gerencia de Sistemas Informáticos', 'location': 'Cuernavaca, Morelos, México', 'full_affiliation': 'Instituto de Investigaciones Eléctricas, Gerencia de Sistemas Informáticos Reforma 113, 62490 Cuernavaca, Morelos, México'}, {'name': 'Gustavo Arroyo', 'institution': 'Instituto de Investigaciones Eléctricas', 'subunit': 'Gerencia de Sistemas Informáticos', 'location': 'Cuernavaca, Morelos, México', 'full_affiliation': 'Instituto de Investigaciones Eléctricas, Gerencia de Sistemas Informáticos Reforma 113, 62490 Cuernavaca, Morelos, México'}, {'name': 'Eduardo F. Morales', 'institution': 'ITESM', 'subunit': 'Cuernavaca', 'location': 'Cuernavaca', 'full_affiliation': 'ITESM - Cuernavaca'}]",2004_003_0029.png
Automatic Case Adaptation with a Hybrid Committee Approach,Knowledge Representation & Reasoning,"[{'name': 'Claudio A. Policastro', 'institution': 'University of Sao Paulo', 'subunit': 'Institute of Mathematical and Computer Sciences', 'location': 'Sao Carlos, Sao Paulo, Brazil', 'full_affiliation': 'Institute of Mathematical and Computer Sciences – University of Sao Paulo. Av. Trabalhador Sao-Carlense, 400 – 13560-970 – Sao Carlos, Sao Paulo, Brazil.'}, {'name': 'André C.P.L.F. de Carvalho', 'institution': 'University of Sao Paulo', 'subunit': 'Institute of Mathematical and Computer Sciences', 'location': 'Sao Carlos, Sao Paulo, Brazil', 'full_affiliation': 'Institute of Mathematical and Computer Sciences – University of Sao Paulo. Av. Trabalhador Sao-Carlense, 400 – 13560-970 – Sao Carlos, Sao Paulo, Brazil.'}, {'name': 'Alexandre C.B. Delbem', 'institution': 'University of Sao Paulo', 'subunit': 'Institute of Mathematical and Computer Sciences', 'location': 'Sao Carlos, Sao Paulo, Brazil', 'full_affiliation': 'Institute of Mathematical and Computer Sciences – University of Sao Paulo. Av. Trabalhador Sao-Carlense, 400 – 13560-970 – Sao Carlos, Sao Paulo, Brazil.'}]",2004_003_0030.png
Class Imbalances versus Class Overlapping: An Analysis of a Learning System Behavior,Supervised Machine Learning,"[{'name': 'Ronaldo C. Prati', 'institution': 'University of São Paulo', 'subunit': 'Laboratory of Computational Intelligence - LABIC, Department of Computer Science and Statistics - SCE, Institute of Mathematics and Computer Science - ICMC, Campus of São Carlos', 'location': 'São Carlos, SP, Brazil', 'full_affiliation': 'Laboratory of Computational Intelligence - LABIC\nDepartment of Computer Science and Statistics - SCE\nInstitute of Mathematics and Computer Science - ICMC\nUniversity of São Paulo - Campus of São Carlos\nP. O. Box 668, 13560-970, São Carlos, SP, Brazil\nPhone: +55-16-273-9692. FAX: +55-16-273-9751.\n{prati,gbatista,mcmonard}@icmc.usp.br'}, {'name': 'Gustavo E.A.P.A. Batista', 'institution': 'University of São Paulo', 'subunit': 'Laboratory of Computational Intelligence - LABIC, Department of Computer Science and Statistics - SCE, Institute of Mathematics and Computer Science - ICMC, Campus of São Carlos', 'location': 'São Carlos, SP, Brazil', 'full_affiliation': 'Laboratory of Computational Intelligence - LABIC\nDepartment of Computer Science and Statistics - SCE\nInstitute of Mathematics and Computer Science - ICMC\nUniversity of São Paulo - Campus of São Carlos\nP. O. Box 668, 13560-970, São Carlos, SP, Brazil\nPhone: +55-16-273-9692. FAX: +55-16-273-9751.\n{prati,gbatista,mcmonard}@icmc.usp.br'}, {'name': 'Maria C. Monard', 'institution': 'University of São Paulo', 'subunit': 'Laboratory of Computational Intelligence - LABIC, Department of Computer Science and Statistics - SCE, Institute of Mathematics and Computer Science - ICMC, Campus of São Carlos', 'location': 'São Carlos, SP, Brazil', 'full_affiliation': 'Laboratory of Computational Intelligence - LABIC\nDepartment of Computer Science and Statistics - SCE\nInstitute of Mathematics and Computer Science - ICMC\nUniversity of São Paulo - Campus of São Carlos\nP. O. Box 668, 13560-970, São Carlos, SP, Brazil\nPhone: +55-16-273-9692. FAX: +55-16-273-9751.\n{prati,gbatista,mcmonard}@icmc.usp.br'}]",2004_003_0031.png
Advanced Clustering Technique for Medical Data Using Semantic Information,Unsupervised Machine Learning,"[{'name': 'Kwangcheol Shin', 'institution': 'Chung-Ang University', 'subunit': 'School of Computer Science and Engineering', 'location': 'Seoul, Korea', 'full_affiliation': 'School of Computer Science and Engineering, Chung-Ang University, 221 HukSuk-Dong, DongJak-Ku, Seoul, 156-756, Korea'}, {'name': 'Sang-Yong Han', 'institution': 'Chung-Ang University', 'subunit': 'School of Computer Science and Engineering', 'location': 'Seoul, Korea', 'full_affiliation': 'School of Computer Science and Engineering, Chung-Ang University, 221 HukSuk-Dong, DongJak-Ku, Seoul, 156-756, Korea'}, {'name': 'Alexander Gelbukh', 'institution': 'Chung-Ang University | National Polytechnic Institute', 'subunit': 'School of Computer Science and Engineering | Center for Computing Research', 'location': 'Seoul, Korea | Mexico City, Mexico', 'full_affiliation': 'School of Computer Science and Engineering, Chung-Ang University, 221 HukSuk-Dong, DongJak-Ku, Seoul, 156-756, Korea | Center for Computing Research, National Polytechnic Institute, Mexico City, Mexico'}]",2004_003_0032.png
Strict Valued Preference Relations and Choice Functions in Decision-Making Procedures,Fuzzy Logic & Fuzzy Systems,"[{'name': 'Ildar Batyrshin', 'institution': 'Mexican Petroleum Institute', 'subunit': '', 'location': 'Mexico, D.F.', 'full_affiliation': 'Mexican Petroleum Institute, Eje Central Lazaro, 152, Mexico, D.F., 07730'}, {'name': 'Natalja Shajdullina', 'institution': 'Kazan State Technological University', 'subunit': '', 'location': 'Kazan, Russia', 'full_affiliation': 'Kazan State Technological University, K. Marx st., 68, Kazan, Russia'}, {'name': 'Leonid Sheremetov', 'institution': 'Mexican Petroleum Institute', 'subunit': '', 'location': 'Mexico, D.F.', 'full_affiliation': 'Mexican Petroleum Institute, Eje Central Lazaro, 152, Mexico, D.F., 07730'}]",2004_003_0033.png
Adaptation in the Presence of Exogeneous Information in an Artificial Financial Market,Bio-inspired & Evolutionary Computing,"[{'name': 'José L. Gordillo', 'institution': 'UNAM', 'subunit': 'Dirección Gral. de Serv. de Cómputo Académico', 'location': '', 'full_affiliation': 'Dirección Gral. de Serv. de Cómputo Académico, UNAM.'}, {'name': 'Juan Pablo Pardo-Guerra', 'institution': 'UNAM', 'subunit': 'Facultad de Ciencias', 'location': '', 'full_affiliation': 'Facultad de Ciencias, UNAM.'}, {'name': 'Christopher R. Stephens', 'institution': 'UNAM', 'subunit': 'Instituto de Ciencias Nucleares', 'location': '', 'full_affiliation': 'Instituto de Ciencias Nucleares, UNAM.'}]",2004_003_0034.png
Design Patterns for Multiagent Systems Design,Multi-Agent Systems & Distributed AI,"[{'name': 'Sylvain Sauvage', 'institution': 'université de Caen | université de Neuchâtel', 'subunit': 'GREY — CNRS UMR 6072 | IIUN', 'location': 'France | Switzerland', 'full_affiliation': 'GREY — CNRS UMR 6072, université de Caen (France) | IIUN — université de Neuchâtel (Switzerland)'}]",2004_003_0035.png
A Faster Optimal Allocation Algorithm in Combinatorial Auctions,Multi-Agent Systems & Distributed AI,"[{'name': 'Jin-Woo Song', 'institution': 'Yonsei University', 'subunit': 'Dept. of Computer Science', 'location': 'Seoul, 120-749, Korea', 'full_affiliation': 'Dept. of Computer Science\nYonsei University, Seoul, 120-749, Korea'}, {'name': 'Sung-Bong Yang', 'institution': 'Yonsei University', 'subunit': 'Dept. of Computer Science', 'location': 'Seoul, 120-749, Korea', 'full_affiliation': 'Dept. of Computer Science\nYonsei University, Seoul, 120-749, Korea'}]",2004_003_0036.png
An Agent Based Framework for Modelling Neuronal Regulators of the Biological Systems,Multi-Agent Systems & Distributed AI,"[{'name': 'Antonio Soriano Payá', 'institution': 'University of Alicante', 'subunit': 'Department of Computing and Information Technology', 'location': 'Alicante, Spain', 'full_affiliation': 'Department of Computing and Information Technology, University of Alicante, P.O. 99, Alicante, Spain'}, {'name': 'Juan Manuel García Chamizo', 'institution': 'University of Alicante', 'subunit': 'Department of Computing and Information Technology', 'location': 'Alicante, Spain', 'full_affiliation': 'Department of Computing and Information Technology, University of Alicante, P.O. 99, Alicante, Spain'}, {'name': 'Francisco Maciá Pérez', 'institution': 'University of Alicante', 'subunit': 'Department of Computing and Information Technology', 'location': 'Alicante, Spain', 'full_affiliation': 'Department of Computing and Information Technology, University of Alicante, P.O. 99, Alicante, Spain'}]",2004_003_0037.png
Possibilistic Reasoning and Privacy/Efficiency Tradeoffs in Multi-agent Systems,Multi-Agent Systems & Distributed AI,"[{'name': 'Richard J. Wallace', 'institution': 'University College Cork', 'subunit': 'Cork Constraint Computation Center', 'location': 'Cork, Ireland', 'full_affiliation': 'Cork Constraint Computation Center, University College Cork, Cork, Ireland'}, {'name': 'Eugene C. Freuder', 'institution': 'University College Cork', 'subunit': 'Cork Constraint Computation Center', 'location': 'Cork, Ireland', 'full_affiliation': 'Cork Constraint Computation Center, University College Cork, Cork, Ireland'}, {'name': 'Marius Minca', 'institution': 'Ecora, Inc.', 'subunit': '', 'location': 'Portsmouth, NH, USA', 'full_affiliation': 'Ecora, Inc., Portsmouth, NH, USA'}]",2004_003_0038.png
A Biologically Motivated and Computationally Efficient Natural Language Processor,Natural Language Processing (NLP),"[{'name': 'João Luís Garcia Rosa', 'institution': 'Pontifícia Universidade Católica de Campinas - PUC-Campinas', 'subunit': 'Centro de Ciências Exatas, Ambientais e de Tecnologias', 'location': 'Campinas, SP, Brazil', 'full_affiliation': 'Centro de Ciências Exatas, Ambientais e de Tecnologias\nPontifícia Universidade Católica de Campinas - PUC-Campinas\nRodovia D. Pedro I, km. 136 - Caixa Postal 317\n13012-970 - Campinas - SP - Brazil'}]",2004_003_0039.png
A Question-Answering System Using Argumentation,Natural Language Processing (NLP),"[{'name': 'Emanuela Moreale', 'institution': 'The Open University', 'subunit': 'Knowledge Media Institute', 'location': 'Milton Keynes, England', 'full_affiliation': 'Knowledge Media Institute, The Open University, Walton Hall, Milton Keynes MK7 6AA, England'}, {'name': 'Maria Vargas-Vera', 'institution': 'The Open University', 'subunit': 'Knowledge Media Institute', 'location': 'Milton Keynes, England', 'full_affiliation': 'Knowledge Media Institute, The Open University, Walton Hall, Milton Keynes MK7 6AA, England'}]",2004_003_0040.png
Recognition of Named Entities in Spanish Texts,Natural Language Processing (NLP),"[{'name': 'Sofía N. Galicia-Haro', 'institution': 'UNAM', 'subunit': 'Faculty of Sciences', 'location': 'Mexico City, Mexico', 'full_affiliation': 'Faculty of Sciences\nUNAM Ciudad Universitaria Mexico City, Mexico'}, {'name': 'Alexander Gelbukh', 'institution': 'National Polytechnic Institute | Chung-Ang University', 'subunit': 'Center for Computing Research | Department of Computer Science and Engineering', 'location': 'Mexico City, Mexico | Seoul, Korea', 'full_affiliation': 'Center for Computing Research\nNational Polytechnic Institute, Mexico City, Mexico | Department of Computer Science and Engineering, Chung-Ang University,\n221 Huksuk-Dong, DongJak-Ku, Seoul, 156-756, Korea'}, {'name': 'Igor A. Bolshakov', 'institution': 'National Polytechnic Institute', 'subunit': 'Center for Computing Research', 'location': 'Mexico City, Mexico', 'full_affiliation': 'Center for Computing Research\nNational Polytechnic Institute, Mexico City, Mexico'}]",2004_003_0041.png
Comparing Techniques for Multiclass Classification Using Binary SVM Predictors,Supervised Machine Learning,"[{'name': 'Ana Carolina Lorena', 'institution': 'Universidade de São Paulo', 'subunit': 'Laboratório de Inteligência Computacional (LABIC) | Instituto de Ciências Matemáticas e de Computação (ICMC)', 'location': 'São Carlos, São Paulo, Brasil', 'full_affiliation': 'Laboratório de Inteligência Computacional (LABIC), Instituto de Ciências Matemáticas e de Computação (ICMC), Universidade de São Paulo (USP), Av. do Trabalhador São-Carlense, 400 - Centro - Cx. Postal 668 São Carlos - São Paulo - Brasil'}, {'name': 'André C.P.L.F. de Carvalho', 'institution': 'Universidade de São Paulo', 'subunit': 'Laboratório de Inteligência Computacional (LABIC) | Instituto de Ciências Matemáticas e de Computação (ICMC)', 'location': 'São Carlos, São Paulo, Brasil', 'full_affiliation': 'Laboratório de Inteligência Computacional (LABIC), Instituto de Ciências Matemáticas e de Computação (ICMC), Universidade de São Paulo (USP), Av. do Trabalhador São-Carlense, 400 - Centro - Cx. Postal 668 São Carlos - São Paulo - Brasil'}]",2004_003_0027.png
Automatic Enrichment of a Very Large Dictionary of Word Combinations on the Basis of Dependency Formalism*,Natural Language Processing (NLP),"[{'name': 'Alexander Gelbukh', 'institution': 'National Polytechnic Institute | Chung-Ang University', 'subunit': 'Natural Language and Text Processing Laboratory, Center for Computing Research | Department of Computer Science and Engineering', 'location': 'Mexico City, Mexico | Seoul, Korea', 'full_affiliation': 'Natural Language and Text Processing Laboratory, Center for Computing Research, National Polytechnic Institute, Av. Juan Dios Batiz s/n, Zacatenco 07738, Mexico City, Mexico | Department of Computer Science and Engineering, Chung-Ang University, 221 Huksuk-Dong, DongJak-Ku, Seoul, 156-756, Korea'}, {'name': 'Grigori Sidorov', 'institution': 'National Polytechnic Institute', 'subunit': 'Natural Language and Text Processing Laboratory, Center for Computing Research', 'location': 'Mexico City, Mexico', 'full_affiliation': 'Natural Language and Text Processing Laboratory, Center for Computing Research, National Polytechnic Institute, Av. Juan Dios Batiz s/n, Zacatenco 07738, Mexico City, Mexico'}, {'name': 'San-Yong Han', 'institution': 'Chung-Ang University', 'subunit': 'Department of Computer Science and Engineering', 'location': 'Seoul, Korea', 'full_affiliation': 'Department of Computer Science and Engineering, Chung-Ang University, 221 Huksuk-Dong, DongJak-Ku, Seoul, 156-756, Korea'}, {'name': 'Erika Hernández-Rubio', 'institution': 'National Polytechnic Institute', 'subunit': 'Natural Language and Text Processing Laboratory, Center for Computing Research', 'location': 'Mexico City, Mexico', 'full_affiliation': 'Natural Language and Text Processing Laboratory, Center for Computing Research, National Polytechnic Institute, Av. Juan Dios Batiz s/n, Zacatenco 07738, Mexico City, Mexico'}]",2004_003_0042.png
Towards an Efficient Evolutionary Decoding Algorithm for Statistical Machine Translation*,Natural Language Processing (NLP),"[{'name': 'Eridan Otto', 'institution': 'Universidad Técnica Federico Santa María', 'subunit': 'Departamento de Informática', 'location': 'Valparaíso, Chile', 'full_affiliation': 'Departamento de Informática | Universidad Técnica Federico Santa María | Valparaíso, Chile'}, {'name': 'María Cristina Riff', 'institution': 'Universidad Técnica Federico Santa María', 'subunit': 'Departamento de Informática', 'location': 'Valparaíso, Chile', 'full_affiliation': 'Departamento de Informática | Universidad Técnica Federico Santa María | Valparaíso, Chile'}]",2004_003_0043.png
"The Role of Imperatives in Inference, Agents, and Actions",Logic & Automated Reasoning,"[{'name': 'Miguel Pérez-Ramírez', 'institution': 'Instituto de Investigaciones Eléctricas', 'subunit': '', 'location': 'Cuernavaca, Morelos, México', 'full_affiliation': 'Instituto de Investigaciones Eléctricas. Reforma 113. Cuernavaca Mor., México. CP 62490.'}, {'name': 'Chris Fox', 'institution': 'University of Essex', 'subunit': 'Computer Science Department', 'location': 'Colchester, Essex, UK', 'full_affiliation': 'University of Essex. Computer Science Department Wivenhoe Park, Colchester CO4 3SQ, Essex, UK.'}]",2004_003_0044.png
Automatic Multilinguality for Time Expression Resolution*,Natural Language Processing (NLP),"[{'name': 'E. Saquete', 'institution': 'Universidad de Alicante', 'subunit': 'Grupo de investigación del Procesamiento del Lenguaje y Sistemas de Información. Departamento de Lenguajes y Sistemas Informáticos.', 'location': 'Alicante, Spain', 'full_affiliation': 'Grupo de investigación del Procesamiento del Lenguaje y Sistemas de Información. Departamento de Lenguajes y Sistemas Informáticos. Universidad de Alicante. Alicante, Spain'}, {'name': 'P. Martínez-Barco', 'institution': 'Universidad de Alicante', 'subunit': 'Grupo de investigación del Procesamiento del Lenguaje y Sistemas de Información. Departamento de Lenguajes y Sistemas Informáticos.', 'location': 'Alicante, Spain', 'full_affiliation': 'Grupo de investigación del Procesamiento del Lenguaje y Sistemas de Información. Departamento de Lenguajes y Sistemas Informáticos. Universidad de Alicante. Alicante, Spain'}, {'name': 'R. Muñoz', 'institution': 'Universidad de Alicante', 'subunit': 'Grupo de investigación del Procesamiento del Lenguaje y Sistemas de Información. Departamento de Lenguajes y Sistemas Informáticos.', 'location': 'Alicante, Spain', 'full_affiliation': 'Grupo de investigación del Procesamiento del Lenguaje y Sistemas de Información. Departamento de Lenguajes y Sistemas Informáticos. Universidad de Alicante. Alicante, Spain'}]",2004_003_0045.png
AQUA – Ontology-Based Question Answering System,Knowledge Representation & Reasoning,"[{'name': 'Maria Vargas-Vera', 'institution': 'The Open University', 'subunit': 'Knowledge Media Institute (KMi)', 'location': 'Milton Keynes, United Kingdom', 'full_affiliation': 'Knowledge Media Institute (KMi), The Open University, Walton Hall, Milton Keynes, MK7 6AA, United Kingdom'}, {'name': 'Enrico Motta', 'institution': 'The Open University', 'subunit': 'Knowledge Media Institute (KMi)', 'location': 'Milton Keynes, United Kingdom', 'full_affiliation': 'Knowledge Media Institute (KMi), The Open University, Walton Hall, Milton Keynes, MK7 6AA, United Kingdom'}]",2004_003_0046.png
Phrase Chunking for Efficient Parsing in Machine Translation System,Natural Language Processing (NLP),"[{'name': 'Jaehyung Yang', 'institution': 'Kangnam University', 'subunit': 'School of Computer and Media Engineering', 'location': 'Yongin-si, Kyunggi-do, Korea', 'full_affiliation': 'School of Computer and Media Engineering, Kangnam University, Yongin-si, Kyunggi-do, 449-702, Korea'}]",2004_003_0047.png
Motion Planning Based on Geometric Features,Robotics,"[{'name': 'Antonio Benitez', 'institution': 'Universidad de las Américas', 'subunit': 'CENTIA', 'location': 'Cholula, Puebla, México', 'full_affiliation': 'Universidad de las Américas, CENTIA. Sta. Catarina Mártir, Cholula, Puebla 72820 México'}, {'name': 'Daniel Vallejo', 'institution': 'Universidad de las Américas', 'subunit': 'CENTIA', 'location': 'Cholula, Puebla, México', 'full_affiliation': 'Universidad de las Américas, CENTIA. Sta. Catarina Mártir, Cholula, Puebla 72820 México'}]",2004_003_0048.png
Comparative Evaluation of Temporal Nodes Bayesian Networks and Networks of Probabilistic Events in Discrete Time,Probabilistic & Statistical Reasoning,"[{'name': 'S.F. Galán', 'institution': 'UNED', 'subunit': 'Departamento de Inteligencia Artificial', 'location': 'Madrid, Spain', 'full_affiliation': 'Departamento de Inteligencia Artificial, UNED, Madrid, Spain'}, {'name': 'G. Arroyo-Figueroa', 'institution': 'Instituto de Investigaciones Eléctricas', 'subunit': '', 'location': 'Cuernavaca, Mexico', 'full_affiliation': 'Instituto de Investigaciones Eléctricas, Cuernavaca, Mexico'}, {'name': 'F.J. Díez', 'institution': 'UNED', 'subunit': 'Departamento de Inteligencia Artificial', 'location': 'Madrid, Spain', 'full_affiliation': 'Departamento de Inteligencia Artificial, UNED, Madrid, Spain'}, {'name': 'L.E. Sucar', 'institution': 'ITESM', 'subunit': 'Campus Cuernavaca', 'location': 'Cuernavaca, Mexico', 'full_affiliation': 'ITESM - Campus Cuernavaca, Mexico'}]",2004_003_0049.png
Function Approximation through Fuzzy Systems Using Taylor Series Expansion-Based Rules: Interpretability and Parameter Tuning,Fuzzy Logic & Fuzzy Systems,"[{'name': 'Luis Javier Herrera', 'institution': 'University of Granada', 'subunit': 'Department of Computer Architecture and Technology, E.T.S. Computer Engineering', 'location': 'Granada, Spain', 'full_affiliation': 'University of Granada, Department of Computer Architecture and Technology, E.T.S. Computer Engineering, 18071 Granada, Spain http://atc.ugr.es'}, {'name': 'Héctor Pomares', 'institution': 'University of Granada', 'subunit': 'Department of Computer Architecture and Technology, E.T.S. Computer Engineering', 'location': 'Granada, Spain', 'full_affiliation': 'University of Granada, Department of Computer Architecture and Technology, E.T.S. Computer Engineering, 18071 Granada, Spain http://atc.ugr.es'}, {'name': 'Ignacio Rojas', 'institution': 'University of Granada', 'subunit': 'Department of Computer Architecture and Technology, E.T.S. Computer Engineering', 'location': 'Granada, Spain', 'full_affiliation': 'University of Granada, Department of Computer Architecture and Technology, E.T.S. Computer Engineering, 18071 Granada, Spain http://atc.ugr.es'}, {'name': 'Jesús González', 'institution': 'University of Granada', 'subunit': 'Department of Computer Architecture and Technology, E.T.S. Computer Engineering', 'location': 'Granada, Spain', 'full_affiliation': 'University of Granada, Department of Computer Architecture and Technology, E.T.S. Computer Engineering, 18071 Granada, Spain http://atc.ugr.es'}, {'name': 'Olga Valenzuela', 'institution': 'University of Granada', 'subunit': 'Department of Applied Mathematics, Science faculty', 'location': 'Granada, Spain', 'full_affiliation': 'University of Granada, Department of Applied Mathematics, Science faculty, Granada, Spain'}]",2004_003_0050.png
Causal Identification in Design Networks*,Probabilistic & Statistical Reasoning,"[{'name': 'Ana Maria Madrigal', 'institution': 'University of Warwick', 'subunit': '', 'location': '', 'full_affiliation': 'University of Warwick'}, {'name': 'Jim Q. Smith', 'institution': 'University of Warwick', 'subunit': '', 'location': '', 'full_affiliation': 'University of Warwick'}]",2004_003_0051.png
Bayes-N: An Algorithm for Learning Bayesian Networks from Data Using Local Measures of Information Gain Applied to Classification Problems,Probabilistic & Statistical Reasoning,"[{'name': 'Manuel Martínez-Morales', 'institution': 'Universidad Veracruzana', 'subunit': 'Facultad de Física e Inteligencia Artificial', 'location': 'Xalapa, Veracruz, México', 'full_affiliation': 'Facultad de Física e Inteligencia Artificial, Universidad Veracruzana, Xalapa, Veracruz, México.'}, {'name': 'Nicandro Cruz-Ramírez', 'institution': 'Laboratorio Nacional de Informática Avanzada (LANIA)', 'subunit': '', 'location': 'Xalapa, Veracruz, México', 'full_affiliation': 'Laboratorio Nacional de Informática Avanzada (LANIA), Xalapa, Veracruz, México.'}, {'name': 'José Luis Jiménez-Andrade', 'institution': 'Universidad Veracruzana', 'subunit': 'Facultad de Física e Inteligencia Artificial', 'location': 'Xalapa, Veracruz, México', 'full_affiliation': 'Facultad de Física e Inteligencia Artificial, Universidad Veracruzana, Xalapa, Veracruz, México.'}, {'name': 'Ramiro Garza-Domínguez', 'institution': 'Universidad Veracruzana', 'subunit': 'Facultad de Física e Inteligencia Artificial', 'location': 'Xalapa, Veracruz, México', 'full_affiliation': 'Facultad de Física e Inteligencia Artificial, Universidad Veracruzana, Xalapa, Veracruz, México.'}]",2004_003_0052.png
Methodology for Handling Uncertainty by Using Interval Type-2 Fuzzy Logic Systems,Fuzzy Logic & Fuzzy Systems,"[{'name': 'Germán Montalvo', 'institution': 'Tecnológico de Monterrey', 'subunit': 'Center for Intelligent Systems, Campus Monterrey', 'location': 'Monterrey, México', 'full_affiliation': 'Center for Intelligent Systems, Tecnológico de Monterrey, Campus Monterrey, México'}, {'name': 'Rogelio Soto', 'institution': 'Tecnológico de Monterrey', 'subunit': 'Center for Intelligent Systems, Campus Monterrey', 'location': 'Monterrey, México', 'full_affiliation': 'Center for Intelligent Systems, Tecnológico de Monterrey, Campus Monterrey, México'}]",2004_003_0053.png
Online Diagnosis Using Influence Diagrams,Probabilistic & Statistical Reasoning,"[{'name': 'Baldramino Morales Sánchez', 'institution': 'Instituto de Investigaciones Eléctricas', 'subunit': '', 'location': 'Cuernavaca, Mor., México', 'full_affiliation': 'Instituto de Investigaciones Eléctricas\nAv. Reforma 113, Palmira\nCuernavaca, Mor., 62490, México'}, {'name': 'Pablo H. Ibargüengoytia', 'institution': 'Instituto de Investigaciones Eléctricas', 'subunit': '', 'location': 'Cuernavaca, Mor., México', 'full_affiliation': 'Instituto de Investigaciones Eléctricas\nAv. Reforma 113, Palmira\nCuernavaca, Mor., 62490, México'}]",2004_003_0054.png
Toward a New Approach for Online Fault Diagnosis Combining Particle Filtering and Parametric Identification,Probabilistic & Statistical Reasoning,"[{'name': 'Rubén Morales-Menéndez', 'institution': 'Tecnológico de Monterrey', 'subunit': 'Center for Industrial Automation', 'location': 'Monterrey, NL, México', 'full_affiliation': 'ITESM campus Monterrey, Center for Industrial Automation Monterrey NL, México'}, {'name': 'Ricardo Ramírez-Mendoza', 'institution': 'Tecnológico de Monterrey', 'subunit': 'Center for Industrial Automation', 'location': 'Monterrey, NL, México', 'full_affiliation': 'ITESM campus Monterrey, Center for Industrial Automation Monterrey NL, México'}, {'name': 'Jim Mutch', 'institution': 'University of British Columbia', 'subunit': 'Dept. of Computer Science', 'location': 'Vancouver, BC, Canada', 'full_affiliation': 'University of British Columbia, Dept. of Computer Science Vancouver, BC, Canada'}, {'name': 'Federico Guedea-Elizalde', 'institution': 'University of Waterloo', 'subunit': 'Systems Design Engineering', 'location': 'Waterloo, ON, Canada', 'full_affiliation': 'University of Waterloo, Systems Design Engineering Waterloo, ON, Canada'}]",2004_003_0055.png
Power Plant Operator Assistant: An Industrial Application of Factored MDPs,Reinforcement Learning,"[{'name': 'Alberto Reyes', 'institution': 'Instituto de Investigaciones Eléctricas | Tecnológico de Monterrey', 'subunit': ' | Campus Cuernavaca', 'location': 'Cuernavaca, Morelos, México', 'full_affiliation': 'Instituto de Investigaciones Eléctricas / ITESM Cuernavaca\nAv. Reforma 113, Palmira\nCuernavaca, Mor., 62490, México'}, {'name': 'Pablo H. Ibargüengoytia', 'institution': 'Instituto de Investigaciones Eléctricas | Tecnológico de Monterrey', 'subunit': ' | Campus Cuernavaca', 'location': 'Cuernavaca, Morelos, México', 'full_affiliation': 'Instituto de Investigaciones Eléctricas / ITESM Cuernavaca\nAv. Reforma 113, Palmira\nCuernavaca, Mor., 62490, México'}, {'name': 'L. Enrique Sucar', 'institution': 'Instituto de Investigaciones Eléctricas | Tecnológico de Monterrey', 'subunit': ' | Campus Cuernavaca', 'location': 'Cuernavaca, Morelos, México', 'full_affiliation': 'Instituto de Investigaciones Eléctricas / ITESM Cuernavaca\nAv. Reforma 113, Palmira\nCuernavaca, Mor., 62490, México'}]",2004_003_0056.png
Scene Modeling by ICA and Color Segmentation,Computer Vision,"[{'name': 'J. Gabriel Aviña-Cervantes', 'institution': 'Laboratoire d’Analyse et d’Architecture des Systèmes | Universidad de Guanajuato', 'subunit': ' | Facultad de Ingeniería Mecánica, Eléctrica y Electrónica', 'location': 'Toulouse, France | Salamanca, Guanajuato, México', 'full_affiliation': 'Laboratoire d’Analyse et d’Architecture des Systèmes, 7, Avenue du Colonel Roche, 31077 Toulouse Cedex 4, FRANCE | Facultad de Ingeniería Mecánica, Eléctrica y Electrónica, Universidad de Guanajuato. Avenida Tampico 912. Salamanca, Guanajuato. 36730, México.'}, {'name': 'Michel Devy', 'institution': 'Laboratoire d’Analyse et d’Architecture des Systèmes', 'subunit': '', 'location': 'Toulouse, France', 'full_affiliation': 'Laboratoire d’Analyse et d’Architecture des Systèmes, 7, Avenue du Colonel Roche, 31077 Toulouse Cedex 4, FRANCE'}]",2004_003_0057.png
A Probability-Based Flow Analysis Using MV Information in Compressed Domain,Computer Vision,"[{'name': 'N.W. Kim', 'institution': 'Chung-Ang University', 'subunit': 'Department of Image Engineering, Graduate School of Advanced Imaging Science, Multimedia, and Film', 'location': '', 'full_affiliation': 'Department of Image Engineering, Graduate School of Advanced Imaging Science, Multimedia, and Film, Chung-Ang University'}, {'name': 'T.Y. Kim', 'institution': 'Chung-Ang University', 'subunit': 'Department of Image Engineering, Graduate School of Advanced Imaging Science, Multimedia, and Film', 'location': '', 'full_affiliation': 'Department of Image Engineering, Graduate School of Advanced Imaging Science, Multimedia, and Film, Chung-Ang University'}, {'name': 'J.S. Choi', 'institution': 'Chung-Ang University', 'subunit': 'Department of Image Engineering, Graduate School of Advanced Imaging Science, Multimedia, and Film', 'location': '', 'full_affiliation': 'Department of Image Engineering, Graduate School of Advanced Imaging Science, Multimedia, and Film, Chung-Ang University'}]",2004_003_0059.png
How Does the Hue Contribute to Construct Better Colour Features?,Computer Vision,"[{'name': 'Giovani Gomez Estrada', 'institution': 'Max-Planck-Institute', 'subunit': '', 'location': 'Stuttgart, Germany', 'full_affiliation': 'Max-Planck-Institute, Heisenberstraße 3, D-70569, Stuttgart, Germany, {giovani,hjgao}@mf.mpg.de'}, {'name': 'Eduardo Morales', 'institution': 'Tecnológico de Monterrey', 'subunit': 'Campus Cuernavaca', 'location': 'Temixco, Morelos, Mexico', 'full_affiliation': 'ITESM Cuernavaca, Reforma 182-A, Temixco, 62589, Morelos, Mexico, eduardo.morales@itesm.mx'}, {'name': 'Huajian Gao', 'institution': 'Max-Planck-Institute', 'subunit': '', 'location': 'Stuttgart, Germany', 'full_affiliation': 'Max-Planck-Institute, Heisenberstraße 3, D-70569, Stuttgart, Germany, {giovani,hjgao}@mf.mpg.de'}]",2004_003_0060.png
Morphological Contrast Measure and Contrast Mappings: One Application to the Segmentation of Brain MRI,Computer Vision,"[{'name': 'Jorge D. Mendiola-Santibañez', 'institution': 'Universidad Autónoma de Querétaro', 'subunit': 'Doctorado en Instrumentación y Control Automático', 'location': 'Querétaro, México', 'full_affiliation': 'Doctorado en Instrumentación y Control Automático, Universidad Autónoma de Querétaro, 76000, Querétaro, México'}, {'name': 'Iván R. Terol-Villalobos', 'institution': 'CIDETEQ,S.C.', 'subunit': 'Parque Tecnológico Querétaro', 'location': 'San Fandila-Pedro Escobedo, Querétaro México', 'full_affiliation': 'CIDETEQ,S.C., Parque Tecnológico Querétaro, S/N, San Fandila-Pedro Escobedo, 76700, Querétaro México, famter@ciateq.net.mx'}, {'name': 'Antonio Fernández-Bouzas', 'institution': 'UNAM', 'subunit': 'Instituto de Neurobiología, Campus Juriquilla', 'location': 'Juriquilla, Qro. México', 'full_affiliation': 'Instituto de Neurobiología, UNAM Campus Juriquilla, Juriquilla, 76001, Qro. México'}]",2004_003_0061.png
Gaze Detection by Dual Camera and Dual IR-LED Illuminators,Computer Vision,"[{'name': 'Kang Ryoung Park', 'institution': 'SangMyung Univ.', 'subunit': 'Division of Media Tech.', 'location': '7 Hongji-Dong, JongRo-Gu, Seoul, Republic of Korea', 'full_affiliation': 'Division of Media Tech., SangMyung Univ., 7 Hongji-Dong, JongRo-Gu, Seoul, Republic of Korea'}, {'name': 'Jaihie Kim', 'institution': 'Yonsei University', 'subunit': 'Dept. of Electrical and Electronic Engineering', 'location': 'Seoul, Republic of Korea', 'full_affiliation': 'Dept. of Electrical and Electronic Engineering, Yonsei University, Seoul, Republic of Korea'}]",2004_003_0062.png
Image Processing and Neural Networks for Early Detection of Histological Changes,Neural Networks & Deep Learning,"[{'name': 'J. Ramírez-Niño', 'institution': 'Instituto de Investigaciones Eléctricas', 'subunit': '', 'location': 'Cuernavaca, Morelos, México', 'full_affiliation': 'Instituto de Investigaciones Eléctricas, apartado postal 1-475, Cuernavaca, Morelos 62000, México'}, {'name': 'M.A. Flores', 'institution': 'Centro Nacional de Investigación y Desarrollo Tecnológico', 'subunit': '', 'location': 'Cuernavaca, Morelos, México', 'full_affiliation': 'Centro Nacional de Investigación y Desarrollo Tecnológico, apartado postal 5-164, Cuernavaca, Morelos 62000, México'}, {'name': 'C. Ramírez', 'institution': 'Instituto de Investigaciones Eléctricas', 'subunit': '', 'location': 'Cuernavaca, Morelos, México', 'full_affiliation': 'Instituto de Investigaciones Eléctricas, apartado postal 1-475, Cuernavaca, Morelos 62000, México'}, {'name': 'V.M. Castaño', 'institution': 'Universidad Nacional Autónoma de México', 'subunit': 'Centro de Física Aplicada y Tecnología Avanzada', 'location': 'Querétaro, Querétaro, México', 'full_affiliation': 'Centro de Física Aplicada y Tecnología Avanzada, U.N.A.M., apartado postal 1-1010, Querétaro, Querétaro 76000, México'}]",2004_003_0063.png
An Improved ICP Algorithm Based on the Sensor Projection for Automatic 3D Registration,Computer Vision,"[{'name': 'Sang-Hoon Kim', 'institution': 'Chung-Ang Univ.', 'subunit': 'Dept. of Image Eng., Graduate School of Advanced Imaging Science, Multimedia and Film', 'location': 'Seoul, Korea', 'full_affiliation': 'Dept. of Image Eng., Graduate School of Advanced Imaging Science, Multimedia and Film, Chung-Ang Univ., 221 Huksuk-dong, Dongjak-ku, Seoul, 156-756, KOREA'}, {'name': 'Yong-Ho Hwang', 'institution': 'Chung-Ang Univ.', 'subunit': 'Dept. of Image Eng., Graduate School of Advanced Imaging Science, Multimedia and Film', 'location': 'Seoul, Korea', 'full_affiliation': 'Dept. of Image Eng., Graduate School of Advanced Imaging Science, Multimedia and Film, Chung-Ang Univ., 221 Huksuk-dong, Dongjak-ku, Seoul, 156-756, KOREA'}, {'name': 'Hyun-Ki Hong', 'institution': 'Chung-Ang Univ.', 'subunit': 'Dept. of Image Eng., Graduate School of Advanced Imaging Science, Multimedia and Film', 'location': 'Seoul, Korea', 'full_affiliation': 'Dept. of Image Eng., Graduate School of Advanced Imaging Science, Multimedia and Film, Chung-Ang Univ., 221 Huksuk-dong, Dongjak-ku, Seoul, 156-756, KOREA'}, {'name': 'Min-Hyung Choi', 'institution': 'Univ. of Colorado at Denver', 'subunit': 'Dept. of Computer Science and Eng.', 'location': 'Denver, Colorado, USA', 'full_affiliation': 'Dept. of Computer Science and Eng., Univ. of Colorado at Denver, Colorado, USA'}]",2004_003_0064.png
Structure and Motion Recovery Using Two Step Sampling for 3D Match Move,Computer Vision,"[{'name': 'Jung-Kak Seo', 'institution': 'Chung-Ang Univ.', 'subunit': 'Dept. of Image Eng., Graduate School of Advanced Imaging Science, Multimedia and Film', 'location': 'Seoul, KOREA', 'full_affiliation': 'Dept. of Image Eng., Graduate School of Advanced Imaging Science, Multimedia and Film, Chung-Ang Univ., 221 Huksuk-dong, Dongjak-ku, Seoul, 156-756, KOREA'}, {'name': 'Yong-Ho Hwang', 'institution': 'Chung-Ang Univ.', 'subunit': 'Dept. of Image Eng., Graduate School of Advanced Imaging Science, Multimedia and Film', 'location': 'Seoul, KOREA', 'full_affiliation': 'Dept. of Image Eng., Graduate School of Advanced Imaging Science, Multimedia and Film, Chung-Ang Univ., 221 Huksuk-dong, Dongjak-ku, Seoul, 156-756, KOREA'}, {'name': 'Hyun-Ki Hong', 'institution': 'Chung-Ang Univ.', 'subunit': 'Dept. of Image Eng., Graduate School of Advanced Imaging Science, Multimedia and Film', 'location': 'Seoul, KOREA', 'full_affiliation': 'Dept. of Image Eng., Graduate School of Advanced Imaging Science, Multimedia and Film, Chung-Ang Univ., 221 Huksuk-dong, Dongjak-ku, Seoul, 156-756, KOREA'}]",2004_003_0065.png
Multiscale Image Enhancement and Segmentation Based on Morphological Connected Contrast Mappings,Computer Vision,"[{'name': 'Iván R. Terol-Villalobos', 'institution': 'CIDETEQ,S.C.', 'subunit': '', 'location': 'SanFandila-Pedro Escobedo, Querétaro, Mexico', 'full_affiliation': 'CIDETEQ,S.C., Parque Tecnológico Querétaro, S/N, SanFandila-Pedro Escobedo, 76700, Querétaro Mexico'}]",2004_003_0066.png
Active Object Recognition Using Mutual Information,Computer Vision,"[{'name': 'Felipe Trujillo-Romero', 'institution': 'Universidad de Guanajuato', 'subunit': 'FIMEE', 'location': 'Salamanca, Gto., Mexico', 'full_affiliation': 'Universidad de Guanajuato FIMEE Tampico 912 36730 Salamanca, Gto. Mexico'}, {'name': 'Victor Ayala-Ramírez', 'institution': 'Universidad de Guanajuato', 'subunit': 'FIMEE', 'location': 'Salamanca, Gto., Mexico', 'full_affiliation': 'Universidad de Guanajuato FIMEE Tampico 912 36730 Salamanca, Gto. Mexico'}, {'name': 'Antonio Marín-Hernández', 'institution': 'LAAS-CNRS', 'subunit': '', 'location': 'Toulouse Cedex, France', 'full_affiliation': 'LAAS-CNRS 7, Av. du Col. Roche 31077 Toulouse Cedex France'}, {'name': 'Michel Devy', 'institution': 'LAAS-CNRS', 'subunit': '', 'location': 'Toulouse Cedex, France', 'full_affiliation': 'LAAS-CNRS 7, Av. du Col. Roche 31077 Toulouse Cedex France'}]",2004_003_0067.png
An Approach to Automatic Morphing of Face Images in Frontal View,Computer Vision,"[{'name': 'Vittorio Zanella', 'institution': 'Universidad Popular Autónoma del Estado de Puebla', 'subunit': '', 'location': 'Puebla, México', 'full_affiliation': 'Universidad Popular Autónoma del Estado de Puebla 21 sur #1103 Col. Santiago Puebla 72160, México | Instituto Nacional de Astrofísica Optica y Electrónica Luis Enrique Erro #1 Sta. María Tonantzintla Puebla 72840, México'}, {'name': 'Olac Fuentes', 'institution': 'Instituto Nacional de Astrofísica Optica y Electrónica', 'subunit': '', 'location': 'Sta. María Tonantzintla, Puebla, México', 'full_affiliation': 'Instituto Nacional de Astrofísica Optica y Electrónica Luis Enrique Erro #1 Sta. María Tonantzintla Puebla 72840, México'}]",2004_003_0068.png
A Study of the Parallelization of a Coevolutionary Multi-objective Evolutionary Algorithm,Bio-inspired & Evolutionary Computing,"[{'name': 'Carlos A. Coello Coello', 'institution': 'CINVESTAV-IPN', 'subunit': 'Evolutionary Computation Group, Departamento de Ingeniería Eléctrica, Sección de Computación', 'location': 'México D.F., MÉXICO', 'full_affiliation': 'CINVESTAV-IPN (Evolutionary Computation Group) Departamento de Ingeniería Eléctrica, Sección de Computación Av. IPN No. 2508. Col. San Pedro Zacatenco, México D.F. 07300, MÉXICO'}, {'name': 'Margarita Reyes Sierra', 'institution': 'CINVESTAV-IPN', 'subunit': 'Evolutionary Computation Group, Departamento de Ingeniería Eléctrica, Sección de Computación', 'location': 'México D.F., MÉXICO', 'full_affiliation': 'CINVESTAV-IPN (Evolutionary Computation Group) Departamento de Ingeniería Eléctrica, Sección de Computación Av. IPN No. 2508. Col. San Pedro Zacatenco, México D.F. 07300, MÉXICO'}]",2004_003_0069.png
Reactive Agents to Improve a Parallel Genetic Algorithm Solution,Bio-inspired & Evolutionary Computing,"[{'name': 'Ana Lilia Laureano-Cruces', 'institution': 'Universidad Autónoma Metropolitana', 'subunit': 'Unidad Azcapotzalco, CBI, Departamento de Sistemas', 'location': 'Azcapotzalco, DF, México', 'full_affiliation': 'Universidad Autónoma Metropolitana, Unidad Azcapotzalco, CBI, Departamento de Sistemas, Av. San Pablo 180, Col. Reynosa, Azcapotzalco, DF 02200, México.'}, {'name': 'José Manuel de la Cruz-González', 'institution': 'Universidad Autónoma Metropolitana', 'subunit': 'Unidad Azcapotzalco, CBI, Departamento de Sistemas', 'location': 'Azcapotzalco, DF, México', 'full_affiliation': 'Universidad Autónoma Metropolitana, Unidad Azcapotzalco, CBI, Departamento de Sistemas, Av. San Pablo 180, Col. Reynosa, Azcapotzalco, DF 02200, México.'}, {'name': 'Javier Ramírez-Rodríguez', 'institution': 'Universidad Autónoma Metropolitana', 'subunit': 'Unidad Azcapotzalco, CBI, Departamento de Sistemas', 'location': 'Azcapotzalco, DF, México', 'full_affiliation': 'Universidad Autónoma Metropolitana, Unidad Azcapotzalco, CBI, Departamento de Sistemas, Av. San Pablo 180, Col. Reynosa, Azcapotzalco, DF 02200, México.'}, {'name': 'Julio Solano-González', 'institution': 'Universidad Nacional Autónoma de México', 'subunit': 'DISCA-IIMAS', 'location': 'Álvaro Obregón, DF, México', 'full_affiliation': 'DISCA-IIMAS-, Universidad Nacional Autónoma de México, P.O. Box 20-726,. Álvaro Obregón, DF 01000, México.'}]",2004_003_0070.png
Simple Feasibility Rules and Differential Evolution for Constrained Optimization,Bio-inspired & Evolutionary Computing,"[{'name': 'Efrén Mezura-Montes', 'institution': 'CINVESTAV-IPN', 'subunit': 'Evolutionary Computation Group (EVOCINV), Departamento de Ingeniería Eléctrica, Sección de Computación', 'location': 'México D.F., México', 'full_affiliation': 'CINVESTAV-IPN Evolutionary Computation Group (EVOCINV) Departamento de Ingeniería Eléctrica Sección de Computación Av. Instituto Politécnico Nacional No. 2508 Col. San Pedro Zacatenco México D.F. 07300, MÉXICO'}, {'name': 'Carlos A. Coello Coello', 'institution': 'CINVESTAV-IPN', 'subunit': 'Evolutionary Computation Group (EVOCINV), Departamento de Ingeniería Eléctrica, Sección de Computación', 'location': 'México D.F., México', 'full_affiliation': 'CINVESTAV-IPN Evolutionary Computation Group (EVOCINV) Departamento de Ingeniería Eléctrica Sección de Computación Av. Instituto Politécnico Nacional No. 2508 Col. San Pedro Zacatenco México D.F. 07300, MÉXICO'}, {'name': 'Edy I. Tun-Morales', 'institution': 'Instituto Tecnológico de Villahermosa', 'subunit': '', 'location': 'Villahermosa, Tabasco, México', 'full_affiliation': 'Instituto Tecnológico de Villahermosa Carretera Villahermosa-Frontera Km. 3.5 Cd. Industrial Villahermosa Tabasco'}]",2004_003_0071.png
Symbolic Regression Problems by Genetic Programming with Multi-branches,Bio-inspired & Evolutionary Computing,"[{'name': 'Carlos Oliver Morales', 'institution': 'National Autonomous University of Mexico', 'subunit': 'DISCA, IIMAS', 'location': 'Mexico City, Mexico', 'full_affiliation': 'DISCA, IIMAS, National Autonomous University of Mexico, Circuito Escolar Ciudad Universitaria, Mexico City, 04510, Mexico.'}, {'name': 'Katya Rodríguez Vázquez', 'institution': 'National Autonomous University of Mexico', 'subunit': 'DISCA, IIMAS', 'location': 'Mexico City, Mexico', 'full_affiliation': 'DISCA, IIMAS, National Autonomous University of Mexico, Circuito Escolar Ciudad Universitaria, Mexico City, 04510, Mexico.'}]",2004_003_0072.png
A Preprocessing That Combines Heuristic and Surrogate Constraint Analysis to Fix Variables in TSP,Heuristic Search & Optimization,"[{'name': 'M. Osorio', 'institution': 'Universidad Autónoma de Puebla', 'subunit': 'School of Computer Science', 'location': 'Puebla, México', 'full_affiliation': 'School of Computer Science, Universidad Autónoma de Puebla, 72560, Puebla, México'}, {'name': 'D. Pinto', 'institution': 'Universidad Autónoma de Puebla', 'subunit': 'School of Computer Science', 'location': 'Puebla, México', 'full_affiliation': 'School of Computer Science, Universidad Autónoma de Puebla, 72560, Puebla, México'}]",2004_003_0073.png
An Evolutionary Algorithm for Automatic Spatial Partitioning in Reconfigurable Environments,Bio-inspired & Evolutionary Computing,"[{'name': 'P. Pratibha', 'institution': 'Indian Institute of Technology, Madras', 'subunit': 'Digital Circuits and VLSI Laboratory, Department of Computer Science and Engineering', 'location': 'Chennai, India', 'full_affiliation': 'Digital Circuits and VLSI Laboratory,\nDepartment of Computer Science and Engineering,\nIndian Institute of Technology, Madras\nChennai - 600036, India'}, {'name': 'B.S.N. Rao', 'institution': 'Indian Institute of Technology, Madras', 'subunit': 'Digital Circuits and VLSI Laboratory, Department of Computer Science and Engineering', 'location': 'Chennai, India', 'full_affiliation': 'Digital Circuits and VLSI Laboratory,\nDepartment of Computer Science and Engineering,\nIndian Institute of Technology, Madras\nChennai - 600036, India'}, {'name': 'Muthukaruppan', 'institution': 'Indian Institute of Technology, Madras', 'subunit': 'Digital Circuits and VLSI Laboratory, Department of Computer Science and Engineering', 'location': 'Chennai, India', 'full_affiliation': 'Digital Circuits and VLSI Laboratory,\nDepartment of Computer Science and Engineering,\nIndian Institute of Technology, Madras\nChennai - 600036, India'}, {'name': 'S. Suresh', 'institution': 'Indian Institute of Technology, Madras', 'subunit': 'Digital Circuits and VLSI Laboratory, Department of Computer Science and Engineering', 'location': 'Chennai, India', 'full_affiliation': 'Digital Circuits and VLSI Laboratory,\nDepartment of Computer Science and Engineering,\nIndian Institute of Technology, Madras\nChennai - 600036, India'}, {'name': 'V. Kamakoti', 'institution': 'Indian Institute of Technology, Madras', 'subunit': 'Digital Circuits and VLSI Laboratory, Department of Computer Science and Engineering', 'location': 'Chennai, India', 'full_affiliation': 'Digital Circuits and VLSI Laboratory,\nDepartment of Computer Science and Engineering,\nIndian Institute of Technology, Madras\nChennai - 600036, India'}]",2004_003_0074.png
GA with Exaptation: New Algorithms to Tackle Dynamic Problems,Bio-inspired & Evolutionary Computing,"[{'name': 'Luis Torres-T', 'institution': 'ITESM', 'subunit': 'Centro de Sistemas Inteligentes, Campus Monterrey', 'location': 'Nuevo Leon, Mexico', 'full_affiliation': 'Centro de Sistemas Inteligentes, ITESM, Campus Monterrey, CETEC Torre Sur, 5° Nivel, Ave. Eugenio Garza Sada 2501 Sur, Col. Tecnológico, Phone (0181) 8328 - 4258, Nuevo Leon, Mexico.'}]",2004_003_0075.png
Intelligent Control Algorithm for Steam Temperature Regulation of Thermal Power Plants,Fuzzy Logic & Fuzzy Systems,"[{'name': 'A. Sanchez-Lopez', 'institution': 'Instituto de Investigaciones Electricas', 'subunit': '', 'location': 'Cuernavaca, Morelos, Mexico', 'full_affiliation': 'Instituto de Investigaciones Electricas\nCalle Reforma No.113 Colonia Palmira\n62490 Cuernavaca, Morelos, Mexico'}, {'name': 'G. Arroyo-Figueroa', 'institution': 'Instituto de Investigaciones Electricas', 'subunit': '', 'location': 'Cuernavaca, Morelos, Mexico', 'full_affiliation': 'Instituto de Investigaciones Electricas\nCalle Reforma No.113 Colonia Palmira\n62490 Cuernavaca, Morelos, Mexico'}, {'name': 'A. Villavicencio-Ramirez', 'institution': 'Instituto de Investigaciones Electricas', 'subunit': '', 'location': 'Cuernavaca, Morelos, Mexico', 'full_affiliation': 'Instituto de Investigaciones Electricas\nCalle Reforma No.113 Colonia Palmira\n62490 Cuernavaca, Morelos, Mexico'}]",2004_003_0076.png
A Fed-Batch Fermentation Process Identification and Direct Adaptive Neural Control with Integral Term,Neural Networks & Deep Learning,"[{'name': 'Ieroham S. Baruch', 'institution': 'CINVESTAV-IPN', 'subunit': 'Department of Automatic Control', 'location': 'Mexico D.F., Mexico', 'full_affiliation': 'CINVESTAV-IPN, Ave. IPN No 2508, A.P. 14-470 Mexico D.F., C.P. 07360 MEXICO, Department of Automatic Control'}, {'name': 'Josefina Barrera-Cortés', 'institution': 'CINVESTAV-IPN', 'subunit': 'Department of Biotechnology and Bioengineering', 'location': 'Mexico D.F., Mexico', 'full_affiliation': 'CINVESTAV-IPN, Ave. IPN No 2508, A.P. 14-470 Mexico D.F., C.P. 07360 MEXICO, Department of Biotechnology and Bioengineering'}, {'name': 'Luis A. Hernández', 'institution': 'CINVESTAV-IPN', 'subunit': 'Department of Automatic Control', 'location': 'Mexico D.F., Mexico', 'full_affiliation': 'CINVESTAV-IPN, Ave. IPN No 2508, A.P. 14-470 Mexico D.F., C.P. 07360 MEXICO, Department of Automatic Control'}]",2004_003_0077.png
A Fuzzy-Neural Multi-model for Mechanical Systems Identification and Control,Fuzzy Logic & Fuzzy Systems,"[{'name': 'Ieroham S. Baruch', 'institution': 'CINVESTAV-IPN', 'subunit': '', 'location': 'Mexico D.F., Mexico', 'full_affiliation': 'CINVESTAV-IPN, Ave. IPN No 2508, A.P. 14-470 Mexico D.F., C.P. 07360 MEXICO'}, {'name': 'Rafael Beltran L', 'institution': 'CINVESTAV-IPN', 'subunit': '', 'location': 'Mexico D.F., Mexico', 'full_affiliation': 'CINVESTAV-IPN, Ave. IPN No 2508, A.P. 14-470 Mexico D.F., C.P. 07360 MEXICO'}, {'name': 'Jose-Luis Olivares', 'institution': 'CINVESTAV-IPN', 'subunit': '', 'location': 'Mexico D.F., Mexico', 'full_affiliation': 'CINVESTAV-IPN, Ave. IPN No 2508, A.P. 14-470 Mexico D.F., C.P. 07360 MEXICO'}, {'name': 'Ruben Garrido', 'institution': 'CINVESTAV-IPN', 'subunit': '', 'location': 'Mexico D.F., Mexico', 'full_affiliation': 'CINVESTAV-IPN, Ave. IPN No 2508, A.P. 14-470 Mexico D.F., C.P. 07360 MEXICO'}]",2004_003_0078.png
Tuning of Fuzzy Controllers,Fuzzy Logic & Fuzzy Systems,"[{'name': 'Eduardo Gómez-Ramírez', 'institution': 'La Salle University', 'subunit': 'Laboratory of Advance Technology Research and Development LIDETEA', 'location': 'México, D.F., México', 'full_affiliation': 'Laboratory of Advance Technology Research and Development LIDETEA\nLa Salle University\nBenjamín Franklin 47 Col. Condesa\n06140, México, D.F. México'}, {'name': 'Armando Chávez-Plascencia', 'institution': 'La Salle University', 'subunit': 'Laboratory of Advance Technology Research and Development LIDETEA', 'location': 'México, D.F., México', 'full_affiliation': 'Laboratory of Advance Technology Research and Development LIDETEA\nLa Salle University\nBenjamín Franklin 47 Col. Condesa\n06140, México, D.F. México'}]",2004_003_0079.png
Predictive Control of a Solar Power Plant with Neuro-Fuzzy Identification and Evolutionary Programming Optimization,Fuzzy Logic & Fuzzy Systems,"[{'name': 'Mahdi Jalili-Kharaajoo', 'institution': 'Islamic Azad University', 'subunit': 'Young Researchers Club', 'location': 'Tehran, Iran', 'full_affiliation': 'Young Researchers Club, Islamic Azad University, Iran'}]",2004_003_0080.png
Modeling of a Coupled Industrial Tank System with ANFIS,Fuzzy Logic & Fuzzy Systems,"[{'name': 'S.N. Engin', 'institution': 'Yildiz Technical University', 'subunit': 'Department of Electrical Engineering', 'location': 'Besiktas, Istanbul, Turkey', 'full_affiliation': 'Department of Electrical Engineering, Yildiz Technical University, 34800 Besiktas, Istanbul Turkey'}, {'name': 'J. Kuvulmaz', 'institution': 'Yildiz Technical University', 'subunit': 'Department of Electrical Engineering', 'location': 'Besiktas, Istanbul, Turkey', 'full_affiliation': 'Department of Electrical Engineering, Yildiz Technical University, 34800 Besiktas, Istanbul Turkey'}, {'name': 'V.E. Ömürlü', 'institution': 'Yildiz Technical University', 'subunit': 'Department of Mechanical Engineering', 'location': 'Besiktas, Istanbul, Turkey', 'full_affiliation': 'Department of Mechanical Engineering, Yildiz Technical University, 34800 Besiktas, Istanbul, Turkey'}]",2004_003_0081.png
Robust Bootstrapping Neural Networks,Neural Networks & Deep Learning,"[{'name': 'Héctor Allende', 'institution': 'Universidad Técnica Federico Santa María | Universidad Adolfo Ibáñez', 'subunit': 'Dept. de Informática | Facultad de Ciencia y Tecnología', 'location': 'Valparaíso, Chile | ', 'full_affiliation': 'Universidad Técnica Federico Santa María; Dept. de Informática; Casilla 110-V; Valparaíso-Chile; | Universidad Adolfo Ibáñez; Facultad de Ciencia y Tecnología.'}, {'name': 'Ricardo Ñanculef', 'institution': 'Universidad Técnica Federico Santa María', 'subunit': 'Dept. de Informática', 'location': 'Valparaíso, Chile', 'full_affiliation': 'Universidad Técnica Federico Santa María; Dept. de Informática; Casilla 110-V; Valparaíso-Chile;'}, {'name': 'Rodrigo Salas', 'institution': 'Universidad Técnica Federico Santa María', 'subunit': 'Dept. de Informática', 'location': 'Valparaíso, Chile', 'full_affiliation': 'Universidad Técnica Federico Santa María; Dept. de Informática; Casilla 110-V; Valparaíso-Chile;'}]",2004_003_0082.png
A Kernel Method for Classification,Unsupervised Machine Learning,"[{'name': 'Donald MacDonald', 'institution': 'The University of Paisley', 'subunit': 'School of Information and Communication Technologies', 'location': 'Paisley, Scotland', 'full_affiliation': 'School of Information and Communication Technologies, The University of Paisley, High Street, Paisley, PA1-2BE, Scotland.'}, {'name': 'Jos Koetsier', 'institution': 'The University of Paisley', 'subunit': 'School of Information and Communication Technologies', 'location': 'Paisley, Scotland', 'full_affiliation': 'School of Information and Communication Technologies, The University of Paisley, High Street, Paisley, PA1-2BE, Scotland.'}, {'name': 'Emilio Corchado', 'institution': 'The University of Paisley', 'subunit': 'School of Information and Communication Technologies', 'location': 'Paisley, Scotland', 'full_affiliation': 'School of Information and Communication Technologies, The University of Paisley, High Street, Paisley, PA1-2BE, Scotland.'}, {'name': 'Colin Fyfe', 'institution': 'The University of Paisley', 'subunit': 'School of Information and Communication Technologies', 'location': 'Paisley, Scotland', 'full_affiliation': 'School of Information and Communication Technologies, The University of Paisley, High Street, Paisley, PA1-2BE, Scotland.'}, {'name': 'Juan Corchado', 'institution': 'Universidad de Salamanca', 'subunit': 'Departamento de Informática y Automática', 'location': 'Spain', 'full_affiliation': 'Departamento de Informática y Automática, Universidad de Salamanca, Spain.'}]",2004_003_0083.png
Applying Genetic and Symbolic Learning Algorithms to Extract Rules from Artificial Neural Networks,"XAI, AI Ethics, Safety & Governance","[{'name': 'Claudia R. Milaré', 'institution': 'University of São Paulo - USP', 'subunit': 'Institute of Mathematics and Computer Science - ICMC, Department of Computer Science and Statistics - SCE, Laboratory of Computational Intelligence - LABIC', 'location': 'São Carlos, SP, Brazil', 'full_affiliation': 'University of São Paulo - USP, Institute of Mathematics and Computer Science - ICMC, Department of Computer Science and Statistics - SCE, Laboratory of Computational Intelligence - LABIC, P. O. Box 668, 13560-970, São Carlos, SP, Brazil'}, {'name': 'Gustavo E.A.P.A. Batista', 'institution': 'University of São Paulo - USP', 'subunit': 'Institute of Mathematics and Computer Science - ICMC, Department of Computer Science and Statistics - SCE, Laboratory of Computational Intelligence - LABIC', 'location': 'São Carlos, SP, Brazil', 'full_affiliation': 'University of São Paulo - USP, Institute of Mathematics and Computer Science - ICMC, Department of Computer Science and Statistics - SCE, Laboratory of Computational Intelligence - LABIC, P. O. Box 668, 13560-970, São Carlos, SP, Brazil'}, {'name': 'André C.P.L.F. de Carvalho', 'institution': 'University of São Paulo - USP', 'subunit': 'Institute of Mathematics and Computer Science - ICMC, Department of Computer Science and Statistics - SCE, Laboratory of Computational Intelligence - LABIC', 'location': 'São Carlos, SP, Brazil', 'full_affiliation': 'University of São Paulo - USP, Institute of Mathematics and Computer Science - ICMC, Department of Computer Science and Statistics - SCE, Laboratory of Computational Intelligence - LABIC, P. O. Box 668, 13560-970, São Carlos, SP, Brazil'}, {'name': 'Maria C. Monard', 'institution': 'University of São Paulo - USP', 'subunit': 'Institute of Mathematics and Computer Science - ICMC, Department of Computer Science and Statistics - SCE, Laboratory of Computational Intelligence - LABIC', 'location': 'São Carlos, SP, Brazil', 'full_affiliation': 'University of São Paulo - USP, Institute of Mathematics and Computer Science - ICMC, Department of Computer Science and Statistics - SCE, Laboratory of Computational Intelligence - LABIC, P. O. Box 668, 13560-970, São Carlos, SP, Brazil'}]",2004_003_0084.png
Combining MLP and RBF Neural Networks for Novelty Detection in Short Time Series,Neural Networks & Deep Learning,"[{'name': 'A.L.I. Oliveira', 'institution': 'Pernambuco University | Federal University of Pernambuco', 'subunit': 'Polytechnic School | Center of Informatics', 'location': 'Recife, PE, Brazil', 'full_affiliation': 'Polytechnic School, Pernambuco University, Rua Benfica, 455, Madalena, Recife – PE, Brazil, 50.750-410 | Center of Informatics, Federal University of Pernambuco, P.O. Box 7851, Cidade Universitaria, Recife – PE, Brazil, 50.732-970'}, {'name': 'F.B.L. Neto', 'institution': 'Pernambuco University | Federal University of Pernambuco', 'subunit': 'Polytechnic School | Center of Informatics', 'location': 'Recife, PE, Brazil', 'full_affiliation': 'Polytechnic School, Pernambuco University, Rua Benfica, 455, Madalena, Recife – PE, Brazil, 50.750-410 | Center of Informatics, Federal University of Pernambuco, P.O. Box 7851, Cidade Universitaria, Recife – PE, Brazil, 50.732-970'}, {'name': 'S.R.L. Meira', 'institution': 'Federal University of Pernambuco', 'subunit': 'Center of Informatics', 'location': 'Recife, PE, Brazil', 'full_affiliation': 'Center of Informatics, Federal University of Pernambuco, P.O. Box 7851, Cidade Universitaria, Recife – PE, Brazil, 50.732-970'}]",2004_003_0085.png
Treatment of Gradual Knowledge Using Sigma-Pi Neural Networks,Hybrid AI & Expert Systems,"[{'name': 'Gerardo Reyes Salgado', 'institution': 'Centro Nacional de Investigación y Desarrollo Tecnológico (CENIDET)', 'subunit': '', 'location': 'Mexico', 'full_affiliation': 'Centro Nacional de Investigación y Desarrollo Tecnológico (CENIDET), Mexico'}, {'name': 'Bernard Amy', 'institution': 'Laboratoire LEIBNIZ-IMAG', 'subunit': '', 'location': 'Grenoble, France', 'full_affiliation': 'Laboratoire LEIBNIZ-IMAG, Grenoble, France'}]",2004_003_0086.png
A Method to Obtain Sensing Requirements in Robotic Assemblies by Geometric Reasoning,Robotics,"[{'name': 'Santiago E. Conant-Pablos', 'institution': 'ITESM', 'subunit': 'Center for Intelligent Systems, Campus Monterrey', 'location': 'Monterrey, México', 'full_affiliation': 'Center for Intelligent Systems, ITESM Campus Monterrey, México'}, {'name': 'Katsushi Ikeuchi', 'institution': 'The University of Tokyo', 'subunit': 'Institute of Industrial Science', 'location': 'Japan', 'full_affiliation': 'Institute of Industrial Science, The University of Tokyo, Japan'}, {'name': 'Horacio Martínez-Alfaro', 'institution': 'ITESM', 'subunit': 'Center for Intelligent Systems, Campus Monterrey', 'location': 'Monterrey, México', 'full_affiliation': 'Center for Intelligent Systems, ITESM Campus Monterrey, México'}]",2004_003_0087.png
Intelligent Task Level Planning for Robotic Assembly: Issues and Experiments,Robotics,"[{'name': 'Jorge Corona Castuera', 'institution': 'CIATEQ, A.C.', 'subunit': 'Mechatronics and Intelligent Manufacturing Systems Research Group (MIMSRG)', 'location': 'El Marqués, Qro., México', 'full_affiliation': 'Mechatronics and Intelligent Manufacturing Systems Research Group (MIMSRG) CIATEQ, A.C. Advanced Technology Centre, Manantiales 23-A, Parque Industrial Bernardo Quintana 76246 El Marqués, Qro., México'}, {'name': 'Ismael Lopez-Juarez', 'institution': 'CIATEQ, A.C.', 'subunit': 'Mechatronics and Intelligent Manufacturing Systems Research Group (MIMSRG)', 'location': 'El Marqués, Qro., México', 'full_affiliation': 'Mechatronics and Intelligent Manufacturing Systems Research Group (MIMSRG) CIATEQ, A.C. Advanced Technology Centre, Manantiales 23-A, Parque Industrial Bernardo Quintana 76246 El Marqués, Qro., México'}]",2004_003_0088.png
Wrapper Components for Distributed Robotic Systems,Robotics,"[{'name': 'Federico Guedea-Elizalde', 'institution': 'ITESM', 'subunit': 'Campus Monterrey, Center for Intelligent Systems and Center for Industrial Automation', 'location': '', 'full_affiliation': 'ITESM, Campus Monterrey, Center for Intelligent Systems and Center for Industrial Automation'}, {'name': 'Ruben Morales-Menéndez', 'institution': 'ITESM', 'subunit': 'Campus Monterrey, Center for Intelligent Systems and Center for Industrial Automation', 'location': '', 'full_affiliation': 'ITESM, Campus Monterrey, Center for Intelligent Systems and Center for Industrial Automation'}, {'name': 'Rogelio Soto', 'institution': 'ITESM', 'subunit': 'Campus Monterrey, Center for Intelligent Systems and Center for Industrial Automation', 'location': '', 'full_affiliation': 'ITESM, Campus Monterrey, Center for Intelligent Systems and Center for Industrial Automation'}, {'name': 'Insop Song', 'institution': 'University of Waterloo', 'subunit': 'Systems Design Engineering', 'location': 'Waterloo, Ontario, Canada', 'full_affiliation': 'University of Waterloo, Systems Design Engineering, Waterloo, Ontario, Canada'}, {'name': 'Fakhri Karray', 'institution': 'University of Waterloo', 'subunit': 'Systems Design Engineering', 'location': 'Waterloo, Ontario, Canada', 'full_affiliation': 'University of Waterloo, Systems Design Engineering, Waterloo, Ontario, Canada'}]",2004_003_0089.png
Fuzzy Sliding Mode Control of Robotic Manipulators Based on Genetic Algorithms,Bio-inspired & Evolutionary Computing,"[{'name': 'Mahdi Jalili-Kharaajoo', 'institution': 'Islamic Azad University', 'subunit': 'Young Researchers Club', 'location': 'Tehran, Iran', 'full_affiliation': 'Young Researchers Club, Islamic Azad University, Iran'}, {'name': 'Hossein Rouhani', 'institution': 'Islamic Azad University', 'subunit': 'Young Researchers Club', 'location': 'Tehran, Iran', 'full_affiliation': 'Young Researchers Club, Islamic Azad University, Iran'}]",2004_003_0090.png
Collective Behavior as Assembling of Spatial Puzzles,Robotics,"[{'name': 'Angélica Muñoz Meléndez', 'institution': 'INAOE', 'subunit': '', 'location': 'Tonantzintla, Puebla, México', 'full_affiliation': 'INAOE, Luis Enrique Erro No. 1\n72840 Tonantzintla Puebla, México'}, {'name': 'Alexis Drogoul', 'institution': 'UPMC', 'subunit': 'LIP6', 'location': 'Paris, France', 'full_affiliation': 'LIP6 - UPMC, Case 169 - 4, place Jussieu\n75252 Paris Cedex 05'}, {'name': 'Pierre-Emmanuel Viel', 'institution': 'UPMC', 'subunit': 'LIP6', 'location': 'Paris, France', 'full_affiliation': 'LIP6 - UPMC, Case 169 - 4, place Jussieu\n75252 Paris Cedex 05'}]",2004_003_0091.png
Towards Derandomizing PRM Planners,Robotics,"[{'name': 'Abraham Sánchez', 'institution': 'BUAP', 'subunit': 'Facultad de Ciencias de la Computación', 'location': 'Puebla, Pue., México', 'full_affiliation': 'Facultad de Ciencias de la Computación, BUAP 14 Sur esq. San Claudio, CP 72550 Puebla, Pue., México'}, {'name': 'René Zapata', 'institution': 'CNRS', 'subunit': 'LIRMM, UMR5506', 'location': 'Montpellier Cedex 5, France', 'full_affiliation': 'LIRMM, UMR5506 CNRS, 161 rue Ada 34392, Montpellier Cedex 5, France'}]",2004_003_0092.png
Modelling Human Intelligence: A Learning Mechanism,Neural Networks & Deep Learning,"[{'name': 'Enrique Carlos Segura', 'institution': 'Universidad de Buenos Aires', 'subunit': 'Departamento de Computacion, Facultad de Ciencias Exactas y Naturales', 'location': 'Ciudad Universitaria, Buenos Aires, Argentina', 'full_affiliation': 'Departamento de Computacion, Facultad de Ciencias Exactas y Naturales, Universidad de Buenos Aires, Ciudad Universitaria, Pabellon I, (1428) Buenos Aires, Argentina'}, {'name': 'Robin Whitty', 'institution': 'London South Bank University', 'subunit': 'School of Business, Computing and Information Management', 'location': 'London, UK', 'full_affiliation': 'School of Business, Computing and Information Management, London South Bank University, London SE1A 0AA, UK'}]",2005_004_0000.png
Compilation of Symbolic Knowledge and Integration with Numeric Knowledge Using Hybrid Systems,Hybrid AI & Expert Systems,"[{'name': 'Vianey Guadalupe Cruz Sánchez', 'institution': 'Centro Nacional de Investigación y Desarrollo Tecnológico (cenidet)', 'subunit': 'Computer Science Department', 'location': 'Cuernavaca, Morelos, México', 'full_affiliation': 'Centro Nacional de Investigación y Desarrollo Tecnológico (cenidet), Computer Science Department, Av. Palmira S/n, Col. Palmira. C. P. 62490. Cuernavaca Morelos México'}, {'name': 'Gerardo Reyes Salgado', 'institution': 'Centro Nacional de Investigación y Desarrollo Tecnológico (cenidet)', 'subunit': 'Computer Science Department', 'location': 'Cuernavaca, Morelos, México', 'full_affiliation': 'Centro Nacional de Investigación y Desarrollo Tecnológico (cenidet), Computer Science Department, Av. Palmira S/n, Col. Palmira. C. P. 62490. Cuernavaca Morelos México'}, {'name': 'Osslan Osiris Vergara Villegas', 'institution': 'Centro Nacional de Investigación y Desarrollo Tecnológico (cenidet)', 'subunit': 'Computer Science Department', 'location': 'Cuernavaca, Morelos, México', 'full_affiliation': 'Centro Nacional de Investigación y Desarrollo Tecnológico (cenidet), Computer Science Department, Av. Palmira S/n, Col. Palmira. C. P. 62490. Cuernavaca Morelos México'}, {'name': 'Joaquín Perez Ortega', 'institution': 'Centro Nacional de Investigación y Desarrollo Tecnológico (cenidet)', 'subunit': 'Computer Science Department', 'location': 'Cuernavaca, Morelos, México', 'full_affiliation': 'Centro Nacional de Investigación y Desarrollo Tecnológico (cenidet), Computer Science Department, Av. Palmira S/n, Col. Palmira. C. P. 62490. Cuernavaca Morelos México'}, {'name': 'Azucena Montes Rendón', 'institution': 'Centro Nacional de Investigación y Desarrollo Tecnológico (cenidet)', 'subunit': 'Computer Science Department', 'location': 'Cuernavaca, Morelos, México', 'full_affiliation': 'Centro Nacional de Investigación y Desarrollo Tecnológico (cenidet), Computer Science Department, Av. Palmira S/n, Col. Palmira. C. P. 62490. Cuernavaca Morelos México'}]",2005_004_0001.png
The Topological Effect of Improving Knowledge Acquisition,Knowledge Representation & Reasoning,"[{'name': 'Bernhard Heinemann', 'institution': 'FernUniversität in Hagen', 'subunit': 'Fachbereich Informatik', 'location': 'Hagen, Germany', 'full_affiliation': 'Fachbereich Informatik, FernUniversität in Hagen, 58084 Hagen, Germany'}]",2005_004_0002.png
Belief Revision Revisited,Knowledge Representation & Reasoning,"[{'name': 'Ewa Madalińska-Bugaj', 'institution': 'Warsaw University', 'subunit': 'Institute of Informatics', 'location': 'Warsaw, Poland', 'full_affiliation': 'Institute of Informatics, Warsaw University, Warsaw, Poland'}, {'name': 'Witold Łukaszewicz', 'institution': 'Linköping University | College of Economics and Computer Science TWP', 'subunit': 'Dept. of Computer Science | ', 'location': 'Sweden | Olsztyn, Poland', 'full_affiliation': 'Dept. of Computer Science, Linköping University, Sweden and College of Economics and Computer Science TWP, Olsztyn, Poland'}]",2005_004_0003.png
Knowledge and Reasoning Supported by Cognitive Maps,Knowledge Representation & Reasoning,"[{'name': 'Alejandro Peña', 'institution': 'National Polytechnic Institute', 'subunit': 'WOLNM, UPIICSA & CIC', 'location': 'DF, México', 'full_affiliation': 'WOLNM, UPIICSA & CIC – National Polytechnic Institute, 31 Julio 1859, # 1099-B, Leyes Reforma, DF, 09310, México'}, {'name': 'Humberto Sossa', 'institution': 'National Polytechnic Institute', 'subunit': 'CIC', 'location': 'DF, México', 'full_affiliation': 'CIC – National Polytechnic Institute, 31 Julio 1859, # 1099-B, Leyes Reforma, DF, 09310, México'}, {'name': 'Agustin Gutiérrez', 'institution': 'National Polytechnic Institute', 'subunit': 'CIC', 'location': 'DF, México', 'full_affiliation': 'CIC – National Polytechnic Institute, 31 Julio 1859, # 1099-B, Leyes Reforma, DF, 09310, México'}]",2005_004_0004.png
Temporal Reasoning on Chronological Annotation,Knowledge Representation & Reasoning,"[{'name': 'Tiphaine Accary-Barbier', 'institution': 'INSA de Lyon', 'subunit': 'LIRIS CNRS UMR 5205', 'location': 'Villeurbanne cedex, France', 'full_affiliation': 'LIRIS CNRS UMR 5205, INSA de Lyon, Bat. Blaise Pascal 7, avenue Jean Capelle, 69621 Villeurbanne cedex, France'}, {'name': 'Sylvie Calabretto', 'institution': 'INSA de Lyon', 'subunit': 'LIRIS CNRS UMR 5205', 'location': 'Villeurbanne cedex, France', 'full_affiliation': 'LIRIS CNRS UMR 5205, INSA de Lyon, Bat. Blaise Pascal 7, avenue Jean Capelle, 69621 Villeurbanne cedex, France'}]",2005_004_0005.png
EventNet: Inferring Temporal Relations Between Commonsense Events,Knowledge Representation & Reasoning,"[{'name': 'Jose Espinosa', 'institution': 'MIT', 'subunit': 'Media Lab, Software Agents Group', 'location': 'Cambridge, Massachusetts, USA', 'full_affiliation': 'MIT Media Lab, Software Agents Group, 20 Ames St., Cambridge, Massachusetts, 02139, USA'}, {'name': 'Henry Lieberman', 'institution': 'MIT', 'subunit': 'Media Lab, Software Agents Group', 'location': 'Cambridge, Massachusetts, USA', 'full_affiliation': 'MIT Media Lab, Software Agents Group, 20 Ames St., Cambridge, Massachusetts, 02139, USA'}]",2005_004_0006.png
Multi Agent Ontology Mapping Framework in the AQUA Question Answering System,Multi-Agent Systems & Distributed AI,"[{'name': 'Miklos Nagy', 'institution': 'The Open University', 'subunit': 'Knowledge Media Institute (KMi)', 'location': 'Milton Keynes, United Kingdom', 'full_affiliation': 'Knowledge Media Institute (KMi), The Open University, Walton Hall, Milton Keynes, MK7 6AA, United Kingdom'}, {'name': 'Maria Vargas-Vera', 'institution': 'The Open University', 'subunit': 'Knowledge Media Institute (KMi)', 'location': 'Milton Keynes, United Kingdom', 'full_affiliation': 'Knowledge Media Institute (KMi), The Open University, Walton Hall, Milton Keynes, MK7 6AA, United Kingdom'}, {'name': 'Enrico Motta', 'institution': 'The Open University', 'subunit': 'Knowledge Media Institute (KMi)', 'location': 'Milton Keynes, United Kingdom', 'full_affiliation': 'Knowledge Media Institute (KMi), The Open University, Walton Hall, Milton Keynes, MK7 6AA, United Kingdom'}]",2005_004_0007.png
A Three-Level Approach to Ontology Merging,Knowledge Representation & Reasoning,"[{'name': 'Agustina Buccella', 'institution': 'Universidad Nacional del Comahue', 'subunit': 'Departamento de Ciencias de la Computación', 'location': 'Neuquén, Argentina', 'full_affiliation': 'Departamento de Ciencias de la Computación, Universidad Nacional del Comahue, Buenos Aires 1400, Neuquén, Argentina'}, {'name': 'Alejandra Cechich', 'institution': 'Universidad Nacional del Comahue', 'subunit': 'Departamento de Ciencias de la Computación', 'location': 'Neuquén, Argentina', 'full_affiliation': 'Departamento de Ciencias de la Computación, Universidad Nacional del Comahue, Buenos Aires 1400, Neuquén, Argentina'}, {'name': 'Nieves Brisaboa', 'institution': 'Universidade de A Coruña', 'subunit': 'Departamento de Computación', 'location': 'La Coruña, España', 'full_affiliation': 'Departamento de Computación, Universidade de A Coruña, La Coruña, España'}]",2005_004_0008.png
Domain and Competences Ontologies and Their Maintenance for an Intelligent Dissemination of Documents,Knowledge Representation & Reasoning,"[{'name': 'Yassine Gargouri', 'institution': 'University of Quebec at Montreal', 'subunit': 'Laboratory of Cognitive Information Analysis', 'location': 'Montreal, Quebec, Canada', 'full_affiliation': 'Laboratory of Cognitive Information Analysis, University of Quebec at Montreal, Montreal (Quebec) H3C 3P8, Canada'}, {'name': 'Bernard Lefebvre', 'institution': 'University of Quebec at Montreal', 'subunit': 'Laboratory of Knowledge Management, Diffusion and Acquisition', 'location': 'Montreal, Quebec, Canada', 'full_affiliation': 'Laboratory of Knowledge Management, Diffusion and Acquisition, University of Quebec at Montreal, Montreal (Quebec) H3C 3P8, Canada'}, {'name': 'Jean-Guy Meunier', 'institution': 'University of Quebec at Montreal', 'subunit': 'Laboratory of Cognitive Information Analysis', 'location': 'Montreal, Quebec, Canada', 'full_affiliation': 'Laboratory of Cognitive Information Analysis, University of Quebec at Montreal, Montreal (Quebec) H3C 3P8, Canada'}]",2005_004_0009.png
Modelling Power and Trust for Knowledge Distribution: An Argumentative Approach,Knowledge Representation & Reasoning,"[{'name': 'Carlos Iván Chesñevar', 'institution': 'Universitat de Lleida', 'subunit': 'Artificial Intelligence Research Group, Department of Computer Science, Campus Cappont', 'location': 'Lleida, Spain', 'full_affiliation': 'Artificial Intelligence Research Group, Department of Computer Science, Universitat de Lleida, Campus Cappont, C/Jaume II, 69, E-25001 Lleida, Spain'}, {'name': 'Ramón F. Brena', 'institution': 'Tecnológico de Monterrey', 'subunit': 'Centro de Sistemas Inteligentes', 'location': 'Monterrey, N.L., México', 'full_affiliation': 'Centro de Sistemas Inteligentes, Tecnológico de Monterrey, 64849 Monterrey, N.L., México'}, {'name': 'José Luis Aguirre', 'institution': 'Tecnológico de Monterrey', 'subunit': 'Centro de Sistemas Inteligentes', 'location': 'Monterrey, N.L., México', 'full_affiliation': 'Centro de Sistemas Inteligentes, Tecnológico de Monterrey, 64849 Monterrey, N.L., México'}]",2005_004_0010.png
Deductive Systems' Representation and an Incompleteness Result in the Situation Calculus,Knowledge Representation & Reasoning,"[{'name': 'Pablo Sáez', 'institution': 'University of Concepción', 'subunit': 'Departamento de Ingeniería Informática y Ciencia de la Computación, Facultad de Ingeniería', 'location': 'Concepción, Chile', 'full_affiliation': 'Departamento de Ingeniería Informática y Ciencia de la Computación, Facultad de Ingeniería, University of Concepción, Chile'}]",2005_004_0011.png
Geometric Aspects Related to Solutions of #kSAT,Logic & Automated Reasoning,"[{'name': 'Guillermo Morales-Luna', 'institution': 'CINVESTAV-IPN', 'subunit': 'Computer Science', 'location': 'Mexico City, Mexico', 'full_affiliation': 'Computer Science, CINVESTAV-IPN, Av. IPN 2508, Mexico City, Mexico'}]",2005_004_0012.png
A Syntactical Approach to Belief Update,Knowledge Representation & Reasoning,"[{'name': 'Jerusa Marchi', 'institution': 'Universidade Federal de Santa Catarina | Université Toulouse I', 'subunit': 'Departamento de Automação e Sistemas | IRIT', 'location': 'Florianópolis, SC, Brazil | Toulouse, France', 'full_affiliation': 'Departamento de Automação e Sistemas, Universidade Federal de Santa Catarina, 88040-900, Florianópolis, SC, Brazil | IRIT - Université Toulouse I, Manufacture des Tabacs, 21, allée de Brienne, F-31042, Toulouse, France'}, {'name': 'Guilherme Bittencourt', 'institution': 'Universidade Federal de Santa Catarina', 'subunit': 'Departamento de Automação e Sistemas', 'location': 'Florianópolis, SC, Brazil', 'full_affiliation': 'Departamento de Automação e Sistemas, Universidade Federal de Santa Catarina, 88040-900, Florianópolis, SC, Brazil'}, {'name': 'Laurent Perrussel', 'institution': 'Université Toulouse I', 'subunit': 'IRIT', 'location': 'Toulouse, France', 'full_affiliation': 'IRIT - Université Toulouse I, Manufacture des Tabacs, 21, allée de Brienne, F-31042, Toulouse, France'}]",2005_004_0013.png
A Fuzzy Extension of Description Logic ALCH *,Fuzzy Logic & Fuzzy Systems,"[{'name': 'Yanhui Li', 'institution': 'Southeast University | Jiangsu Institute of Software Quality', 'subunit': 'Department of Computer Science and Engineering', 'location': 'Nanjing, P.R. China', 'full_affiliation': 'Department of Computer Science and Engineering, Southeast University, Nanjing 210096, P.R. China | Jiangsu Institute of Software Quality, Nanjing 210096, P.R. China'}, {'name': 'Jianjiang Lu', 'institution': 'Southeast University | Jiangsu Institute of Software Quality | PLA University of Science and Technology', 'subunit': 'Department of Computer Science and Engineering', 'location': 'Nanjing, P.R. China', 'full_affiliation': 'Department of Computer Science and Engineering, Southeast University, Nanjing 210096, P.R. China | Jiangsu Institute of Software Quality, Nanjing 210096, P.R. China | PLA University of Science and Technology, Nanjing, 210007, China'}, {'name': 'Baowen Xu', 'institution': 'Southeast University | Jiangsu Institute of Software Quality', 'subunit': 'Department of Computer Science and Engineering', 'location': 'Nanjing, P.R. China', 'full_affiliation': 'Department of Computer Science and Engineering, Southeast University, Nanjing 210096, P.R. China | Jiangsu Institute of Software Quality, Nanjing 210096, P.R. China'}, {'name': 'Dazhou Kang', 'institution': 'Southeast University | Jiangsu Institute of Software Quality', 'subunit': 'Department of Computer Science and Engineering', 'location': 'Nanjing, P.R. China', 'full_affiliation': 'Department of Computer Science and Engineering, Southeast University, Nanjing 210096, P.R. China | Jiangsu Institute of Software Quality, Nanjing 210096, P.R. China'}, {'name': 'Jixiang Jiang', 'institution': 'Southeast University | Jiangsu Institute of Software Quality', 'subunit': 'Department of Computer Science and Engineering', 'location': 'Nanjing, P.R. China', 'full_affiliation': 'Department of Computer Science and Engineering, Southeast University, Nanjing 210096, P.R. China | Jiangsu Institute of Software Quality, Nanjing 210096, P.R. China'}]",2005_004_0014.png
An Approach for Dynamic Split Strategies in Constraint Solving,Heuristic Search & Optimization,"[{'name': 'Carlos Castro', 'institution': 'Universidad Técnica Federico Santa María', 'subunit': '', 'location': 'Valparaíso, Chile', 'full_affiliation': 'Universidad Técnica Federico Santa María, Valparaíso, Chile'}, {'name': 'Eric Monfroy', 'institution': 'Universidad Técnica Federico Santa María | LINA, Université de Nantes', 'subunit': '', 'location': 'Valparaíso, Chile | Nantes, France', 'full_affiliation': 'Universidad Técnica Federico Santa María, Valparaíso, Chile | LINA, Université de Nantes, France'}, {'name': 'Christian Figueroa', 'institution': 'Universidad Técnica Federico Santa María', 'subunit': '', 'location': 'Valparaíso, Chile', 'full_affiliation': 'Universidad Técnica Federico Santa María, Valparaíso, Chile'}, {'name': 'Rafael Meneses', 'institution': 'Universidad Técnica Federico Santa María', 'subunit': '', 'location': 'Valparaíso, Chile', 'full_affiliation': 'Universidad Técnica Federico Santa María, Valparaíso, Chile'}]",2005_004_0015.png
Applying Constraint Logic Programming to Predicate Abstraction of RTL Verilog Descriptions,Logic & Automated Reasoning,"[{'name': 'Tun Li', 'institution': 'National University of Defense Technology', 'subunit': '', 'location': 'ChangSha, HuNan, China', 'full_affiliation': 'National University of Defense Technology, 410073 ChangSha, HuNan, China'}, {'name': 'Yang Guo', 'institution': 'National University of Defense Technology', 'subunit': '', 'location': 'ChangSha, HuNan, China', 'full_affiliation': 'National University of Defense Technology, 410073 ChangSha, HuNan, China'}, {'name': 'SiKun Li', 'institution': 'National University of Defense Technology', 'subunit': '', 'location': 'ChangSha, HuNan, China', 'full_affiliation': 'National University of Defense Technology, 410073 ChangSha, HuNan, China'}, {'name': 'Dan Zhu', 'institution': 'National University of Defense Technology', 'subunit': '', 'location': 'ChangSha, HuNan, China', 'full_affiliation': 'National University of Defense Technology, 410073 ChangSha, HuNan, China'}]",2005_004_0016.png
Scheduling Transportation Events with Grouping Genetic Algorithms and the Heuristic DJD,Bio-inspired & Evolutionary Computing,"[{'name': 'Hugo Terashima-Marín', 'institution': 'Tecnológico de Monterrey', 'subunit': 'Center for Intelligent Systems', 'location': 'Monterrey, Nuevo León, Mexico', 'full_affiliation': 'Center for Intelligent Systems, Tecnológico de Monterrey, Ave. Eugenio Garza Sada 2501 Sur, Monterrey, Nuevo León 64849 Mexico'}, {'name': 'Juan Manuel Tavernier-Deloya', 'institution': 'Tecnológico de Monterrey', 'subunit': 'Center for Intelligent Systems', 'location': 'Monterrey, Nuevo León, Mexico', 'full_affiliation': 'Center for Intelligent Systems, Tecnológico de Monterrey, Ave. Eugenio Garza Sada 2501 Sur, Monterrey, Nuevo León 64849 Mexico'}, {'name': 'Manuel Valenzuela-Rendón', 'institution': 'Tecnológico de Monterrey', 'subunit': 'Center for Intelligent Systems', 'location': 'Monterrey, Nuevo León, Mexico', 'full_affiliation': 'Center for Intelligent Systems, Tecnológico de Monterrey, Ave. Eugenio Garza Sada 2501 Sur, Monterrey, Nuevo León 64849 Mexico'}]",2005_004_0017.png
Radial Search: A Simple Solution Approach to Hard Combinatorial Problems,Heuristic Search & Optimization,"[{'name': 'José Antonio Vázquez Rodríguez', 'institution': 'The University of Essex', 'subunit': '', 'location': 'Colchester, UK', 'full_affiliation': 'The University of Essex, Colchester CO43SQ, UK'}, {'name': 'Abdellah Salhi', 'institution': 'The University of Essex', 'subunit': '', 'location': 'Colchester, UK', 'full_affiliation': 'The University of Essex, Colchester CO43SQ, UK'}]",2005_004_0018.png
Rough Sets and Decision Rules in Fuzzy Set-Valued Information Systems,Data Mining & Knowledge Discovery,"[{'name': 'Danjun Zhu', 'institution': ""Xi'an Jiaotong University"", 'subunit': 'School of Electronics and Information Engineering', 'location': ""Xi'an, China"", 'full_affiliation': ""School of Electronics and Information Engineering, Xi'an Jiaotong University, Xi'an, 710049, China""}, {'name': 'Boqin Feng', 'institution': ""Xi'an Jiaotong University"", 'subunit': 'School of Electronics and Information Engineering', 'location': ""Xi'an, China"", 'full_affiliation': ""School of Electronics and Information Engineering, Xi'an Jiaotong University, Xi'an, 710049, China""}, {'name': 'Tao Guan', 'institution': 'Tsinghua University', 'subunit': 'State Key Laboratory of Intelligent Technology and Systems(LITS), Department of Computer Science and Technology', 'location': 'Beijing, China', 'full_affiliation': 'State Key Laboratory of Intelligent Technology and Systems(LITS), Department of Computer Science and Technology, Tsinghua University, Beijing, 100084, China'}]",2005_004_0019.png
Directed Cycles in Bayesian Belief Networks: Probabilistic Semantics and Consistency Checking Complexity,Probabilistic & Statistical Reasoning,"[{'name': 'Alexander L. Tulupyev', 'institution': 'Russian Academy of Sciences', 'subunit': 'St.Petersburg Institute for Informatics and Automation', 'location': '', 'full_affiliation': 'St.Petersburg Institute for Informatics and Automation of the Russian Academy of Sciences'}, {'name': 'Sergey I. Nikolenko', 'institution': 'Russian Academy of Sciences', 'subunit': 'St.Petersburg Institute for Informatics and Automation', 'location': '', 'full_affiliation': 'St.Petersburg Institute for Informatics and Automation of the Russian Academy of Sciences'}]",2005_004_0020.png
Fuzzeval: A Fuzzy Controller-Based Approach in Adaptive Learning for Backgammon Game,Fuzzy Logic & Fuzzy Systems,"[{'name': 'Mikael Heinze', 'institution': 'Aalborg University', 'subunit': 'Computer Science and Engineering Department', 'location': 'Esbjerg, Denmark', 'full_affiliation': 'Computer Science and Engineering Department, Aalborg University, Esbjerg Denmark'}, {'name': 'Daniel Ortiz-Arroyo', 'institution': 'Aalborg University', 'subunit': 'Computer Science and Engineering Department', 'location': 'Esbjerg, Denmark', 'full_affiliation': 'Computer Science and Engineering Department, Aalborg University, Esbjerg Denmark'}, {'name': 'Henrik Legind Larsen', 'institution': 'Aalborg University', 'subunit': 'Computer Science and Engineering Department', 'location': 'Esbjerg, Denmark', 'full_affiliation': 'Computer Science and Engineering Department, Aalborg University, Esbjerg Denmark'}, {'name': 'Francisco Rodriguez-Henriquez', 'institution': 'CINVESTAV', 'subunit': 'Computer Science Section', 'location': 'Mexico DF, Mexico', 'full_affiliation': 'Computer Science Section, CINVESTAV, Mexico DF, Mexico'}]",2005_004_0021.png
Analysis of Performance of Fuzzy Logic-Based Production Scheduling by Simulation,Fuzzy Logic & Fuzzy Systems,"[{'name': 'Alejandra Duenas', 'institution': 'Coventry University', 'subunit': 'Control Theory and Applications Centre, School of Mathematical and Information Sciences', 'location': 'Coventry, UK', 'full_affiliation': 'Control Theory and Applications Centre, School of Mathematical and Information Sciences, Coventry University, Priory Street, Coventry, CV1 5FB, UK'}, {'name': 'Dobrila Petrovic', 'institution': 'Coventry University', 'subunit': 'Control Theory and Applications Centre, School of Mathematical and Information Sciences', 'location': 'Coventry, UK', 'full_affiliation': 'Control Theory and Applications Centre, School of Mathematical and Information Sciences, Coventry University, Priory Street, Coventry, CV1 5FB, UK'}, {'name': 'Sanja Petrovic', 'institution': 'University of Nottingham', 'subunit': 'Automated Scheduling, Optimisation and Planning Research Group, School of Computer Science and IT', 'location': 'Nottingham, United Kingdom', 'full_affiliation': 'Automated Scheduling, Optimisation and Planning Research Group, School of Computer Science and IT, University of Nottingham, Nottingham, United Kingdom'}]",2005_004_0022.png
Effects of Inter-agent Communication in Ant-Based Clustering Algorithms: A Case Study on Communication Policies in Swarm Systems,Multi-Agent Systems & Distributed AI,"[{'name': 'Marco Antonio Montes de Oca', 'institution': 'Tecnológico de Monterrey', 'subunit': 'Centro de Sistemas Inteligentes, Campus Monterrey', 'location': 'Monterrey, México', 'full_affiliation': 'Centro de Sistemas Inteligentes Tecnológico de Monterrey, Campus Monterrey, Eugenio Garza Sada 2501, C.P. 64849. Monterrey, México'}, {'name': 'Leonardo Garrido', 'institution': 'Tecnológico de Monterrey', 'subunit': 'Centro de Sistemas Inteligentes, Campus Monterrey', 'location': 'Monterrey, México', 'full_affiliation': 'Centro de Sistemas Inteligentes Tecnológico de Monterrey, Campus Monterrey, Eugenio Garza Sada 2501, C.P. 64849. Monterrey, México'}, {'name': 'José Luis Aguirre', 'institution': 'Tecnológico de Monterrey', 'subunit': 'Centro de Sistemas Inteligentes, Campus Monterrey', 'location': 'Monterrey, México', 'full_affiliation': 'Centro de Sistemas Inteligentes Tecnológico de Monterrey, Campus Monterrey, Eugenio Garza Sada 2501, C.P. 64849. Monterrey, México'}]",2005_004_0023.png
Coordination Through Plan Repair,Multi-Agent Systems & Distributed AI,"[{'name': 'Roman van der Krogt', 'institution': 'Delft University of Technology', 'subunit': '', 'location': 'Delft, The Netherlands', 'full_affiliation': 'Delft University of Technology, PO Box 5031, 2600 GA Delft, The Netherlands'}, {'name': 'Mathijs de Weerdt', 'institution': 'Delft University of Technology', 'subunit': '', 'location': 'Delft, The Netherlands', 'full_affiliation': 'Delft University of Technology, PO Box 5031, 2600 GA Delft, The Netherlands'}]",2005_004_0024.png
Enabling Intelligent Organizations: An Electronic Institutions Approach for Controlling and Executing Problem Solving Methods,Multi-Agent Systems & Distributed AI,"[{'name': 'Armando Robles P.', 'institution': 'TCA Research Group | IIIA-CSIC', 'subunit': '', 'location': 'Barcelona, Spain', 'full_affiliation': ""1 TCA Research Group | 2 Institut d'Investigació en Intel.ligència Artificial, IIIA-CSIC. Barcelona, Spain""}, {'name': 'B.V. Pablo Noriega', 'institution': 'IIIA-CSIC', 'subunit': ""Institut d'Investigació en Intel.ligència Artificial"", 'location': 'Barcelona, Spain', 'full_affiliation': ""2 Institut d'Investigació en Intel.ligència Artificial, IIIA-CSIC. Barcelona, Spain""}, {'name': 'Francisco Cantú', 'institution': 'ITESM', 'subunit': 'Research and Graduate Studies Office', 'location': 'Monterrey, NL, México', 'full_affiliation': '3 Research and Graduate Studies Office, ITESM'}, {'name': 'Rubén Morales-Menéndez', 'institution': 'ITESM', 'subunit': 'Center for Innovation in Design and Technology', 'location': 'Monterrey, NL, México', 'full_affiliation': '4 Center for Innovation in Design and Technology, ITESM, Monterrey, NL, México'}]",2005_004_0025.png
An Extended Behavior Network for a Game Agent: An Investigation of Action Selection Quality and Agent Performance in Unreal Tournament,Hybrid AI & Expert Systems,"[{'name': 'Hugo da Silva Corrêa Pinto', 'institution': 'Universidade Federal do Rio Grande do Sul (UFRGS)', 'subunit': 'Instituto de Informática', 'location': 'Porto Alegre, RS, Brazil', 'full_affiliation': 'Instituto de Informática, Universidade Federal do Rio Grande do Sul (UFRGS), Caixa Postal 15.064, 91.501-970, Porto Alegre, RS, Brazil'}, {'name': 'Luis Otávio Alvares', 'institution': 'Universidade Federal do Rio Grande do Sul (UFRGS)', 'subunit': 'Instituto de Informática', 'location': 'Porto Alegre, RS, Brazil', 'full_affiliation': 'Instituto de Informática, Universidade Federal do Rio Grande do Sul (UFRGS), Caixa Postal 15.064, 91.501-970, Porto Alegre, RS, Brazil'}]",2005_004_0026.png
Air Pollution Assessment Through a Multiagent-Based Traffic Simulation,Multi-Agent Systems & Distributed AI,"[{'name': 'Jesús Héctor Domínguez', 'institution': 'Tecnológico de Monterrey', 'subunit': 'Center for Intelligent Systems, Campus Monterrey', 'location': 'Monterrey, México', 'full_affiliation': 'Center for Intelligent Systems, Tecnológico de Monterrey, Campus Monterrey, Monterrey, México'}, {'name': 'Luis Marcelo Fernández', 'institution': 'Tecnológico de Monterrey', 'subunit': 'Center for Intelligent Systems, Campus Monterrey', 'location': 'Monterrey, México', 'full_affiliation': 'Center for Intelligent Systems, Tecnológico de Monterrey, Campus Monterrey, Monterrey, México'}, {'name': 'José Luis Aguirre', 'institution': 'Tecnológico de Monterrey', 'subunit': 'Center for Intelligent Systems, Campus Monterrey', 'location': 'Monterrey, México', 'full_affiliation': 'Center for Intelligent Systems, Tecnológico de Monterrey, Campus Monterrey, Monterrey, México'}, {'name': 'Leonardo Garrido', 'institution': 'Tecnológico de Monterrey', 'subunit': 'Center for Intelligent Systems, Campus Monterrey', 'location': 'Monterrey, México', 'full_affiliation': 'Center for Intelligent Systems, Tecnológico de Monterrey, Campus Monterrey, Monterrey, México'}, {'name': 'Ramón Brena', 'institution': 'Tecnológico de Monterrey', 'subunit': 'Center for Intelligent Systems, Campus Monterrey', 'location': 'Monterrey, México', 'full_affiliation': 'Center for Intelligent Systems, Tecnológico de Monterrey, Campus Monterrey, Monterrey, México'}]",2005_004_0027.png
A Noise-Driven Paradigm for Solving the Stereo Correspondence Problem,Computer Vision,"[{'name': 'Patrice Delmas', 'institution': 'The University of Auckland', 'subunit': 'Department of Computer Science', 'location': 'Auckland, New Zealand', 'full_affiliation': 'Department of Computer Science, The University of Auckland, Private Bag 92019, Auckland'}, {'name': 'Georgy Gimel’farb', 'institution': 'The University of Auckland', 'subunit': 'Department of Computer Science', 'location': 'Auckland, New Zealand', 'full_affiliation': 'Department of Computer Science, The University of Auckland, Private Bag 92019, Auckland'}, {'name': 'Jiang Liu', 'institution': 'The University of Auckland', 'subunit': 'Department of Computer Science', 'location': 'Auckland, New Zealand', 'full_affiliation': 'Department of Computer Science, The University of Auckland, Private Bag 92019, Auckland'}, {'name': 'John Morris', 'institution': 'The University of Auckland', 'subunit': 'Department of Computer Science', 'location': 'Auckland, New Zealand', 'full_affiliation': 'Department of Computer Science, The University of Auckland, Private Bag 92019, Auckland'}]",2005_004_0028.png
Invariant Descriptions and Associative Processing Applied to Object Recognition Under Occlusions,Computer Vision,"[{'name': 'Roberto Antonio Vázquez', 'institution': 'Instituto Politécnico Nacional', 'subunit': 'Centro de Investigación en Computación', 'location': 'Ciudad de México, México', 'full_affiliation': 'Centro de Investigación en Computación – IPN, Av. Juan de Dios Batíz, esquina con Miguel Otón de Mendizábal, Ciudad de México, 07738, México'}, {'name': 'Humberto Sossa', 'institution': 'Instituto Politécnico Nacional', 'subunit': 'Centro de Investigación en Computación', 'location': 'Ciudad de México, México', 'full_affiliation': 'Centro de Investigación en Computación – IPN, Av. Juan de Dios Batíz, esquina con Miguel Otón de Mendizábal, Ciudad de México, 07738, México'}, {'name': 'Ricardo Barrón', 'institution': 'Instituto Politécnico Nacional', 'subunit': 'Centro de Investigación en Computación', 'location': 'Ciudad de México, México', 'full_affiliation': 'Centro de Investigación en Computación – IPN, Av. Juan de Dios Batíz, esquina con Miguel Otón de Mendizábal, Ciudad de México, 07738, México'}]",2005_004_0029.png
Real Time Facial Expression Recognition Using Local Binary Patterns and Linear Programming,Computer Vision,"[{'name': 'Xiaoyi Feng', 'institution': 'Northwestern Polytechnic University', 'subunit': 'College of Electronics and Information', 'location': ""Xi'an, China"", 'full_affiliation': ""College of Electronics and Information, Northwestern Polytechnic University, 710072 Xi'an, China""}, {'name': 'Jie Cui', 'institution': 'Northwestern Polytechnic University', 'subunit': 'College of Electronics and Information', 'location': ""Xi'an, China"", 'full_affiliation': ""College of Electronics and Information, Northwestern Polytechnic University, 710072 Xi'an, China""}, {'name': 'Matti Pietikäinen', 'institution': 'University of Oulu', 'subunit': 'Machine Vision Group, Infotech Oulu and Dept. of Electrical and Information Engineering', 'location': 'Oulu, Finland', 'full_affiliation': 'Machine Vision Group, Infotech Oulu and Dept. of Electrical and Information Engineering, P. O. Box 4500 Fin-90014 University of Oulu, Finland'}, {'name': 'Abdenour Hadid', 'institution': 'University of Oulu', 'subunit': 'Machine Vision Group, Infotech Oulu and Dept. of Electrical and Information Engineering', 'location': 'Oulu, Finland', 'full_affiliation': 'Machine Vision Group, Infotech Oulu and Dept. of Electrical and Information Engineering, P. O. Box 4500 Fin-90014 University of Oulu, Finland'}]",2005_004_0030.png
People Detection and Tracking Through Stereo Vision for Human-Robot Interaction*,Computer Vision,"[{'name': 'Rafael Muñoz-Salinas', 'institution': 'University of Granada', 'subunit': 'Depto. de Ciencias de la Computacion e Inteligencia Artificial, E.T.S. Ingeniera Informática', 'location': 'Granada, Spain', 'full_affiliation': 'Depto. de Ciencias de la Computacion e Inteligencia Artificial, E.T.S. Ingeniera Informática, University of Granada, Granada, Spain'}, {'name': 'Eugenio Aguirre', 'institution': 'University of Granada', 'subunit': 'Depto. de Ciencias de la Computacion e Inteligencia Artificial, E.T.S. Ingeniera Informática', 'location': 'Granada, Spain', 'full_affiliation': 'Depto. de Ciencias de la Computacion e Inteligencia Artificial, E.T.S. Ingeniera Informática, University of Granada, Granada, Spain'}, {'name': 'Miguel García-Silvente', 'institution': 'University of Granada', 'subunit': 'Depto. de Ciencias de la Computacion e Inteligencia Artificial, E.T.S. Ingeniera Informática', 'location': 'Granada, Spain', 'full_affiliation': 'Depto. de Ciencias de la Computacion e Inteligencia Artificial, E.T.S. Ingeniera Informática, University of Granada, Granada, Spain'}, {'name': 'Antonio Gonzalez', 'institution': 'University of Granada', 'subunit': 'Depto. de Ciencias de la Computacion e Inteligencia Artificial, E.T.S. Ingeniera Informática', 'location': 'Granada, Spain', 'full_affiliation': 'Depto. de Ciencias de la Computacion e Inteligencia Artificial, E.T.S. Ingeniera Informática, University of Granada, Granada, Spain'}]",2005_004_0031.png
Mapping Visual Behavior to Robotic Assembly Tasks,Robotics,"[{'name': 'Mario Peña-Cabrera', 'institution': 'Universidad Nacional Autónoma de México', 'subunit': 'Instituto de Investigaciones en Matemáticas Aplicadas y en Sistemas (IIMAS)', 'location': 'Ciudad Universitaria, México D.F., México', 'full_affiliation': 'Instituto de Investigaciones en Matemáticas Aplicadas y en Sistemas (IIMAS), Ciudad Universitaria, Univesidad Nacional Autónoma de México, México D.F. CP 04510'}, {'name': 'Ismael López-Juárez', 'institution': 'CIATEQ A.C.', 'subunit': '', 'location': 'El Marqués, Querétaro, México', 'full_affiliation': 'CIATEQ A.C. Centro de Tecnología Avanzada, Av. Manantiales 23-A, CP 76246, El Marqués, Querétaro, México'}, {'name': 'Reyes Rios-Cabrera', 'institution': 'CIATEQ A.C.', 'subunit': '', 'location': 'El Marqués, Querétaro, México', 'full_affiliation': 'CIATEQ A.C. Centro de Tecnología Avanzada, Av. Manantiales 23-A, CP 76246, El Marqués, Querétaro, México'}, {'name': 'Jorge Corona-Castuera', 'institution': 'CIATEQ A.C.', 'subunit': '', 'location': 'El Marqués, Querétaro, México', 'full_affiliation': 'CIATEQ A.C. Centro de Tecnología Avanzada, Av. Manantiales 23-A, CP 76246, El Marqués, Querétaro, México'}, {'name': 'Roman Osorio', 'institution': 'Universidad Nacional Autónoma de México', 'subunit': 'Instituto de Investigaciones en Matemáticas Aplicadas y en Sistemas (IIMAS)', 'location': 'Ciudad Universitaria, México D.F., México', 'full_affiliation': 'Instituto de Investigaciones en Matemáticas Aplicadas y en Sistemas (IIMAS), Ciudad Universitaria, Univesidad Nacional Autónoma de México, México D.F. CP 04510'}]",2005_004_0032.png
Multilevel Seed Region Growth Segmentation,Computer Vision,"[{'name': 'Raziel Álvarez', 'institution': 'Tecnológico de Monterrey', 'subunit': 'Mechatronics Research Center (CIMe), Campus Estado de México', 'location': 'Atizapán de Zaragoza, Estado de México, Mexico', 'full_affiliation': 'Mechatronics Research Center (CIMe), Tecnológico de Monterrey, Campus Estado de México, Km 3.5 Carretera al Lago de Guadalupe, Atizapán de Zaragoza, Estado de México, Mexico, 52926'}, {'name': 'Erik Millán', 'institution': 'Tecnológico de Monterrey', 'subunit': 'Mechatronics Research Center (CIMe), Campus Estado de México', 'location': 'Atizapán de Zaragoza, Estado de México, Mexico', 'full_affiliation': 'Mechatronics Research Center (CIMe), Tecnológico de Monterrey, Campus Estado de México, Km 3.5 Carretera al Lago de Guadalupe, Atizapán de Zaragoza, Estado de México, Mexico, 52926'}, {'name': 'Ricardo Swain-Oropeza', 'institution': 'Tecnológico de Monterrey', 'subunit': 'Mechatronics Research Center (CIMe), Campus Estado de México', 'location': 'Atizapán de Zaragoza, Estado de México, Mexico', 'full_affiliation': 'Mechatronics Research Center (CIMe), Tecnológico de Monterrey, Campus Estado de México, Km 3.5 Carretera al Lago de Guadalupe, Atizapán de Zaragoza, Estado de México, Mexico, 52926'}]",2005_004_0033.png
A CLS Hierarchy for the Classification of Images,Computer Vision,"[{'name': 'Antonio Sanchez', 'institution': 'LANIA | TCU', 'subunit': '', 'location': 'Xalapa, Veracruz, México | Fort Worth, Texas', 'full_affiliation': 'LANIA, Xalapa,Veracruz, México 72820 & TCU, Fort Worth Texas 76129'}, {'name': 'Raul Diaz', 'institution': 'LANIA', 'subunit': '', 'location': 'Xalapa, Veracruz, México', 'full_affiliation': 'LANIA , Xalapa,Veracruz, México 72820'}, {'name': 'Peter Bock', 'institution': 'GWU', 'subunit': '', 'location': 'Washington D.C.', 'full_affiliation': 'GWU, Washington D.C. 20006'}]",2005_004_0034.png
Performance Evaluation of a Segmentation Algorithm for Synthetic Texture Images,Computer Vision,"[{'name': 'Dora Luz Almanza-Ojeda', 'institution': 'Universidad de Guanajuato', 'subunit': 'F.I.M.E.E.', 'location': 'Salamanca, Mexico', 'full_affiliation': 'Universidad de Guanajuato, F.I.M.E.E., Salamanca, Mexico'}, {'name': 'Victor Ayala-Ramirez', 'institution': 'Universidad de Guanajuato', 'subunit': 'F.I.M.E.E.', 'location': 'Salamanca, Mexico', 'full_affiliation': 'Universidad de Guanajuato, F.I.M.E.E., Salamanca, Mexico'}, {'name': 'Raul E. Sanchez-Yanez', 'institution': 'Universidad de Guanajuato', 'subunit': 'F.I.M.E.E.', 'location': 'Salamanca, Mexico', 'full_affiliation': 'Universidad de Guanajuato, F.I.M.E.E., Salamanca, Mexico'}, {'name': 'Gabriel Avina-Cervantes', 'institution': 'Universidad de Guanajuato', 'subunit': 'F.I.M.E.E.', 'location': 'Salamanca, Mexico', 'full_affiliation': 'Universidad de Guanajuato, F.I.M.E.E., Salamanca, Mexico'}]",2005_004_0035.png
Image Retrieval Based on Salient Points from DCT Domain,Computer Vision,"[{'name': 'Wenyin Zhang', 'institution': 'East China Normal University | Shandong Linyi Normal University', 'subunit': 'The software engineering institute | The Department of Computer Science', 'location': 'Shanghai, P.R. China | Linyi, 276005, P.R. China', 'full_affiliation': 'The software engineering institute, East China Normal University, Shanghai, P.R. China | The Department of Computer Science, Shandong Linyi Normal University, Linyi, 276005, P.R. China'}, {'name': 'Zhenli Nie', 'institution': 'Shandong Linyi Normal University', 'subunit': 'The Department of Computer Science', 'location': 'Linyi, 276005, P.R. China', 'full_affiliation': 'The Department of Computer Science, Shandong Linyi Normal University, Linyi, 276005, P.R. China'}, {'name': 'Zhenbing Zeng', 'institution': 'East China Normal University', 'subunit': 'The software engineering institute', 'location': 'Shanghai, P.R. China', 'full_affiliation': 'The software engineering institute, East China Normal University, Shanghai, P.R. China'}]",2005_004_0036.png
Selection of the Optimal Parameter Value for the ISOMAP Algorithm,Unsupervised Machine Learning,"[{'name': 'Chao Shao', 'institution': 'Beijing Jiaotong University', 'subunit': 'School of Computer and Information Technology', 'location': 'Beijing, China', 'full_affiliation': 'School of Computer and Information Technology, Beijing Jiaotong University, Beijing, 100044, China'}, {'name': 'Houkuan Huang', 'institution': 'Beijing Jiaotong University', 'subunit': 'School of Computer and Information Technology', 'location': 'Beijing, China', 'full_affiliation': 'School of Computer and Information Technology, Beijing Jiaotong University, Beijing, 100044, China'}]",2005_004_0037.png
Proximity Searching in High Dimensional Spaces with a Proximity Preserving Order*,Supervised Machine Learning,"[{'name': 'Edgar Chávez', 'institution': 'Universidad Michoacana', 'subunit': 'Facultad de Ciencias Físico-Matemáticas', 'location': 'México', 'full_affiliation': 'Facultad de Ciencias Físico-Matemáticas, Universidad Michoacana, México'}, {'name': 'Karina Figueroa', 'institution': 'Universidad Michoacana | University of Chile', 'subunit': 'Facultad de Ciencias Físico-Matemáticas | Center for Web Research, Dept. of Computer Science', 'location': 'México | ', 'full_affiliation': 'Facultad de Ciencias Físico-Matemáticas, Universidad Michoacana, México | Center for Web Research, Dept. of Computer Science, University of Chile'}, {'name': 'Gonzalo Navarro', 'institution': 'University of Chile', 'subunit': 'Center for Web Research, Dept. of Computer Science', 'location': '', 'full_affiliation': 'Center for Web Research, Dept. of Computer Science, University of Chile'}]",2005_004_0038.png
A Neurobiologically Motivated Model for Self-organized Learning,Reinforcement Learning,"[{'name': 'Frank Emmert-Streib', 'institution': 'Universität Bremen | Stowers Institute for Medical Research', 'subunit': 'Institut für Theoretische Physik', 'location': 'Bremen, Germany | Kansas City, MO, USA', 'full_affiliation': 'Institut für Theoretische Physik, Universität Bremen, Otto-Hahn-Allee, 28334 Bremen, Germany | Stowers Institute for Medical Research, 1000 E. 50th Street, Kansas City, MO 64110, USA'}]",2005_004_0039.png
Using Boolean Differences for Discovering Ill-Defined Attributes in Propositional Machine Learning,Supervised Machine Learning,"[{'name': 'Sylvain Hallé', 'institution': 'Université du Québec à Montréal', 'subunit': '', 'location': 'Montréal, Canada', 'full_affiliation': 'Université du Québec à Montréal, C. P. 8888, Succ. Centre-Ville, Montréal, Canada H3C 3P8'}]",2005_004_0040.png
Simplify Decision Function of Reduced Support Vector Machines,Supervised Machine Learning,"[{'name': 'Yuangui Li', 'institution': 'Shanghai Jiaotong University', 'subunit': 'Department of Automation', 'location': 'Shanghai, P. R. China', 'full_affiliation': 'Department of Automation, Shanghai Jiaotong University, Shanghai 200030, P. R. China'}, {'name': 'Weidong Zhang', 'institution': 'Shanghai Jiaotong University', 'subunit': 'Department of Automation', 'location': 'Shanghai, P. R. China', 'full_affiliation': 'Department of Automation, Shanghai Jiaotong University, Shanghai 200030, P. R. China'}, {'name': 'Guoli Wang', 'institution': 'Sun Yat-Sen University', 'subunit': 'Department of Electronic and Communication Engineering, School of Information Science and Technology', 'location': 'Guangzhou, P.R. China', 'full_affiliation': 'Department of Electronic and Communication Engineering, School of Information Science and Technology, Sun Yat-Sen University, Guangzhou 510275, P.R. China'}, {'name': 'Yunze Cai', 'institution': 'Shanghai Jiaotong University', 'subunit': 'Department of Automation', 'location': 'Shanghai, P. R. China', 'full_affiliation': 'Department of Automation, Shanghai Jiaotong University, Shanghai 200030, P. R. China'}]",2005_004_0041.png
On-Line Learning of Decision Trees in Problems with Unknown Dynamics,Supervised Machine Learning,"[{'name': 'Marlon Núñez', 'institution': 'Universidad de Málaga', 'subunit': 'Departament of Languages and Computer Science, Campus de Teatinos', 'location': 'Málaga, Spain', 'full_affiliation': 'Departament of Languages and Computer Science, Campus de Teatinos, Universidad de Málaga, 29071, Málaga, Spain'}, {'name': 'Raúl Fidalgo', 'institution': 'Universidad de Málaga', 'subunit': 'Departament of Languages and Computer Science, Campus de Teatinos', 'location': 'Málaga, Spain', 'full_affiliation': 'Departament of Languages and Computer Science, Campus de Teatinos, Universidad de Málaga, 29071, Málaga, Spain'}, {'name': 'Rafael Morales', 'institution': 'Universidad de Málaga', 'subunit': 'Departament of Languages and Computer Science, Campus de Teatinos', 'location': 'Málaga, Spain', 'full_affiliation': 'Departament of Languages and Computer Science, Campus de Teatinos, Universidad de Málaga, 29071, Málaga, Spain'}]",2005_004_0042.png
Improved Pairwise Coupling Support Vector Machines with Correcting Classifiers*,Supervised Machine Learning,"[{'name': 'Huaqing Li', 'institution': 'Shanghai Jiao Tong University', 'subunit': 'Department of Computer Science and Engineering', 'location': 'Shanghai, P.R. China', 'full_affiliation': 'Department of Computer Science and Engineering, Shanghai Jiao Tong University, Shanghai 200030, P.R. China'}, {'name': 'Feihu Qi', 'institution': 'Shanghai Jiao Tong University', 'subunit': 'Department of Computer Science and Engineering', 'location': 'Shanghai, P.R. China', 'full_affiliation': 'Department of Computer Science and Engineering, Shanghai Jiao Tong University, Shanghai 200030, P.R. China'}, {'name': 'Shaoyu Wang', 'institution': 'Shanghai Jiao Tong University', 'subunit': 'Department of Computer Science and Engineering', 'location': 'Shanghai, P.R. China', 'full_affiliation': 'Department of Computer Science and Engineering, Shanghai Jiao Tong University, Shanghai 200030, P.R. China'}]",2005_004_0043.png
Least Squares Littlewood-Paley Wavelet Support Vector Machine,Supervised Machine Learning,"[{'name': 'Fangfang Wu', 'institution': ""Xi'an Jiaotong University"", 'subunit': 'Institute of Neocomputer', 'location': ""Xi'an, People's Republic of China"", 'full_affiliation': ""Institute of Neocomputer, Xi'an Jiaotong University, Xi'an 710049, People's Republic of China""}, {'name': 'Yinliang Zhao', 'institution': ""Xi'an Jiaotong University"", 'subunit': 'Institute of Neocomputer', 'location': ""Xi'an, People's Republic of China"", 'full_affiliation': ""Institute of Neocomputer, Xi'an Jiaotong University, Xi'an 710049, People's Republic of China""}]",2005_004_0044.png
Minimizing State Transition Model for Multiclassification by Mixed-Integer Programming,Heuristic Search & Optimization,"[{'name': 'Nobuo Inui', 'institution': 'Tokyo University of Agriculture and Technology', 'subunit': '', 'location': 'Koganei Tokyo, Japan', 'full_affiliation': 'Tokyo University of Agriculture and Technology, Koganei Tokyo 184-8588, Japan'}, {'name': 'Yuuji Shinano', 'institution': 'Tokyo University of Agriculture and Technology', 'subunit': '', 'location': 'Koganei Tokyo, Japan', 'full_affiliation': 'Tokyo University of Agriculture and Technology, Koganei Tokyo 184-8588, Japan'}]",2005_004_0045.png
Overview of Metaheuristics Methods in Compilation,Heuristic Search & Optimization,"[{'name': 'Fernanda Kri', 'institution': 'Universidad de Santiago de Chile', 'subunit': 'Departamento de Ingeniería Informática', 'location': 'Santiago, Chile', 'full_affiliation': 'Universidad de Santiago de Chile, Departamento de Ingeniería Informática, Av. Ecuador 3659, Santiago, Chile'}, {'name': 'Carlos Gómez', 'institution': 'Universidad de Santiago de Chile', 'subunit': 'Departamento de Ingeniería Informática', 'location': 'Santiago, Chile', 'full_affiliation': 'Universidad de Santiago de Chile, Departamento de Ingeniería Informática, Av. Ecuador 3659, Santiago, Chile'}, {'name': 'Paz Caro', 'institution': 'Universidad de Santiago de Chile', 'subunit': 'Departamento de Ingeniería Informática', 'location': 'Santiago, Chile', 'full_affiliation': 'Universidad de Santiago de Chile, Departamento de Ingeniería Informática, Av. Ecuador 3659, Santiago, Chile'}]",2005_004_0046.png
Time-Series Forecasting by Means of Linear and Nonlinear Models,Neural Networks & Deep Learning,"[{'name': 'Janset Kuvulmaz', 'institution': 'Yildiz Technical University', 'subunit': 'Department of Electrical Engineering', 'location': 'Besiktas, Istanbul, Turkey', 'full_affiliation': 'Department of Electrical Engineering, Yildiz Technical University, 34349 Besiktas, Istanbul Turkey'}, {'name': 'Serkan Usanmaz', 'institution': 'Marmara University', 'subunit': 'Department of Quantitative Methods', 'location': 'Goztepe, Istanbul, Turkey', 'full_affiliation': 'Department of Quantitative Methods, Marmara University, 34722 Goztepe, Istanbul Turkey'}, {'name': 'Seref Naci Engin', 'institution': 'Yildiz Technical University', 'subunit': 'Department of Electrical Engineering', 'location': 'Besiktas, Istanbul, Turkey', 'full_affiliation': 'Department of Electrical Engineering, Yildiz Technical University, 34349 Besiktas, Istanbul Turkey'}]",2005_004_0048.png
Perception Based Time Series Data Mining with MAP Transform,Data Mining & Knowledge Discovery,"[{'name': 'Ildar Batyrshin', 'institution': 'Mexican Petroleum Institute', 'subunit': '', 'location': 'Mexico, D.F.', 'full_affiliation': 'Mexican Petroleum Institute, Eje Central Lazaro, 152, Mexico, D.F., 07730'}, {'name': 'Leonid Sheremetov', 'institution': 'Mexican Petroleum Institute', 'subunit': '', 'location': 'Mexico, D.F.', 'full_affiliation': 'Mexican Petroleum Institute, Eje Central Lazaro, 152, Mexico, D.F., 07730'}]",2005_004_0049.png
A Graph Theoretic Approach to Key Equivalence,Heuristic Search & Optimization,"[{'name': 'J. Horacio Camacho', 'institution': 'University of Essex', 'subunit': '', 'location': 'Colchester, UK', 'full_affiliation': 'University of Essex, Colchester CO43SQ, UK'}, {'name': 'Abdellah Salhi', 'institution': 'University of Essex', 'subunit': '', 'location': 'Colchester, UK', 'full_affiliation': 'University of Essex, Colchester CO43SQ, UK'}, {'name': 'Qingfu Zhang', 'institution': 'University of Essex', 'subunit': '', 'location': 'Colchester, UK', 'full_affiliation': 'University of Essex, Colchester CO43SQ, UK'}]",2005_004_0050.png
Improvement of Data Visualization Based on ISOMAP,Unsupervised Machine Learning,"[{'name': 'Chao Shao', 'institution': 'Beijing Jiaotong University', 'subunit': 'School of Computer and Information Technology', 'location': 'Beijing, China', 'full_affiliation': 'School of Computer and Information Technology, Beijing Jiaotong University, 100044 Beijing, China'}, {'name': 'Houkuan Huang', 'institution': 'Beijing Jiaotong University', 'subunit': 'School of Computer and Information Technology', 'location': 'Beijing, China', 'full_affiliation': 'School of Computer and Information Technology, Beijing Jiaotong University, 100044 Beijing, China'}]",2005_004_0051.png
Supporting Generalized Cases in Conversational CBR,Hybrid AI & Expert Systems,"[{'name': 'Mingyang Gu', 'institution': 'Norwegian University of Science and Technology', 'subunit': 'Department of Computer and Information Science', 'location': 'Trondheim, Norway', 'full_affiliation': 'Department of Computer and Information Science, Norwegian University of Science and Technology, Sem Saelands vei 7-9, N-7491, Trondheim, Norway'}]",2005_004_0052.png
Organizing Large Case Library by Linear Programming,Heuristic Search & Optimization,"[{'name': 'Caihong Sun', 'institution': 'Renmin University of China', 'subunit': 'Information School', 'location': 'Beijing, P.R. China', 'full_affiliation': 'Information School, Renmin University of China, Beijing, 100872, P.R. China'}, {'name': 'Simon Chi Keung Shiu', 'institution': 'The Hong Kong Polytechnic University', 'subunit': 'Computing Department', 'location': 'Hung Hum, Kowloon, Hong Kong', 'full_affiliation': 'Computing Department, The Hong Kong Polytechnic University, Hung Hum, Kowloon, Hong Kong'}, {'name': 'Xizhao Wang', 'institution': 'Hebei University', 'subunit': 'College of Mathematics and Computer', 'location': 'Baoding City, Hebei Province, P.R. China', 'full_affiliation': 'College of Mathematics and Computer, Hebei University, Baoding City, Hebei Province, 071002, P.R. China'}]",2005_004_0053.png
Classifying Faces with Discriminant Isometric Feature Mapping,Computer Vision,"[{'name': 'Ruifan Li', 'institution': 'Beijing University of Posts and Telecommunications', 'subunit': 'School of Information Engineering', 'location': 'Beijing, China', 'full_affiliation': 'School of Information Engineering, Beijing University of Posts and Telecommunications, Beijing, China, 100876'}, {'name': 'Cong Wang', 'institution': 'Beijing University of Posts and Telecommunications', 'subunit': 'School of Information Engineering', 'location': 'Beijing, China', 'full_affiliation': 'School of Information Engineering, Beijing University of Posts and Telecommunications, Beijing, China, 100876'}, {'name': 'Hongwei Hao', 'institution': 'University of Science and Technology Beijing', 'subunit': 'School of Information Engineering', 'location': 'Beijing, China', 'full_affiliation': 'School of Information Engineering, University of Science and Technology Beijing, Beijing, China, 100083'}, {'name': 'Xuyan Tu', 'institution': 'Beijing University of Posts and Telecommunications | University of Science and Technology Beijing', 'subunit': 'School of Information Engineering | School of Information Engineering', 'location': 'Beijing, China | Beijing, China', 'full_affiliation': 'School of Information Engineering, Beijing University of Posts and Telecommunications, Beijing, China, 100876 | School of Information Engineering, University of Science and Technology Beijing, Beijing, China, 100083'}]",2005_004_0054.png
A Grey-Markov Forecasting Model for the Electric Power Requirement in China,Probabilistic & Statistical Reasoning,"[{'name': 'Yong He', 'institution': 'Zhejiang University', 'subunit': 'College of Biosystems Engineering and Food Science', 'location': 'Hangzhou, China', 'full_affiliation': 'College of Biosystems Engineering and Food Science, Zhejiang University, Hangzhou, 310029, China'}, {'name': 'Min Huang', 'institution': 'Zhejiang University', 'subunit': 'College of Biosystems Engineering and Food Science', 'location': 'Hangzhou, China', 'full_affiliation': 'College of Biosystems Engineering and Food Science, Zhejiang University, Hangzhou, 310029, China'}]",2005_004_0055.png
A Fault Detection Approach Based on Machine Learning Models,Supervised Machine Learning,"[{'name': 'Luis E. Garza Castañón', 'institution': 'ITESM', 'subunit': 'Department of Mechatronics and Automation, Monterrey Campus', 'location': 'Monterrey, N.L., México', 'full_affiliation': 'Department of Mechatronics and Automation, ITESM Monterrey Campus'}, {'name': 'Francisco J. Cantú Ortiz', 'institution': 'ITESM', 'subunit': 'Research and Graduate Programs Office, Monterrey Campus', 'location': 'Monterrey, N.L., México', 'full_affiliation': 'Research and Graduate Programs Office, ITESM Monterrey Campus, Av. Eugenio Garza Sada Sur No. 2501, Monterrey, N.L. 64,489 México'}, {'name': 'Rubén Morales-Menéndez', 'institution': 'ITESM', 'subunit': 'Department of Mechatronics and Automation, Monterrey Campus', 'location': 'Monterrey, N.L., México', 'full_affiliation': 'Department of Mechatronics and Automation, ITESM Monterrey Campus'}, {'name': 'Ricardo Ramírez', 'institution': 'ITESM', 'subunit': 'Department of Mechatronics and Automation, Monterrey Campus', 'location': 'Monterrey, N.L., México', 'full_affiliation': 'Department of Mechatronics and Automation, ITESM Monterrey Campus'}]",2005_004_0056.png
A Mixed Mutation Strategy Evolutionary Programming Combined with Species Conservation Technique,Bio-inspired & Evolutionary Computing,"[{'name': 'Hongbin Dong', 'institution': 'Beijing Jiaotong University | Harbin Normal University', 'subunit': 'School of Computer Science and Information Technology | Department of Computer Science', 'location': 'Beijing, China | Harbin, China', 'full_affiliation': '1 School of Computer Science and Information Technology, Beijing Jiaotong University, Beijing 100044, China | 2 Department of Computer Science, Harbin Normal University, Harbin 150080, China'}, {'name': 'Jun He', 'institution': 'Beijing Jiaotong University | University of Birmingham', 'subunit': 'School of Computer Science and Information Technology | School of Computer Science', 'location': 'Beijing, China | Birmingham, UK', 'full_affiliation': '1 School of Computer Science and Information Technology, Beijing Jiaotong University, Beijing 100044, China | 3 School of Computer Science, University of Birmingham, Birmingham B15 2TT, UK'}, {'name': 'Houkuan Huang', 'institution': 'Beijing Jiaotong University', 'subunit': 'School of Computer Science and Information Technology', 'location': 'Beijing, China', 'full_affiliation': '1 School of Computer Science and Information Technology, Beijing Jiaotong University, Beijing 100044, China'}, {'name': 'Wei Hou', 'institution': 'Harbin Normal University', 'subunit': 'Department of Computer Science', 'location': 'Harbin, China', 'full_affiliation': '2 Department of Computer Science, Harbin Normal University, Harbin 150080, China'}]",2005_004_0057.png
Coevolutionary Multi-objective Optimization Using Clustering Techniques,Bio-inspired & Evolutionary Computing,"[{'name': 'Margarita Reyes Sierra', 'institution': 'CINVESTAV-IPN', 'subunit': 'Evolutionary Computation Group, Electrical Eng. Department, Computer Science Dept.', 'location': 'México D.F., México', 'full_affiliation': 'CINVESTAV-IPN (Evolutionary Computation Group), Electrical Eng. Department, Computer Science Dept., Av. IPN No. 2508, Col. San Pedro Zacatenco, México D.F. 07300, México'}, {'name': 'Carlos A. Coello Coello', 'institution': 'CINVESTAV-IPN', 'subunit': 'Evolutionary Computation Group, Electrical Eng. Department, Computer Science Dept.', 'location': 'México D.F., México', 'full_affiliation': 'CINVESTAV-IPN (Evolutionary Computation Group), Electrical Eng. Department, Computer Science Dept., Av. IPN No. 2508, Col. San Pedro Zacatenco, México D.F. 07300, México'}]",2005_004_0058.png
A Comparison of Memetic Recombination Operators for the MinLA Problem,Bio-inspired & Evolutionary Computing,"[{'name': 'Eduardo Rodriguez-Tello', 'institution': 'Université d’Angers', 'subunit': 'LERIA', 'location': 'Angers, France', 'full_affiliation': 'LERIA, Université d’Angers, 2 Boulevard Lavoisier, 49045 Angers, France'}, {'name': 'Jin-Kao Hao', 'institution': 'Université d’Angers', 'subunit': 'LERIA', 'location': 'Angers, France', 'full_affiliation': 'LERIA, Université d’Angers, 2 Boulevard Lavoisier, 49045 Angers, France'}, {'name': 'Jose Torres-Jimenez', 'institution': 'University of Guerrero', 'subunit': 'Mathematics Department', 'location': 'Acapulco, Guerrero, Mexico', 'full_affiliation': 'Mathematics Department, University of Guerrero, 54 Carlos E. Adame, 39650 Acapulco Guerrero, Mexico'}]",2005_004_0059.png
Hybrid Particle Swarm – Evolutionary Algorithm for Search and Optimization,Bio-inspired & Evolutionary Computing,"[{'name': 'Crina Grosan', 'institution': 'Babeş-Bolyai University', 'subunit': 'Department of Computer Science', 'location': 'Cluj-Napoca, Romania', 'full_affiliation': 'Department of Computer Science, Babeş-Bolyai University, Cluj-Napoca, 3400, Romania'}, {'name': 'Ajith Abraham', 'institution': 'Chung-Ang University', 'subunit': 'School of Computer Science and Engineering', 'location': 'Seoul, Korea', 'full_affiliation': 'School of Computer Science and Engineering, Chung-Ang University, Seoul 156-756, Korea'}, {'name': 'Sangyong Han', 'institution': 'Chung-Ang University', 'subunit': 'School of Computer Science and Engineering', 'location': 'Seoul, Korea', 'full_affiliation': 'School of Computer Science and Engineering, Chung-Ang University, Seoul 156-756, Korea'}, {'name': 'Alexander Gelbukh', 'institution': 'Instituto Politécnico Nacional (IPN)', 'subunit': 'Centro de Investigacin en Computacin (CIC)', 'location': 'Mexico', 'full_affiliation': 'Centro de Investigacin en Computacin (CIC), Instituto Politécnico Nacional (IPN), Mexico'}]",2005_004_0060.png
Particle Swarm Optimization with Opposite Particles,Heuristic Search & Optimization,"[{'name': 'Rujing Wang', 'institution': 'Chinese Academy of Science', 'subunit': 'Institute of Intelligent Machines (IIM)', 'location': 'Hefei, Anhui, P.R. China', 'full_affiliation': 'Institute of Intelligent Machines (IIM) of Chinese Academy of Science, 230031 Hefei, Anhui, P.R. China'}, {'name': 'Xiaoming Zhang', 'institution': 'Chinese Academy of Science', 'subunit': 'Institute of Intelligent Machines (IIM)', 'location': 'Hefei, Anhui, P.R. China', 'full_affiliation': 'Institute of Intelligent Machines (IIM) of Chinese Academy of Science, 230031 Hefei, Anhui, P.R. China'}]",2005_004_0061.png
Particle Evolutionary Swarm Optimization with Linearly Decreasing ε-Tolerance,Bio-inspired & Evolutionary Computing,"[{'name': 'Angel E. Muñoz Zavala', 'institution': 'Center for Research in Mathematics (CIMAT)', 'subunit': 'Department of Computer Science', 'location': 'Guanajuato, Gto., México', 'full_affiliation': 'Center for Research in Mathematics (CIMAT), Department of Computer Science, A.P. 402, Guanajuato, Gto. 36240, México'}, {'name': 'Arturo Hernández Aguirre', 'institution': 'Center for Research in Mathematics (CIMAT)', 'subunit': 'Department of Computer Science', 'location': 'Guanajuato, Gto., México', 'full_affiliation': 'Center for Research in Mathematics (CIMAT), Department of Computer Science, A.P. 402, Guanajuato, Gto. 36240, México'}, {'name': 'Enrique R. Villa Diharce', 'institution': 'Center for Research in Mathematics (CIMAT)', 'subunit': 'Department of Computer Science', 'location': 'Guanajuato, Gto., México', 'full_affiliation': 'Center for Research in Mathematics (CIMAT), Department of Computer Science, A.P. 402, Guanajuato, Gto. 36240, México'}]",2005_004_0062.png
Useful Infeasible Solutions in Engineering Optimization with Evolutionary Algorithms,Bio-inspired & Evolutionary Computing,"[{'name': 'Efrén Mezura-Montes', 'institution': 'CINVESTAV-IPN', 'subunit': 'Evolutionary Computation Group (EVOCINV), Computer Science Section, Electrical Engineering Department', 'location': 'San Pedro Zacatenco, México D.F., México', 'full_affiliation': 'CINVESTAV-IPN, Evolutionary Computation Group (EVOCINV), Computer Science Section, Electrical Engineering Department, Av. IPN No. 2508 Col, San Pedro Zacatenco México D.F. 07300, México'}, {'name': 'Carlos A. Coello Coello', 'institution': 'CINVESTAV-IPN', 'subunit': 'Evolutionary Computation Group (EVOCINV), Computer Science Section, Electrical Engineering Department', 'location': 'San Pedro Zacatenco, México D.F., México', 'full_affiliation': 'CINVESTAV-IPN, Evolutionary Computation Group (EVOCINV), Computer Science Section, Electrical Engineering Department, Av. IPN No. 2508 Col, San Pedro Zacatenco México D.F. 07300, México'}]",2005_004_0063.png
A Hybrid Self-adjusted Memetic Algorithm for Multi-objective Optimization,Heuristic Search & Optimization,"[{'name': 'Xiuping Guo', 'institution': 'Shanghai Jiaotong University', 'subunit': 'Department of Automation', 'location': 'Shanghai, P.R. China', 'full_affiliation': 'Department of Automation, Shanghai Jiaotong University, Shanghai 200030, Shanghai, P.R. China'}, {'name': 'Genke Yang', 'institution': 'Shanghai Jiaotong University', 'subunit': 'Department of Automation', 'location': 'Shanghai, P.R. China', 'full_affiliation': 'Department of Automation, Shanghai Jiaotong University, Shanghai 200030, Shanghai, P.R. China'}, {'name': 'Zhiming Wu', 'institution': 'Shanghai Jiaotong University', 'subunit': 'Department of Automation', 'location': 'Shanghai, P.R. China', 'full_affiliation': 'Department of Automation, Shanghai Jiaotong University, Shanghai 200030, Shanghai, P.R. China'}]",2005_004_0064.png
Evolutionary Multiobjective Optimization Approach for Evolving Ensemble of Intelligent Paradigms for Stock Market Modeling,Bio-inspired & Evolutionary Computing,"[{'name': 'Ajith Abraham', 'institution': 'Chung-Ang University', 'subunit': 'School of Computer Science and Engineering', 'location': 'Seoul, Korea', 'full_affiliation': 'School of Computer Science and Engineering, Chung-Ang University, Seoul 156-756, Korea'}, {'name': 'Crina Grosan', 'institution': 'Babeş-Bolyai University', 'subunit': 'Department of Computer Science', 'location': 'Cluj-Napoca, Romania', 'full_affiliation': 'Department of Computer Science, Babeş-Bolyai University, Cluj-Napoca, 3400, Romania'}, {'name': 'Sang Yong Han', 'institution': 'Chung-Ang University', 'subunit': 'School of Computer Science and Engineering', 'location': 'Seoul, Korea', 'full_affiliation': 'School of Computer Science and Engineering, Chung-Ang University, Seoul 156-756, Korea'}, {'name': 'Alexander Gelbukh', 'institution': 'Instituto Politécnico Nacional', 'subunit': 'Centro de Investigacin en Computacin (CIC)', 'location': 'Mexico', 'full_affiliation': 'Centro de Investigacin en Computacin (CIC), Instituto Politécnico Nacional (IPN), Mexico'}]",2005_004_0065.png
Genetic Algorithms for Feature Weighting: Evolution vs. Coevolution and Darwin vs. Lamarck,Bio-inspired & Evolutionary Computing,"[{'name': 'Alexandre Blansché', 'institution': 'CNRS-ULP', 'subunit': 'LSIIT, UMR 7005', 'location': 'Illkirch, France', 'full_affiliation': 'LSIIT, UMR 7005 CNRS-ULP, Parc d’Innovation, Boulevard Sébastien Brant, 67412 Illkirch, France'}, {'name': 'Pierre Gançarski', 'institution': 'CNRS-ULP', 'subunit': 'LSIIT, UMR 7005', 'location': 'Illkirch, France', 'full_affiliation': 'LSIIT, UMR 7005 CNRS-ULP, Parc d’Innovation, Boulevard Sébastien Brant, 67412 Illkirch, France'}, {'name': 'Jerzy J. Korczak', 'institution': 'CNRS-ULP', 'subunit': 'LSIIT, UMR 7005', 'location': 'Illkirch, France', 'full_affiliation': 'LSIIT, UMR 7005 CNRS-ULP, Parc d’Innovation, Boulevard Sébastien Brant, 67412 Illkirch, France'}]",2005_004_0066.png
A Deterministic Alternative to Competent Genetic Algorithms That Solves to Optimality Linearly Decomposable Non-overlapping Problems in Polynomial Time,Bio-inspired & Evolutionary Computing,"[{'name': 'Manuel Valenzuela-Rendón', 'institution': 'Tecnológico de Monterrey', 'subunit': 'Centro de Sistemas Inteligentes, Campus Monterrey', 'location': 'Monterrey, N.L., Mexico', 'full_affiliation': 'Centro de Sistemas Inteligentes, Tecnológico de Monterrey, Campus Monterrey, Av. Eugenio Garza Sada 2501 Sur, C.P. 64849, Monterrey, N.L., Mexico'}, {'name': 'Horacio Martínez-Alfaro', 'institution': 'Tecnológico de Monterrey', 'subunit': 'Centro de Sistemas Inteligentes, Campus Monterrey', 'location': 'Monterrey, N.L., Mexico', 'full_affiliation': 'Centro de Sistemas Inteligentes, Tecnológico de Monterrey, Campus Monterrey, Av. Eugenio Garza Sada 2501 Sur, C.P. 64849, Monterrey, N.L., Mexico'}, {'name': 'Hugo Terashima-Marín', 'institution': 'Tecnológico de Monterrey', 'subunit': 'Centro de Sistemas Inteligentes, Campus Monterrey', 'location': 'Monterrey, N.L., Mexico', 'full_affiliation': 'Centro de Sistemas Inteligentes, Tecnológico de Monterrey, Campus Monterrey, Av. Eugenio Garza Sada 2501 Sur, C.P. 64849, Monterrey, N.L., Mexico'}]",2005_004_0067.png
K-Dynamical Self Organizing Maps*,Unsupervised Machine Learning,"[{'name': 'Carolina Saavedra', 'institution': 'Universidad Técnica Federico Santa María', 'subunit': 'Dept. de Informática', 'location': 'Valparaíso, Chile', 'full_affiliation': 'Universidad Técnica Federico Santa María, Dept. de Informática, Casilla 110-V, Valparaíso-Chile'}, {'name': 'Héctor Allende', 'institution': 'Universidad Técnica Federico Santa María', 'subunit': 'Dept. de Informática', 'location': 'Valparaíso, Chile', 'full_affiliation': 'Universidad Técnica Federico Santa María, Dept. de Informática, Casilla 110-V, Valparaíso-Chile'}, {'name': 'Sebastián Moreno', 'institution': 'Universidad Técnica Federico Santa María', 'subunit': 'Dept. de Informática', 'location': 'Valparaíso, Chile', 'full_affiliation': 'Universidad Técnica Federico Santa María, Dept. de Informática, Casilla 110-V, Valparaíso-Chile'}, {'name': 'Rodrigo Salas', 'institution': 'Universidad Técnica Federico Santa María | Universidad de Valparaíso', 'subunit': 'Dept. de Informática | Departamento de Computación', 'location': 'Valparaíso, Chile', 'full_affiliation': 'Universidad Técnica Federico Santa María, Dept. de Informática, Casilla 110-V, Valparaíso-Chile | Universidad de Valparaíso, Departamento de Computación'}]",2005_004_0068.png
Study of Application Model on BP Neural Network Optimized by Fuzzy Clustering,Neural Networks & Deep Learning,"[{'name': 'Yong He', 'institution': 'Zhejiang University', 'subunit': 'College of Biosystems Engineering and Food Science', 'location': 'Hangzhou, P.R. China', 'full_affiliation': 'College of Biosystems Engineering and Food Science, Zhejiang University, 286 Kaixuan Road, 310029 Hangzhou, P.R. China'}, {'name': 'Yun Zhang', 'institution': 'Zhejiang University', 'subunit': 'College of Biosystems Engineering and Food Science', 'location': 'Hangzhou, P.R. China', 'full_affiliation': 'College of Biosystems Engineering and Food Science, Zhejiang University, 286 Kaixuan Road, 310029 Hangzhou, P.R. China'}, {'name': 'Liguo Xiang', 'institution': 'Zhejiang University', 'subunit': 'College of Biosystems Engineering and Food Science', 'location': 'Hangzhou, P.R. China', 'full_affiliation': 'College of Biosystems Engineering and Food Science, Zhejiang University, 286 Kaixuan Road, 310029 Hangzhou, P.R. China'}]",2005_004_0069.png
Application of Modified Neural Network Weights' Matrices Explaining Determinants of Foreign Investment Patterns in the Emerging Markets,Neural Networks & Deep Learning,"[{'name': 'Darius Plikynas', 'institution': 'Vilnius Management Academy', 'subunit': 'Informatics department', 'location': 'Vilnius, Lithuania, EU', 'full_affiliation': 'Informatics department, Vilnius Management Academy, Basanaviciaus 29a, Vilnius, Lithuania, EU'}, {'name': 'Yusaf H. Akbar', 'institution': 'Southern New Hampshire University', 'subunit': 'School of Business', 'location': 'Manchester, NH, USA', 'full_affiliation': 'School of Business, Southern New Hampshire University, 2500 North River Rd, Manchester, NH 03106, USA'}]",2005_004_0070.png
Neural Network and Trend Prediction for Technological Processes Monitoring,Neural Networks & Deep Learning,"[{'name': 'Luis Paster Sanchez Fernandez', 'institution': 'National Polytechnic Institute', 'subunit': 'Center for Computing Research', 'location': 'Mexico City, Mexico', 'full_affiliation': 'Center for Computing Research, National Polytechnic Institute, Av. Juan de Dios Batiz s/n casi esq. Miguel Othon de Mendizabal, Col. Nueva Industrial Vallejo, CP 07738, Mexico City, Mexico'}, {'name': 'Oleksiy Pogrebnyak', 'institution': 'National Polytechnic Institute', 'subunit': 'Center for Computing Research', 'location': 'Mexico City, Mexico', 'full_affiliation': 'Center for Computing Research, National Polytechnic Institute, Av. Juan de Dios Batiz s/n casi esq. Miguel Othon de Mendizabal, Col. Nueva Industrial Vallejo, CP 07738, Mexico City, Mexico'}, {'name': 'Cornelio Yanez Marquez', 'institution': 'National Polytechnic Institute', 'subunit': 'Center for Computing Research', 'location': 'Mexico City, Mexico', 'full_affiliation': 'Center for Computing Research, National Polytechnic Institute, Av. Juan de Dios Batiz s/n casi esq. Miguel Othon de Mendizabal, Col. Nueva Industrial Vallejo, CP 07738, Mexico City, Mexico'}]",2005_004_0071.png
Underspecified Semantics for Dependency Grammars*,Natural Language Processing (NLP),"[{'name': 'Alexander Dikovsky', 'institution': 'Université de Nantes', 'subunit': 'LINA-FRE CNRS 2729', 'location': 'Nantes, France', 'full_affiliation': 'LINA-FRE CNRS 2729, Université de Nantes, 2, rue de la Houssinière BP 92208 F 44322, Nantes cedex 3, France'}]",2005_004_0072.png
A Similarity-Based Approach to Data Sparseness Problem of Chinese Language Modeling,Natural Language Processing (NLP),"[{'name': 'Jinghui Xiao', 'institution': 'Harbin Institute of Technology', 'subunit': 'School of Computer Science and Techniques', 'location': 'Harbin, China', 'full_affiliation': 'School of Computer Science and Techniques, Harbin Institute of Technology, Harbin, 150001, China'}, {'name': 'Bingquan Liu', 'institution': 'Harbin Institute of Technology', 'subunit': 'School of Computer Science and Techniques', 'location': 'Harbin, China', 'full_affiliation': 'School of Computer Science and Techniques, Harbin Institute of Technology, Harbin, 150001, China'}, {'name': 'Xiaolong Wang', 'institution': 'Harbin Institute of Technology', 'subunit': 'School of Computer Science and Techniques', 'location': 'Harbin, China', 'full_affiliation': 'School of Computer Science and Techniques, Harbin Institute of Technology, Harbin, 150001, China'}, {'name': 'Bing Li', 'institution': 'Harbin Institute of Technology', 'subunit': 'School of Computer Science and Techniques', 'location': 'Harbin, China', 'full_affiliation': 'School of Computer Science and Techniques, Harbin Institute of Technology, Harbin, 150001, China'}]",2005_004_0074.png
Self-training and Co-training Applied to Spanish Named Entity Recognition,Natural Language Processing (NLP),"[{'name': 'Zornitsa Kozareva', 'institution': 'Universidad de Alicante', 'subunit': 'Departamento de Lenguajes y Sistemas Informáticos', 'location': 'Spain', 'full_affiliation': 'Departamento de Lenguajes y Sistemas Informáticos, Universidad de Alicante, Spain'}, {'name': 'Boyan Bonev', 'institution': 'Universidad de Alicante', 'subunit': 'Departamento de Lenguajes y Sistemas Informáticos', 'location': 'Spain', 'full_affiliation': 'Departamento de Lenguajes y Sistemas Informáticos, Universidad de Alicante, Spain'}, {'name': 'Andres Montoyo', 'institution': 'Universidad de Alicante', 'subunit': 'Departamento de Lenguajes y Sistemas Informáticos', 'location': 'Spain', 'full_affiliation': 'Departamento de Lenguajes y Sistemas Informáticos, Universidad de Alicante, Spain'}]",2005_004_0075.png
Towards the Automatic Learning of Idiomatic Prepositional Phrases*,Natural Language Processing (NLP),"[{'name': 'Sofía N. Galicia-Haro', 'institution': 'Universidad Nacional Autónoma de México', 'subunit': 'Faculty of Sciences', 'location': 'Mexico City, Mexico', 'full_affiliation': 'Faculty of Sciences UNAM Universitary City, Mexico City, Mexico'}, {'name': 'Alexander Gelbukh', 'institution': 'Instituto Politécnico Nacional', 'subunit': 'Center for Computing Research', 'location': 'Mexico', 'full_affiliation': 'Center for Computing Research, National Polytechnic Institute, Mexico'}]",2005_004_0076.png
Measurements of Lexico-Syntactic Cohesion by Means of Internet*,Natural Language Processing (NLP),"[{'name': 'Igor A. Bolshakov', 'institution': 'National Polytechnic Institute (IPN)', 'subunit': 'Center for Computing Research (CIC)', 'location': 'Mexico City, Mexico', 'full_affiliation': 'Center for Computing Research (CIC), National Polytechnic Institute (IPN), Mexico City, Mexico'}, {'name': 'Elena I. Bolshakova', 'institution': 'Moscow State Lomonosov University', 'subunit': 'Faculty of Computational Mathematics and Cybernetics', 'location': 'Moscow, Russia', 'full_affiliation': 'Moscow State Lomonosov University, Faculty of Computational Mathematics and Cybernetics, Moscow, Russia'}]",2005_004_0077.png
Inferring Rules for Finding Syllables in Spanish,Natural Language Processing (NLP),"[{'name': 'René MacKinney-Romero', 'institution': 'Universidad Autónoma Metropolitana', 'subunit': 'Departamento de Ingeniería Eléctrica', 'location': 'México D.F., México', 'full_affiliation': 'Departmento de Ingeniería Eléctrica, Universidad Autónoma Metropolitana, México D.F. 09950, México'}, {'name': 'John Goddard', 'institution': 'Universidad Autónoma Metropolitana', 'subunit': 'Departamento de Ingeniería Eléctrica', 'location': 'México D.F., México', 'full_affiliation': 'Departmento de Ingeniería Eléctrica, Universidad Autónoma Metropolitana, México D.F. 09950, México'}]",2005_004_0078.png
A Multilingual SVM-Based Question Classification System*,Natural Language Processing (NLP),"[{'name': 'Empar Bisbal', 'institution': 'Universidad Politécnica de Valencia', 'subunit': 'Departamento de Sistemas Informáticos y Computación', 'location': 'Valencia, Spain', 'full_affiliation': 'Departamento de Sistemas Informáticos y Computación, Universidad Politécnica de Valencia, Spain'}, {'name': 'David Tomás', 'institution': 'Universidad de Alicante', 'subunit': 'Departamento de Lenguajes y Sistemas Informáticos', 'location': 'Alicante, Spain', 'full_affiliation': 'Departamento de Lenguajes y Sistemas Informáticos, Universidad de Alicante, Spain'}, {'name': 'Lidia Moreno', 'institution': 'Universidad Politécnica de Valencia', 'subunit': 'Departamento de Sistemas Informáticos y Computación', 'location': 'Valencia, Spain', 'full_affiliation': 'Departamento de Sistemas Informáticos y Computación, Universidad Politécnica de Valencia, Spain'}, {'name': 'José L. Vicedo', 'institution': 'Universidad de Alicante', 'subunit': 'Departamento de Lenguajes y Sistemas Informáticos', 'location': 'Alicante, Spain', 'full_affiliation': 'Departamento de Lenguajes y Sistemas Informáticos, Universidad de Alicante, Spain'}, {'name': 'Armando Suárez', 'institution': 'Universidad de Alicante', 'subunit': 'Departamento de Lenguajes y Sistemas Informáticos', 'location': 'Alicante, Spain', 'full_affiliation': 'Departamento de Lenguajes y Sistemas Informáticos, Universidad de Alicante, Spain'}]",2005_004_0079.png
Language Independent Passage Retrieval for Question Answering,Natural Language Processing (NLP),"[{'name': 'José Manuel Gómez-Soriano', 'institution': 'Polytechnic University of Valencia', 'subunit': '', 'location': 'Spain', 'full_affiliation': 'Polytechnic University of Valencia, Spain'}, {'name': 'Manuel Montes-y-Gómez', 'institution': 'National Institute of Astrophysics, Optics and Electronics', 'subunit': '', 'location': 'Mexico', 'full_affiliation': 'National Institute of Astrophysics, Optics and Electronics, Mexico'}, {'name': 'Emilio Sanchis-Arnal', 'institution': 'Polytechnic University of Valencia', 'subunit': '', 'location': 'Spain', 'full_affiliation': 'Polytechnic University of Valencia, Spain'}, {'name': 'Luis Villaseñor-Pineda', 'institution': 'National Institute of Astrophysics, Optics and Electronics', 'subunit': '', 'location': 'Mexico', 'full_affiliation': 'National Institute of Astrophysics, Optics and Electronics, Mexico'}, {'name': 'Paolo Rosso', 'institution': 'Polytechnic University of Valencia', 'subunit': '', 'location': 'Spain', 'full_affiliation': 'Polytechnic University of Valencia, Spain'}]",2005_004_0080.png
A New PU Learning Algorithm for Text Classification,Natural Language Processing (NLP),"[{'name': 'Hailong Yu', 'institution': 'Jilin University', 'subunit': 'College of Computer Science and Technology, Key Laboratory of Symbol Computation and Knowledge Engineering of the Ministry of Education', 'location': 'Changchun, China', 'full_affiliation': 'College of Computer Science and Technology, Jilin University, Key Laboratory of Symbol Computation and Knowledge Engineering of the Ministry of Education, Changchun 130012, China'}, {'name': 'Wanli Zuo', 'institution': 'Jilin University', 'subunit': 'College of Computer Science and Technology, Key Laboratory of Symbol Computation and Knowledge Engineering of the Ministry of Education', 'location': 'Changchun, China', 'full_affiliation': 'College of Computer Science and Technology, Jilin University, Key Laboratory of Symbol Computation and Knowledge Engineering of the Ministry of Education, Changchun 130012, China'}, {'name': 'Tao Peng', 'institution': 'Jilin University', 'subunit': 'College of Computer Science and Technology, Key Laboratory of Symbol Computation and Knowledge Engineering of the Ministry of Education', 'location': 'Changchun, China', 'full_affiliation': 'College of Computer Science and Technology, Jilin University, Key Laboratory of Symbol Computation and Knowledge Engineering of the Ministry of Education, Changchun 130012, China'}]",2005_004_0081.png
A Domain Independent Natural Language Interface to Databases Capable of Processing Complex Queries,Natural Language Processing (NLP),"[{'name': 'Rodolfo A. Pazos Rangel', 'institution': 'National Center for Investigation and Technological Development (CENIDET)', 'subunit': '', 'location': '', 'full_affiliation': 'National Center for Investigation and Technological Development (CENIDET)'}, {'name': 'Joaquín Pérez O.', 'institution': 'National Center for Investigation and Technological Development (CENIDET)', 'subunit': '', 'location': '', 'full_affiliation': 'National Center for Investigation and Technological Development (CENIDET)'}, {'name': 'Juan Javier González B.', 'institution': 'Technological Institute of Cd. Madero', 'subunit': '', 'location': 'Cd. Madero, México', 'full_affiliation': 'Technological Institute of Cd. Madero, México'}, {'name': 'Alexander Gelbukh', 'institution': 'National Polytechnic Institute (IPN)', 'subunit': 'Center for Computing Research(CIC)', 'location': 'México', 'full_affiliation': 'Center for Computing Research(CIC), National Polytechnic Institute(IPN), México'}, {'name': 'Grigori Sidorov', 'institution': 'National Polytechnic Institute (IPN)', 'subunit': 'Center for Computing Research(CIC)', 'location': 'México', 'full_affiliation': 'Center for Computing Research(CIC), National Polytechnic Institute(IPN), México'}, {'name': 'Myriam J. Rodríguez M.', 'institution': 'Technological Institute of Cd. Madero', 'subunit': '', 'location': 'Cd. Madero, México', 'full_affiliation': 'Technological Institute of Cd. Madero, México'}]",2005_004_0082.png
An Efficient Hybrid Approach for Online Recognition of Handwritten Symbols,Neural Networks & Deep Learning,"[{'name': 'John A. Fitzgerald', 'institution': 'University College Dublin', 'subunit': 'Department of Computer Science', 'location': 'Belfield, Dublin 4, Ireland', 'full_affiliation': 'Department of Computer Science, University College Dublin, Belfield, Dublin 4, Ireland'}, {'name': 'Bing Quan Huang', 'institution': 'University College Dublin', 'subunit': 'Department of Computer Science', 'location': 'Belfield, Dublin 4, Ireland', 'full_affiliation': 'Department of Computer Science, University College Dublin, Belfield, Dublin 4, Ireland'}, {'name': 'Tahar Kechadi', 'institution': 'University College Dublin', 'subunit': 'Department of Computer Science', 'location': 'Belfield, Dublin 4, Ireland', 'full_affiliation': 'Department of Computer Science, University College Dublin, Belfield, Dublin 4, Ireland'}]",2005_004_0083.png
Environment Compensation Based on Maximum a Posteriori Estimation for Improved Speech Recognition,Natural Language Processing (NLP),"[{'name': 'Haifeng Shen', 'institution': 'Beijing University of Posts and Telecommunications', 'subunit': '', 'location': 'Beijing, China', 'full_affiliation': 'Beijing University of Posts and Telecommunications, 100876, Beijing, China'}, {'name': 'Jun Guo', 'institution': 'Beijing University of Posts and Telecommunications', 'subunit': '', 'location': 'Beijing, China', 'full_affiliation': 'Beijing University of Posts and Telecommunications, 100876, Beijing, China'}, {'name': 'Gang Liu', 'institution': 'Beijing University of Posts and Telecommunications', 'subunit': '', 'location': 'Beijing, China', 'full_affiliation': 'Beijing University of Posts and Telecommunications, 100876, Beijing, China'}, {'name': 'Pingmu Huang', 'institution': 'Beijing University of Posts and Telecommunications', 'subunit': '', 'location': 'Beijing, China', 'full_affiliation': 'Beijing University of Posts and Telecommunications, 100876, Beijing, China'}, {'name': 'Qunxia Li', 'institution': 'University of Science and Technology Beijing', 'subunit': '', 'location': 'Beijing, China', 'full_affiliation': 'University of Science and Technology Beijing, 100083, Beijing, China'}]",2005_004_0084.png
ASR Based on the Analasys of the Short-MelFrequencyCepstra Time Transform,Natural Language Processing (NLP),"[{'name': 'Juan Arturo Nolazco-Flores', 'institution': 'ITESM', 'subunit': 'Computer Science Department, Campus Monterrey', 'location': 'Monterrey, N.L., México', 'full_affiliation': 'Computer Science Department, ITESM, Campus Monterrey, Av. Eugenio Garza Sada 2501 Sur, Col. Tecnológico, Monterrey, N.L., México, C.P. 64849'}]",2005_004_0085.png
A New Approach to Sequence Representation of Proteins in Bioinformatics,Data Mining & Knowledge Discovery,"[{'name': 'Angel F. Kuri-Morales', 'institution': 'Instituto Tecnológico Autónomo de México', 'subunit': 'Departamento de Computación', 'location': '', 'full_affiliation': 'Departamento de Computación, Instituto Tecnológico Autónomo de México'}, {'name': 'Martha R. Ortiz-Posadas', 'institution': 'Universidad Autónoma Metropolitana Iztapalapa', 'subunit': 'Laboratorio de Informática Médica. Departamento de Ingeniería Eléctrica', 'location': '', 'full_affiliation': 'Laboratorio de Informática Médica. Departamento de Ingeniería Eléctrica, Universidad Autónoma Metropolitana Iztapalapa'}]",2005_004_0086.png
Computing Confidence Measures in Stochastic Logic Programs,Knowledge Representation & Reasoning,"[{'name': 'Huma Lodhi', 'institution': 'Imperial College', 'subunit': 'Department of Computing', 'location': 'London, UK', 'full_affiliation': 'Department of Computing, Imperial College, 180 Queen’s Gate, London, SW7 2AZ, UK'}, {'name': 'Stephen Muggleton', 'institution': 'Imperial College', 'subunit': 'Department of Computing', 'location': 'London, UK', 'full_affiliation': 'Department of Computing, Imperial College, 180 Queen’s Gate, London, SW7 2AZ, UK'}]",2005_004_0087.png
Using Inductive Rules in Medical Case-Based Reasoning System,Hybrid AI & Expert Systems,"[{'name': 'Wenqi Shi', 'institution': 'The University of Birmingham', 'subunit': 'School of Computer Science', 'location': 'Edgbaston, Birmingham, UK', 'full_affiliation': 'School of Computer Science, The University of Birmingham, Edgbaston, Birmingham, B15 2TT, UK'}, {'name': 'John A. Barnden', 'institution': 'The University of Birmingham', 'subunit': 'School of Computer Science', 'location': 'Edgbaston, Birmingham, UK', 'full_affiliation': 'School of Computer Science, The University of Birmingham, Edgbaston, Birmingham, B15 2TT, UK'}]",2005_004_0088.png
Prostate Segmentation Using Pixel Classification and Genetic Algorithms,Computer Vision,"[{'name': 'Fernando Arámbula Cosío', 'institution': 'UNAM', 'subunit': 'Lab. de Análisis de Imágenes y Visualización, CCADET', 'location': 'México, D.F.', 'full_affiliation': 'Lab. de Análisis de Imágenes y Visualización, CCADET, UNAM, México, D.F., 04510'}]",2005_004_0089.png
A Novel Approach for Adaptive Unsupervised Segmentation of MRI Brain Images,Unsupervised Machine Learning,"[{'name': 'Jun Kong', 'institution': 'Northeast Normal University', 'subunit': 'Computer School', 'location': 'Changchun, Jilin Province, China', 'full_affiliation': 'Computer School, Northeast Normal University, Changchun, Jilin Province, China'}, {'name': 'Jingdan Zhang', 'institution': 'Northeast Normal University', 'subunit': 'Computer School', 'location': 'Changchun, Jilin Province, China', 'full_affiliation': 'Computer School, Northeast Normal University, Changchun, Jilin Province, China'}, {'name': 'Yinghua Lu', 'institution': 'Northeast Normal University | Jilin University', 'subunit': 'Computer School | Computer School', 'location': 'Changchun, Jilin Province, China', 'full_affiliation': 'Computer School, Northeast Normal University, Changchun, Jilin Province, China | Computer School, Jilin University, Changchun, Jilin Province, China'}, {'name': 'Jianzhong Wang', 'institution': 'Northeast Normal University', 'subunit': 'Computer School', 'location': 'Changchun, Jilin Province, China', 'full_affiliation': 'Computer School, Northeast Normal University, Changchun, Jilin Province, China'}, {'name': 'Yanjun Zhou', 'institution': 'Northeast Normal University', 'subunit': 'Computer School', 'location': 'Changchun, Jilin Province, China', 'full_affiliation': 'Computer School, Northeast Normal University, Changchun, Jilin Province, China'}]",2005_004_0090.png
Towards Formalising Agent Argumentation over the Viability of Human Organs for Transplantation,Knowledge Representation & Reasoning,"[{'name': 'Sanjay Modgil', 'institution': 'Cancer Research UK', 'subunit': 'Advanced Computation Lab', 'location': '', 'full_affiliation': 'Advanced Computation Lab, Cancer Research UK'}, {'name': 'Pancho Tolchinsky', 'institution': 'Universitat Politècnica de Catalunya', 'subunit': '', 'location': '', 'full_affiliation': 'Universitat Politècnica de Catalunya'}, {'name': 'Ulises Cortés', 'institution': 'Universitat Politècnica de Catalunya', 'subunit': '', 'location': '', 'full_affiliation': 'Universitat Politècnica de Catalunya'}]",2005_004_0091.png
A Comparative Study on Machine Learning Techniques for Prediction of Success of Dental Implants,Supervised Machine Learning,"[{'name': 'Adriano Lorena Inácio Oliveira', 'institution': 'Pernambuco State University', 'subunit': 'Department of Computing Systems, Polytechnic School of Engineering', 'location': 'Recife, PE, Brazil', 'full_affiliation': 'Department of Computing Systems, Polytechnic School of Engineering, Pernambuco State University, Rua Benfica, 455, Madalena, Recife – PE, Brazil, 50.750-410'}, {'name': 'Carolina Baldisserotto', 'institution': 'Pernambuco State University', 'subunit': 'Department of Computing Systems, Polytechnic School of Engineering', 'location': 'Recife, PE, Brazil', 'full_affiliation': 'Department of Computing Systems, Polytechnic School of Engineering, Pernambuco State University, Rua Benfica, 455, Madalena, Recife – PE, Brazil, 50.750-410'}, {'name': 'Julio Baldisserotto', 'institution': 'Universidade Federal do Rio Grande do Sul', 'subunit': 'Faculdade de Odontologia', 'location': 'Porto Alegre, RS, Brazil', 'full_affiliation': 'Faculdade de Odontologia, Universidade Federal do Rio Grande do Sul, Rua Ramiro Barcelos, 2492, Porto Alegre – RS, Brazil, 90.040-060'}]",2005_004_0092.png
Infant Cry Classification to Identify Hypo Acoustics and Asphyxia Comparing an Evolutionary-Neural System with a Neural Network System,Bio-inspired & Evolutionary Computing,"[{'name': 'Orion Fausto Reyes Galaviz', 'institution': 'Universidad Autónoma de Tlaxcala', 'subunit': '', 'location': 'Apizaco, Tlaxcala, México', 'full_affiliation': 'Universidad Autónoma de Tlaxcala, Calzada Apizaquito S/N, Apizaco, Tlaxcala, 90400, México'}, {'name': 'Carlos Alberto Reyes García', 'institution': 'Instituto Nacional de Astrofísica, Óptica Electrónica', 'subunit': '', 'location': 'Tonantzintl, Puebla, México', 'full_affiliation': 'Instituto Nacional de Astrofísica, Óptica Electrónica, Luis E. Erro 1, Tonantzintl, Puebla, 72840, México'}]",2005_004_0093.png
Applying the GFM Prospective Paradigm to the Autonomous and Adaptative Control of a Virtual Robot,Robotics,"[{'name': 'Jérôme Leboeuf Pasquier', 'institution': 'Universidad de Guadalajara', 'subunit': 'Departamento de Ingeniería de Proyectos, Centro Universitario de Ciencias Exactas e Ingenierías', 'location': 'Zapopan, Jalisco, México', 'full_affiliation': 'Departamento de Ingeniería de Proyectos, Centro Universitario de Ciencias Exactas e Ingenierías, Universidad de Guadalajara, Apdo. Postal 307, CP 45101, Zapopan, Jalisco, México'}]",2005_004_0094.png
Maximizing Future Options: An On-Line Real-Time Planning Method,Heuristic Search & Optimization,"[{'name': 'Ramon F. Brena', 'institution': 'Monterrey Institute of Technology', 'subunit': 'Center for Intelligent Systemsm', 'location': '', 'full_affiliation': 'Center for Intelligent Systemsm, Monterrey Institute of Technology'}, {'name': 'Emmanuel Martinez', 'institution': 'Monterrey Institute of Technology', 'subunit': 'Center for Intelligent Systemsm', 'location': '', 'full_affiliation': 'Center for Intelligent Systemsm, Monterrey Institute of Technology'}]",2005_004_0095.png
On the Use of Randomized Low-Discrepancy Sequences in Sampling-Based Motion Planning,Robotics,"[{'name': 'Abraham Sánchez', 'institution': 'BUAP', 'subunit': 'Facultad de Ciencias de la Computación', 'location': 'Puebla, Pue., México', 'full_affiliation': 'Facultad de Ciencias de la Computación, BUAP, 14 Sur esq. San Claudio, CP 72550, Puebla, Pue., México'}, {'name': 'Maria A. Osorio', 'institution': 'BUAP', 'subunit': 'Facultad de Ciencias de la Computación', 'location': 'Puebla, Pue., México', 'full_affiliation': 'Facultad de Ciencias de la Computación, BUAP, 14 Sur esq. San Claudio, CP 72550, Puebla, Pue., México'}]",2005_004_0096.png
A Framework for Reactive Motion and Sensing Planning: A Critical Events-Based Approach,Robotics,"[{'name': 'R. Murrieta-Cid', 'institution': 'Tec de Monterrey', 'subunit': 'Campus Estado de México', 'location': '', 'full_affiliation': 'Tec de Monterrey Campus Estado de México'}, {'name': 'A. Sarmiento', 'institution': 'University of Illinois at Urbana-Champaign', 'subunit': '', 'location': '', 'full_affiliation': 'University of Illinois at Urbana-Champaign'}, {'name': 'T. Muppirala', 'institution': 'University of Illinois at Urbana-Champaign', 'subunit': '', 'location': '', 'full_affiliation': 'University of Illinois at Urbana-Champaign'}, {'name': 'S. Hutchinson', 'institution': 'University of Illinois at Urbana-Champaign', 'subunit': '', 'location': '', 'full_affiliation': 'University of Illinois at Urbana-Champaign'}, {'name': 'R. Monroy', 'institution': 'Tec de Monterrey', 'subunit': 'Campus Estado de México', 'location': '', 'full_affiliation': 'Tec de Monterrey Campus Estado de México'}, {'name': 'M. Alencastre', 'institution': 'Tec de Monterrey', 'subunit': 'Campus Estado de México', 'location': '', 'full_affiliation': 'Tec de Monterrey Campus Estado de México'}, {'name': 'L. Muñoz', 'institution': 'Tec de Monterrey', 'subunit': 'Campus Estado de México', 'location': '', 'full_affiliation': 'Tec de Monterrey Campus Estado de México'}, {'name': 'R. Swain', 'institution': 'Tec de Monterrey', 'subunit': 'Campus Estado de México', 'location': '', 'full_affiliation': 'Tec de Monterrey Campus Estado de México'}]",2005_004_0097.png
Visual Planning for Autonomous Mobile Robot Navigation,Robotics,"[{'name': 'Antonio Marin-Hernandez', 'institution': 'Universidad Veracruzana', 'subunit': 'Facultad de Física e Inteligencia Artificial', 'location': 'Xalapa, Ver., Mexico', 'full_affiliation': 'Facultad de Física e Inteligencia Artificial, Universidad Veracruzana, Sebastián Camacho No. 5, Centro, 91000, Xalapa, Ver., Mexico'}, {'name': 'Michel Devy', 'institution': 'LAAS - CNRS', 'subunit': '', 'location': 'Toulouse, France', 'full_affiliation': 'LAAS - CNRS, 7 avenue Colonel Roche, 31077 Toulouse, Cedex 04, France'}, {'name': 'Victor Ayala-Ramirez', 'institution': 'Universidad de Guanajuato', 'subunit': 'FIMEE', 'location': 'Salamanca, Gto., Mexico', 'full_affiliation': 'FIMEE, Universidad de Guanajuato, Tampico 912, 36730, Salamanca, Gto., Mexico'}]",2005_004_0098.png
Gait Synthesis Based on FWN and PD Controller for a Five-Link Biped Robot,Robotics,"[{'name': 'Pengfei Liu', 'institution': ""Xi'an Jiaotong University"", 'subunit': 'School of Electronics and Information Engineering', 'location': ""Xi'an, P.R.China"", 'full_affiliation': ""School of Electronics and Information Engineering, Xi'an Jiaotong University, Xi'an, 710049, P.R.China""}, {'name': 'Jiuqiang Han', 'institution': ""Xi'an Jiaotong University"", 'subunit': 'School of Electronics and Information Engineering', 'location': ""Xi'an, P.R.China"", 'full_affiliation': ""School of Electronics and Information Engineering, Xi'an Jiaotong University, Xi'an, 710049, P.R.China""}]",2005_004_0099.png
Hybrid Fuzzy/Expert System to Control Grasping with Deformation Detection,Hybrid AI & Expert Systems,"[{'name': 'Jorge Axel Domínguez-López', 'institution': 'Centro de Investigación en Matemáticas', 'subunit': 'CIMAT', 'location': 'Guanajuato, MEXICO', 'full_affiliation': 'Centro de Investigación en Matemáticas (CIMAT), Guanajuato CP36240, MEXICO'}, {'name': 'Gilberto Marrufo', 'institution': 'Centro de Investigación en Matemáticas', 'subunit': 'CIMAT', 'location': 'Guanajuato, MEXICO', 'full_affiliation': 'Centro de Investigación en Matemáticas (CIMAT), Guanajuato CP36240, MEXICO'}]",2005_004_0100.png
Adaptive Neuro-Fuzzy-Expert Controller of a Robotic Gripper,Fuzzy Logic & Fuzzy Systems,"[{'name': 'Jorge Axel Domínguez-López', 'institution': 'Centro de Investigación en Matemáticas (CIMAT)', 'subunit': '', 'location': 'Guanajuato, Mexico', 'full_affiliation': 'Centro de Investigación en Matemáticas (CIMAT), Callejon de Jalisco s/n, Guanajuato CP36240, Mexico'}]",2005_004_0101.png
A Semantically-Based Software Component Selection Mechanism for Intelligent Service Robots,Robotics,"[{'name': 'Hwayoun Lee', 'institution': 'Information and Communications University', 'subunit': '', 'location': 'Daejeon, Korea', 'full_affiliation': 'Information and Communications University, 119 Munjiro, Yuseong-gu, Daejeon, 305-732, Korea'}, {'name': 'Ho-Jin Choi', 'institution': 'Information and Communications University', 'subunit': '', 'location': 'Daejeon, Korea', 'full_affiliation': 'Information and Communications University, 119 Munjiro, Yuseong-gu, Daejeon, 305-732, Korea'}, {'name': 'In-Young Ko', 'institution': 'Information and Communications University', 'subunit': '', 'location': 'Daejeon, Korea', 'full_affiliation': 'Information and Communications University, 119 Munjiro, Yuseong-gu, Daejeon, 305-732, Korea'}]",2005_004_0102.png
An Approach for Intelligent Fixtureless Assembly: Issues and Experiments,Robotics,"[{'name': 'Jorge Corona-Castuera', 'institution': 'CIATEQ A.C.', 'subunit': 'Advanced Technology Center', 'location': 'El Marques, Queretaro, Mexico', 'full_affiliation': 'CIATEQ A.C. Advanced Technology Center, Manantiales 23A, Parque Industrial Bernardo Quintana, 76246 El Marques, Queretaro, Mexico'}, {'name': 'Reyes Rios-Cabrera', 'institution': 'CIATEQ A.C.', 'subunit': 'Advanced Technology Center', 'location': 'El Marques, Queretaro, Mexico', 'full_affiliation': 'CIATEQ A.C. Advanced Technology Center, Manantiales 23A, Parque Industrial Bernardo Quintana, 76246 El Marques, Queretaro, Mexico'}, {'name': 'Ismael Lopez-Juarez', 'institution': 'CIATEQ A.C.', 'subunit': 'Advanced Technology Center', 'location': 'El Marques, Queretaro, Mexico', 'full_affiliation': 'CIATEQ A.C. Advanced Technology Center, Manantiales 23A, Parque Industrial Bernardo Quintana, 76246 El Marques, Queretaro, Mexico'}, {'name': 'Mario Peña-Cabrera', 'institution': 'UNAM', 'subunit': 'Instituto de Investigaciones en Matematicas Aplicadas y Sistemas IIMAS', 'location': 'Cd. Universitaria, DF, Mexico', 'full_affiliation': 'Instituto de Investigaciones en Matematicas Aplicadas y Sistemas IIMAS-UNAM, Circuito Escolar, Cd. Universitaria 76246, DF, Mexico'}]",2005_004_0103.png
On the Design of a Multimodal Cognitive Architecture for Perceptual Learning in Industrial Robots,Robotics,"[{'name': 'Ismael Lopez-Juarez', 'institution': 'CIATEQ A.C.', 'subunit': 'Advanced Technology Centre', 'location': 'El Marques, Queretaro, Mexico', 'full_affiliation': 'CIATEQ A.C. Advanced Technology Centre, Manantiales 23A, Parque Industrial Bernardo Quintana, 76246. El Marques, Queretaro, Mexico'}, {'name': 'Keny Ordaz-Hernández', 'institution': 'CIATEQ A.C. | ESTIA', 'subunit': 'Advanced Technology Centre | Laboratoire en Ingénierie des Processus et des Services Industriels LIPSI', 'location': 'El Marques, Queretaro, Mexico | Bidart, France', 'full_affiliation': 'CIATEQ A.C. Advanced Technology Centre, Manantiales 23A, Parque Industrial Bernardo Quintana, 76246. El Marques, Queretaro, Mexico | Laboratoire en Ingénierie des Processus et des Services Industriels LIPSI-ESTIA, Technopôle Izarbel; 64210 Bidart, France'}, {'name': 'Mario Peña-Cabrera', 'institution': 'UNAM', 'subunit': 'Instituto de Investigaciones en Matemáticas Aplicadas y Sistemas IIMAS', 'location': 'Cd. Universitaria, DF, Mexico', 'full_affiliation': 'Instituto de Investigaciones en Matemáticas Aplicadas y Sistemas IIMAS-UNAM, Circuito Escolar, Cd. Universitaria 76246, DF, Mexico'}, {'name': 'Jorge Corona-Castuera', 'institution': 'CIATEQ A.C.', 'subunit': 'Advanced Technology Centre', 'location': 'El Marques, Queretaro, Mexico', 'full_affiliation': 'CIATEQ A.C. Advanced Technology Centre, Manantiales 23A, Parque Industrial Bernardo Quintana, 76246. El Marques, Queretaro, Mexico'}, {'name': 'Reyes Rios-Cabrera', 'institution': 'CIATEQ A.C.', 'subunit': 'Advanced Technology Centre', 'location': 'El Marques, Queretaro, Mexico', 'full_affiliation': 'CIATEQ A.C. Advanced Technology Centre, Manantiales 23A, Parque Industrial Bernardo Quintana, 76246. El Marques, Queretaro, Mexico'}]",2005_004_0104.png
CORBA Distributed Robotic System: A Case Study Using a Motoman 6-DOF Arm Manipulator,Robotics,"[{'name': 'Federico Guedea-Elizalde', 'institution': 'ITESM', 'subunit': 'Center for Innovation in Design and Technology, Campus Monterrey', 'location': 'Monterrey, Nuevo León, México', 'full_affiliation': 'ITESM, Campus Monterrey, Center for Innovation in Design and Technology, Eugenio Garza Sada 2501, 64849 Monterrey, Nuevo León, México'}, {'name': 'Josafat M. Mata-Hernández', 'institution': 'ITESM', 'subunit': 'Center for Innovation in Design and Technology, Campus Monterrey', 'location': 'Monterrey, Nuevo León, México', 'full_affiliation': 'ITESM, Campus Monterrey, Center for Innovation in Design and Technology, Eugenio Garza Sada 2501, 64849 Monterrey, Nuevo León, México'}, {'name': 'Rubén Morales-Menéndez', 'institution': 'ITESM', 'subunit': 'Center for Innovation in Design and Technology, Campus Monterrey', 'location': 'Monterrey, Nuevo León, México', 'full_affiliation': 'ITESM, Campus Monterrey, Center for Innovation in Design and Technology, Eugenio Garza Sada 2501, 64849 Monterrey, Nuevo León, México'}]",2005_004_0105.png
An Integration of FDI and DX Techniques for Determining the Minimal Diagnosis in an Automatic Way,Knowledge Representation & Reasoning,"[{'name': 'Rafael Ceballos', 'institution': 'Universidad de Sevilla', 'subunit': 'Departamento de Lenguajes y Sistemas Informticos, Escuela Tcnica Superior de Ingeniera Informtica', 'location': 'Sevilla, Spain', 'full_affiliation': 'Departamento de Lenguajes y Sistemas Informticos, Universidad de Sevilla, Escuela Tcnica Superior de Ingeniera Informtica, Avenida Reina Mercedes s/n 41012 Sevilla, Spain'}, {'name': 'Sergio Pozo', 'institution': 'Universidad de Sevilla', 'subunit': 'Departamento de Lenguajes y Sistemas Informticos, Escuela Tcnica Superior de Ingeniera Informtica', 'location': 'Sevilla, Spain', 'full_affiliation': 'Departamento de Lenguajes y Sistemas Informticos, Universidad de Sevilla, Escuela Tcnica Superior de Ingeniera Informtica, Avenida Reina Mercedes s/n 41012 Sevilla, Spain'}, {'name': 'Carmelo Del Valle', 'institution': 'Universidad de Sevilla', 'subunit': 'Departamento de Lenguajes y Sistemas Informticos, Escuela Tcnica Superior de Ingeniera Informtica', 'location': 'Sevilla, Spain', 'full_affiliation': 'Departamento de Lenguajes y Sistemas Informticos, Universidad de Sevilla, Escuela Tcnica Superior de Ingeniera Informtica, Avenida Reina Mercedes s/n 41012 Sevilla, Spain'}, {'name': 'Rafael M. Gasca', 'institution': 'Universidad de Sevilla', 'subunit': 'Departamento de Lenguajes y Sistemas Informticos, Escuela Tcnica Superior de Ingeniera Informtica', 'location': 'Sevilla, Spain', 'full_affiliation': 'Departamento de Lenguajes y Sistemas Informticos, Universidad de Sevilla, Escuela Tcnica Superior de Ingeniera Informtica, Avenida Reina Mercedes s/n 41012 Sevilla, Spain'}]",2005_004_0106.png
Evolutionary Dynamic Optimization of a Continuously Variable Transmission for Mechanical Efficiency Maximization,Bio-inspired & Evolutionary Computing,"[{'name': 'Jaime Alvarez-Gallegos', 'institution': 'CINVESTAV-IPN', 'subunit': 'Electrical Engineering Department', 'location': 'Mexico DF, Mexico', 'full_affiliation': 'CINVESTAV-IPN, Electrical Engineering Department, Apdo. Postal 14-740, 07300, Mexico DF, Mexico'}, {'name': 'Carlos Alberto Cruz Villar', 'institution': 'CINVESTAV-IPN', 'subunit': 'Electrical Engineering Department', 'location': 'Mexico DF, Mexico', 'full_affiliation': 'CINVESTAV-IPN, Electrical Engineering Department, Apdo. Postal 14-740, 07300, Mexico DF, Mexico'}, {'name': 'Edgar Alfredo Portilla Flores', 'institution': 'Universidad Autónoma de Tlaxcala', 'subunit': 'Engineering and Technology Department', 'location': 'Apizaco, Tlax., Mexico', 'full_affiliation': 'Universidad Autónoma de Tlaxcala, Engineering and Technology Department, Calz. Apizaquito S/N Km. 15, 90300, Apizaco, Tlax. Mexico'}]",2005_004_0107.png
Performance Improvement of Ad-Hoc Networks by Using a Behavior-Based Architecture,Hybrid AI & Expert Systems,"[{'name': 'Horacio Martínez-Alfaro', 'institution': 'Tecnológico de Monterrey', 'subunit': 'Center for Intelligent Systems', 'location': 'Monterrey, N.L., México', 'full_affiliation': 'Center for Intelligent Systems, Tecnológico de Monterrey, Monterrey, N.L. 64849 México'}, {'name': 'Griselda P. Cervantes-Casillas', 'institution': 'Motorola', 'subunit': 'Nogales IESS', 'location': 'Nogales, Son., Mexico', 'full_affiliation': 'Motorola Nogales IESS, Nogales, Son. Mexico'}]",2005_004_0108.png
Analysis of the Performance of Different Fuzzy System Controllers,Fuzzy Logic & Fuzzy Systems,"[{'name': 'Patrick B. Moratori', 'institution': 'Universidade Federal do Rio de Janeiro (UFRJ)', 'subunit': 'Instituto de Matemática / NCE', 'location': 'Rio de Janeiro, RJ, Brasil', 'full_affiliation': 'Instituto de Matemática / NCE - Universidade Federal do Rio de Janeiro (UFRJ), Caixa Postal 68.530 - 21945-970 - Rio de Janeiro - RJ - Brasil'}, {'name': 'Adriano J.O. Cruz', 'institution': 'Universidade Federal do Rio de Janeiro (UFRJ)', 'subunit': 'Instituto de Matemática / NCE', 'location': 'Rio de Janeiro, RJ, Brasil', 'full_affiliation': 'Instituto de Matemática / NCE - Universidade Federal do Rio de Janeiro (UFRJ), Caixa Postal 68.530 - 21945-970 - Rio de Janeiro - RJ - Brasil'}, {'name': 'Laci Mary B. Manhães', 'institution': 'Universidade Federal do Rio de Janeiro (UFRJ) | Faculdade Salesiana Maria Auxiliadora (FSMA)', 'subunit': 'Instituto de Matemática / NCE | ', 'location': 'Rio de Janeiro, RJ, Brasil | Macaé, RJ, Brasil', 'full_affiliation': 'Instituto de Matemática / NCE - Universidade Federal do Rio de Janeiro (UFRJ), Caixa Postal 68.530 - 21945-970 - Rio de Janeiro - RJ - Brasil | Faculdade Salesiana Maria Auxiliadora (FSMA), Rua Monte Elísio s/nº - Macaé - RJ - Brasil'}, {'name': 'Emília B. Ferreira', 'institution': 'Universidade Federal do Rio de Janeiro (UFRJ)', 'subunit': 'Instituto de Matemática / NCE', 'location': 'Rio de Janeiro, RJ, Brasil', 'full_affiliation': 'Instituto de Matemática / NCE - Universidade Federal do Rio de Janeiro (UFRJ), Caixa Postal 68.530 - 21945-970 - Rio de Janeiro - RJ - Brasil'}, {'name': 'Márcia V. Pedro', 'institution': 'Universidade Federal do Rio de Janeiro (UFRJ)', 'subunit': 'Instituto de Matemática / NCE', 'location': 'Rio de Janeiro, RJ, Brasil', 'full_affiliation': 'Instituto de Matemática / NCE - Universidade Federal do Rio de Janeiro (UFRJ), Caixa Postal 68.530 - 21945-970 - Rio de Janeiro - RJ - Brasil'}, {'name': 'Cabral Lima', 'institution': 'Universidade Federal do Rio de Janeiro (UFRJ)', 'subunit': 'Instituto de Matemática / NCE', 'location': 'Rio de Janeiro, RJ, Brasil', 'full_affiliation': 'Instituto de Matemática / NCE - Universidade Federal do Rio de Janeiro (UFRJ), Caixa Postal 68.530 - 21945-970 - Rio de Janeiro - RJ - Brasil'}, {'name': 'Leila C.V. Andrade', 'institution': 'Universidade Federal do Rio de Janeiro (UFRJ) | Universidade Federal do Estado do Rio de Janeiro (UNIRIO)', 'subunit': 'Instituto de Matemática / NCE | Escola de Informática Aplicada', 'location': 'Rio de Janeiro, RJ, Brasil | Rio de Janeiro, RJ, Brasil', 'full_affiliation': 'Instituto de Matemática / NCE - Universidade Federal do Rio de Janeiro (UFRJ), Caixa Postal 68.530 - 21945-970 - Rio de Janeiro - RJ - Brasil | Escola de Informática Aplicada da Universidade Federal do Estado do Rio de Janeiro (UNIRIO), Avenida Pasteur 458 - Urca - Rio de Janeiro - RJ - Brasil'}]",2005_004_0109.png
Discrete-Time Quasi-Sliding Mode Feedback-Error-Learning Neurocontrol of a Class of Uncertain Systems,Neural Networks & Deep Learning,"[{'name': 'Andon Venelinov Topalov', 'institution': 'Technical University of Sofia', 'subunit': 'Control Systems Department, branch Plovdiv', 'location': 'Plovdiv, Bulgaria', 'full_affiliation': 'Control Systems Department, Technical University of Sofia, branch Plovdiv, 25, Canko Dustabanov str.,4000, Plovdiv, Bulgaria'}, {'name': 'Okyay Kaynak', 'institution': 'Bogazici University', 'subunit': 'Electrical & Electronic Engineering Department, Mechatronics Research and Application Center', 'location': 'Istanbul, Turkey', 'full_affiliation': 'Electrical & Electronic Engineering Department, Mechatronics Research and Application Center, Bogazici University, Bebek, 34342 Istanbul, Turkey'}]",2005_004_0110.png
Stable Task Space Neuro Controller for Robot Manipulators Without Velocity Measurements,Robotics,"[{'name': 'Gerardo Loreto', 'institution': 'CINVESTAV-IPN', 'subunit': 'Departamento de Control Automático', 'location': 'México D.F., México', 'full_affiliation': 'Departamento de Control Automático, CINVESTAV-IPN, Av.IPN 2508 México D.F., 07360, México'}, {'name': 'Rubén Garrido', 'institution': 'CINVESTAV-IPN', 'subunit': 'Departamento de Control Automático', 'location': 'México D.F., México', 'full_affiliation': 'Departamento de Control Automático, CINVESTAV-IPN, Av.IPN 2508 México D.F., 07360, México'}]",2005_004_0111.png
Input-Output Data Modelling Using Fully Tuned RBF Networks for a Four Degree-of-Freedom Tilt Rotor Aircraft Platform,Neural Networks & Deep Learning,"[{'name': 'Changjie Yu', 'institution': 'Tsinghua University', 'subunit': 'State Key Lab of Intelligent Technology and Systems, Department of Computer Science and Technology', 'location': 'Beijing, China', 'full_affiliation': 'State Key Lab of Intelligent Technology and Systems, Department of Computer Science and Technology, Tsinghua University, Beijing 100084, China'}, {'name': 'Jihong Zhu', 'institution': 'Tsinghua University', 'subunit': 'State Key Lab of Intelligent Technology and Systems, Department of Computer Science and Technology', 'location': 'Beijing, China', 'full_affiliation': 'State Key Lab of Intelligent Technology and Systems, Department of Computer Science and Technology, Tsinghua University, Beijing 100084, China'}, {'name': 'Jianguo Che', 'institution': 'Air Defence Command College', 'subunit': '', 'location': 'Zhengzhou, China', 'full_affiliation': 'Air Defence Command College, Zhengzhou 450052, China'}, {'name': 'Zengqi Sun', 'institution': 'Tsinghua University', 'subunit': 'State Key Lab of Intelligent Technology and Systems, Department of Computer Science and Technology', 'location': 'Beijing, China', 'full_affiliation': 'State Key Lab of Intelligent Technology and Systems, Department of Computer Science and Technology, Tsinghua University, Beijing 100084, China'}]",2005_004_0112.png
A Frugal Fuzzy Logic Based Approach for Autonomous Flight Control of Unmanned Aerial Vehicles,Fuzzy Logic & Fuzzy Systems,"[{'name': 'Sefer Kurnaz', 'institution': 'Turkish Airforce Academy', 'subunit': 'Aeronautics and Space Technologies Institude', 'location': 'Yesilyurt, İstanbul, Turkey', 'full_affiliation': 'Aeronautics and Space Technologies Institude, Turkish Airforce Academy, Yesilyurt, 34807 İstanbul,Turkey'}, {'name': 'Emre Eroglu', 'institution': 'Turkish Airforce Academy', 'subunit': 'Aeronautics and Space Technologies Institude', 'location': 'Yesilyurt, İstanbul, Turkey', 'full_affiliation': 'Aeronautics and Space Technologies Institude, Turkish Airforce Academy, Yesilyurt, 34807 İstanbul,Turkey'}, {'name': 'Okyay Kaynak', 'institution': 'Turkish Airforce Academy | Bogazici University', 'subunit': 'Aeronautics and Space Technologies Institude | Department of Electrical and Electronic Engineering', 'location': 'Yesilyurt, İstanbul, Turkey | Bebek, 34342 Istanbul, Turkey', 'full_affiliation': 'Aeronautics and Space Technologies Institude, Turkish Airforce Academy, Yesilyurt, 34807 İstanbul,Turkey | Bogazici University, Department of Electrical and Electronic Engineering, Bebek, 34342 Istanbul, Turkey'}, {'name': 'Umit Malkoc', 'institution': 'Bogazici University', 'subunit': 'Department of Electrical and Electronic Engineering', 'location': 'Bebek, 34342 Istanbul, Turkey', 'full_affiliation': 'Bogazici University, Department of Electrical and Electronic Engineering, Bebek, 34342 Istanbul, Turkey'}]",2005_004_0113.png
Sensor-Fusion System for Monitoring a CNC-Milling Center,Neural Networks & Deep Learning,"[{'name': 'Rubén Morales-Menéndez', 'institution': 'ITESM', 'subunit': 'Monterrey campus', 'location': 'Monterrey NL, México', 'full_affiliation': 'ITESM Monterrey campus, Av. Garza Sada # 2501, 64,489 Monterrey NL, México'}, {'name': 'Sheyla Aguilar M', 'institution': 'ITESM', 'subunit': 'Monterrey campus', 'location': 'Monterrey NL, México', 'full_affiliation': 'ITESM Monterrey campus, Av. Garza Sada # 2501, 64,489 Monterrey NL, México'}, {'name': 'Ciro A. Rodríguez', 'institution': 'ITESM', 'subunit': 'Monterrey campus', 'location': 'Monterrey NL, México', 'full_affiliation': 'ITESM Monterrey campus, Av. Garza Sada # 2501, 64,489 Monterrey NL, México'}, {'name': 'Federico Guedea Elizalde', 'institution': 'ITESM', 'subunit': 'Monterrey campus', 'location': 'Monterrey NL, México', 'full_affiliation': 'ITESM Monterrey campus, Av. Garza Sada # 2501, 64,489 Monterrey NL, México'}, {'name': 'Luis E. Garza Castañón', 'institution': 'ITESM', 'subunit': 'Monterrey campus', 'location': 'Monterrey NL, México', 'full_affiliation': 'ITESM Monterrey campus, Av. Garza Sada # 2501, 64,489 Monterrey NL, México'}]",2005_004_0114.png
A Probabilistic Model of Affective Behavior for Intelligent Tutoring Systems,Probabilistic & Statistical Reasoning,"[{'name': 'Yasmín Hernández', 'institution': 'Instituto de Investigaciones Eléctricas', 'subunit': 'Gerencia de Sistemas Informáticos', 'location': 'Cuernavaca, Morelos, México', 'full_affiliation': 'Instituto de Investigaciones Eléctricas, Gerencia de Sistemas Informáticos, Reforma 113, Col. Palmira, 62490 Cuernavaca, Morelos, México'}, {'name': 'Julieta Noguez', 'institution': 'Tecnológico de Monterrey', 'subunit': 'Campus Cd. de México', 'location': 'México, D. F., México', 'full_affiliation': 'Tecnológico de Monterrey, Campus Cd. de México, Calle del Puente 222, Col. Ejidos de Huipulco, Tlalpan 14380 México, D. F., México'}, {'name': 'Enrique Sucar', 'institution': 'Tecnológico de Monterrey', 'subunit': 'Campus Cuernavaca', 'location': 'Temixco, Morelos, México', 'full_affiliation': 'Tecnológico de Monterrey, Campus Cuernavaca, Paseo de la Reforma 182-A, Col. Lomas de Cuernavaca, 62589 Temixco, Morelos, México'}, {'name': 'Gustavo Arroyo-Figueroa', 'institution': 'Instituto de Investigaciones Eléctricas', 'subunit': 'Gerencia de Sistemas Informáticos', 'location': 'Cuernavaca, Morelos, México', 'full_affiliation': 'Instituto de Investigaciones Eléctricas, Gerencia de Sistemas Informáticos, Reforma 113, Col. Palmira, 62490 Cuernavaca, Morelos, México'}]",2005_004_0115.png
A Semi-open Learning Environment for Virtual Laboratories,Hybrid AI & Expert Systems,"[{'name': 'Julieta Noguez', 'institution': 'Tecnológico de Monterrey', 'subunit': 'Campus Ciudad de México', 'location': 'México, D.F., México', 'full_affiliation': 'Tecnológico de Monterrey, Campus Ciudad de México, Calle del Puente 222, Col. Ejidos de Huipulco, Tlalpan 14380 México, D.F., México'}, {'name': 'L. Enrique Sucar', 'institution': 'Tecnológico de Monterrey', 'subunit': 'Campus Cuernavaca', 'location': 'Temixco, Morelos, México', 'full_affiliation': 'Tecnológico de Monterrey, Campus Cuernavaca, Paseo de la Reforma 182-A, Col. Lomas de Cuernavaca, 62589 Temixco, Morelos, México'}]",2005_004_0116.png
Properties of Markovian Subgraphs of a Decomposable Graph,Probabilistic & Statistical Reasoning,"[{'name': 'Sung-Ho Kim', 'institution': 'Korea Advanced Institute of Science and Technology', 'subunit': '', 'location': 'Daejeon, 305-701, South Korea', 'full_affiliation': 'Korea Advanced Institute of Science and Technology, Daejeon, 305-701, South Korea'}]",2006_005_0000.png
A Recognition-Inference Procedure for a Knowledge Representation Scheme Based on Fuzzy Petri Nets,Fuzzy Logic & Fuzzy Systems,"[{'name': 'Slobodan Ribarić', 'institution': 'University of Zagreb', 'subunit': 'Faculty of Electrical Engineering and Computing', 'location': 'Zagreb, Croatia', 'full_affiliation': 'Faculty of Electrical Engineering and Computing, University of Zagreb, Unska 3, 10000 Zagreb, Croatia'}, {'name': 'Nikola Pavešić', 'institution': 'University of Ljubljana', 'subunit': 'Faculty of Electrical Engineering', 'location': 'Ljubljana, Slovenia', 'full_affiliation': 'Faculty of Electrical Engineering, University of Ljubljana, Tržaška c. 25, 1000 Ljubljana, Slovenia'}]",2006_005_0001.png
Inference Scheme for Order-Sorted Logic Using Noun Phrases with Variables as Sorts,Logic & Automated Reasoning,"[{'name': 'Masaki Kitano', 'institution': 'Takushoku University', 'subunit': 'Department of Computer Science', 'location': 'Hachioji-shi, Tokyo, Japan', 'full_affiliation': 'Department of Computer Science, Takushoku University\n815-1, Tatemachi, Hachioji-shi, Tokyo 193-0985 Japan'}, {'name': 'Seikoh Nishita', 'institution': 'Takushoku University', 'subunit': 'Department of Computer Science', 'location': 'Hachioji-shi, Tokyo, Japan', 'full_affiliation': 'Department of Computer Science, Takushoku University\n815-1, Tatemachi, Hachioji-shi, Tokyo 193-0985 Japan'}, {'name': 'Tsutomu Ishikawa', 'institution': 'Takushoku University', 'subunit': 'Department of Computer Science', 'location': 'Hachioji-shi, Tokyo, Japan', 'full_affiliation': 'Department of Computer Science, Takushoku University\n815-1, Tatemachi, Hachioji-shi, Tokyo 193-0985 Japan'}]",2006_005_0002.png
Answer Set General Theories and Preferences,Knowledge Representation & Reasoning,"[{'name': 'Mauricio Osorio', 'institution': 'Universidad de las Américas', 'subunit': 'CENTIA', 'location': 'Sta. Catarina Mártir, Cholula, Puebla, México', 'full_affiliation': 'Universidad de las Américas, CENTIA, Sta. Catarina Mártir, Cholula, Puebla, 72820 México'}, {'name': 'Claudia Zepeda', 'institution': 'Universidad Tecnológica de la Mixteca', 'subunit': 'División de Estudios de Posgrado', 'location': 'Huajuapan de Leon, Oaxaca, México', 'full_affiliation': 'Universidad Tecnológica de la Mixteca, División de Estudios de Posgrado, Huajuapan de Leon, Oaxaca, 69000 México'}]",2006_005_0003.png
Fuzzy State Estimation of Discrete Event Systems,Fuzzy Logic & Fuzzy Systems,"[{'name': 'Juan Carlos González-Castolo', 'institution': 'CINVESTAV-IPN', 'subunit': 'Unidad Guadalajara', 'location': 'Zapopan, Jalisco, México', 'full_affiliation': 'CINVESTAV-IPN Unidad Guadalajara, Av. Científica 1145, Col. El Bajío, 45010 Zapopan, Jal., México'}, {'name': 'Ernesto López-Mellado', 'institution': 'CINVESTAV-IPN', 'subunit': 'Unidad Guadalajara', 'location': 'Zapopan, Jalisco, México', 'full_affiliation': 'CINVESTAV-IPN Unidad Guadalajara, Av. Científica 1145, Col. El Bajío, 45010 Zapopan, Jal., México'}]",2006_005_0004.png
Real-Time Adaptive Fuzzy Motivations for Evolutionary Behavior Learning by a Mobile Robot,Fuzzy Logic & Fuzzy Systems,"[{'name': 'Wolfgang Freund', 'institution': 'Universidad Técnica Federico Santa María', 'subunit': 'Departamento de Electrónica', 'location': 'Valparaíso, Chile', 'full_affiliation': 'Universidad Técnica Federico Santa María, Valparaíso, Chile, Departamento de Electrónica, Casilla 110 V, Valparaíso, Chile'}, {'name': 'Tomas Arredondo Vidal', 'institution': 'Universidad Técnica Federico Santa María', 'subunit': 'Departamento de Electrónica', 'location': 'Valparaíso, Chile', 'full_affiliation': 'Universidad Técnica Federico Santa María, Valparaíso, Chile, Departamento de Electrónica, Casilla 110 V, Valparaíso, Chile'}, {'name': 'César Muñoz', 'institution': 'Universidad Técnica Federico Santa María', 'subunit': 'Departamento de Electrónica', 'location': 'Valparaíso, Chile', 'full_affiliation': 'Universidad Técnica Federico Santa María, Valparaíso, Chile, Departamento de Electrónica, Casilla 110 V, Valparaíso, Chile'}, {'name': 'Nicolás Navarro', 'institution': 'Universidad Técnica Federico Santa María', 'subunit': 'Departamento de Electrónica', 'location': 'Valparaíso, Chile', 'full_affiliation': 'Universidad Técnica Federico Santa María, Valparaíso, Chile, Departamento de Electrónica, Casilla 110 V, Valparaíso, Chile'}, {'name': 'Fernando Quirós', 'institution': 'Universidad Técnica Federico Santa María', 'subunit': 'Departamento de Electrónica', 'location': 'Valparaíso, Chile', 'full_affiliation': 'Universidad Técnica Federico Santa María, Valparaíso, Chile, Departamento de Electrónica, Casilla 110 V, Valparaíso, Chile'}]",2006_005_0005.png
Error Bounds Between Marginal Probabilities and Beliefs of Loopy Belief Propagation Algorithm,Probabilistic & Statistical Reasoning,"[{'name': 'Nobuyuki Taga', 'institution': 'Tokyo Institute of Technology', 'subunit': '', 'location': 'Meguro-ku, Tokyo, Japan', 'full_affiliation': 'Tokyo Institute of Technology, Ookayama 2-12-1-w8-28, Meguro-ku, Tokyo 152-8552, Japan'}, {'name': 'Shigeru Mase', 'institution': 'Tokyo Institute of Technology', 'subunit': '', 'location': 'Meguro-ku, Tokyo, Japan', 'full_affiliation': 'Tokyo Institute of Technology, Ookayama 2-12-1-w8-28, Meguro-ku, Tokyo 152-8552, Japan'}]",2006_005_0006.png
Applications of Gibbs Measure Theory to Loopy Belief Propagation Algorithm,Probabilistic & Statistical Reasoning,"[{'name': 'Nobuyuki Taga', 'institution': 'Tokyo Institute of Technology', 'subunit': '', 'location': 'Meguro-ku, Tokyo, Japan', 'full_affiliation': 'Tokyo Institute of Technology, Ookayama 2-12-1-w8-28, Meguro-ku, Tokyo 152-8552, Japan'}, {'name': 'Shigeru Mase', 'institution': 'Tokyo Institute of Technology', 'subunit': '', 'location': 'Meguro-ku, Tokyo, Japan', 'full_affiliation': 'Tokyo Institute of Technology, Ookayama 2-12-1-w8-28, Meguro-ku, Tokyo 152-8552, Japan'}]",2006_005_0007.png
Constructing Virtual Sensors Using Probabilistic Reasoning,Probabilistic & Statistical Reasoning,"[{'name': 'Pablo H. Ibargüengoytia', 'institution': 'Instituto de Investigaciones Eléctricas', 'subunit': '', 'location': 'Cuernavaca, Mor., México', 'full_affiliation': 'Instituto de Investigaciones Eléctricas\nAv. Reforma 113, Palmira\nCuernavaca, Mor., 62490, México'}, {'name': 'Alberto Reyes', 'institution': 'Instituto de Investigaciones Eléctricas', 'subunit': '', 'location': 'Cuernavaca, Mor., México', 'full_affiliation': 'Instituto de Investigaciones Eléctricas\nAv. Reforma 113, Palmira\nCuernavaca, Mor., 62490, México'}]",2006_005_0008.png
Solving Hybrid Markov Decision Processes,Probabilistic & Statistical Reasoning,"[{'name': 'Alberto Reyes', 'institution': 'Instituto de Investigaciones Eléctricas | ITESM', 'subunit': ' | Campus Cuernavaca', 'location': 'Cuernavaca, Mor., México', 'full_affiliation': 'Instituto de Investigaciones Eléctricas, Av. Reforma 113, Palmira, Cuernavaca, Mor., 62490, México | Ph.D. Student at ITESM Campus Cuernavaca, Av. Reforma 182-A, Lomas, Cuernavaca, Mor., México'}, {'name': 'L. Enrique Sucar', 'institution': 'INAOE', 'subunit': '', 'location': 'Sta. Ma. Tonantzintla, Pue., México', 'full_affiliation': 'INAOE, Luis Enrique Erro 1, Sta. Ma. Tonantzintla, Pue., México'}, {'name': 'Eduardo F. Morales', 'institution': 'INAOE', 'subunit': '', 'location': 'Sta. Ma. Tonantzintla, Pue., México', 'full_affiliation': 'INAOE, Luis Enrique Erro 1, Sta. Ma. Tonantzintla, Pue., México'}, {'name': 'Pablo H. Ibargüengoytia', 'institution': 'Instituto de Investigaciones Eléctricas', 'subunit': '', 'location': 'Cuernavaca, Mor., 62490, México', 'full_affiliation': 'Instituto de Investigaciones Eléctricas, Av. Reforma 113, Palmira, Cuernavaca, Mor., 62490, México'}]",2006_005_0009.png
Comparing Fuzzy Naive Bayes and Gaussian Naive Bayes for Decision Making in RoboCup 3D,Probabilistic & Statistical Reasoning,"[{'name': 'Carlos Bustamante', 'institution': 'Tecnológico de Monterrey', 'subunit': 'Centro de Sistemas Inteligentes', 'location': 'Monterrey, N.L. 64849, México', 'full_affiliation': 'Centro de Sistemas Inteligentes\nTecnológico de Monterrey\nMonterrey, N.L. 64849, México'}, {'name': 'Leonardo Garrido', 'institution': 'Tecnológico de Monterrey', 'subunit': 'Centro de Sistemas Inteligentes', 'location': 'Monterrey, N.L. 64849, México', 'full_affiliation': 'Centro de Sistemas Inteligentes\nTecnológico de Monterrey\nMonterrey, N.L. 64849, México'}, {'name': 'Rogelio Soto', 'institution': 'Tecnológico de Monterrey', 'subunit': 'Centro de Sistemas Inteligentes', 'location': 'Monterrey, N.L. 64849, México', 'full_affiliation': 'Centro de Sistemas Inteligentes\nTecnológico de Monterrey\nMonterrey, N.L. 64849, México'}]",2006_005_0010.png
Qualitative Reasoning and Bifurcations in Dynamic Systems,Knowledge Representation & Reasoning,"[{'name': 'Juan J. Flores', 'institution': 'Universidad Michoacana', 'subunit': 'Division de Estudios de Postgrado, Facultad de Ingenieria Electrica', 'location': 'Morelia, Mexico', 'full_affiliation': 'Division de Estudios de Postgrado, Facultad de Ingenieria Electrica, Universidad Michoacana, Morelia, Mexico'}, {'name': 'Andrzej Proskurowski', 'institution': 'University of Oregon', 'subunit': 'Computer Science Department', 'location': 'Eugene, OR, USA', 'full_affiliation': 'Computer Science Department, University of Oregon, Eugene, OR, USA'}]",2006_005_0011.png
Evolutionary Method for Nonlinear Systems of Equations,Bio-inspired & Evolutionary Computing,"[{'name': 'Crina Grosan', 'institution': 'Babeş-Bolyai University', 'subunit': 'Department of Computer Science', 'location': 'Cluj-Napoca, Romania', 'full_affiliation': 'Department of Computer Science Babeş-Bolyai University, Cluj-Napoca, 3400, Romania'}, {'name': 'Ajith Abraham', 'institution': 'Yonsei University', 'subunit': 'IITA Professorship Program, School of Computer Science and Engineering', 'location': 'Seoul, Korea', 'full_affiliation': 'IITA Professorship Program, School of Computer Science and Engineering, Yonsei University, 134 Shinchon-dong, Sudaemoon-ku, Seoul 120-749, Korea'}, {'name': 'Alexander Gelbukh', 'institution': 'Instituto Politécnico Nacional', 'subunit': 'Centro de Investigación en Computación (CIC)', 'location': 'Mexico', 'full_affiliation': 'Centro de Investigación en Computación (CIC) Instituto Politécnico Nacional (IPN), Mexico'}]",2006_005_0012.png
A Multi-objective Particle Swarm Optimizer Hybridized with Scatter Search,Bio-inspired & Evolutionary Computing,"[{'name': 'Luis V. Santana-Quintero', 'institution': 'CINVESTAV-IPN', 'subunit': 'Electrical Engineering Department, Computer Science Area', 'location': 'San Pedro Zacatenco, México D.F., México', 'full_affiliation': 'CINVESTAV-IPN, Electrical Engineering Department, Computer Science Area, Av. IPN No. 2508, San Pedro Zacatenco, México D.F. 07360, México'}, {'name': 'Noel Ramírez', 'institution': 'CINVESTAV-IPN', 'subunit': 'Electrical Engineering Department, Computer Science Area', 'location': 'San Pedro Zacatenco, México D.F., México', 'full_affiliation': 'CINVESTAV-IPN, Electrical Engineering Department, Computer Science Area, Av. IPN No. 2508, San Pedro Zacatenco, México D.F. 07360, México'}, {'name': 'Carlos Coello Coello', 'institution': 'CINVESTAV-IPN', 'subunit': 'Electrical Engineering Department, Computer Science Area', 'location': 'San Pedro Zacatenco, México D.F., México', 'full_affiliation': 'CINVESTAV-IPN, Electrical Engineering Department, Computer Science Area, Av. IPN No. 2508, San Pedro Zacatenco, México D.F. 07360, México'}]",2006_005_0013.png
The Adaptive Learning Rates of Extended Kalman Filter Based Training Algorithm for Wavelet Neural Networks,Neural Networks & Deep Learning,"[{'name': 'Kyoung Joo Kim', 'institution': 'Yonsei University', 'subunit': '', 'location': 'Seodaemun-Gu, Seoul, Korea', 'full_affiliation': 'Yonsei University, Seodaemun-Gu, Seoul, 120-749, Korea'}, {'name': 'Jin Bae Park', 'institution': 'Yonsei University', 'subunit': '', 'location': 'Seodaemun-Gu, Seoul, Korea', 'full_affiliation': 'Yonsei University, Seodaemun-Gu, Seoul, 120-749, Korea'}, {'name': 'Yoon Ho Choi', 'institution': 'Kyonggi University', 'subunit': '', 'location': 'Suwon, Kyonggi-Do, Korea', 'full_affiliation': 'Kyonggi University, Suwon, Kyonggi-Do 443-760, Korea'}]",2006_005_0014.png
Complexity of Alpha-Beta Bidirectional Associative Memories,Neural Networks & Deep Learning,"[{'name': 'María Elena Acevedo-Mosqueda', 'institution': 'Instituto Politécnico Nacional', 'subunit': 'Centro de Investigación en Computación, Laboratorio de Inteligencia Artificial', 'location': 'México, D. F., México', 'full_affiliation': 'Centro de Investigación en Computación, Instituto Politécnico Nacional, Laboratorio de Inteligencia Artificial, Av. Juan de Dios Bátiz s/n, México, D. F., 07738, México'}, {'name': 'Cornelio Yáñez-Márquez', 'institution': 'Instituto Politécnico Nacional', 'subunit': 'Centro de Investigación en Computación, Laboratorio de Inteligencia Artificial', 'location': 'México, D. F., México', 'full_affiliation': 'Centro de Investigación en Computación, Instituto Politécnico Nacional, Laboratorio de Inteligencia Artificial, Av. Juan de Dios Bátiz s/n, México, D. F., 07738, México'}, {'name': 'Itzamá López-Yáñez', 'institution': 'Instituto Politécnico Nacional', 'subunit': 'Centro de Investigación en Computación, Laboratorio de Inteligencia Artificial', 'location': 'México, D. F., México', 'full_affiliation': 'Centro de Investigación en Computación, Instituto Politécnico Nacional, Laboratorio de Inteligencia Artificial, Av. Juan de Dios Bátiz s/n, México, D. F., 07738, México'}]",2006_005_0015.png
A Hybrid Ant Algorithm for the Airline Crew Pairing Problem,Bio-inspired & Evolutionary Computing,"[{'name': 'Broderick Crawford', 'institution': 'Pontificia Universidad Católica de Valparaíso', 'subunit': '', 'location': 'Valparaíso, Chile', 'full_affiliation': 'Pontificia Universidad Católica de Valparaíso, PUCV, Chile | Universidad Técnica Federico Santa María, Valparaíso, Chile'}, {'name': 'Carlos Castro', 'institution': 'Universidad Técnica Federico Santa María', 'subunit': '', 'location': 'Valparaíso, Chile', 'full_affiliation': 'Universidad Técnica Federico Santa María, Valparaíso, Chile'}, {'name': 'Eric Monfroy', 'institution': 'Universidad Técnica Federico Santa María | Université de Nantes', 'subunit': 'LINA', 'location': 'Valparaíso, Chile | Nantes, France', 'full_affiliation': 'Universidad Técnica Federico Santa María, Valparaíso, Chile | LINA, Université de Nantes, France'}]",2006_005_0016.png
A Refined Evaluation Function for the MinLA Problem,Heuristic Search & Optimization,"[{'name': 'Eduardo Rodriguez-Tello', 'institution': 'Université d’Angers', 'subunit': 'LERIA', 'location': 'Angers, France', 'full_affiliation': 'LERIA, Université d’Angers. 2 Boulevard Lavoisier, 49045 Angers, France'}, {'name': 'Jin-Kao Hao', 'institution': 'Université d’Angers', 'subunit': 'LERIA', 'location': 'Angers, France', 'full_affiliation': 'LERIA, Université d’Angers. 2 Boulevard Lavoisier, 49045 Angers, France'}, {'name': 'Jose Torres-Jimenez', 'institution': 'University of Guerrero', 'subunit': 'Mathematics Department', 'location': 'Acapulco, Guerrero, Mexico', 'full_affiliation': 'Mathematics Department, University of Guerrero. 54 Carlos E. Adame, 39650 Acapulco Guerrero, Mexico'}]",2006_005_0017.png
ILS-Perturbation Based on Local Optima Structure for the QAP Problem,Heuristic Search & Optimization,"[{'name': 'Everardo Gutiérrez', 'institution': 'CICESE Research Center', 'subunit': 'Computer Science Department', 'location': 'Ensenada, B.C., México', 'full_affiliation': 'Computer Science Department, CICESE Research Center Km 107 Carr. Tijuana-Ensenada, Ensenada, B.C., México'}, {'name': 'Carlos A. Brizuela', 'institution': 'CICESE Research Center', 'subunit': 'Computer Science Department', 'location': 'Ensenada, B.C., México', 'full_affiliation': 'Computer Science Department, CICESE Research Center Km 107 Carr. Tijuana-Ensenada, Ensenada, B.C., México'}]",2006_005_0018.png
Application of Fuzzy Multi-objective Programming Approach to Supply Chain Distribution Network Design Problem,Fuzzy Logic & Fuzzy Systems,"[{'name': 'Hasan Selim', 'institution': 'Dokuz Eylul University', 'subunit': 'Department of Industrial Engineering', 'location': 'Izmir, Turkey', 'full_affiliation': 'Dokuz Eylul University, Department of Industrial Engineering, 35100, Izmir, Turkey'}, {'name': 'Irem Ozkarahan', 'institution': 'Dokuz Eylul University', 'subunit': 'Department of Industrial Engineering', 'location': 'Izmir, Turkey', 'full_affiliation': 'Dokuz Eylul University, Department of Industrial Engineering, 35100, Izmir, Turkey'}]",2006_005_0019.png
A New Algorithm That Obtains an Approximation of the Critical Path in the Job Shop Scheduling Problem,Heuristic Search & Optimization,"[{'name': 'Marco Antonio Cruz-Chávez', 'institution': 'Autonomous University of Morelos State', 'subunit': 'CIICAp', 'location': 'Cuernavaca Morelos, México', 'full_affiliation': 'CIICAp, Autonomous University of Morelos State\nAv. Universidad 1001, Chamilpa, 62209, Cuernavaca Morelos, México'}, {'name': 'Juan Frausto-Solis', 'institution': 'ITESM', 'subunit': 'Department of Computer Science, Campus Cuernavaca', 'location': 'Temixco, Morelos, México', 'full_affiliation': 'Department of Computer Science, ITESM, Campus Cuernavaca\nPaseo de la Reforma 182-A, Lomas de Cuernavaca, 62589, Temixco, Morelos, México'}]",2006_005_0020.png
A Quay Crane Scheduling Method Considering Interference of Yard Cranes in Container Terminals,Heuristic Search & Optimization,"[{'name': 'Da Hun Jung', 'institution': 'Pusan National University', 'subunit': 'Department of Industrial Engineering', 'location': 'Busan, Korea', 'full_affiliation': 'Department of Industrial Engineering, Pusan National University, Busan 609-735, Korea'}, {'name': 'Young-Man Park', 'institution': 'Korea Naval Academy', 'subunit': 'Department of Management Science', 'location': 'Jinhae, Korea', 'full_affiliation': 'Department of Management Science, Korea Naval Academy, Jinhae 645-797, Korea'}, {'name': 'Byung Kwon Lee', 'institution': 'Pusan National University', 'subunit': 'Department of Industrial Engineering', 'location': 'Busan, Korea', 'full_affiliation': 'Department of Industrial Engineering, Pusan National University, Busan 609-735, Korea'}, {'name': 'Kap Hwan Kim', 'institution': 'Pusan National University', 'subunit': 'Department of Industrial Engineering', 'location': 'Busan, Korea', 'full_affiliation': 'Department of Industrial Engineering, Pusan National University, Busan 609-735, Korea'}, {'name': 'Kwang Ryel Ryu', 'institution': 'Pusan National University', 'subunit': 'Department of Computer Engineering', 'location': 'Busan, Korea', 'full_affiliation': 'Department of Computer Engineering, Pusan National University, Busan 609-735, Korea'}]",2006_005_0021.png
Comparing Schedule Generation Schemes in Memetic Algorithms for the Job Shop Scheduling Problem with Sequence Dependent Setup Times,Bio-inspired & Evolutionary Computing,"[{'name': 'Miguel A. González', 'institution': 'University of Oviedo', 'subunit': 'Artificial Intelligence Center. Dep. of Computer Science', 'location': 'Gijón, Spain', 'full_affiliation': 'Artificial Intelligence Center. Dep. of Computer Science, University of Oviedo Campus de Viesques, 33271 Gijón, Spain'}, {'name': 'Camino R. Vela', 'institution': 'University of Oviedo', 'subunit': 'Artificial Intelligence Center. Dep. of Computer Science', 'location': 'Gijón, Spain', 'full_affiliation': 'Artificial Intelligence Center. Dep. of Computer Science, University of Oviedo Campus de Viesques, 33271 Gijón, Spain'}, {'name': 'María Sierra', 'institution': 'University of Oviedo', 'subunit': 'Artificial Intelligence Center. Dep. of Computer Science', 'location': 'Gijón, Spain', 'full_affiliation': 'Artificial Intelligence Center. Dep. of Computer Science, University of Oviedo Campus de Viesques, 33271 Gijón, Spain'}, {'name': 'Inés González', 'institution': 'University of Oviedo', 'subunit': 'Artificial Intelligence Center. Dep. of Computer Science', 'location': 'Gijón, Spain', 'full_affiliation': 'Artificial Intelligence Center. Dep. of Computer Science, University of Oviedo Campus de Viesques, 33271 Gijón, Spain'}, {'name': 'Ramiro Varela', 'institution': 'University of Oviedo', 'subunit': 'Artificial Intelligence Center. Dep. of Computer Science', 'location': 'Gijón, Spain', 'full_affiliation': 'Artificial Intelligence Center. Dep. of Computer Science, University of Oviedo Campus de Viesques, 33271 Gijón, Spain'}]",2006_005_0022.png
A Novel Hybrid System with Neural Networks and Hidden Markov Models in Fault Diagnosis,Hybrid AI & Expert Systems,"[{'name': 'Qiang Miao', 'institution': 'University of Electronic Science and Technology of China', 'subunit': 'School of Mechatronics Engineering', 'location': 'Chengdu, Sichuan, China', 'full_affiliation': 'School of Mechatronics Engineering, University of Electronic Science and Technology of China, Chengdu, Sichuan, 610054, China'}, {'name': 'Hong-Zhong Huang', 'institution': 'University of Electronic Science and Technology of China', 'subunit': 'School of Mechatronics Engineering', 'location': 'Chengdu, Sichuan, China', 'full_affiliation': 'School of Mechatronics Engineering, University of Electronic Science and Technology of China, Chengdu, Sichuan, 610054, China'}, {'name': 'Xianfeng Fan', 'institution': 'University of Electronic Science and Technology of China', 'subunit': 'School of Mechatronics Engineering', 'location': 'Chengdu, Sichuan, China', 'full_affiliation': 'School of Mechatronics Engineering, University of Electronic Science and Technology of China, Chengdu, Sichuan, 610054, China'}]",2006_005_0023.png
On Combining Fractal Dimension with GA for Feature Subset Selecting*,Bio-inspired & Evolutionary Computing,"[{'name': 'GuangHui Yan', 'institution': 'NorthWestern Polytechnical University | Lanzhou Jiaotong University', 'subunit': 'Dept. Computer Science & Software | Key Laboratory of Opto-Electronic Technology and Intelligent Control', 'location': 'Xian, P.R. China | Lanzhou, China', 'full_affiliation': 'Dept. Computer Science & Software NorthWestern Polytechnical University, Xian 710072, P.R. China | Key Laboratory of Opto-Electronic Technology and Intelligent Control (Lanzhou Jiaotong University), Ministry of Education, 730070 Lanzhou'}, {'name': 'ZhanHuai Li', 'institution': 'NorthWestern Polytechnical University', 'subunit': 'Dept. Computer Science & Software', 'location': 'Xian, P.R. China', 'full_affiliation': 'Dept. Computer Science & Software NorthWestern Polytechnical University, Xian 710072, P.R. China'}, {'name': 'Liu Yuan', 'institution': 'NorthWestern Polytechnical University', 'subunit': 'Dept. Computer Science & Software', 'location': 'Xian, P.R. China', 'full_affiliation': 'Dept. Computer Science & Software NorthWestern Polytechnical University, Xian 710072, P.R. China'}]",2006_005_0024.png
Fuzzy Pairwise Multiclass Support Vector Machines,Fuzzy Logic & Fuzzy Systems,"[{'name': 'J.M. Puche', 'institution': 'University of Granada', 'subunit': 'Dept. Computer Science and Artificial Intelligence', 'location': 'Granada, Spain', 'full_affiliation': 'Dept. Computer Science and Artificial Intelligence, University of Granada, 18071 Granada, Spain'}, {'name': 'J.M. Benítez', 'institution': 'University of Granada', 'subunit': 'Dept. Computer Science and Artificial Intelligence', 'location': 'Granada, Spain', 'full_affiliation': 'Dept. Computer Science and Artificial Intelligence, University of Granada, 18071 Granada, Spain'}, {'name': 'J.L. Castro', 'institution': 'University of Granada', 'subunit': 'Dept. Computer Science and Artificial Intelligence', 'location': 'Granada, Spain', 'full_affiliation': 'Dept. Computer Science and Artificial Intelligence, University of Granada, 18071 Granada, Spain'}, {'name': 'C.J. Mantas', 'institution': 'University of Granada', 'subunit': 'Dept. Computer Science and Artificial Intelligence', 'location': 'Granada, Spain', 'full_affiliation': 'Dept. Computer Science and Artificial Intelligence, University of Granada, 18071 Granada, Spain'}]",2006_005_0025.png
Support Vector Machine Classification Based on Fuzzy Clustering for Large Data Sets,Supervised Machine Learning,"[{'name': 'Jair Cervantes', 'institution': 'CINVESTAV-IPN', 'subunit': 'Sección de Computación Departamento de Ingeniería Elétrica', 'location': 'México D.F., México', 'full_affiliation': 'Sección de Computación Departamento de Ingeniería Elétrica\nCINVESTAV-IPN\nA.P. 14-740, Av.IPN 2508, México D.F., 07360, México'}, {'name': 'Xiaoou Li', 'institution': 'CINVESTAV-IPN', 'subunit': 'Sección de Computación Departamento de Ingeniería Elétrica', 'location': 'México D.F., México', 'full_affiliation': 'Sección de Computación Departamento de Ingeniería Elétrica\nCINVESTAV-IPN\nA.P. 14-740, Av.IPN 2508, México D.F., 07360, México'}, {'name': 'Wen Yu', 'institution': 'CINVESTAV-IPN', 'subunit': 'Departamento de Control Automático', 'location': 'México D.F., México', 'full_affiliation': 'Departamento de Control Automático, CINVESTAV-IPN\nA.P. 14-740, Av.IPN 2508, México D.F., 07360, México'}]",2006_005_0026.png
Decision Forests with Oblique Decision Trees,Supervised Machine Learning,"[{'name': 'Peter J. Tan', 'institution': 'Monash University', 'subunit': 'School of Computer Science and Software Engineering', 'location': 'Clayton, Vic 3800, Australia', 'full_affiliation': 'School of Computer Science and Software Engineering, Monash University, Clayton, Vic 3800, Australia'}, {'name': 'David L. Dowe', 'institution': 'Monash University', 'subunit': 'School of Computer Science and Software Engineering', 'location': 'Clayton, Vic 3800, Australia', 'full_affiliation': 'School of Computer Science and Software Engineering, Monash University, Clayton, Vic 3800, Australia'}]",2006_005_0027.png
Using Reliable Short Rules to Avoid Unnecessary Tests in Decision Trees,Supervised Machine Learning,"[{'name': 'Hyontai Sug', 'institution': 'Dongseo University', 'subunit': 'Division of Computer and Information Engineering', 'location': 'Busan, South Korea', 'full_affiliation': 'Division of Computer and Information Engineering, Dongseo University, Busan, 617-716, South Korea'}]",2006_005_0028.png
Hybrid Method for Detecting Masqueraders Using Session Folding and Hidden Markov Models,Probabilistic & Statistical Reasoning,"[{'name': 'Román Posadas', 'institution': 'ITESM', 'subunit': 'Center for Electronics and Telecommunications, Campus Monterrey', 'location': 'Monterrey, N. L., Mexico', 'full_affiliation': 'Center for Electronics and Telecommunications, ITESM, Campus Monterrey Av. Eugenio garza Sada 2501 Sur, Col. Tecnologico Monterrey, N. L., CP 64849 Mexico'}, {'name': 'Carlos Mex-Perera', 'institution': 'ITESM', 'subunit': 'Center for Electronics and Telecommunications, Campus Monterrey', 'location': 'Monterrey, N. L., Mexico', 'full_affiliation': 'Center for Electronics and Telecommunications, ITESM, Campus Monterrey Av. Eugenio garza Sada 2501 Sur, Col. Tecnologico Monterrey, N. L., CP 64849 Mexico'}, {'name': 'Raúl Monroy', 'institution': 'ITESM', 'subunit': 'Computer Science Department, Campus Estado de Mexico', 'location': 'Estado de Mexico, Mexico', 'full_affiliation': 'Computer Science Department, ITESM, Campus Estado de Mexico Carretera al lago de Guadalupe, Km. 3.5, Estado de Mexico, CP 52926, Mexico'}, {'name': 'Juan Nolazco-Flores', 'institution': 'ITESM', 'subunit': 'Computer Science Department, Campus Monterrey', 'location': 'Monterrey, N. L., Mexico', 'full_affiliation': 'Computer Science Department, ITESM, Campus Monterrey Av. Eugenio garza Sada 2501 Sur, Col. Tecnologico Monterrey, N. L., CP 64849 Mexico'}]",2006_005_0029.png
Automatic Construction of Bayesian Network Structures by Means of a Concurrent Search Mechanism,Probabilistic & Statistical Reasoning,"[{'name': 'Mondragón-Becerra R.', 'institution': 'Universidad Veracruzana', 'subunit': 'Facultad de Física e Inteligencia Artificial, Departamento de Inteligencia Artificial', 'location': 'Xalapa, Ver., México', 'full_affiliation': 'Facultad de Física e Inteligencia Artificial, Departamento de Inteligencia Artificial, Universidad Veracruzana, Sebastián Camacho No 5, Xalapa, Ver., México, 91000'}, {'name': 'Cruz-Ramírez N.', 'institution': 'Universidad Veracruzana', 'subunit': 'Facultad de Física e Inteligencia Artificial, Departamento de Inteligencia Artificial', 'location': 'Xalapa, Ver., México', 'full_affiliation': 'Facultad de Física e Inteligencia Artificial, Departamento de Inteligencia Artificial, Universidad Veracruzana, Sebastián Camacho No 5, Xalapa, Ver., México, 91000'}, {'name': 'García-López D.A.', 'institution': 'Universidad Veracruzana', 'subunit': 'Facultad de Física e Inteligencia Artificial, Departamento de Inteligencia Artificial', 'location': 'Xalapa, Ver., México', 'full_affiliation': 'Facultad de Física e Inteligencia Artificial, Departamento de Inteligencia Artificial, Universidad Veracruzana, Sebastián Camacho No 5, Xalapa, Ver., México, 91000'}, {'name': 'Gutiérrez-Fragoso K.', 'institution': 'Universidad Veracruzana', 'subunit': 'Facultad de Física e Inteligencia Artificial, Departamento de Inteligencia Artificial', 'location': 'Xalapa, Ver., México', 'full_affiliation': 'Facultad de Física e Inteligencia Artificial, Departamento de Inteligencia Artificial, Universidad Veracruzana, Sebastián Camacho No 5, Xalapa, Ver., México, 91000'}, {'name': 'Luna-Ramírez W.A.', 'institution': 'Universidad Veracruzana', 'subunit': 'Facultad de Física e Inteligencia Artificial, Departamento de Inteligencia Artificial', 'location': 'Xalapa, Ver., México', 'full_affiliation': 'Facultad de Física e Inteligencia Artificial, Departamento de Inteligencia Artificial, Universidad Veracruzana, Sebastián Camacho No 5, Xalapa, Ver., México, 91000'}, {'name': 'Ortiz-Hernández G.', 'institution': 'Universidad Veracruzana', 'subunit': 'Facultad de Física e Inteligencia Artificial, Departamento de Inteligencia Artificial', 'location': 'Xalapa, Ver., México', 'full_affiliation': 'Facultad de Física e Inteligencia Artificial, Departamento de Inteligencia Artificial, Universidad Veracruzana, Sebastián Camacho No 5, Xalapa, Ver., México, 91000'}, {'name': 'Piña-García C.A.', 'institution': 'Universidad Veracruzana', 'subunit': 'Facultad de Física e Inteligencia Artificial, Departamento de Inteligencia Artificial', 'location': 'Xalapa, Ver., México', 'full_affiliation': 'Facultad de Física e Inteligencia Artificial, Departamento de Inteligencia Artificial, Universidad Veracruzana, Sebastián Camacho No 5, Xalapa, Ver., México, 91000'}]",2006_005_0030.png
Collaborative Design Optimization Based on Knowledge Discovery from Simulation,Data Mining & Knowledge Discovery,"[{'name': 'Jie Hu', 'institution': 'Shanghai Jiao Tong University', 'subunit': 'Institute of Knowledge Based Engineering, School of Mechanical Engineering', 'location': 'Shanghai, P.R. China', 'full_affiliation': 'Institute of Knowledge Based Engineering, School of Mechanical Engineering, Shanghai Jiao Tong University, 1954 Hua Shan Road, Shanghai, 200030, P.R. China'}, {'name': 'Yinghong Peng', 'institution': 'Shanghai Jiao Tong University', 'subunit': 'Institute of Knowledge Based Engineering, School of Mechanical Engineering', 'location': 'Shanghai, P.R. China', 'full_affiliation': 'Institute of Knowledge Based Engineering, School of Mechanical Engineering, Shanghai Jiao Tong University, 1954 Hua Shan Road, Shanghai, 200030, P.R. China'}]",2006_005_0031.png
The MineSP Operator for Mining Sequential Patterns in Inductive Databases,Data Mining & Knowledge Discovery,"[{'name': 'Edgard Benítez-Guerrero', 'institution': 'Laboratorio Nacional de Informática Avanzada, A. C.', 'subunit': '', 'location': 'Xalapa, México', 'full_affiliation': 'Laboratorio Nacional de Informática Avanzada, A. C.\nRebsamen No. 80, Col. Centro, CP 91000, Xalapa, México'}, {'name': 'Alma-Rosa Hernández-López', 'institution': 'Laboratorio Nacional de Informática Avanzada, A. C.', 'subunit': '', 'location': 'Xalapa, México', 'full_affiliation': 'Laboratorio Nacional de Informática Avanzada, A. C.\nRebsamen No. 80, Col. Centro, CP 91000, Xalapa, México'}]",2006_005_0032.png
A Fast Model-Based Vision System for a Robot Soccer Team,Computer Vision,"[{'name': 'Murilo F. Martins', 'institution': 'Centro Universitário da FEI', 'subunit': '', 'location': 'São Bernardo do Campo, SP, Brazil', 'full_affiliation': 'Centro Universitário da FEI\nAv. Humberto A. C. Branco, 3972. 09850-901 – São Bernardo do Campo – SP, Brazil'}, {'name': 'Flavio Tonidandel', 'institution': 'Centro Universitário da FEI', 'subunit': '', 'location': 'São Bernardo do Campo, SP, Brazil', 'full_affiliation': 'Centro Universitário da FEI\nAv. Humberto A. C. Branco, 3972. 09850-901 – São Bernardo do Campo – SP, Brazil'}, {'name': 'Reinaldo A.C. Bianchi', 'institution': 'Centro Universitário da FEI', 'subunit': '', 'location': 'São Bernardo do Campo, SP, Brazil', 'full_affiliation': 'Centro Universitário da FEI\nAv. Humberto A. C. Branco, 3972. 09850-901 – São Bernardo do Campo – SP, Brazil'}]",2006_005_0033.png
Non–parametric Registration as a Way to Obtain an Accurate Camera Calibration,Computer Vision,"[{'name': 'Félix Calderón', 'institution': 'Universidad Michoacana de San Nicolás de Hidalgo', 'subunit': 'División de Estudios de Postgrado, Facultad de Ingeniería Eléctrica', 'location': 'Morelia, Michoacán, México', 'full_affiliation': 'División de Estudios de Postgrado\nFacultad de Ingeniería Eléctrica\nUniversidad Michoacana de San Nicolás de Hidalgo\nSantiago Tapia 403 Morelia. Michoacán. México'}, {'name': 'Leonardo Romero', 'institution': 'Universidad Michoacana de San Nicolás de Hidalgo', 'subunit': 'División de Estudios de Postgrado, Facultad de Ingeniería Eléctrica', 'location': 'Morelia, Michoacán, México', 'full_affiliation': 'División de Estudios de Postgrado\nFacultad de Ingeniería Eléctrica\nUniversidad Michoacana de San Nicolás de Hidalgo\nSantiago Tapia 403 Morelia. Michoacán. México'}]",2004_003_0058.png
Comparison of SVM-Fuzzy Modelling Techniques for System Identification,Fuzzy Logic & Fuzzy Systems,"[{'name': 'Ariel García-Gamboa', 'institution': 'Tecnológico de Monterrey', 'subunit': 'Intelligent Systems Research Group, Campus Estado de México', 'location': 'Atizapán de Zaragoza, Estado de México, Mexico', 'full_affiliation': 'Intelligent Systems Research Group, Tecnológico de Monterrey, Campus Estado de México, Km 3.5 Carretera al Lago de Guadalupe, Col. Margarita Maza de Jurez, Atizapán de Zaragoza, Estado de México, Mexico, 52926'}, {'name': 'Miguel González-Mendoza', 'institution': 'Tecnológico de Monterrey', 'subunit': 'Intelligent Systems Research Group, Campus Estado de México', 'location': 'Atizapán de Zaragoza, Estado de México, Mexico', 'full_affiliation': 'Intelligent Systems Research Group, Tecnológico de Monterrey, Campus Estado de México, Km 3.5 Carretera al Lago de Guadalupe, Col. Margarita Maza de Jurez, Atizapán de Zaragoza, Estado de México, Mexico, 52926'}, {'name': 'Rodolfo Ibarra-Orozco', 'institution': 'Tecnológico de Monterrey', 'subunit': 'Intelligent Systems Research Group, Campus Estado de México', 'location': 'Atizapán de Zaragoza, Estado de México, Mexico', 'full_affiliation': 'Intelligent Systems Research Group, Tecnológico de Monterrey, Campus Estado de México, Km 3.5 Carretera al Lago de Guadalupe, Col. Margarita Maza de Jurez, Atizapán de Zaragoza, Estado de México, Mexico, 52926'}, {'name': 'Neil Hernández-Gress', 'institution': 'Tecnológico de Monterrey', 'subunit': 'Intelligent Systems Research Group, Campus Estado de México', 'location': 'Atizapán de Zaragoza, Estado de México, Mexico', 'full_affiliation': 'Intelligent Systems Research Group, Tecnológico de Monterrey, Campus Estado de México, Km 3.5 Carretera al Lago de Guadalupe, Col. Margarita Maza de Jurez, Atizapán de Zaragoza, Estado de México, Mexico, 52926'}, {'name': 'Jaime Mora-Vargas', 'institution': 'Tecnológico de Monterrey', 'subunit': 'Intelligent Systems Research Group, Campus Estado de México', 'location': 'Atizapán de Zaragoza, Estado de México, Mexico', 'full_affiliation': 'Intelligent Systems Research Group, Tecnológico de Monterrey, Campus Estado de México, Km 3.5 Carretera al Lago de Guadalupe, Col. Margarita Maza de Jurez, Atizapán de Zaragoza, Estado de México, Mexico, 52926'}]",2005_004_0047.png
Distributed English Text Chunking Using Multi-agent Based Architecture*,Natural Language Processing (NLP),"[{'name': 'Ying-Hong Liang', 'institution': 'Harbin Institute of Technology | North East Forestry University', 'subunit': 'MOE-MS Key Laboratory of Natural Language Processing and Speech | School of Information and Computer Engineering', 'location': 'Harbin, China', 'full_affiliation': '1 MOE-MS Key Laboratory of Natural Language Processing and Speech in Harbin Institute of Technology, Harbin, 150001 | 2 School of Information and Computer Engineering in North East Forestry University, Harbin, 150080'}, {'name': 'Tie-Jun Zhao', 'institution': 'Harbin Institute of Technology', 'subunit': 'MOE-MS Key Laboratory of Natural Language Processing and Speech', 'location': 'Harbin, China', 'full_affiliation': '1 MOE-MS Key Laboratory of Natural Language Processing and Speech in Harbin Institute of Technology, Harbin, 150001'}]",2005_004_0073.png
Statistics of Visual and Partial Depth Data for Mobile Robot Environment Modeling,Robotics,"[{'name': 'Luz A. Torres-Méndez', 'institution': 'CINVESTAV', 'subunit': 'Unidad Saltillo', 'location': 'Ramos Arizpe, Coahuila, Mexico', 'full_affiliation': 'CINVESTAV Unidad Saltillo, Ramos Arizpe, Coahuila, C.P. 25900, Mexico'}, {'name': 'Gregory Dudek', 'institution': 'McGill University', 'subunit': 'Centre for Intelligent Machines', 'location': 'Montreal, Quebec, Canada', 'full_affiliation': 'Centre for Intelligent Machines, McGill University, Montreal, Quebec, H3A 2A7, CA'}]",2006_005_0034.png
IMM Method Using Tracking Filter with Fuzzy Gain,Fuzzy Logic & Fuzzy Systems,"[{'name': 'Sun Young Noh', 'institution': 'Yonsei University', 'subunit': '', 'location': 'Seodaemun-gu, Seoul, Korea', 'full_affiliation': 'Yonsei University, Seodaemun-gu, Seoul, 120-749, Korea'}, {'name': 'Jin Bae Park', 'institution': 'Yonsei University', 'subunit': '', 'location': 'Seodaemun-gu, Seoul, Korea', 'full_affiliation': 'Yonsei University, Seodaemun-gu, Seoul, 120-749, Korea'}, {'name': 'Young Hoon Joo', 'institution': 'Kunsan National University', 'subunit': '', 'location': 'Kunsan, Chunbuk, Korea', 'full_affiliation': 'Kunsan National University, Kunsan, Chunbuk, 573-701, Korea'}]",2006_005_0035.png
A Hybrid Segmentation Method Applied to Color Images and 3D Information,Computer Vision,"[{'name': 'Rafael Murrieta-Cid', 'institution': 'Centro de Investigación en Matemáticas', 'subunit': '', 'location': '', 'full_affiliation': 'Centro de Investigación en Matemáticas'}, {'name': 'Raúl Monroy', 'institution': 'Tec de Monterrey', 'subunit': 'Campus Estado de México', 'location': '', 'full_affiliation': 'Tec de Monterrey, Campus Estado de México'}]",2006_005_0036.png
Segmentation of Medical Images by Using Wavelet Transform and Incremental Self-Organizing Map,Unsupervised Machine Learning,"[{'name': 'Zümray Dokur', 'institution': 'Istanbul Technical University', 'subunit': 'Electronics and Communication Engineering', 'location': 'Istanbul, Turkey', 'full_affiliation': 'Istanbul Technical University, Electronics and Communication Engineering 34469 Istanbul, Turkey'}, {'name': 'Zafer Iscan', 'institution': 'Istanbul Technical University', 'subunit': 'Electronics and Communication Engineering', 'location': 'Istanbul, Turkey', 'full_affiliation': 'Istanbul Technical University, Electronics and Communication Engineering 34469 Istanbul, Turkey'}, {'name': 'Tamer Ölmez', 'institution': 'Istanbul Technical University', 'subunit': 'Electronics and Communication Engineering', 'location': 'Istanbul, Turkey', 'full_affiliation': 'Istanbul Technical University, Electronics and Communication Engineering 34469 Istanbul, Turkey'}]",2006_005_0037.png
Optimal Sampling for Feature Extraction in Iris Recognition Systems,Computer Vision,"[{'name': 'Luis E. Garza Castañón', 'institution': 'Tecnológico de Monterrey', 'subunit': 'Dept. of Mechatronics and Automation', 'location': 'Monterrey, NL, México', 'full_affiliation': 'Tecnológico de Monterrey, campus Monterrey, Dept. of Mechatronics and Automation'}, {'name': 'Saul Montes de Oca', 'institution': 'Tecnológico de Monterrey', 'subunit': 'Automation Graduate Program Student', 'location': 'Monterrey, NL, México', 'full_affiliation': 'Tecnológico de Monterrey, campus Monterrey, Automation Graduate Program Student'}, {'name': 'Rubén Morales-Menéndez', 'institution': 'Tecnológico de Monterrey', 'subunit': 'Center for Innovation in Design and Technology', 'location': 'Monterrey, NL, México', 'full_affiliation': 'Tecnológico de Monterrey, campus Monterrey, Center for Innovation in Design and Technology Avenida Eugenio Garza Sada 2501 Sur 64, 489 Monterrey NL, México'}]",2006_005_0038.png
"Histograms, Wavelets and Neural Networks Applied to Image Retrieval",Computer Vision,"[{'name': 'Alain C. Gonzalez', 'institution': 'Technologic Institute of Toluca | National Polytechnic Institute', 'subunit': 'Electronics and Electrical Engineering Department | Computing Research Center', 'location': 'Metepec, México | México, D.F.', 'full_affiliation': 'Technologic Institute of Toluca, Electronics and Electrical Engineering Department Av. Instituto Tecnológico w/n Ex Rancho La Virgen, Metepec, México, P.O. 52140 | Computing Research Center, National Polytechnic Institute Av. Juan de Dios Batiz and Miguel Othon de Mendizabal, P.O. 07738, México, D.F.'}, {'name': 'Juan H. Sossa', 'institution': 'National Polytechnic Institute', 'subunit': 'Computing Research Center', 'location': 'México, D.F.', 'full_affiliation': 'Computing Research Center, National Polytechnic Institute Av. Juan de Dios Batiz and Miguel Othon de Mendizabal, P.O. 07738, México, D.F.'}, {'name': 'Edgardo Manuel Felipe Riveron', 'institution': 'National Polytechnic Institute', 'subunit': 'Computing Research Center', 'location': 'México, D.F.', 'full_affiliation': 'Computing Research Center, National Polytechnic Institute Av. Juan de Dios Batiz and Miguel Othon de Mendizabal, P.O. 07738, México, D.F.'}, {'name': 'Oleksiy Pogrebnyak', 'institution': 'National Polytechnic Institute', 'subunit': 'Computing Research Center', 'location': 'México, D.F.', 'full_affiliation': 'Computing Research Center, National Polytechnic Institute Av. Juan de Dios Batiz and Miguel Othon de Mendizabal, P.O. 07738, México, D.F.'}]",2006_005_0039.png
Adaptive-Tangent Space Representation for Image Retrieval Based on Kansei,Computer Vision,"[{'name': 'Myunggwon Hwang', 'institution': 'Chosun University', 'subunit': 'Dept. of Computer Engineering', 'location': 'Gwangju, Korea', 'full_affiliation': 'Dept. of Computer Engineering, Chosun University, Gwangju 501-759, Korea'}, {'name': 'Sunkyoung Baek', 'institution': 'Chosun University', 'subunit': 'Dept. of Computer Engineering', 'location': 'Gwangju, Korea', 'full_affiliation': 'Dept. of Computer Engineering, Chosun University, Gwangju 501-759, Korea'}, {'name': 'Hyunjang Kong', 'institution': 'Chosun University', 'subunit': 'Dept. of Computer Engineering', 'location': 'Gwangju, Korea', 'full_affiliation': 'Dept. of Computer Engineering, Chosun University, Gwangju 501-759, Korea'}, {'name': 'Juhyun Shin', 'institution': 'Chosun University', 'subunit': 'Dept. of Computer Engineering', 'location': 'Gwangju, Korea', 'full_affiliation': 'Dept. of Computer Engineering, Chosun University, Gwangju 501-759, Korea'}, {'name': 'Wonpil Kim', 'institution': 'Chonnam National University', 'subunit': 'Dept. of Computer Science', 'location': 'Gwangju, Korea', 'full_affiliation': 'Dept. of Computer Science, Chonnam National University, Gwangju 500-700, Korea'}, {'name': 'Soohyung Kim', 'institution': 'Chonnam National University', 'subunit': 'Dept. of Computer Science', 'location': 'Gwangju, Korea', 'full_affiliation': 'Dept. of Computer Science, Chonnam National University, Gwangju 500-700, Korea'}, {'name': 'Pankoo Kim', 'institution': 'Chosun University', 'subunit': 'Dept. of Computer Engineering', 'location': 'Gwangju, Korea', 'full_affiliation': 'Dept. of Computer Engineering, Chosun University, Gwangju 501-759, Korea'}]",2006_005_0040.png
Distributions of Functional and Content Words Differ Radically*,Natural Language Processing (NLP),"[{'name': 'Igor A. Bolshakov', 'institution': 'National Polytechnic Institute (IPN)', 'subunit': 'Center for Computing Research (CIC)', 'location': 'Mexico City, Mexico', 'full_affiliation': 'Center for Computing Research (CIC) National Polytechnic Institute (IPN), Mexico City, Mexico'}, {'name': 'Denis M. Filatov', 'institution': 'National Polytechnic Institute (IPN)', 'subunit': 'Center for Computing Research (CIC)', 'location': 'Mexico City, Mexico', 'full_affiliation': 'Center for Computing Research (CIC) National Polytechnic Institute (IPN), Mexico City, Mexico'}]",2006_005_0041.png
Speeding Up Target-Language Driven Part-of-Speech Tagger Training for Machine Translation,Natural Language Processing (NLP),"[{'name': 'Felipe Sánchez-Martínez', 'institution': ""Universitat d'Alacant"", 'subunit': 'Transducens Group – Departament de Llenguatges i Sistemes Informàtics', 'location': 'Alacant, Spain', 'full_affiliation': ""Transducens Group – Departament de Llenguatges i Sistemes Informàtics, Universitat d'Alacant, E-03071 Alacant, Spain""}, {'name': 'Juan Antonio Pérez-Ortiz', 'institution': ""Universitat d'Alacant"", 'subunit': 'Transducens Group – Departament de Llenguatges i Sistemes Informàtics', 'location': 'Alacant, Spain', 'full_affiliation': ""Transducens Group – Departament de Llenguatges i Sistemes Informàtics, Universitat d'Alacant, E-03071 Alacant, Spain""}, {'name': 'Mikel L. Forcada', 'institution': ""Universitat d'Alacant"", 'subunit': 'Transducens Group – Departament de Llenguatges i Sistemes Informàtics', 'location': 'Alacant, Spain', 'full_affiliation': ""Transducens Group – Departament de Llenguatges i Sistemes Informàtics, Universitat d'Alacant, E-03071 Alacant, Spain""}]",2006_005_0042.png
Defining Classifier Regions for WSD Ensembles Using Word Space Features,Natural Language Processing (NLP),"[{'name': 'Harri M.T. Saarikoski', 'institution': 'Helsinki University', 'subunit': 'KIT Language Technology Doctorate School', 'location': 'Finland', 'full_affiliation': 'KIT Language Technology Doctorate School, Helsinki University, Finland'}, {'name': 'Steve Legrand', 'institution': 'University of Jyväskylä', 'subunit': 'Department of Computer Science', 'location': 'Finland', 'full_affiliation': 'Department of Computer Science, University of Jyväskylä, Finland'}, {'name': 'Alexander Gelbukh', 'institution': 'Instituto Politecnico Nacional', 'subunit': '', 'location': 'Mexico City, Mexico', 'full_affiliation': 'Instituto Politecnico Nacional, Mexico City, Mexico'}]",2006_005_0043.png
Impact of Feature Selection for Corpus-Based WSD in Turkish,Natural Language Processing (NLP),"[{'name': 'Zeynep Orhan', 'institution': 'Fatih University', 'subunit': 'Department of Computer Engineering', 'location': 'Büyükçekmece, Istanbul, Turkey', 'full_affiliation': 'Department of Computer Engineering, Fatih University 34500, Büyükçekmece, Istanbul, Turkey'}, {'name': 'Zeynep Altan', 'institution': 'Maltepe University', 'subunit': 'Department of Computer Engineering', 'location': 'Maltepe, Istanbul, Turkey', 'full_affiliation': 'Department of Computer Engineering, Maltepe University 34857, Maltepe, Istanbul, Turkey'}]",2006_005_0044.png
Spanish All-Words Semantic Class Disambiguation Using Cast3LB Corpus*,Natural Language Processing (NLP),"[{'name': 'Rubén Izquierdo-Beviá', 'institution': 'Universidad de Alicante', 'subunit': 'Departamento de Lenguajes y Sistemas Informáticos', 'location': 'Spain', 'full_affiliation': 'Departamento de Lenguajes y Sistemas Informáticos. Universidad de Alicante. Spain'}, {'name': 'Lorenza Moreno-Monteagudo', 'institution': 'Universidad de Alicante', 'subunit': 'Departamento de Lenguajes y Sistemas Informáticos', 'location': 'Spain', 'full_affiliation': 'Departamento de Lenguajes y Sistemas Informáticos. Universidad de Alicante. Spain'}, {'name': 'Borja Navarro', 'institution': 'Universidad de Alicante', 'subunit': 'Departamento de Lenguajes y Sistemas Informáticos', 'location': 'Spain', 'full_affiliation': 'Departamento de Lenguajes y Sistemas Informáticos. Universidad de Alicante. Spain'}, {'name': 'Armando Suárez', 'institution': 'Universidad de Alicante', 'subunit': 'Departamento de Lenguajes y Sistemas Informáticos', 'location': 'Spain', 'full_affiliation': 'Departamento de Lenguajes y Sistemas Informáticos. Universidad de Alicante. Spain'}]",2006_005_0045.png
An Approach for Textual Entailment Recognition Based on Stacking and Voting,Natural Language Processing (NLP),"[{'name': 'Zornitsa Kozareva', 'institution': 'Universidad de Alicante', 'subunit': 'Departamento de Lenguajes y Sistemas Informáticos', 'location': 'Alicante, Spain', 'full_affiliation': 'Departamento de Lenguajes y Sistemas Informáticos\nUniversidad de Alicante, Spain'}, {'name': 'Andrés Montoyo', 'institution': 'Universidad de Alicante', 'subunit': 'Departamento de Lenguajes y Sistemas Informáticos', 'location': 'Alicante, Spain', 'full_affiliation': 'Departamento de Lenguajes y Sistemas Informáticos\nUniversidad de Alicante, Spain'}]",2006_005_0046.png
Textual Entailment Beyond Semantic Similarity Information,Natural Language Processing (NLP),"[{'name': 'Sonia Vázquez', 'institution': 'University of Alicante', 'subunit': 'Department of Software and Computing Systems', 'location': '', 'full_affiliation': 'Department of Software and Computing Systems, University of Alicante'}, {'name': 'Zornitsa Kozareva', 'institution': 'University of Alicante', 'subunit': 'Department of Software and Computing Systems', 'location': '', 'full_affiliation': 'Department of Software and Computing Systems, University of Alicante'}, {'name': 'Andrés Montoyo', 'institution': 'University of Alicante', 'subunit': 'Department of Software and Computing Systems', 'location': '', 'full_affiliation': 'Department of Software and Computing Systems, University of Alicante'}]",2006_005_0047.png
On the Identification of Temporal Clauses,Natural Language Processing (NLP),"[{'name': 'Georgiana Pușcașu', 'institution': 'University of Alicante', 'subunit': 'Department of Software and Computing Systems', 'location': 'Alicante, Spain', 'full_affiliation': 'Department of Software and Computing Systems, University of Alicante, Spain | University of Wolverhampton, United Kingdom'}, {'name': 'Patricio Martínez Barco', 'institution': 'University of Alicante', 'subunit': 'Department of Software and Computing Systems', 'location': 'Alicante, Spain', 'full_affiliation': 'Department of Software and Computing Systems, University of Alicante, Spain'}, {'name': 'Estela Saquete Boró', 'institution': 'University of Alicante', 'subunit': 'Department of Software and Computing Systems', 'location': 'Alicante, Spain', 'full_affiliation': 'Department of Software and Computing Systems, University of Alicante, Spain'}]",2006_005_0048.png
Issues in Translating from Natural Language to SQL in a Domain-Independent Natural Language Interface to Databases,Natural Language Processing (NLP),"[{'name': 'Juan J. González B.', 'institution': 'Instituto Tecnológico de Cd. Madero', 'subunit': '', 'location': 'Mexico', 'full_affiliation': 'Instituto Tecnológico de Cd. Madero, Mexico'}, {'name': 'Rodolfo A. Pazos Rangel', 'institution': 'Centro Nacional de Investigación y Desarrollo Tecnológico (CENIDET)', 'subunit': '', 'location': '', 'full_affiliation': 'Centro Nacional de Investigación y Desarrollo Tecnológico (CENIDET)'}, {'name': 'I. Cristina Cruz C.', 'institution': 'Instituto Tecnológico de Cd. Madero', 'subunit': '', 'location': 'Mexico', 'full_affiliation': 'Instituto Tecnológico de Cd. Madero, Mexico'}, {'name': 'Héctor J. Fraire H.', 'institution': 'Instituto Tecnológico de Cd. Madero', 'subunit': '', 'location': 'Mexico', 'full_affiliation': 'Instituto Tecnológico de Cd. Madero, Mexico'}, {'name': 'Santos Aguilar de L.', 'institution': 'Instituto Tecnológico de Cd. Madero', 'subunit': '', 'location': 'Mexico', 'full_affiliation': 'Instituto Tecnológico de Cd. Madero, Mexico'}, {'name': 'Joaquín Pérez O.', 'institution': 'Centro Nacional de Investigación y Desarrollo Tecnológico (CENIDET)', 'subunit': '', 'location': '', 'full_affiliation': 'Centro Nacional de Investigación y Desarrollo Tecnológico (CENIDET)'}]",2006_005_0049.png
Interlinguas: A Classical Approach for the Semantic Web. A Practical Case*,Knowledge Representation & Reasoning,"[{'name': 'Jesús Cardeñosa', 'institution': 'Universidad Politécnica de Madrid', 'subunit': 'Validation and Business Applications Research Group, Facultad de Informática', 'location': 'Madrid, Spain', 'full_affiliation': 'Validation and Business Applications Research Group, Facultad de Informática. Universidad Politécnica de Madrid, 28660 Madrid, Spain'}, {'name': 'Carolina Gallardo', 'institution': 'Universidad Politécnica de Madrid', 'subunit': 'Validation and Business Applications Research Group, Facultad de Informática', 'location': 'Madrid, Spain', 'full_affiliation': 'Validation and Business Applications Research Group, Facultad de Informática. Universidad Politécnica de Madrid, 28660 Madrid, Spain'}, {'name': 'Luis Iraola', 'institution': 'Universidad Politécnica de Madrid', 'subunit': 'Validation and Business Applications Research Group, Facultad de Informática', 'location': 'Madrid, Spain', 'full_affiliation': 'Validation and Business Applications Research Group, Facultad de Informática. Universidad Politécnica de Madrid, 28660 Madrid, Spain'}]",2006_005_0050.png
A Fuzzy Embedded GA for Information Retrieving from Related Data Set,Fuzzy Logic & Fuzzy Systems,"[{'name': 'Yang Yi', 'institution': 'ZhongShan University', 'subunit': 'Computer Science Department', 'location': 'GuangZhou, China', 'full_affiliation': 'Computer Science Department, ZhongShan University, GuangZhou 510275, China'}, {'name': 'JinFeng Mei', 'institution': 'ZhongShan University', 'subunit': 'Computer Science Department', 'location': 'GuangZhou, China', 'full_affiliation': 'Computer Science Department, ZhongShan University, GuangZhou 510275, China'}, {'name': 'ZhiJiao Xiao', 'institution': 'ZhongShan University', 'subunit': 'Computer Science Department', 'location': 'GuangZhou, China', 'full_affiliation': 'Computer Science Department, ZhongShan University, GuangZhou 510275, China'}]",2006_005_0051.png
"On Musical Performances Identification, Entropy and String Matching",Data Mining & Knowledge Discovery,"[{'name': 'Antonio Camarena-Ibarrola', 'institution': 'Universidad Michoacana de Sán Nicolás de Hidalgo', 'subunit': '', 'location': 'Morelia, Mich., México', 'full_affiliation': 'Universidad Michoacana de Sán Nicolás de Hidalgo Edif “B” Ciudad Universitaria CP 58000 Morelia, Mich., México'}, {'name': 'Edgar Chávez', 'institution': 'Universidad Michoacana de Sán Nicolás de Hidalgo', 'subunit': '', 'location': 'Morelia, Mich., México', 'full_affiliation': 'Universidad Michoacana de Sán Nicolás de Hidalgo Edif “B” Ciudad Universitaria CP 58000 Morelia, Mich., México'}]",2006_005_0052.png
Adaptive Topical Web Crawling for Domain-Specific Resource Discovery Guided by Link-Context,Data Mining & Knowledge Discovery,"[{'name': 'Tao Peng', 'institution': 'Jilin University', 'subunit': 'College of Computer Science and Technology, Key Laboratory of Symbol Computation and Knowledge Engineering of the Ministry of Education', 'location': 'Changchun, China', 'full_affiliation': 'College of Computer Science and Technology, Jilin University, Key Laboratory of Symbol Computation and Knowledge Engineering of the Ministry of Education, Changchun 130012, China'}, {'name': 'Fengling He', 'institution': 'Jilin University', 'subunit': 'College of Computer Science and Technology, Key Laboratory of Symbol Computation and Knowledge Engineering of the Ministry of Education', 'location': 'Changchun, China', 'full_affiliation': 'College of Computer Science and Technology, Jilin University, Key Laboratory of Symbol Computation and Knowledge Engineering of the Ministry of Education, Changchun 130012, China'}, {'name': 'Wanli Zuo', 'institution': 'Jilin University', 'subunit': 'College of Computer Science and Technology, Key Laboratory of Symbol Computation and Knowledge Engineering of the Ministry of Education', 'location': 'Changchun, China', 'full_affiliation': 'College of Computer Science and Technology, Jilin University, Key Laboratory of Symbol Computation and Knowledge Engineering of the Ministry of Education, Changchun 130012, China'}, {'name': 'Changli Zhang', 'institution': 'Jilin University', 'subunit': 'College of Computer Science and Technology, Key Laboratory of Symbol Computation and Knowledge Engineering of the Ministry of Education', 'location': 'Changchun, China', 'full_affiliation': 'College of Computer Science and Technology, Jilin University, Key Laboratory of Symbol Computation and Knowledge Engineering of the Ministry of Education, Changchun 130012, China'}]",2006_005_0053.png
Evaluating Subjective Compositions by the Cooperation Between Human and Adaptive Agents,Bio-inspired & Evolutionary Computing,"[{'name': 'Chung-Yuan Huang', 'institution': 'Chang Gung University', 'subunit': 'Department of Computer Science and Information Engineering', 'location': 'Taoyuan, Taiwan, Republic of China', 'full_affiliation': 'Department of Computer Science and Information Engineering\nChang Gung University\n259 Wen Hwa 1st Road, Taoyuan 333, Taiwan, Republic of China'}, {'name': 'Ji-Lung Hsieh', 'institution': 'National Chiao Tung University', 'subunit': 'Department of Computer Science', 'location': 'Hsinchu, Taiwan, Republic of China', 'full_affiliation': 'Department of Computer Science\nNational Chiao Tung University\n1001 Ta Hsueh Road, Hsinchu 300, Taiwan, Republic of China'}, {'name': 'Chuen-Tsai Sun', 'institution': 'National Chiao Tung University', 'subunit': 'Department of Computer Science', 'location': 'Hsinchu, Taiwan, Republic of China', 'full_affiliation': 'Department of Computer Science\nNational Chiao Tung University\n1001 Ta Hsueh Road, Hsinchu 300, Taiwan, Republic of China'}, {'name': 'Chia-Ying Cheng', 'institution': 'National Chiao Tung University', 'subunit': 'Department of Computer Science', 'location': 'Hsinchu, Taiwan, Republic of China', 'full_affiliation': 'Department of Computer Science\nNational Chiao Tung University\n1001 Ta Hsueh Road, Hsinchu 300, Taiwan, Republic of China'}]",2006_005_0054.png
Using Syntactic Distributional Patterns for Data-Driven Answer Extraction from the Web,Natural Language Processing (NLP),"[{'name': 'Alejandro Figueroa', 'institution': 'Deutsches Forschungszentrum für Künstliche Intelligenz', 'subunit': 'DFKI', 'location': 'Saarbrücken, Germany', 'full_affiliation': 'Deutsches Forschungszentrum für Künstliche Intelligenz - DFKI, Stuhlsatzenhausweg 3, D - 66123, Saarbrücken, Germany'}, {'name': 'John Atkinson', 'institution': 'Universidad de Concepción', 'subunit': 'Department of Computer Sciences', 'location': 'Concepción, Chile', 'full_affiliation': 'Department of Computer Sciences, Universidad de Concepción, Concepción, Chile'}]",2006_005_0055.png
Applying NLP Techniques and Biomedical Resources to Medical Questions in QA Performance,Natural Language Processing (NLP),"[{'name': 'Rafael M. Terol', 'institution': 'Universidad de Alicante', 'subunit': 'Departamento de Lenguajes y Sistemas Informáticos', 'location': 'Alicante, Spain', 'full_affiliation': 'Departamento de Lenguajes y Sistemas Informáticos\nUniversidad de Alicante\nCarretera de San Vicente del Raspeig - Alicante - Spain'}, {'name': 'Patricio Martinez-Barco', 'institution': 'Universidad de Alicante', 'subunit': 'Departamento de Lenguajes y Sistemas Informáticos', 'location': 'Alicante, Spain', 'full_affiliation': 'Departamento de Lenguajes y Sistemas Informáticos\nUniversidad de Alicante\nCarretera de San Vicente del Raspeig - Alicante - Spain'}, {'name': 'Manuel Palomar', 'institution': 'Universidad de Alicante', 'subunit': 'Departamento de Lenguajes y Sistemas Informáticos', 'location': 'Alicante, Spain', 'full_affiliation': 'Departamento de Lenguajes y Sistemas Informáticos\nUniversidad de Alicante\nCarretera de San Vicente del Raspeig - Alicante - Spain'}]",2006_005_0056.png
Fast Text Categorization Based on a Novel Class Space Model,Natural Language Processing (NLP),"[{'name': 'Yingfan Gao', 'institution': 'Beijing Institute of Technology', 'subunit': 'School of Computer Science & Technology', 'location': 'Beijing, P.R. China', 'full_affiliation': 'School of Computer Science & Technology, Beijing Institute of Technology, Beijing, P.R. China'}, {'name': 'Runbo Ma', 'institution': 'Shanxi University', 'subunit': 'College of Physics and Electronics', 'location': 'Taiyuan, P.R. China', 'full_affiliation': 'College of Physics and Electronics,Shanxi University,Taiyuan, P.R. China'}, {'name': 'Yushu Liu', 'institution': 'Beijing Institute of Technology', 'subunit': 'School of Computer Science & Technology', 'location': 'Beijing, P.R. China', 'full_affiliation': 'School of Computer Science & Technology, Beijing Institute of Technology, Beijing, P.R. China'}]",2006_005_0057.png
A High Performance Prototype System for Chinese Text Categorization,Natural Language Processing (NLP),"[{'name': 'Xinghua Fan', 'institution': 'Chongqing University of Posts and Telecommunications', 'subunit': 'College of Computer Science and Technology', 'location': 'Chongqing, P.R. China', 'full_affiliation': 'College of Computer Science and Technology, Chongqing University of Posts and Telecommunications, Chongqing 400065, P.R. China'}]",2006_005_0058.png
A Bayesian Approach to Classify Conference Papers,Probabilistic & Statistical Reasoning,"[{'name': 'Kok-Chin Khor', 'institution': 'Multimedia University', 'subunit': 'Faculty of Information Technology', 'location': 'Cyberjaya, Malaysia', 'full_affiliation': 'Faculty of Information Technology\nMultimedia University\n63100 Cyberjaya, Malaysia'}, {'name': 'Choo-Yee Ting', 'institution': 'Multimedia University', 'subunit': 'Faculty of Information Technology', 'location': 'Cyberjaya, Malaysia', 'full_affiliation': 'Faculty of Information Technology\nMultimedia University\n63100 Cyberjaya, Malaysia'}]",2006_005_0059.png
An Ontology Based for Drilling Report Classification,Natural Language Processing (NLP),"[{'name': 'Ivan Rizzo Guilherme', 'institution': 'São Paulo State University', 'subunit': 'IGCE, DEMAC', 'location': 'Rio Claro, Brazil', 'full_affiliation': 'São Paulo State University, IGCE, DEMAC, Av. 24A 1511, 13506700 Rio Claro, Brazil'}, {'name': 'Adriane Beatriz de Souza Serapião', 'institution': 'São Paulo State University', 'subunit': 'IGCE, DEMAC', 'location': 'Rio Claro, Brazil', 'full_affiliation': 'São Paulo State University, IGCE, DEMAC, Av. 24A 1511, 13506700 Rio Claro, Brazil'}, {'name': 'Clarice Rabelo', 'institution': 'The State University of Campinas', 'subunit': 'FEM, DEP', 'location': 'Campinas, Brazil', 'full_affiliation': 'The State University of Campinas, FEM, DEP, Campinas, Brazil'}, {'name': 'José Ricardo Pelaquim Mendes', 'institution': 'The State University of Campinas', 'subunit': 'FEM, DEP', 'location': 'Campinas, Brazil', 'full_affiliation': 'The State University of Campinas, FEM, DEP, Campinas, Brazil'}]",2006_005_0060.png
Topic Selection of Web Documents Using Specific Domain Ontology,Data Mining & Knowledge Discovery,"[{'name': 'Hyunjang Kong', 'institution': 'Chosun University', 'subunit': 'Dept. of Computer Engineering', 'location': 'Gwangju, South Korea', 'full_affiliation': 'Dept. of Computer Engineering, Chosun University, 375 Seosuk-dong Dong-Ku Gwangju 501-759 South Korea'}, {'name': 'Myunggwon Hwang', 'institution': 'Chosun University', 'subunit': 'Dept. of Computer Engineering', 'location': 'Gwangju, South Korea', 'full_affiliation': 'Dept. of Computer Engineering, Chosun University, 375 Seosuk-dong Dong-Ku Gwangju 501-759 South Korea'}, {'name': 'Gwangsu Hwang', 'institution': 'Chosun University', 'subunit': 'Dept. of Computer Engineering', 'location': 'Gwangju, South Korea', 'full_affiliation': 'Dept. of Computer Engineering, Chosun University, 375 Seosuk-dong Dong-Ku Gwangju 501-759 South Korea'}, {'name': 'Jaehong Shim', 'institution': 'Chosun University', 'subunit': 'Dept. of Computer Engineering', 'location': 'Gwangju, South Korea', 'full_affiliation': 'Dept. of Computer Engineering, Chosun University, 375 Seosuk-dong Dong-Ku Gwangju 501-759 South Korea'}, {'name': 'Pankoo Kim', 'institution': 'Chosun University', 'subunit': 'Dept. of Computer Engineering', 'location': 'Gwangju, South Korea', 'full_affiliation': 'Corresponding Author, Dept. of Computer Engineering, Chosun University'}]",2006_005_0061.png
"Speech Recognition Using Energy, MFCCs and Rho Parameters to Classify Syllables in the Spanish Language",Natural Language Processing (NLP),"[{'name': 'Sergio Suárez Guerra', 'institution': 'National Polytechnic Institute', 'subunit': 'Computing Research Center', 'location': 'Mexico', 'full_affiliation': 'Computing Research Center, National Polytechnic Institute, Juan de Dios Batiz s/n, P.O. 07038, Mexico'}, {'name': 'José Luis Oropeza Rodríguez', 'institution': 'National Polytechnic Institute', 'subunit': 'Computing Research Center', 'location': 'Mexico', 'full_affiliation': 'Computing Research Center, National Polytechnic Institute, Juan de Dios Batiz s/n, P.O. 07038, Mexico'}, {'name': 'Edgardo Manuel Felipe Riveron', 'institution': 'National Polytechnic Institute', 'subunit': 'Computing Research Center', 'location': 'Mexico', 'full_affiliation': 'Computing Research Center, National Polytechnic Institute, Juan de Dios Batiz s/n, P.O. 07038, Mexico'}, {'name': 'Jesús Figueroa Nazuno', 'institution': 'National Polytechnic Institute', 'subunit': 'Computing Research Center', 'location': 'Mexico', 'full_affiliation': 'Computing Research Center, National Polytechnic Institute, Juan de Dios Batiz s/n, P.O. 07038, Mexico'}]",2006_005_0062.png
Robust Text-Independent Speaker Identification Using Hybrid PCA&LDA,Data Mining & Knowledge Discovery,"[{'name': 'Min-Seok Kim', 'institution': 'University of Seoul', 'subunit': 'School of Computer Science', 'location': 'Dongdaemungu, Seoul, Korea', 'full_affiliation': 'School of Computer Science, University of Seoul, Dongdaemungu Seoul, 130-743, Korea'}, {'name': 'Ha-Jin Yu', 'institution': 'University of Seoul', 'subunit': 'School of Computer Science', 'location': 'Dongdaemungu, Seoul, Korea', 'full_affiliation': 'School of Computer Science, University of Seoul, Dongdaemungu Seoul, 130-743, Korea'}, {'name': 'Keun-Chang Kwak', 'institution': 'Electronics and Telecommunication Research Institute (ETRI)', 'subunit': 'Human-Robot Interaction Research Team, Intelligent Robot Research Division', 'location': 'Korea', 'full_affiliation': 'Human-Robot Interaction Research Team, Intelligent Robot Research Division, Electronics and Telecommunication Research Institute (ETRI), 305-700, Korea'}, {'name': 'Su-Young Chi', 'institution': 'Electronics and Telecommunication Research Institute (ETRI)', 'subunit': 'Human-Robot Interaction Research Team, Intelligent Robot Research Division', 'location': 'Korea', 'full_affiliation': 'Human-Robot Interaction Research Team, Intelligent Robot Research Division, Electronics and Telecommunication Research Institute (ETRI), 305-700, Korea'}]",2006_005_0063.png
Hybrid Algorithm Applied to Feature Selection for Speaker Authentication,Hybrid AI & Expert Systems,"[{'name': 'Rocío Quixtiano-Xicohténcatl', 'institution': 'Universidad Autónoma de Tlaxcala', 'subunit': 'Facultad de Ciencias Básicas, Ingeniería y Tecnología', 'location': 'México', 'full_affiliation': 'Universidad Autónoma de Tlaxcala, Facultad de Ciencias Básicas, Ingeniería y Tecnología, México'}, {'name': 'Orion Fausto Reyes-Galaviz', 'institution': 'Universidad Autónoma de Tlaxcala', 'subunit': 'Facultad de Ciencias Básicas, Ingeniería y Tecnología', 'location': 'México', 'full_affiliation': 'Universidad Autónoma de Tlaxcala, Facultad de Ciencias Básicas, Ingeniería y Tecnología, México'}, {'name': 'Leticia Flores-Pulido', 'institution': 'Universidad Autónoma de Tlaxcala', 'subunit': 'Facultad de Ciencias Básicas, Ingeniería y Tecnología', 'location': 'México', 'full_affiliation': 'Universidad Autónoma de Tlaxcala, Facultad de Ciencias Básicas, Ingeniería y Tecnología, México'}, {'name': 'Carlos Alberto Reyes-García', 'institution': 'Instituto Nacional de Astrofísica, Óptica y Electrónica', 'subunit': '', 'location': 'México', 'full_affiliation': 'Instituto Nacional de Astrofísica, Óptica y Electrónica, México'}]",2006_005_0064.png
Using PCA to Improve the Generation of Speech Keys,Supervised Machine Learning,"[{'name': 'Juan A. Nolazco-Flores', 'institution': 'ITESM', 'subunit': 'Computer Science Department, Campus Monterrey', 'location': 'Monterrey, N.L., México', 'full_affiliation': 'Computer Science Department\nITESM, Campus Monterrey.\nAv. Eugenio Garza Sada 2501 Sur, Col. Tecnológico,\nMonterrey, N.L., México, C.P. 6484'}, {'name': 'J. Carlos Mex-Perera', 'institution': 'ITESM', 'subunit': 'Computer Science Department, Campus Monterrey', 'location': 'Monterrey, N.L., México', 'full_affiliation': 'Computer Science Department\nITESM, Campus Monterrey.\nAv. Eugenio Garza Sada 2501 Sur, Col. Tecnológico,\nMonterrey, N.L., México, C.P. 6484'}, {'name': 'L. Paola Garcia-Perera', 'institution': 'ITESM', 'subunit': 'Computer Science Department, Campus Monterrey', 'location': 'Monterrey, N.L., México', 'full_affiliation': 'Computer Science Department\nITESM, Campus Monterrey.\nAv. Eugenio Garza Sada 2501 Sur, Col. Tecnológico,\nMonterrey, N.L., México, C.P. 6484'}, {'name': 'Brenda Sanchez-Torres', 'institution': 'ITESM', 'subunit': 'Computer Science Department, Campus Monterrey', 'location': 'Monterrey, N.L., México', 'full_affiliation': 'Computer Science Department\nITESM, Campus Monterrey.\nAv. Eugenio Garza Sada 2501 Sur, Col. Tecnológico,\nMonterrey, N.L., México, C.P. 6484'}]",2006_005_0065.png
"Verifying Real-Time Temporal, Cooperation and Epistemic Properties for Uncertain Agents*",Knowledge Representation & Reasoning,"[{'name': 'Zining Cao', 'institution': 'Nanjing University of Aero. & Astro.', 'subunit': 'Department of Computer Science and Engineering', 'location': 'Nanjing, China', 'full_affiliation': 'Department of Computer Science and Engineering\nNanjing University of Aero. & Astro., Nanjing 210016, China'}]",2006_005_0066.png
Regulating Social Exchanges Between Personality-Based Non-transparent Agents*,Multi-Agent Systems & Distributed AI,"[{'name': 'G.P. Dimuro', 'institution': 'Universidade Católica de Pelotas', 'subunit': 'Escola de Informática, PPGINF', 'location': 'Pelotas, Brazil', 'full_affiliation': 'Escola de Informática, PPGINF, Universidade Católica de Pelotas 96010-000 Pelotas, Brazil'}, {'name': 'A.C.R. Costa', 'institution': 'Universidade Católica de Pelotas', 'subunit': 'Escola de Informática, PPGINF', 'location': 'Pelotas, Brazil', 'full_affiliation': 'Escola de Informática, PPGINF, Universidade Católica de Pelotas 96010-000 Pelotas, Brazil'}, {'name': 'L.V. Gonçalves', 'institution': 'Universidade Católica de Pelotas', 'subunit': 'Escola de Informática, PPGINF', 'location': 'Pelotas, Brazil', 'full_affiliation': 'Escola de Informática, PPGINF, Universidade Católica de Pelotas 96010-000 Pelotas, Brazil'}, {'name': 'A. Hübner', 'institution': 'Universidade Católica de Pelotas', 'subunit': 'Escola de Informática, PPGINF', 'location': 'Pelotas, Brazil', 'full_affiliation': 'Escola de Informática, PPGINF, Universidade Católica de Pelotas 96010-000 Pelotas, Brazil'}]",2006_005_0067.png
Using MAS Technologies for Intelligent Organizations: A Report of Bottom-Up Results,Multi-Agent Systems & Distributed AI,"[{'name': 'Armando Robles', 'institution': 'Artificial Intelligence Research Institute', 'subunit': 'IIIA', 'location': 'Bellaterra, Barcelona, Spain', 'full_affiliation': 'IIIA - Artificial Intelligence Research Institute | Bellaterra, Barcelona, Spain | University of Southampton, Electronics and Computer Science | Southampton, United Kingdom'}, {'name': 'Pablo Noriega', 'institution': 'Artificial Intelligence Research Institute', 'subunit': 'IIIA', 'location': 'Bellaterra, Barcelona, Spain', 'full_affiliation': 'IIIA - Artificial Intelligence Research Institute | Bellaterra, Barcelona, Spain'}, {'name': 'Michael Luck', 'institution': 'University of Southampton', 'subunit': 'Electronics and Computer Science', 'location': 'Southampton, United Kingdom', 'full_affiliation': 'University of Southampton, Electronics and Computer Science | Southampton, United Kingdom'}, {'name': 'Francisco J. Cantú', 'institution': 'ITESM', 'subunit': 'Campus Monterrey, Research and Graduate Studies Office', 'location': 'Monterrey, N.L. México', 'full_affiliation': 'ITESM Campus Monterrey | Research and Graduate Studies Office, Monterrey, N.L. México'}]",2006_005_0068.png
Modeling and Simulation of Mobile Agents Systems Using a Multi-level Net Formalism,Multi-Agent Systems & Distributed AI,"[{'name': 'Marina Flores-Badillo', 'institution': 'CINVESTAV', 'subunit': 'Unidad Guadalajara', 'location': 'Zapopan, Jal. México', 'full_affiliation': 'CINVESTAV Unidad Guadalajara, Av. Científica 1145 Col. El Bajío, 45010 Zapopan, Jal. México'}, {'name': 'Mayra Padilla-Duarte', 'institution': 'CINVESTAV', 'subunit': 'Unidad Guadalajara', 'location': 'Zapopan, Jal. México', 'full_affiliation': 'CINVESTAV Unidad Guadalajara, Av. Científica 1145 Col. El Bajío, 45010 Zapopan, Jal. México'}, {'name': 'Ernesto López-Mellado', 'institution': 'CINVESTAV', 'subunit': 'Unidad Guadalajara', 'location': 'Zapopan, Jal. México', 'full_affiliation': 'CINVESTAV Unidad Guadalajara, Av. Científica 1145 Col. El Bajío, 45010 Zapopan, Jal. México'}]",2006_005_0069.png
Using AI Techniques for Fault Localization in Component-Oriented Software Systems*,Hybrid AI & Expert Systems,"[{'name': 'Jörg Weber', 'institution': 'Technische Universität Graz', 'subunit': 'Institute for Software Technology', 'location': 'Austria', 'full_affiliation': 'Institute for Software Technology, Technische Universität Graz, Austria'}, {'name': 'Franz Wotawa', 'institution': 'Technische Universität Graz', 'subunit': 'Institute for Software Technology', 'location': 'Austria', 'full_affiliation': 'Institute for Software Technology, Technische Universität Graz, Austria'}]",2006_005_0070.png
Exploring Unknown Environments with Randomized Strategies,Robotics,"[{'name': 'Judith Espinoza', 'institution': 'University of Puebla', 'subunit': 'Computer Science Department', 'location': 'Puebla, Pue., México', 'full_affiliation': 'Computer Science Department\nUniversity of Puebla\n14 Sur and San Claudio, CP 72570\nPuebla, Pue., México'}, {'name': 'Abraham Sánchez', 'institution': 'University of Puebla', 'subunit': 'Computer Science Department', 'location': 'Puebla, Pue., México', 'full_affiliation': 'Computer Science Department\nUniversity of Puebla\n14 Sur and San Claudio, CP 72570\nPuebla, Pue., México'}, {'name': 'Maria Osorio', 'institution': 'University of Puebla', 'subunit': 'Computer Science Department', 'location': 'Puebla, Pue., México', 'full_affiliation': 'Computer Science Department\nUniversity of Puebla\n14 Sur and San Claudio, CP 72570\nPuebla, Pue., México'}]",2006_005_0071.png
Integration of Evolution with a Robot Action Selection Model,Bio-inspired & Evolutionary Computing,"[{'name': 'Fernando Montes-González', 'institution': 'Universidad Veracruzana', 'subunit': 'Facultad de Física e Inteligencia Artificial', 'location': 'Xalapa, Ver., México', 'full_affiliation': 'Facultad de Física e Inteligencia Artificial, Universidad Veracruzana, Sebastián Camacho No. 5, Xalapa, Ver., México'}, {'name': 'José Santos Reyes', 'institution': 'Universidade da Coruña', 'subunit': 'Departamento de Computación, Facultad de Informática', 'location': 'A Coruña, Spain', 'full_affiliation': 'Departamento de Computación, Facultad de Informática, Universidade da Coruña, Campus de Elviña, 15071 A Coruña'}, {'name': 'Homero Ríos Figueroa', 'institution': 'Universidad Veracruzana', 'subunit': 'Facultad de Física e Inteligencia Artificial', 'location': 'Xalapa, Ver., México', 'full_affiliation': 'Facultad de Física e Inteligencia Artificial, Universidad Veracruzana, Sebastián Camacho No. 5, Xalapa, Ver., México'}]",2006_005_0072.png
A Hardware Architecture Designed to Implement the GFM Paradigm,Robotics,"[{'name': 'Jérôme Leboeuf Pasquier', 'institution': 'Universidad de Guadalajara', 'subunit': 'Departamento de Ingeniería de Proyectos, Centro Universitario de Ciencias Exactas e Ingenierías', 'location': 'Zapopan, Jalisco, México', 'full_affiliation': 'Departamento de Ingeniería de Proyectos, Centro Universitario de Ciencias Exactas e Ingenierías, Universidad de Guadalajara, Apdo. Postal 307, CP 45101, Zapopan, Jalisco, México'}, {'name': 'José Juan González Pérez', 'institution': 'Universidad de Guadalajara', 'subunit': 'Departamento de Ingeniería de Proyectos, Centro Universitario de Ciencias Exactas e Ingenierías', 'location': 'Zapopan, Jalisco, México', 'full_affiliation': 'Departamento de Ingeniería de Proyectos, Centro Universitario de Ciencias Exactas e Ingenierías, Universidad de Guadalajara, Apdo. Postal 307, CP 45101, Zapopan, Jalisco, México'}]",2006_005_0073.png
Fast Protein Structure Alignment Algorithm Based on Local Geometric Similarity,Heuristic Search & Optimization,"[{'name': 'Chan-Yong Park', 'institution': 'Electronics and Telecommunications Research Institute', 'subunit': '', 'location': 'Daejeon, Korea', 'full_affiliation': 'Electronics and Telecommunications Research Institute, 161 Gajung, Yusung, Daejeon, Korea'}, {'name': 'Sung-Hee Park', 'institution': 'Electronics and Telecommunications Research Institute', 'subunit': '', 'location': 'Daejeon, Korea', 'full_affiliation': 'Electronics and Telecommunications Research Institute, 161 Gajung, Yusung, Daejeon, Korea'}, {'name': 'Dae-Hee Kim', 'institution': 'Electronics and Telecommunications Research Institute', 'subunit': '', 'location': 'Daejeon, Korea', 'full_affiliation': 'Electronics and Telecommunications Research Institute, 161 Gajung, Yusung, Daejeon, Korea'}, {'name': 'Soo-Jun Park', 'institution': 'Electronics and Telecommunications Research Institute', 'subunit': '', 'location': 'Daejeon, Korea', 'full_affiliation': 'Electronics and Telecommunications Research Institute, 161 Gajung, Yusung, Daejeon, Korea'}, {'name': 'Man-Kyu Sung', 'institution': 'Electronics and Telecommunications Research Institute', 'subunit': '', 'location': 'Daejeon, Korea', 'full_affiliation': 'Electronics and Telecommunications Research Institute, 161 Gajung, Yusung, Daejeon, Korea'}, {'name': 'Hong-Ro Lee', 'institution': 'Chung Nam University', 'subunit': 'Dept. of Computer Science', 'location': 'Daejeon, Korea', 'full_affiliation': 'Dept. of Computer Science, Chung Nam University (CNU), Daejeon, Korea'}, {'name': 'Jung-Sub Shin', 'institution': 'Chung Nam University', 'subunit': 'Dept. of Computer Science', 'location': 'Daejeon, Korea', 'full_affiliation': 'Dept. of Computer Science, Chung Nam University (CNU), Daejeon, Korea'}, {'name': 'Chi-Jung Hwang', 'institution': 'Chung Nam University', 'subunit': 'Dept. of Computer Science', 'location': 'Daejeon, Korea', 'full_affiliation': 'Dept. of Computer Science, Chung Nam University (CNU), Daejeon, Korea'}]",2006_005_0074.png
Robust EMG Pattern Recognition to Muscular Fatigue Effect for Human-Machine Interaction,Neural Networks & Deep Learning,"[{'name': 'Jae-Hoon Song', 'institution': 'Korea Aerospace Research Institute', 'subunit': 'Air Navigation and Traffic System Department', 'location': 'Daejeon, Korea', 'full_affiliation': 'Air Navigation and Traffic System Department, Korea Aerospace Research Institute, 45 Eoeun-dong, Yuseong-gu, Daejeon 305-333, Korea'}, {'name': 'Jin-Woo Jung', 'institution': 'Dongguk University', 'subunit': 'Department of Computer Engineering', 'location': 'Seoul, Korea', 'full_affiliation': 'Department of Computer Engineering, Dongguk University, 26 Pil-dong 3-ga, Jung-gu, Seoul 100-715, Korea'}, {'name': 'Zeungnam Bien', 'institution': 'Korea Advanced Institute of Science and Technology', 'subunit': 'Department of Electrical Engineering and Computer Science', 'location': 'Daejeon, Korea', 'full_affiliation': 'Department of Electrical Engineering and Computer Science, Korea Advanced Institute of Science and Technology, 373-1 Guseong-dong, Yuseong-gu, Daejeon 305-701, Korea'}]",2006_005_0075.png
Classification of Individual and Clustered Microcalcifications in Digital Mammograms Using Evolutionary Neural Networks,Bio-inspired & Evolutionary Computing,"[{'name': 'Rolando R. Hernández-Cisneros', 'institution': 'Tecnológico de Monterrey', 'subunit': 'Center for Intelligent Systems, Campus Monterrey', 'location': 'Monterrey, Nuevo León, Mexico', 'full_affiliation': 'Center for Intelligent Systems, Tecnológico de Monterrey, Campus Monterrey Ave. Eugenio Garza Sada 2501 Sur, Monterrey, Nuevo León 64849 Mexico'}, {'name': 'Hugo Terashima-Marín', 'institution': 'Tecnológico de Monterrey', 'subunit': 'Center for Intelligent Systems, Campus Monterrey', 'location': 'Monterrey, Nuevo León, Mexico', 'full_affiliation': 'Center for Intelligent Systems, Tecnológico de Monterrey, Campus Monterrey Ave. Eugenio Garza Sada 2501 Sur, Monterrey, Nuevo León 64849 Mexico'}]",2006_005_0076.png
Heart Cavity Detection in Ultrasound Images with SOM,Unsupervised Machine Learning,"[{'name': 'Mary Carmen Jarur', 'institution': 'Catholic University of Maule', 'subunit': 'Department of Computer Science', 'location': 'Talca, Chile', 'full_affiliation': 'Department of Computer Science, Catholic University of Maule, Casilla 617, Talca, Chile'}, {'name': 'Marco Mora', 'institution': 'Catholic University of Maule | IRIT-ENSEEIHT', 'subunit': 'Department of Computer Science | ', 'location': 'Talca, Chile | Toulouse, France', 'full_affiliation': 'Department of Computer Science, Catholic University of Maule, Casilla 617, Talca, Chile | IRIT-ENSEEIHT, 2 Rue Camichel, 31200 Toulouse, France'}]",2006_005_0077.png
An Effective Method of Gait Stability Analysis Using Inertial Sensors,Probabilistic & Statistical Reasoning,"[{'name': 'Sung Kyung Hong', 'institution': 'Sejong University', 'subunit': 'School of Mechanical and Aerospace Engineering', 'location': 'Seoul, Korea', 'full_affiliation': 'School of Mechanical and Aerospace Engineering, Sejong University, Seoul, 143-747, Korea'}, {'name': 'Jinhyung Bae', 'institution': 'Sejong University', 'subunit': 'School of Mechanical and Aerospace Engineering', 'location': 'Seoul, Korea', 'full_affiliation': 'School of Mechanical and Aerospace Engineering, Sejong University, Seoul, 143-747, Korea'}, {'name': 'Sug-Chon Lee', 'institution': 'Sejong University', 'subunit': 'School of Mechanical and Aerospace Engineering', 'location': 'Seoul, Korea', 'full_affiliation': 'School of Mechanical and Aerospace Engineering, Sejong University, Seoul, 143-747, Korea'}, {'name': 'Jung-Yup Kim', 'institution': 'Sejong University', 'subunit': 'School of Mechanical and Aerospace Engineering', 'location': 'Seoul, Korea', 'full_affiliation': 'School of Mechanical and Aerospace Engineering, Sejong University, Seoul, 143-747, Korea'}, {'name': 'Kwon-Yong Lee', 'institution': 'Sejong University', 'subunit': 'School of Mechanical and Aerospace Engineering', 'location': 'Seoul, Korea', 'full_affiliation': 'School of Mechanical and Aerospace Engineering, Sejong University, Seoul, 143-747, Korea'}]",2006_005_0078.png
Rough Set Approach Under Dynamic Granulation in Incomplete Information Systems,Data Mining & Knowledge Discovery,"[{'name': 'Yuhua Qian', 'institution': 'Shanxi University | City University of Hong Kong', 'subunit': 'School of Computer and Information Technology | Key Laboratory of Computational Intelligence and Chinese Information Processing of Ministry of Education | Department of Manufacturing Engineering and Engineering Management', 'location': 'Taiyuan, Shanxi, China | Hong Kong, Hong Kong', 'full_affiliation': '1 School of Computer and Information Technology, Shanxi University, Taiyuan, 030006, Shanxi, China | 2 Key Laboratory of Computational Intelligence and Chinese Information Processing of Ministry of Education, Taiyuan, 030006, Shanxi, China | 3 Department of Manufacturing Engineering and Engineering Management, City University of Hong Kong, Hong Kong'}, {'name': 'Jiye Liang', 'institution': 'Shanxi University', 'subunit': 'School of Computer and Information Technology | Key Laboratory of Computational Intelligence and Chinese Information Processing of Ministry of Education', 'location': 'Taiyuan, Shanxi, China', 'full_affiliation': '1 School of Computer and Information Technology, Shanxi University, Taiyuan, 030006, Shanxi, China | 2 Key Laboratory of Computational Intelligence and Chinese Information Processing of Ministry of Education, Taiyuan, 030006, Shanxi, China'}, {'name': 'Xia Zhang', 'institution': 'Shanxi University', 'subunit': 'School of Computer and Information Technology | Key Laboratory of Computational Intelligence and Chinese Information Processing of Ministry of Education', 'location': 'Taiyuan, Shanxi, China', 'full_affiliation': '1 School of Computer and Information Technology, Shanxi University, Taiyuan, 030006, Shanxi, China | 2 Key Laboratory of Computational Intelligence and Chinese Information Processing of Ministry of Education, Taiyuan, 030006, Shanxi, China'}, {'name': 'Chuangyin Dang', 'institution': 'City University of Hong Kong', 'subunit': 'Department of Manufacturing Engineering and Engineering Management', 'location': 'Hong Kong, Hong Kong', 'full_affiliation': '3 Department of Manufacturing Engineering and Engineering Management, City University of Hong Kong, Hong Kong'}]",2007_006_0000.png
Generalized Fuzzy Operations for Digital Hardware Implementation,Fuzzy Logic & Fuzzy Systems,"[{'name': 'Ildar Batyrshin', 'institution': 'Mexican Petroleum Institute', 'subunit': '', 'location': '', 'full_affiliation': 'Mexican Petroleum Institute'}, {'name': 'Antonio Hernández Zavala', 'institution': 'Mexican Polytechnic Institute', 'subunit': 'Computer Research Centre', 'location': '', 'full_affiliation': 'Mexican Polytechnic Institute – Computer Research Centre'}, {'name': 'Oscar Camacho Nieto', 'institution': 'Mexican Polytechnic Institute', 'subunit': 'Computer Research Centre', 'location': '', 'full_affiliation': 'Mexican Polytechnic Institute – Computer Research Centre'}, {'name': 'Luis Villa Vargas', 'institution': 'Mexican Polytechnic Institute', 'subunit': 'Computer Research Centre', 'location': '', 'full_affiliation': 'Mexican Polytechnic Institute – Computer Research Centre'}]",2007_006_0001.png
A Novel Model of Artificial Immune System for Solving Constrained Optimization Problems with Dynamic Tolerance Factor,Bio-inspired & Evolutionary Computing,"[{'name': 'Victoria S. Aragón', 'institution': 'Universidad Nacional de San Luis', 'subunit': 'Laboratorio de Investigación y Desarrollo en Inteligencia Computacional', 'location': 'San Luis, Argentina', 'full_affiliation': 'Laboratorio de Investigación y Desarrollo en Inteligencia Computacional, Universidad Nacional de San Luis, Ejército de los Andes 950, (5700) San Luis, Argentina'}, {'name': 'Susana C. Esquivel', 'institution': 'Universidad Nacional de San Luis', 'subunit': 'Laboratorio de Investigación y Desarrollo en Inteligencia Computacional', 'location': 'San Luis, Argentina', 'full_affiliation': 'Laboratorio de Investigación y Desarrollo en Inteligencia Computacional, Universidad Nacional de San Luis, Ejército de los Andes 950, (5700) San Luis, Argentina'}, {'name': 'Carlos A. Coello Coello', 'institution': 'CINVESTAV-IPN', 'subunit': 'Evolutionary Computation Group, Departamento de Computación', 'location': 'México D.F., México', 'full_affiliation': 'CINVESTAV-IPN (Evolutionary Computation Group), Departamento de Computación, Av. IPN No. 2508, Col. San Pedro Zacatenco, México D.F. 07300, México'}]",2007_006_0002.png
A Genetic Representation for Dynamic System Qualitative Models on Genetic Programming: A Gene Expression Programming Approach,Bio-inspired & Evolutionary Computing,"[{'name': 'Ramiro Serrato Paniagua', 'institution': 'Universidad Michoacana de San Nicolás de Hidalgo', 'subunit': 'División de Estudios de Posgrado, Facultad de Ingeniería Eléctrica', 'location': 'Morelia, México', 'full_affiliation': 'División de Estudios de Posgrado, Facultad de Ingeniería Eléctrica, Universidad Michoacana de San Nicolás de Hidalgo, Morelia 58000, México'}, {'name': 'Juan J. Flores Romero', 'institution': 'Universidad Michoacana de San Nicolás de Hidalgo', 'subunit': 'División de Estudios de Posgrado, Facultad de Ingeniería Eléctrica', 'location': 'Morelia, México', 'full_affiliation': 'División de Estudios de Posgrado, Facultad de Ingeniería Eléctrica, Universidad Michoacana de San Nicolás de Hidalgo, Morelia 58000, México'}, {'name': 'Carlos A. Coello Coello', 'institution': 'CINVESTAV-IPN', 'subunit': 'Computer Science Department', 'location': 'México City, México', 'full_affiliation': 'CINVESTAV-IPN, Computer Science Department, México City 07360, México'}]",2007_006_0003.png
Handling Constraints in Particle Swarm Optimization Using a Small Population Size,Bio-inspired & Evolutionary Computing,"[{'name': 'Juan C. Fuentes Cabrera', 'institution': 'CINVESTAV-IPN', 'subunit': 'Departamento de Computación (Evolutionary Computation Group)', 'location': 'México D.F., México', 'full_affiliation': 'CINVESTAV-IPN (Evolutionary Computation Group)\nDepartamento de Computación\nAv. IPN No. 2508, San Pedro Zacatenco\nMéxico D.F. 07360, México'}, {'name': 'Carlos A. Coello Coello', 'institution': 'CINVESTAV-IPN', 'subunit': 'Departamento de Computación (Evolutionary Computation Group)', 'location': 'México D.F., México', 'full_affiliation': 'CINVESTAV-IPN (Evolutionary Computation Group)\nDepartamento de Computación\nAv. IPN No. 2508, San Pedro Zacatenco\nMéxico D.F. 07360, México'}]",2007_006_0004.png
Collective Methods on Flock Traffic Navigation Based on Negotiation,Multi-Agent Systems & Distributed AI,"[{'name': 'Carlos Astengo-Noguez', 'institution': 'ITESM', 'subunit': 'Campus Monterrey', 'location': '', 'full_affiliation': 'ITESM Campus Monterrey'}, {'name': 'Gildardo Sánchez-Ante', 'institution': 'ITESM', 'subunit': 'Campus Guadalajara', 'location': '', 'full_affiliation': 'ITESM Campus Guadalajara'}]",2007_006_0005.png
A New Global Optimization Algorithm Inspired by Parliamentary Political Competitions,Bio-inspired & Evolutionary Computing,"[{'name': 'Ali Borji', 'institution': 'Institute for Studies in Theoretical Physics and Mathematics', 'subunit': 'School of Cognitive Sciences', 'location': 'Tehran, Iran', 'full_affiliation': 'School of Cognitive Sciences, Institute for Studies in Theoretical Physics and Mathematics, Tehran, Iran'}]",2007_006_0006.png
Discovering Promising Regions to Help Global Numerical Optimization Algorithms,Heuristic Search & Optimization,"[{'name': 'Vinícius V. de Melo', 'institution': 'State University of São Paulo', 'subunit': '', 'location': 'São Carlos, SP, Brazil', 'full_affiliation': 'State University of São Paulo, São Carlos - SP, Brazil'}, {'name': 'Alexandre C. B. Delbem', 'institution': 'State University of São Paulo', 'subunit': '', 'location': 'São Carlos, SP, Brazil', 'full_affiliation': 'State University of São Paulo, São Carlos - SP, Brazil'}, {'name': 'Dorival L. Pinto Júnior', 'institution': 'State University of São Paulo', 'subunit': '', 'location': 'São Carlos, SP, Brazil', 'full_affiliation': 'State University of São Paulo, São Carlos - SP, Brazil'}, {'name': 'Fernando M. Federson', 'institution': 'State University of São Paulo', 'subunit': '', 'location': 'São Carlos, SP, Brazil', 'full_affiliation': 'State University of São Paulo, São Carlos - SP, Brazil'}]",2007_006_0007.png
Clustering Search Approach for the Traveling Tournament Problem,Heuristic Search & Optimization,"[{'name': 'Fabrício Lacerda Biajoli', 'institution': 'Instituto Nacional de Pesquisas Espaciais - INPE', 'subunit': 'Laboratório Associado de Computação e Matemática Aplicada - LAC', 'location': 'São José dos Campos-SP, Brasil', 'full_affiliation': 'Instituto Nacional de Pesquisas Espaciais - INPE\nLaboratório Associado de Computação e Matemática Aplicada - LAC\nAv. dos Astronautas, 1.758 - São José dos Campos-SP, Brasil'}, {'name': 'Luiz Antonio Nogueira Lorena', 'institution': 'Instituto Nacional de Pesquisas Espaciais - INPE', 'subunit': 'Laboratório Associado de Computação e Matemática Aplicada - LAC', 'location': 'São José dos Campos-SP, Brasil', 'full_affiliation': 'Instituto Nacional de Pesquisas Espaciais - INPE\nLaboratório Associado de Computação e Matemática Aplicada - LAC\nAv. dos Astronautas, 1.758 - São José dos Campos-SP, Brasil'}]",2007_006_0008.png
Stationary Fokker – Planck Learning for the Optimization of Parameters in Nonlinear Models,Heuristic Search & Optimization,"[{'name': 'Dexmont Peña', 'institution': 'Universidad Autónoma de Nuevo León', 'subunit': 'Posgrado en Ingeniería de Sistemas, Facultad de Ingeniería Mecánica y Eléctrica', 'location': 'San Nicolás de los Garza, NL, México', 'full_affiliation': 'Posgrado en Ingeniería de Sistemas, Facultad de Ingeniería Mecánica y Eléctrica Universidad Autónoma de Nuevo León AP 126, Cd. Universitaria, San Nicolás de los Garza, NL 66450, México'}, {'name': 'Ricardo Sánchez', 'institution': 'Universidad Autónoma de Nuevo León', 'subunit': 'Posgrado en Ingeniería de Sistemas, Facultad de Ingeniería Mecánica y Eléctrica', 'location': 'San Nicolás de los Garza, NL, México', 'full_affiliation': 'Posgrado en Ingeniería de Sistemas, Facultad de Ingeniería Mecánica y Eléctrica Universidad Autónoma de Nuevo León AP 126, Cd. Universitaria, San Nicolás de los Garza, NL 66450, México'}, {'name': 'Arturo Berrones', 'institution': 'Universidad Autónoma de Nuevo León', 'subunit': 'Posgrado en Ingeniería de Sistemas, Facultad de Ingeniería Mecánica y Eléctrica', 'location': 'San Nicolás de los Garza, NL, México', 'full_affiliation': 'Posgrado en Ingeniería de Sistemas, Facultad de Ingeniería Mecánica y Eléctrica Universidad Autónoma de Nuevo León AP 126, Cd. Universitaria, San Nicolás de los Garza, NL 66450, México'}]",2007_006_0009.png
From Horn Strong Backdoor Sets to Ordered Strong Backdoor Sets,Logic & Automated Reasoning,"[{'name': 'Lionel Paris', 'institution': 'Université de Provence', 'subunit': 'LSIS CNRS UMR 6168', 'location': 'Marseille, France', 'full_affiliation': 'LSIS CNRS UMR 6168\nUniversité de Provence\n13013 Marseille, France'}, {'name': 'Richard Ostrowski', 'institution': 'Université de Provence', 'subunit': 'LSIS CNRS UMR 6168', 'location': 'Marseille, France', 'full_affiliation': 'LSIS CNRS UMR 6168\nUniversité de Provence\n13013 Marseille, France'}, {'name': 'Pierre Siegel', 'institution': 'Université de Provence', 'subunit': 'LSIS CNRS UMR 6168', 'location': 'Marseille, France', 'full_affiliation': 'LSIS CNRS UMR 6168\nUniversité de Provence\n13013 Marseille, France'}, {'name': 'Lakhdar Saïs', 'institution': 'Université d’Artois', 'subunit': 'CRIL CNRS FRE 2499', 'location': 'Lens, France', 'full_affiliation': 'CRIL CNRS FRE 2499\nUniversité d’Artois\n62307 Lens, France'}]",2007_006_0010.png
G–Indicator: An M–Ary Quality Indicator for the Evaluation of Non–dominated Sets,Heuristic Search & Optimization,"[{'name': 'Giovanni Lizárraga', 'institution': 'Center for Research in Mathematics (CIMAT)', 'subunit': 'Department of Computer Science', 'location': '', 'full_affiliation': 'Center for Research in Mathematics (CIMAT)\nDepartment of Computer Science'}, {'name': 'Arturo Hernández', 'institution': 'Center for Research in Mathematics (CIMAT)', 'subunit': 'Department of Computer Science', 'location': '', 'full_affiliation': 'Center for Research in Mathematics (CIMAT)\nDepartment of Computer Science'}, {'name': 'Salvador Botello', 'institution': 'Center for Research in Mathematics (CIMAT)', 'subunit': 'Department of Computer Science', 'location': '', 'full_affiliation': 'Center for Research in Mathematics (CIMAT)\nDepartment of Computer Science'}]",2007_006_0011.png
Approximating the ε-Efficient Set of an MOP with Stochastic Search Algorithms,Heuristic Search & Optimization,"[{'name': 'Oliver Schütze', 'institution': 'CINVESTAV-IPN', 'subunit': 'Computer Science Department', 'location': 'México D.F., Mexico', 'full_affiliation': 'CINVESTAV-IPN, Computer Science Department, México D.F. 07300, Mexico'}, {'name': 'Carlos A. Coello Coello', 'institution': 'CINVESTAV-IPN', 'subunit': 'Computer Science Department', 'location': 'México D.F., Mexico', 'full_affiliation': 'CINVESTAV-IPN, Computer Science Department, México D.F. 07300, Mexico'}, {'name': 'El-Ghazali Talbi', 'institution': 'INRIA Futurs', 'subunit': 'LIFL, CNRS Bât M3', 'location': ""Villeneuve d'Ascq, France"", 'full_affiliation': ""INRIA Futurs, LIFL, CNRS Bât M3, Cité Scientifique 59655 Villeneuve d'Ascq, France""}]",2007_006_0012.png
A Multicriterion SDSS for the Space Process Control: Towards a Hybrid Approach,Fuzzy Logic & Fuzzy Systems,"[{'name': 'Hamdadou Djamila', 'institution': 'University of Oran Es-Senia', 'subunit': 'Department of computer science, Faculty of Sciences', 'location': '', 'full_affiliation': 'Department of computer science, Faculty of Sciences, University of Oran Es-Senia'}, {'name': 'Bouamrane Karim', 'institution': 'University of Oran Es-Senia', 'subunit': 'Department of computer science, Faculty of Sciences', 'location': '', 'full_affiliation': 'Department of computer science, Faculty of Sciences, University of Oran Es-Senia'}]",2007_006_0013.png
Radial Basis Function Neural Network Based on Order Statistics,Neural Networks & Deep Learning,"[{'name': 'Jose A. Moreno-Escobar', 'institution': 'National Polytechnic Institute of Mexico', 'subunit': 'Mechanical and Electrical Engineering Higher School', 'location': 'Mexico, D. F., Mexico', 'full_affiliation': 'National Polytechnic Institute of Mexico, Mechanical and Electrical Engineering Higher School, Av. IPN s/n, U.P.A.L.M. SEPI-ESIME, Edif. Z, Acceso 3, Tercer Piso, Col. Lindavista, 07738, Mexico, D. F., Mexico'}, {'name': 'Francisco J. Gallegos-Funes', 'institution': 'National Polytechnic Institute of Mexico', 'subunit': 'Mechanical and Electrical Engineering Higher School', 'location': 'Mexico, D. F., Mexico', 'full_affiliation': 'National Polytechnic Institute of Mexico, Mechanical and Electrical Engineering Higher School, Av. IPN s/n, U.P.A.L.M. SEPI-ESIME, Edif. Z, Acceso 3, Tercer Piso, Col. Lindavista, 07738, Mexico, D. F., Mexico'}, {'name': 'Volodymyr Ponomaryov', 'institution': 'National Polytechnic Institute of Mexico', 'subunit': '', 'location': 'Mexico, D. F., Mexico', 'full_affiliation': 'National Polytechnic Institute of Mexico, Av. Santa Ana 1000, Col. San Francisco Culhuacan, 04430, Mexico, D. F., Mexico'}, {'name': 'Jose M. de-la-Rosa-Vazquez', 'institution': 'National Polytechnic Institute of Mexico', 'subunit': 'Mechanical and Electrical Engineering Higher School', 'location': 'Mexico, D. F., Mexico', 'full_affiliation': 'National Polytechnic Institute of Mexico, Mechanical and Electrical Engineering Higher School, Av. IPN s/n, U.P.A.L.M. SEPI-ESIME, Edif. Z, Acceso 3, Tercer Piso, Col. Lindavista, 07738, Mexico, D. F., Mexico'}]",2007_006_0014.png
Temperature Cycling on Simulated Annealing for Neural Network Learning,Neural Networks & Deep Learning,"[{'name': 'Sergio Ledesma', 'institution': 'University of Guanajuato', 'subunit': 'Dept. of Electrical & Computer Engineering', 'location': 'Salamanca, Gto. 36700, México', 'full_affiliation': 'Dept. of Electrical & Computer Engineering. University of Guanajuato. Salamanca, Gto. 36700, México'}, {'name': 'Miguel Torres', 'institution': 'University of Guanajuato', 'subunit': 'Dept. of Electrical & Computer Engineering', 'location': 'Salamanca, Gto. 36700, México', 'full_affiliation': 'Dept. of Electrical & Computer Engineering. University of Guanajuato. Salamanca, Gto. 36700, México'}, {'name': 'Donato Hernández', 'institution': 'University of Guanajuato', 'subunit': 'Dept. of Electrical & Computer Engineering', 'location': 'Salamanca, Gto. 36700, México', 'full_affiliation': 'Dept. of Electrical & Computer Engineering. University of Guanajuato. Salamanca, Gto. 36700, México'}, {'name': 'Gabriel Aviña', 'institution': 'University of Guanajuato', 'subunit': 'Dept. of Electrical & Computer Engineering', 'location': 'Salamanca, Gto. 36700, México', 'full_affiliation': 'Dept. of Electrical & Computer Engineering. University of Guanajuato. Salamanca, Gto. 36700, México'}, {'name': 'Guadalupe García', 'institution': 'University of Guanajuato', 'subunit': 'Dept. of Electrical & Computer Engineering', 'location': 'Salamanca, Gto. 36700, México', 'full_affiliation': 'Dept. of Electrical & Computer Engineering. University of Guanajuato. Salamanca, Gto. 36700, México'}]",2007_006_0015.png
On Conditions for Intermittent Search in Self-organizing Neural Networks,Neural Networks & Deep Learning,"[{'name': 'Peter Tiňo', 'institution': 'University of Birmingham', 'subunit': '', 'location': 'Birmingham, UK', 'full_affiliation': 'University of Birmingham, Birmingham, UK'}]",2007_006_0016.png
Similarity Clustering of Music Files According to User Preference,Unsupervised Machine Learning,"[{'name': 'Bastian Tenbergen', 'institution': 'State University of New York at Oswego | University of Osnabrück', 'subunit': 'Human-Computer Interaction M.A. Program | Cognitive Science Bachelor Program, School of Human Sciences', 'location': 'Oswego, NY, 13126 | Germany', 'full_affiliation': 'Human-Computer Interaction M.A. Program, State University of New York at Oswego, Oswego, NY, 13126 | Formerly: Cognitive Science Bachelor Program, School of Human Sciences, University of Osnabrück, Germany'}]",2007_006_0017.png
Complete Recall on Alpha-Beta Heteroassociative Memory,Neural Networks & Deep Learning,"[{'name': 'Israel Román-Godínez', 'institution': 'Instituto Politécnico Nacional', 'subunit': 'Centro de Investigación en Computación', 'location': 'Del. Gustavo A. Madero, México, D.F. México', 'full_affiliation': 'Centro de Investigación en Computación\nJuan de Dios Bátiz s/n esq. Miguel Othón de Mendizábal\nUnidad Profesional Adolfo López Mateos\nDel. Gustavo A. Madero, México, D.F. México'}, {'name': 'Cornelio Yáñez-Márquez', 'institution': 'Instituto Politécnico Nacional', 'subunit': 'Centro de Investigación en Computación', 'location': 'Del. Gustavo A. Madero, México, D.F. México', 'full_affiliation': 'Centro de Investigación en Computación\nJuan de Dios Bátiz s/n esq. Miguel Othón de Mendizábal\nUnidad Profesional Adolfo López Mateos\nDel. Gustavo A. Madero, México, D.F. México'}]",2007_006_0018.png
I-Cog: A Computational Framework for Integrated Cognition of Higher Cognitive Abilities,Hybrid AI & Expert Systems,"[{'name': 'Kai-Uwe Kühnberger', 'institution': 'University of Osnabrück', 'subunit': 'Institute of Cognitive Science', 'location': 'Osnabrück, Germany', 'full_affiliation': 'Institute of Cognitive Science, University of Osnabrück, D-49076 Osnabrück, Germany'}, {'name': 'Tonio Wandmacher', 'institution': 'University of Osnabrück', 'subunit': 'Institute of Cognitive Science', 'location': 'Osnabrück, Germany', 'full_affiliation': 'Institute of Cognitive Science, University of Osnabrück, D-49076 Osnabrück, Germany'}, {'name': 'Angela Schwering', 'institution': 'University of Osnabrück', 'subunit': 'Institute of Cognitive Science', 'location': 'Osnabrück, Germany', 'full_affiliation': 'Institute of Cognitive Science, University of Osnabrück, D-49076 Osnabrück, Germany'}, {'name': 'Ekaterina Ovchinnikova', 'institution': 'University of Osnabrück', 'subunit': 'Institute of Cognitive Science', 'location': 'Osnabrück, Germany', 'full_affiliation': 'Institute of Cognitive Science, University of Osnabrück, D-49076 Osnabrück, Germany'}, {'name': 'Ulf Krumnack', 'institution': 'University of Osnabrück', 'subunit': 'Institute of Cognitive Science', 'location': 'Osnabrück, Germany', 'full_affiliation': 'Institute of Cognitive Science, University of Osnabrück, D-49076 Osnabrück, Germany'}, {'name': 'Helmar Gust', 'institution': 'University of Osnabrück', 'subunit': 'Institute of Cognitive Science', 'location': 'Osnabrück, Germany', 'full_affiliation': 'Institute of Cognitive Science, University of Osnabrück, D-49076 Osnabrück, Germany'}, {'name': 'Peter Geibel', 'institution': 'University of Osnabrück', 'subunit': 'Institute of Cognitive Science', 'location': 'Osnabrück, Germany', 'full_affiliation': 'Institute of Cognitive Science, University of Osnabrück, D-49076 Osnabrück, Germany'}]",2007_006_0019.png
A Rule-Based System for Assessing Consistency Between UML Models,Hybrid AI & Expert Systems,"[{'name': 'Carlos Mario Zapata', 'institution': 'Universidad Nacional de Colombia', 'subunit': 'Escuela de Sistemas', 'location': 'Medellín, Colombia', 'full_affiliation': 'Escuela de Sistemas, Universidad Nacional de Colombia, Carrera 80 N° 65-23, Bloque M8. Medellín, Colombia'}, {'name': 'Guillermo González', 'institution': 'Universidad Nacional de Colombia', 'subunit': 'Escuela de Sistemas', 'location': 'Medellín, Colombia', 'full_affiliation': 'Escuela de Sistemas, Universidad Nacional de Colombia, Carrera 80 N° 65-23, Bloque M8. Medellín, Colombia'}, {'name': 'Alexander Gelbukh', 'institution': 'National Polytechnic Institute (IPN)', 'subunit': 'Computing Research Center (CIC)', 'location': 'Col. Zacatenco, DF, Mexico', 'full_affiliation': 'Computing Research Center (CIC), National Polytechnic Institute (IPN), Col. Zacatenco, 07738, DF, Mexico'}]",2007_006_0020.png
Partial Satisfiability-Based Merging,Knowledge Representation & Reasoning,"[{'name': 'Pilar Pozos Parra', 'institution': 'Universidad Juárez Autónoma de Tabasco', 'subunit': '', 'location': 'Cunduacán, Tabasco, México', 'full_affiliation': 'Universidad Juárez Autónoma de Tabasco, Carretera Cunduacán - Jalpa Km. 1 Cunduacán Tabasco, México'}, {'name': 'Verónica Borja Macías', 'institution': 'Universidad Tecnológica de la Mixteca', 'subunit': '', 'location': 'Huajuapan de León, Oaxaca, México', 'full_affiliation': 'Universidad Tecnológica de la Mixteca, Carretera a Acatlima Km 2.5 Huajuapan de León Oaxaca, México'}]",2007_006_0021.png
Optimizing Inference in Bayesian Networks and Semiring Valuation Algebras,Probabilistic & Statistical Reasoning,"[{'name': 'Michael Wachter', 'institution': 'University of Bern', 'subunit': '', 'location': 'Switzerland', 'full_affiliation': 'University of Bern, Switzerland'}, {'name': 'Rolf Haenni', 'institution': 'Bern University of Applied Sciences', 'subunit': '', 'location': 'Switzerland', 'full_affiliation': 'Bern University of Applied Sciences, Switzerland'}, {'name': 'Marc Pouly', 'institution': 'University of Fribourg', 'subunit': '', 'location': 'Switzerland', 'full_affiliation': 'University of Fribourg, Switzerland'}]",2007_006_0022.png
Compiling Solution Configurations in Semiring Valuation Systems,Knowledge Representation & Reasoning,"[{'name': 'Marc Pouly', 'institution': 'University of Fribourg', 'subunit': '', 'location': 'Switzerland', 'full_affiliation': 'University of Fribourg, Switzerland'}, {'name': 'Rolf Haenni', 'institution': 'Bern University of Applied Sciences | University of Bern', 'subunit': '', 'location': 'Switzerland', 'full_affiliation': 'Bern University of Applied Sciences, Switzerland | University of Bern, Switzerland'}, {'name': 'Michael Wachter', 'institution': 'University of Bern', 'subunit': '', 'location': 'Switzerland', 'full_affiliation': 'University of Bern, Switzerland'}]",2007_006_0023.png
Implementing Knowledge Update Sequences,Knowledge Representation & Reasoning,"[{'name': 'Juan C. Acosta Guadarrama', 'institution': 'TU-Clausthal', 'subunit': 'Institute of Computer Science', 'location': 'Clausthal, Germany', 'full_affiliation': 'Institute of Computer Science, TU-Clausthal, Germany'}]",2007_006_0024.png
On Reachability of Minimal Models of Multilattice-Based Logic Programs,Fuzzy Logic & Fuzzy Systems,"[{'name': 'Jesús Medina', 'institution': 'Universidad de Málaga', 'subunit': 'Dept. Matemática Aplicada', 'location': '', 'full_affiliation': 'Dept. Matemática Aplicada. Universidad de Málaga'}, {'name': 'Manuel Ojeda-Aciego', 'institution': 'Universidad de Málaga', 'subunit': 'Dept. Matemática Aplicada', 'location': '', 'full_affiliation': 'Dept. Matemática Aplicada. Universidad de Málaga'}, {'name': 'Jorge Ruiz-Calviño', 'institution': 'Universidad de Málaga', 'subunit': 'Dept. Matemática Aplicada', 'location': '', 'full_affiliation': 'Dept. Matemática Aplicada. Universidad de Málaga'}]",2007_006_0025.png
Update Sequences Based on Minimal Generalized Pstable Models,Knowledge Representation & Reasoning,"[{'name': 'Mauricio Osorio', 'institution': 'Universidad de las Américas', 'subunit': 'CENTIA', 'location': 'Cholula, Puebla, México', 'full_affiliation': 'Universidad de las Américas, CENTIA, Sta. Catarina Mártir, Cholula, Puebla, 72820 México'}, {'name': 'Claudia Zepeda', 'institution': 'Universidad Politécnica de Puebla', 'subunit': '', 'location': 'Municipio Juan C. Bonilla, Puebla, México', 'full_affiliation': 'Universidad Politécnica de Puebla, Tercer Carril del Ejido Serrano, San Mateo Cuanala, Municipio Juan C. Bonilla, Puebla, 72640 México'}]",2007_006_0026.png
PStable Semantics for Possibilistic Logic Programs,Knowledge Representation & Reasoning,"[{'name': 'Mauricio Osorio', 'institution': 'Universidad de las Américas - Puebla', 'subunit': 'CENTIA', 'location': 'Cholula, Puebla, México', 'full_affiliation': 'Universidad de las Américas - Puebla CENTIA, Sta. Catarina Mártir, Cholula, Puebla, 72820 México'}, {'name': 'Juan Carlos Nieves', 'institution': 'Universitat Politècnica de Catalunya', 'subunit': 'Software Department (LSI)', 'location': 'Barcelona, Spain', 'full_affiliation': 'Universitat Politècnica de Catalunya Software Department (LSI) c/Jordi Girona 1-3, E08034, Barcelona, Spain'}]",2007_006_0027.png
Improving Efficiency of Prolog Programs by Fully Automated Unfold/Fold Transformation,Logic & Automated Reasoning,"[{'name': 'Jiří Vyskočil', 'institution': 'Charles University', 'subunit': 'Department of Theoretical Computer Science and Mathematical Logic', 'location': 'Praha, Czech Republic', 'full_affiliation': 'Department of Theoretical Computer Science and Mathematical Logic\nCharles University\nMalostranské náměstí 25\n118 00 Praha 1, Czech Republic'}, {'name': 'Petr Štěpánek', 'institution': 'Charles University', 'subunit': 'Department of Theoretical Computer Science and Mathematical Logic', 'location': 'Praha, Czech Republic', 'full_affiliation': 'Department of Theoretical Computer Science and Mathematical Logic\nCharles University\nMalostranské náměstí 25\n118 00 Praha 1, Czech Republic'}]",2007_006_0028.png
A Word Equation Solver Based on Levensthein Distance,Bio-inspired & Evolutionary Computing,"[{'name': 'César L. Alonso', 'institution': 'Universidad de Oviedo', 'subunit': 'Centro de Inteligencia Artificial', 'location': 'Gijón, Spain', 'full_affiliation': 'Centro de Inteligencia Artificial, Universidad de Oviedo Campus de Viesques, 33271 Gijón, Spain'}, {'name': 'David Alonso', 'institution': 'Universidad de Oviedo', 'subunit': 'Centro de Inteligencia Artificial', 'location': 'Gijón, Spain', 'full_affiliation': 'Centro de Inteligencia Artificial, Universidad de Oviedo Campus de Viesques, 33271 Gijón, Spain'}, {'name': 'Mar Callau', 'institution': 'Universidad Complutense de Madrid', 'subunit': '', 'location': '', 'full_affiliation': 'Universidad Complutense de Madrid'}, {'name': 'José Luis Montaña', 'institution': 'Universidad de Cantabria', 'subunit': 'Departamento de Matemáticas, Estadística y Computación', 'location': '', 'full_affiliation': 'Departamento de Matemáticas, Estadística y Computación, Universidad de Cantabria'}]",2007_006_0029.png
Simple Model-Based Exploration and Exploitation of Markov Decision Processes Using the Elimination Algorithm,Reinforcement Learning,"[{'name': 'Elizabeth Novoa', 'institution': 'Universidad de Santiago de Chile', 'subunit': 'Departamento de Ingeniería Informática', 'location': 'Santiago, Chile', 'full_affiliation': 'Departamento de Ingeniería Informática, Universidad de Santiago de Chile, Av. Ecuador 3659, Santiago, Chile'}]",2007_006_0030.png
A Simple Model for Assessing Output Uncertainty in Stochastic Simulation Systems,Probabilistic & Statistical Reasoning,"[{'name': 'Tengda Sun', 'institution': 'Chinese Academy of Sciences | Graduate University of the Chinese Academy of Sciences | Jimei University', 'subunit': 'Institute of Geographic Science & Natural Resources Research | | Navigation College', 'location': 'Beijing, P.R. China | Beijing, P.R. China | XIAMEN, P.R. China', 'full_affiliation': '1 Institute of Geographic Science & Natural Resources Research, Chinese Academy of Sciences, Beijing 100101, P.R. China | 2 Graduate University of the Chinese Academy of Sciences, Beijing 100039, P.R. China | 3 Navigation College, Jimei University, XIAMEN, 361021, P.R. China'}, {'name': 'Jinfeng Wang', 'institution': 'Chinese Academy of Sciences', 'subunit': 'Institute of Geographic Science & Natural Resources Research', 'location': 'Beijing, P.R. China', 'full_affiliation': '1 Institute of Geographic Science & Natural Resources Research, Chinese Academy of Sciences, Beijing 100101, P.R. China'}]",2007_006_0031.png
An Empirically Terminological Point of View on Agentism in the Artificial,Multi-Agent Systems & Distributed AI,"[{'name': 'C.T.A. Schmidt', 'institution': 'Le Mans University', 'subunit': 'LIUM', 'location': 'Laval, France', 'full_affiliation': 'Le Mans University\nLIUM\n52, Rue des Docteurs Calmette et Guérin,\n53020 Laval France'}]",2007_006_0032.png
Inductive Logic Programming Algorithm for Estimating Quality of Partial Plans,Knowledge Representation & Reasoning,"[{'name': 'Sławomir Nowaczyk', 'institution': 'Lund University', 'subunit': 'Department of Computer Science', 'location': 'Sweden', 'full_affiliation': 'Department of Computer Science\nLund University, Sweden'}, {'name': 'Jacek Malec', 'institution': 'Lund University', 'subunit': 'Department of Computer Science', 'location': 'Sweden', 'full_affiliation': 'Department of Computer Science\nLund University, Sweden'}]",2007_006_0033.png
Modeling Emotion-Influenced Social Behavior for Intelligent Virtual Agents,Hybrid AI & Expert Systems,"[{'name': 'Jackeline Spinola de Freitas', 'institution': 'State University of Campinas | Federal University of Bahia', 'subunit': 'School of Electrical and Computer Engineering | Research Group on History, Philosophy, and Teaching of Biological Sciences, Institute of Biology', 'location': 'Campinas-SP, Brazil | Salvador-BA, Brazil', 'full_affiliation': 'School of Electrical and Computer Engineering State University of Campinas P.O. Box 6101 – 13083-852 Campinas-SP, Brazil | Research Group on History, Philosophy, and Teaching of Biological Sciences, Institute of Biology, Federal University of Bahia, Salvador-BA, Brazil'}, {'name': 'Ricardo Imbert', 'institution': 'Universidad Politécnica de Madrid', 'subunit': 'Computer Science School', 'location': 'Boadilla del Monte, Madrid, Spain', 'full_affiliation': 'Computer Science School, Universidad Politécnica de Madrid, Campus de Montegancedo, s/n, 28660 Boadilla del Monte, Madrid, Spain'}, {'name': 'João Queiroz', 'institution': 'State University of Campinas | Federal University of Bahia', 'subunit': 'School of Electrical and Computer Engineering | Research Group on History, Philosophy, and Teaching of Biological Sciences, Institute of Biology', 'location': 'Campinas-SP, Brazil | Salvador-BA, Brazil', 'full_affiliation': 'School of Electrical and Computer Engineering State University of Campinas P.O. Box 6101 – 13083-852 Campinas-SP, Brazil | Research Group on History, Philosophy, and Teaching of Biological Sciences, Institute of Biology, Federal University of Bahia, Salvador-BA, Brazil'}]",2007_006_0034.png
Just-in-Time Monitoring of Project Activities Through Temporal Reasoning,Knowledge Representation & Reasoning,"[{'name': 'Sara E. Garza', 'institution': 'Tecnológico de Monterrey', 'subunit': 'Centro de Sistemas Inteligentes', 'location': '', 'full_affiliation': 'Tecnológico de Monterrey\nCentro de Sistemas Inteligentes'}, {'name': 'José Luis Aguirre', 'institution': 'Tecnológico de Monterrey', 'subunit': 'Centro de Sistemas Inteligentes', 'location': '', 'full_affiliation': 'Tecnológico de Monterrey\nCentro de Sistemas Inteligentes'}]",2007_006_0035.png
Scaling Kernels: A New Least Squares Support Vector Machine Kernel for Approximation,Supervised Machine Learning,"[{'name': 'Mu Xiangyang', 'institution': ""Xi'an Jiaotong University"", 'subunit': 'Dept. of Information and Commun. Engineering', 'location': ""Xi'an, China"", 'full_affiliation': ""Dept. of Information and Commun. Engineering, Xi'an Jiaotong University, Xi'an 710049, China""}, {'name': 'Zhang Taiyi', 'institution': ""Xi'an Jiaotong University"", 'subunit': 'Dept. of Information and Commun. Engineering', 'location': ""Xi'an, China"", 'full_affiliation': ""Dept. of Information and Commun. Engineering, Xi'an Jiaotong University, Xi'an 710049, China""}, {'name': 'Zhou Yatong', 'institution': 'Hebei University of Technology', 'subunit': 'School of Information Engineering', 'location': 'Tianjin, China', 'full_affiliation': 'School of Information Engineering, Hebei University of Technology, Tianjin 300401, China'}]",2007_006_0036.png
Evolutionary Feature and Parameter Selection in Support Vector Regression,Bio-inspired & Evolutionary Computing,"[{'name': 'Iván Mejía-Guevara', 'institution': 'Universidad Nacional Autónoma de México', 'subunit': 'Instituto de Investigaciones en Matemáticas Aplicadas y Sistemas (IIMAS)', 'location': 'D. F., México', 'full_affiliation': 'Instituto de Investigaciones en Matemáticas Aplicadas y Sistemas (IIMAS), Universidad Nacional Autónoma de México (UNAM), Circuito Escolar S/N, CU, 04510 D. F., México'}, {'name': 'Ángel Kuri-Morales', 'institution': 'Instituto Tecnológico Autónomo de México', 'subunit': 'Departamento de Computación', 'location': 'D. F., México', 'full_affiliation': 'Departamento de Computación, Instituto Tecnológico Autónomo de México, Río Hondo No. 1, 01000 D. F., México'}]",2007_006_0037.png
Learning Models of Relational MDPs Using Graph Kernels,Reinforcement Learning,"[{'name': 'Florian Halbritter', 'institution': 'University of Osnabrück', 'subunit': 'Institute of Cognitive Science', 'location': 'Osnabrück, Germany', 'full_affiliation': 'Institute of Cognitive Science, University of Osnabrück\nAlbrechtstrasse 28, 49076 Osnabrück, Germany'}, {'name': 'Peter Geibel', 'institution': 'University of Osnabrück', 'subunit': 'Institute of Cognitive Science', 'location': 'Osnabrück, Germany', 'full_affiliation': 'Institute of Cognitive Science, University of Osnabrück\nAlbrechtstrasse 28, 49076 Osnabrück, Germany'}]",2007_006_0038.png
Weighted Instance-Based Learning Using Representative Intervals,Supervised Machine Learning,"[{'name': 'Octavio Gómez', 'institution': 'National Institute of Astrophysics, Optics and Electronics', 'subunit': 'Computer Science Department', 'location': 'Tonantzintla, México', 'full_affiliation': 'National Institute of Astrophysics, Optics and Electronics, Computer Science Department, Luis Enrique Erro 1, 72840 Tonantzintla, México'}, {'name': 'Eduardo F. Morales', 'institution': 'National Institute of Astrophysics, Optics and Electronics', 'subunit': 'Computer Science Department', 'location': 'Tonantzintla, México', 'full_affiliation': 'National Institute of Astrophysics, Optics and Electronics, Computer Science Department, Luis Enrique Erro 1, 72840 Tonantzintla, México'}, {'name': 'Jesús A. González', 'institution': 'National Institute of Astrophysics, Optics and Electronics', 'subunit': 'Computer Science Department', 'location': 'Tonantzintla, México', 'full_affiliation': 'National Institute of Astrophysics, Optics and Electronics, Computer Science Department, Luis Enrique Erro 1, 72840 Tonantzintla, México'}]",2007_006_0039.png
A Novel Information Theory Method for Filter Feature Selection,Data Mining & Knowledge Discovery,"[{'name': 'Boyan Bonev', 'institution': 'Alicante University', 'subunit': 'Department of Computer Science and Artificial Intelligence', 'location': 'Alicante, Spain', 'full_affiliation': 'Department of Computer Science and Artificial Intelligence, Alicante University, P.O.B. 99, E-03080 Alicante, Spain'}, {'name': 'Francisco Escolano', 'institution': 'Alicante University', 'subunit': 'Department of Computer Science and Artificial Intelligence', 'location': 'Alicante, Spain', 'full_affiliation': 'Department of Computer Science and Artificial Intelligence, Alicante University, P.O.B. 99, E-03080 Alicante, Spain'}, {'name': 'Miguel Angel Cazorla', 'institution': 'Alicante University', 'subunit': 'Department of Computer Science and Artificial Intelligence', 'location': 'Alicante, Spain', 'full_affiliation': 'Department of Computer Science and Artificial Intelligence, Alicante University, P.O.B. 99, E-03080 Alicante, Spain'}]",2007_006_0040.png
Building Fine Bayesian Networks Aided by PSO-Based Feature Selection,Probabilistic & Statistical Reasoning,"[{'name': 'María del Carmen Chávez', 'institution': 'Central University of Las Villas', 'subunit': 'Computer Science Department', 'location': 'Santa Clara, Cuba', 'full_affiliation': 'Computer Science Department, Central University of Las Villas\nCarretera Camajuaní km 5 ½ Santa Clara, Cuba'}, {'name': 'Gladys Casas', 'institution': 'Central University of Las Villas', 'subunit': 'Computer Science Department', 'location': 'Santa Clara, Cuba', 'full_affiliation': 'Computer Science Department, Central University of Las Villas\nCarretera Camajuaní km 5 ½ Santa Clara, Cuba'}, {'name': 'Rafael Falcón', 'institution': 'Central University of Las Villas', 'subunit': 'Computer Science Department', 'location': 'Santa Clara, Cuba', 'full_affiliation': 'Computer Science Department, Central University of Las Villas\nCarretera Camajuaní km 5 ½ Santa Clara, Cuba'}, {'name': 'Jorge E. Moreira', 'institution': 'Central University of Las Villas', 'subunit': 'Computer Science Department', 'location': 'Santa Clara, Cuba', 'full_affiliation': 'Computer Science Department, Central University of Las Villas\nCarretera Camajuaní km 5 ½ Santa Clara, Cuba'}, {'name': 'Ricardo Grau', 'institution': 'Central University of Las Villas', 'subunit': 'Computer Science Department', 'location': 'Santa Clara, Cuba', 'full_affiliation': 'Computer Science Department, Central University of Las Villas\nCarretera Camajuaní km 5 ½ Santa Clara, Cuba'}]",2007_006_0041.png
Two Simple and Effective Feature Selection Methods for Continuous Attributes with Discrete Multi-class,Data Mining & Knowledge Discovery,"[{'name': 'Manuel Mejía-Lavalle', 'institution': 'Instituto de Investigaciones Eléctricas | INAOE', 'subunit': '', 'location': 'Cuernavaca, Morelos, México | StMa. Tonantzintla, Puebla, México', 'full_affiliation': 'Instituto de Investigaciones Eléctricas, Reforma 113, 62490 Cuernavaca, Morelos, México | INAOE, L.E.Erro 1, 72840 StMa. Tonantzintla, Puebla, México'}, {'name': 'Eduardo F. Morales', 'institution': 'Instituto de Investigaciones Eléctricas | INAOE', 'subunit': '', 'location': 'Cuernavaca, Morelos, México | StMa. Tonantzintla, Puebla, México', 'full_affiliation': 'Instituto de Investigaciones Eléctricas, Reforma 113, 62490 Cuernavaca, Morelos, México | INAOE, L.E.Erro 1, 72840 StMa. Tonantzintla, Puebla, México'}, {'name': 'Gustavo Arroyo', 'institution': 'Instituto de Investigaciones Eléctricas | INAOE', 'subunit': '', 'location': 'Cuernavaca, Morelos, México | StMa. Tonantzintla, Puebla, México', 'full_affiliation': 'Instituto de Investigaciones Eléctricas, Reforma 113, 62490 Cuernavaca, Morelos, México | INAOE, L.E.Erro 1, 72840 StMa. Tonantzintla, Puebla, México'}]",2007_006_0042.png
INCRAIN: An Incremental Approach for the Gravitational Clustering,Unsupervised Machine Learning,"[{'name': 'Jonatan Gomez', 'institution': 'Universidad Nacional de Colombia', 'subunit': 'Computer Systems Engineering Department', 'location': '', 'full_affiliation': 'Universidad Nacional de Colombia\nComputer Systems Engineering Department'}, {'name': 'Juan Peña-Kaltekis', 'institution': 'Universidad Nacional de Colombia', 'subunit': 'Computer Systems Engineering Department', 'location': '', 'full_affiliation': 'Universidad Nacional de Colombia\nComputer Systems Engineering Department'}, {'name': 'Nestor Romero-Leon', 'institution': 'Universidad Nacional de Colombia', 'subunit': 'Computer Systems Engineering Department', 'location': '', 'full_affiliation': 'Universidad Nacional de Colombia\nComputer Systems Engineering Department'}, {'name': 'Elizabeth Leon', 'institution': 'Universidad Nacional de Colombia', 'subunit': 'Computer Systems Engineering Department', 'location': '', 'full_affiliation': 'Universidad Nacional de Colombia\nComputer Systems Engineering Department'}]",2007_006_0043.png
On the Influence of Class Information in the Two-Stage Clustering of a Human Brain Tumour Dataset,Unsupervised Machine Learning,"[{'name': 'Raúl Cruz-Barbosa', 'institution': 'Universitat Politècnica de Catalunya | Universidad Tecnológica de la Mixteca', 'subunit': '', 'location': 'Barcelona, Spain | Huajuapan, Oaxaca, México', 'full_affiliation': 'Universitat Politècnica de Catalunya, Jordi Girona, 08034, Barcelona, Spain | Universidad Tecnológica de la Mixteca, Car. Acatlima km. 2.5, 69000, Huajuapan, Oaxaca, México'}, {'name': 'Alfredo Vellido', 'institution': 'Universitat Politècnica de Catalunya', 'subunit': '', 'location': 'Barcelona, Spain', 'full_affiliation': 'Universitat Politècnica de Catalunya, Jordi Girona, 08034, Barcelona, Spain'}]",2007_006_0044.png
Learning Collaboration Links in a Collaborative Fuzzy Clustering Environment,Fuzzy Logic & Fuzzy Systems,"[{'name': 'Rafael Falcon', 'institution': 'Universidad Central de Las Villas', 'subunit': 'Computer Science Department', 'location': 'Santa Clara, Cuba', 'full_affiliation': 'Computer Science Department, Universidad Central de Las Villas\nCarretera Camajuaní km 5 ½ Santa Clara, Cuba'}, {'name': 'Gwanggil Jeon', 'institution': 'Hanyang University', 'subunit': 'Dept. of Electronics and Computer Engineering', 'location': 'Seoul, Korea', 'full_affiliation': 'Dept. of Electronics and Computer Engineering, Hanyang University\n17 Haengdang-dong, Seongdong-gu, Seoul, Korea'}, {'name': 'Rafael Bello', 'institution': 'Universidad Central de Las Villas', 'subunit': 'Computer Science Department', 'location': 'Santa Clara, Cuba', 'full_affiliation': 'Computer Science Department, Universidad Central de Las Villas\nCarretera Camajuaní km 5 ½ Santa Clara, Cuba'}, {'name': 'Jechang Jeong', 'institution': 'Hanyang University', 'subunit': 'Dept. of Electronics and Computer Engineering', 'location': 'Seoul, Korea', 'full_affiliation': 'Dept. of Electronics and Computer Engineering, Hanyang University\n17 Haengdang-dong, Seongdong-gu, Seoul, Korea'}]",2007_006_0045.png
Algorithm for Graphical Bayesian Modeling Based on Multiple Regressions,Probabilistic & Statistical Reasoning,"[{'name': 'Ádamo L. de Santana', 'institution': 'Federal University of Para', 'subunit': 'Laboratory of High Performance Networks Planning', 'location': 'Belem, PA, Brazil', 'full_affiliation': 'Laboratory of High Performance Networks Planning, Federal University of Para\nR. Augusto Correa, 01, 66075-110, Belem, PA, Brazil'}, {'name': 'Carlos Renato L. Francês', 'institution': 'Federal University of Para', 'subunit': 'Laboratory of High Performance Networks Planning', 'location': 'Belem, PA, Brazil', 'full_affiliation': 'Laboratory of High Performance Networks Planning, Federal University of Para\nR. Augusto Correa, 01, 66075-110, Belem, PA, Brazil'}, {'name': 'João C. Weyl Costa', 'institution': 'Federal University of Para', 'subunit': 'Laboratory of High Performance Networks Planning', 'location': 'Belem, PA, Brazil', 'full_affiliation': 'Laboratory of High Performance Networks Planning, Federal University of Para\nR. Augusto Correa, 01, 66075-110, Belem, PA, Brazil'}]",2007_006_0046.png
Coordinating Returns Policies and Marketing Plans for Profit Optimization in E-Business Based on a Hybrid Data Mining Process,Data Mining & Knowledge Discovery,"[{'name': 'Chien-Chih Yu', 'institution': 'National ChengChi University', 'subunit': 'Dept. Of Management Information Systems', 'location': 'Taipei, Taiwan', 'full_affiliation': 'Dept. Of Management Information Systems, National ChengChi University, Taipei, Taiwan'}]",2007_006_0047.png
An EM Algorithm to Learn Sequences in the Wavelet Domain,Probabilistic & Statistical Reasoning,"[{'name': 'Diego H. Milone', 'institution': 'National University of Litoral', 'subunit': 'Signals and Computational Intelligence Laboratory - CONICET, Department of Informatics, Faculty of Engineering and Water Sciences', 'location': 'Santa Fe, Argentina', 'full_affiliation': 'Signals and Computational Intelligence Laboratory - CONICET, Department of Informatics, Faculty of Engineering and Water Sciences, National University of Litoral, Ciudad Universitaria, Santa Fe, Argentina'}, {'name': 'Leandro E. Di Persia', 'institution': 'National University of Litoral', 'subunit': 'Signals and Computational Intelligence Laboratory - CONICET, Department of Informatics, Faculty of Engineering and Water Sciences', 'location': 'Santa Fe, Argentina', 'full_affiliation': 'Signals and Computational Intelligence Laboratory - CONICET, Department of Informatics, Faculty of Engineering and Water Sciences, National University of Litoral, Ciudad Universitaria, Santa Fe, Argentina'}]",2007_006_0048.png
Assessment of Personal Importance Based on Social Networks,Data Mining & Knowledge Discovery,"[{'name': 'Przemysław Kazienko', 'institution': 'Wrocław University of Technology', 'subunit': 'Institute of Applied Computer Science', 'location': 'Wrocław, Poland', 'full_affiliation': 'Wrocław University of Technology, Institute of Applied Computer Science Wyb.Wyspiańskiego 27, 50-370 Wrocław, Poland'}, {'name': 'Katarzyna Musiał', 'institution': 'Wrocław University of Technology', 'subunit': 'Institute of Applied Computer Science', 'location': 'Wrocław, Poland', 'full_affiliation': 'Wrocław University of Technology, Institute of Applied Computer Science Wyb.Wyspiańskiego 27, 50-370 Wrocław, Poland'}]",2007_006_0049.png
Optimization Procedure for Predicting Nonlinear Time Series Based on a Non-Gaussian Noise Model,Neural Networks & Deep Learning,"[{'name': 'Frank Emmert-Streib', 'institution': 'Stowers Institute for Medical Research | University of Washington', 'subunit': '', 'location': 'Kansas City, MO, USA | Seattle, WA, USA', 'full_affiliation': 'Stowers Institute for Medical Research, 1000 E. 50th Street, Kansas City, MO 64110, USA | University of Washington, 1705 NE Pacific St, Box 355065, Seattle WA 98195-5065, USA'}, {'name': 'Matthias Dehmer', 'institution': 'Vienna University of Technology', 'subunit': 'Discrete Mathematics and Geometry', 'location': 'Vienna, Austria', 'full_affiliation': 'Discrete Mathematics and Geometry, Vienna University of Technology, Wiedner Hauptstrasse 8-10, A-1040 Vienna, Austria'}]",2007_006_0050.png
An Improved Training Algorithm of Neural Networks for Time Series Forecasting*,Neural Networks & Deep Learning,"[{'name': 'Daiping Hu', 'institution': 'Shanghai Jiaotong University', 'subunit': 'Antai College of Economics & Management', 'location': 'Shanghai, China', 'full_affiliation': 'Antai College of Economics & Management, Shanghai Jiaotong University, 200052 Shanghai, China'}, {'name': 'Ruiming Wu', 'institution': 'Shanghai Jiaotong University', 'subunit': 'Antai College of Economics & Management', 'location': 'Shanghai, China', 'full_affiliation': 'Antai College of Economics & Management, Shanghai Jiaotong University, 200052 Shanghai, China'}, {'name': 'Dezhi Chen', 'institution': 'Shanghai Jiaotong University', 'subunit': 'Antai College of Economics & Management', 'location': 'Shanghai, China', 'full_affiliation': 'Antai College of Economics & Management, Shanghai Jiaotong University, 200052 Shanghai, China'}, {'name': 'Huiming Dou', 'institution': 'Shanghai Jiaotong University', 'subunit': 'Antai College of Economics & Management', 'location': 'Shanghai, China', 'full_affiliation': 'Antai College of Economics & Management, Shanghai Jiaotong University, 200052 Shanghai, China'}]",2007_006_0051.png
Evolved Kernel Method for Time Series,Bio-inspired & Evolutionary Computing,"[{'name': 'Juan C. Cuevas-Tello', 'institution': 'Autonomous University of San Luis Potosí', 'subunit': 'Engineering Faculty', 'location': 'San Luis Potosí, México', 'full_affiliation': 'Engineering Faculty, Autonomous University of San Luis Potosí, México'}]",2007_006_0052.png
Using Ant Colony Optimization and Self-organizing Map for Image Segmentation,Computer Vision,"[{'name': 'Sara Saatchi', 'institution': 'Southern Polytechnic State University', 'subunit': 'School of Computing and Software Engineering', 'location': 'Marietta, GA, USA', 'full_affiliation': 'School of Computing and Software Engineering\nSouthern Polytechnic State University\n1100 South Marietta Parkway\nMarietta, GA 30060 USA'}, {'name': 'Chih-Cheng Hung', 'institution': 'Southern Polytechnic State University', 'subunit': 'School of Computing and Software Engineering', 'location': 'Marietta, GA, USA', 'full_affiliation': 'School of Computing and Software Engineering\nSouthern Polytechnic State University\n1100 South Marietta Parkway\nMarietta, GA 30060 USA'}]",2007_006_0053.png
Correspondence Regions and Structured Images,Computer Vision,"[{'name': 'Alberto Pastrana Palma', 'institution': 'University of East Anglia', 'subunit': '', 'location': 'Norwich, United Kingdom', 'full_affiliation': 'University of East Anglia\nNorwich, NR47TJ, United Kingdom'}, {'name': 'J. Andrew Bangham', 'institution': 'University of East Anglia', 'subunit': '', 'location': 'Norwich, United Kingdom', 'full_affiliation': 'University of East Anglia\nNorwich, NR47TJ, United Kingdom'}]",2007_006_0054.png
The Wavelet Based Contourlet Transform and Its Application to Feature Preserving Image Coding,Computer Vision,"[{'name': 'Osslan Osiris Vergara Villegas', 'institution': 'Universidad Autónoma de Ciudad Juárez', 'subunit': '', 'location': 'Ciudad Juárez, Chihuahua, México', 'full_affiliation': 'Universidad Autónoma de Ciudad Juárez (UACJ) Avenida del Charro No. 450 Norte, Ciudad Juárez Chihuahua México'}, {'name': 'Vianey Guadalupe Cruz Sánchez', 'institution': 'Centro Nacional de Investigación y Desarrollo Tecnológico', 'subunit': '', 'location': 'Cuernavaca, Morelos, México', 'full_affiliation': 'Centro Nacional de Investigación y Desarrollo Tecnológico (cenidet) Interior Internado Palmira S/N. Col. Palmira, Cuernavaca Morelos México'}]",2007_006_0055.png
Design of an Evolutionary Codebook Based on Morphological Associative Memories,Bio-inspired & Evolutionary Computing,"[{'name': 'Enrique Guzmán', 'institution': 'Universidad Tecnológica de la Mixteca', 'subunit': '', 'location': '', 'full_affiliation': 'Universidad Tecnológica de la Mixteca'}, {'name': 'Oleksiy Pogrebnyak', 'institution': 'Instituto Politécnico Nacional', 'subunit': 'Centro de Investigación en Computación', 'location': '', 'full_affiliation': 'Centro de Investigación en Computación del Instituto Politécnico Nacional'}, {'name': 'Cornelio Yañez', 'institution': 'Instituto Politécnico Nacional', 'subunit': 'Centro de Investigación en Computación', 'location': '', 'full_affiliation': 'Centro de Investigación en Computación del Instituto Politécnico Nacional'}]",2007_006_0056.png
A Shape-Based Model for Visual Information Retrieval,Computer Vision,"[{'name': 'Alberto Chávez-Aragón', 'institution': 'Universidad Autónoma de Tlaxcala', 'subunit': '', 'location': 'Apizaco, Tlaxcala, México', 'full_affiliation': 'Universidad Autónoma de Tlaxcala, Calzada Apizaquito s/n km. 1.5, Apizaco Tlaxcala, México'}, {'name': 'Oleg Starostenko', 'institution': 'Universidad de las Américas-Puebla', 'subunit': '', 'location': 'Sta. Catarina Mártir Cholula, Puebla, México', 'full_affiliation': 'Universidad de las Américas-Puebla, Sta. Catarina Mártir Cholula, Puebla, México'}]",2007_006_0057.png
An Indexing and Retrieval System of Historic Art Images Based on Fuzzy Shape Similarity,Fuzzy Logic & Fuzzy Systems,"[{'name': 'Wafa Maghrebi', 'institution': 'University of Sfax', 'subunit': 'REsearch Group on Intelligent Machines (REGIM), ENIS, DGE', 'location': 'Sfax, Tunisia', 'full_affiliation': 'REsearch Group on Intelligent Machines (REGIM) University of Sfax, ENIS, DGE, BP. W-3038, Sfax, Tunisia'}, {'name': 'Leila Baccour', 'institution': 'University of Sfax', 'subunit': 'REsearch Group on Intelligent Machines (REGIM), ENIS, DGE', 'location': 'Sfax, Tunisia', 'full_affiliation': 'REsearch Group on Intelligent Machines (REGIM) University of Sfax, ENIS, DGE, BP. W-3038, Sfax, Tunisia'}, {'name': 'Mohamed A. Khabou', 'institution': 'University of West Florida', 'subunit': 'Electrical and Computer Engineering Dept', 'location': 'Pensacola, FL, USA', 'full_affiliation': 'Electrical and Computer Engineering Dept, University of West Florida, 11000 University Parkway, Pensacola, FL 32514, USA'}, {'name': 'Adel M. Alimi', 'institution': 'University of Sfax', 'subunit': 'REsearch Group on Intelligent Machines (REGIM), ENIS, DGE', 'location': 'Sfax, Tunisia', 'full_affiliation': 'REsearch Group on Intelligent Machines (REGIM) University of Sfax, ENIS, DGE, BP. W-3038, Sfax, Tunisia'}]",2007_006_0058.png
PCB Inspection Using Image Processing and Wavelet Transform,Computer Vision,"[{'name': 'Joaquín Santoyo', 'institution': 'Universidad Tecnológica de Querétaro', 'subunit': '', 'location': 'Querétaro, Qro., México', 'full_affiliation': 'Universidad Tecnológica de Querétaro, Av. Pie de la Cuesta s/n Lomas de San Pedrito Peñuelas Querétaro, Qro. C.P. 76148 México'}, {'name': 'J. Carlos Pedraza', 'institution': 'Centro de Ingeniería y Desarrollo Industrial', 'subunit': '', 'location': 'Querétaro, Qro., México', 'full_affiliation': 'Centro de Ingeniería y Desarrollo Industrial, Av. Pie de la Cuesta No. 702 Desarrollo san Pablo, Querétaro, Qro. C.P. 76130 México'}, {'name': 'L. Felipe Mejía', 'institution': 'Universidad Tecnológica de Querétaro', 'subunit': '', 'location': 'Querétaro, Qro., México', 'full_affiliation': 'Universidad Tecnológica de Querétaro, Av. Pie de la Cuesta s/n Lomas de San Pedrito Peñuelas Querétaro, Qro. C.P. 76148 México'}, {'name': 'Alejandro Santoyo', 'institution': 'Universidad Autónoma de Querétaro', 'subunit': '', 'location': 'Querétaro, Qro., México', 'full_affiliation': 'Universidad Autónoma de Querétaro, Centro Universitario, Cerro de las Campanas Querétaro, Qro. C.P. 76010 México'}]",2007_006_0059.png
A Single-Frame Super-Resolution Innovative Approach,Computer Vision,"[{'name': 'Luz A. Torres-Méndez', 'institution': 'CINVESTAV', 'subunit': 'Campus Saltillo', 'location': 'Ramos Arizpe, Coahuila, México', 'full_affiliation': 'CINVESTAV Campus Saltillo, Ramos Arizpe, Coahuila, 25900, México'}, {'name': 'Marco I. Ramírez-Sosa Morán', 'institution': 'ITESM', 'subunit': 'Campus Saltillo', 'location': 'Saltillo, Coahuila, México', 'full_affiliation': 'ITESM Campus Saltillo, Saltillo, Coahuila, 25270, México'}, {'name': 'Mario Castelán', 'institution': 'CINVESTAV', 'subunit': 'Campus Saltillo', 'location': 'Ramos Arizpe, Coahuila, México', 'full_affiliation': 'CINVESTAV Campus Saltillo, Ramos Arizpe, Coahuila, 25900, México'}]",2007_006_0060.png
Shadows Attenuation for Robust Object Recognition,Computer Vision,"[{'name': 'J. Gabriel Aviña-Cervantes', 'institution': 'University of Guanajuato', 'subunit': 'Facultad de Ingeniería Mecánica, Eléctrica y Electrónica', 'location': 'Salamanca, Guanajuato, México', 'full_affiliation': 'University of Guanajuato. Facultad de Ingeniería Mecánica, Eléctrica y Electrónica, Avenida Tampico 912. Salamanca, Guanajuato. 36730, México'}, {'name': 'Leonardo Martínez-Jiménez', 'institution': 'University of Guanajuato', 'subunit': 'Facultad de Ingeniería Mecánica, Eléctrica y Electrónica', 'location': 'Salamanca, Guanajuato, México', 'full_affiliation': 'University of Guanajuato. Facultad de Ingeniería Mecánica, Eléctrica y Electrónica, Avenida Tampico 912. Salamanca, Guanajuato. 36730, México'}, {'name': 'Michel Devy', 'institution': 'LAAS-CNRS', 'subunit': ""Laboratoire d'Analyse et d'Architecture des Systèmes"", 'location': 'Toulouse, France', 'full_affiliation': ""Laboratoire d'Analyse et d'Architecture des Systèmes, LAAS-CNRS, 7, Avenue du Colonel Roche, 31077 Toulouse Cedex 4, France""}, {'name': 'Andres Hernández-Gutierrez', 'institution': 'University of Guanajuato', 'subunit': 'Facultad de Ingeniería Mecánica, Eléctrica y Electrónica', 'location': 'Salamanca, Guanajuato, México', 'full_affiliation': 'University of Guanajuato. Facultad de Ingeniería Mecánica, Eléctrica y Electrónica, Avenida Tampico 912. Salamanca, Guanajuato. 36730, México'}, {'name': 'Dora L. Almanza', 'institution': 'University of Guanajuato', 'subunit': 'Facultad de Ingeniería Mecánica, Eléctrica y Electrónica', 'location': 'Salamanca, Guanajuato, México', 'full_affiliation': 'University of Guanajuato. Facultad de Ingeniería Mecánica, Eléctrica y Electrónica, Avenida Tampico 912. Salamanca, Guanajuato. 36730, México'}, {'name': 'Mario A. Ibarra', 'institution': 'University of Guanajuato', 'subunit': 'Facultad de Ingeniería Mecánica, Eléctrica y Electrónica', 'location': 'Salamanca, Guanajuato, México', 'full_affiliation': 'University of Guanajuato. Facultad de Ingeniería Mecánica, Eléctrica y Electrónica, Avenida Tampico 912. Salamanca, Guanajuato. 36730, México'}]",2007_006_0061.png
Fuzzy Directional Adaptive Recursive Temporal Filter for Denoising of Video Sequences,Fuzzy Logic & Fuzzy Systems,"[{'name': 'Alberto Rosales-Silva', 'institution': 'National Polytechnic Institute of Mexico', 'subunit': 'ESIME-Culhuacan', 'location': 'Mexico D.F., Mexico', 'full_affiliation': 'National Polytechnic Institute of Mexico, Mechanical and Electrical Engineering Higher School, ESIME-Culhuacan; Av. Santa Ana 1000, Col. San Francisco Culhuacan, 04430, Mexico D.F., Mexico'}, {'name': 'Volodymyr Ponomaryov', 'institution': 'National Polytechnic Institute of Mexico', 'subunit': 'ESIME-Culhuacan', 'location': 'Mexico D.F., Mexico', 'full_affiliation': 'National Polytechnic Institute of Mexico, Mechanical and Electrical Engineering Higher School, ESIME-Culhuacan; Av. Santa Ana 1000, Col. San Francisco Culhuacan, 04430, Mexico D.F., Mexico'}, {'name': 'Francisco Gallegos-Funes', 'institution': 'National Polytechnic Institute of Mexico', 'subunit': 'ESIME-Zacatenco', 'location': 'Mexico D.F., Mexico', 'full_affiliation': 'National Polytechnic Institute of Mexico, Mechanical and Electrical Engineering Higher School, ESIME-Zacatenco; Av. IPN s/n, U.P.A.L.M. Col. Lindavista, 07738, Mexico D.F., Mexico'}]",2007_006_0062.png
Bars Problem Solving - New Neural Network Method and Comparison*,Neural Networks & Deep Learning,"[{'name': 'Václav Snášel', 'institution': 'VŠB – Technical University of Ostrava', 'subunit': 'Department of Computer Science, FEECS', 'location': 'Ostrava-Poruba, Czech Republic', 'full_affiliation': 'Department of Computer Science, FEECS, VŠB – Technical University of Ostrava, 17. listopadu 15, 708 33 Ostrava-Poruba, Czech Republic'}, {'name': 'Dušan Húsek', 'institution': 'Academy of Sciences of Czech Republic', 'subunit': 'Institute of Computer Science, Dept. of Neural Networks', 'location': 'Prague, Czech Republic', 'full_affiliation': 'Institute of Computer Science, Dept. of Neural Networks, Academy of Sciences of Czech Republic, Pod Vodárenskou věží 2, 182 07 Prague, Czech Republic'}, {'name': 'Alexander Frolov', 'institution': 'Russian Academy of Sciences', 'subunit': 'Institute of Higher Nervous Activity and Neurophysiology', 'location': 'Moscow, Russia', 'full_affiliation': 'Institute of Higher Nervous Activity and Neurophysiology, Russian Academy of Sciences, Butlerova 5a, 117 485 Moscow, Russia'}, {'name': 'Hana Řezanková', 'institution': 'University of Economics, Prague', 'subunit': 'Department of Statistics', 'location': 'Prague, Czech Republic', 'full_affiliation': 'Department of Statistics, University of Economics, Prague, W. Churchill sq. 4, 130 67 Prague, Czech Republic'}, {'name': 'Pavel Moravec', 'institution': 'VŠB – Technical University of Ostrava', 'subunit': 'Department of Computer Science, FEECS', 'location': 'Ostrava-Poruba, Czech Republic', 'full_affiliation': 'Department of Computer Science, FEECS, VŠB – Technical University of Ostrava, 17. listopadu 15, 708 33 Ostrava-Poruba, Czech Republic'}, {'name': 'Pavel Polyakov', 'institution': 'Russian Academy of Sciences', 'subunit': 'Institute of Optical Neural Technologies', 'location': 'Moscow, Russia', 'full_affiliation': 'Institute of Optical Neural Technologies, Russian Academy of Sciences, Vavilova 44, 119 333 Moscow, Russia'}]",2007_006_0063.png
A Coarse-and-Fine Bayesian Belief Propagation for Correspondence Problems in Computer Vision,Computer Vision,"[{'name': 'Preeyakorn Tipwai', 'institution': 'Rajamangala University of Technology Lanna', 'subunit': '', 'location': 'Chiangmai, Thailand', 'full_affiliation': 'Rajamangala University of Technology Lanna, Chiangmai 50300, Thailand'}, {'name': 'Suthep Madarasmi', 'institution': ""King Mingkut's University of Technology Thonburi"", 'subunit': '', 'location': 'Bangkok, Thailand', 'full_affiliation': ""King Mingkut's University of Technology Thonburi, Bangkok 10140, Thailand""}]",2007_006_0064.png
3D Object Recognition Based on Low Frequency Response and Random Feature Selection,Computer Vision,"[{'name': 'Roberto A. Vázquez', 'institution': 'Instituto Politécnico Nacional', 'subunit': 'Centro de Investigación en Computación', 'location': 'Ciudad de México, México', 'full_affiliation': 'Centro de Investigación en Computación – IPN Av. Juan de Dios Batiz, esquina con Miguel de Othon de Mendizábal Ciudad de México, 07738, México'}, {'name': 'Humberto Sossa', 'institution': 'Instituto Politécnico Nacional', 'subunit': 'Centro de Investigación en Computación', 'location': 'Ciudad de México, México', 'full_affiliation': 'Centro de Investigación en Computación – IPN Av. Juan de Dios Batiz, esquina con Miguel de Othon de Mendizábal Ciudad de México, 07738, México'}, {'name': 'Beatriz A. Garro', 'institution': 'Instituto Politécnico Nacional', 'subunit': 'Centro de Investigación en Computación', 'location': 'Ciudad de México, México', 'full_affiliation': 'Centro de Investigación en Computación – IPN Av. Juan de Dios Batiz, esquina con Miguel de Othon de Mendizábal Ciudad de México, 07738, México'}]",2007_006_0065.png
Image Processing for 3D Reconstruction Using a Modified Fourier Transform Profilometry Method,Computer Vision,"[{'name': 'Jesus Carlos Pedraza Ortega', 'institution': 'Centro de Ingenieria y Desarrollo Industrial', 'subunit': '', 'location': 'Queretaro, Qro., Mexico', 'full_affiliation': 'Centro de Ingenieria y Desarrollo Industrial, Av. Pie de la Cuesta No. 702 Desarrollo San Pablo, Queretaro, Qro. C.P. 76130 Mexico'}, {'name': 'Jose Wilfrido Rodriguez Moreno', 'institution': 'VALEO', 'subunit': 'Front End Module Division', 'location': 'Aguascalientes, Ags., Mexico', 'full_affiliation': 'VALEO - Front End Module Division, Carr. Fed. Ags. a Lagos de Moreno Km. 75, Aguascalientes, Ags. C.P. 20340 Mexico'}, {'name': 'Leonardo Barriga Rodriguez', 'institution': 'Centro de Ingenieria y Desarrollo Industrial', 'subunit': '', 'location': 'Queretaro, Qro., Mexico', 'full_affiliation': 'Centro de Ingenieria y Desarrollo Industrial, Av. Pie de la Cuesta No. 702 Desarrollo San Pablo, Queretaro, Qro. C.P. 76130 Mexico'}, {'name': 'Efren Gorrostieta Hurtado', 'institution': 'Universidad Autonoma de Queretaro', 'subunit': 'Centro Universitario', 'location': 'Queretaro, Qro., Mexico', 'full_affiliation': 'Universidad Autonoma de Queretaro, Centro Universitario, Cerro de las Campanas Queretaro, Qro. C.P. 76010 México'}, {'name': 'Tomas Salgado Jimenez', 'institution': 'Centro de Ingenieria y Desarrollo Industrial', 'subunit': '', 'location': 'Queretaro, Qro., Mexico', 'full_affiliation': 'Centro de Ingenieria y Desarrollo Industrial, Av. Pie de la Cuesta No. 702 Desarrollo San Pablo, Queretaro, Qro. C.P. 76130 Mexico'}, {'name': 'Juan Manuel Ramos Arreguin', 'institution': 'Universidad Tecnologica de San Juan del Rio', 'subunit': '', 'location': 'San Juan del Rio, Queretaro, México', 'full_affiliation': 'Universidad Tecnologica de San Juan del Rio, Av. La Palma 125, Col. Vista Hermosa, San Juan del Rio, Queretaro, Qro. C.P. 76800 México'}, {'name': 'Angel Rivas', 'institution': 'Universidad Autonoma de Nuevo Leon', 'subunit': 'FIME', 'location': 'San Nicolas de los Garza, Nuevo Leon, México', 'full_affiliation': 'Universidad Autonoma de Nuevo Leon - FIME, Av. Universidad s/n, Cd. Universitaria, San Nicolas de los Garza, Nuevo Leon, C.P. 66451 México'}]",2007_006_0066.png
3D Space Representation by Evolutive Algorithms,Bio-inspired & Evolutionary Computing,"[{'name': 'Rodrigo Montúfar-Chaveznava', 'institution': 'ITESM', 'subunit': 'GIRATE Group, Engineering Division, Campus Santa Fe', 'location': 'Ciudad de México, México', 'full_affiliation': 'GIRATE Group, Engineering Division, ITESM Campus Santa Fe, Av. Carlos Lazo 100, Col. Santa Fe, Del. Álvaro Obregón 01389 México D. F., México'}, {'name': 'Mónica Pérez-Meza', 'institution': 'Universidad de la Sierra Sur', 'subunit': '', 'location': 'Miahuatlán de Porfirio Díaz, Oaxaca, México', 'full_affiliation': 'Universidad de la Sierra Sur, Guillermo Rojas Mijangos s/n, Ciudad Universitaria, 70800 Miahuatlán de Porfirio Díaz, Oax., México'}]",2007_006_0067.png
Knowledge Acquisition and Automatic Generation of Rules for the Inference Machine CLIPS,Knowledge Representation & Reasoning,"[{'name': 'Veronica E. Arriola', 'institution': 'University of Mexico, UNAM', 'subunit': 'Sciences Faculty', 'location': '', 'full_affiliation': 'Sciences Faculty, University of Mexico, UNAM'}, {'name': 'Jesus Savage', 'institution': 'University of Mexico, UNAM', 'subunit': 'Laboratory of Biorobotics', 'location': '', 'full_affiliation': 'Laboratory of Biorobotics, University of Mexico, UNAM'}]",2007_006_0068.png
On-Line Rectification of Sport Sequences with Moving Cameras,Computer Vision,"[{'name': 'Jean-Bernard Hayet', 'institution': 'CIMAT, A.C.', 'subunit': '', 'location': 'Guanajuato, GTO., Mexico', 'full_affiliation': 'CIMAT, A.C., Jalisco S/N 36240 Guanajuato, GTO., Mexico'}, {'name': 'Justus Piater', 'institution': 'University of Liege', 'subunit': 'Institut Montefiore', 'location': 'Liege, Belgium', 'full_affiliation': 'Institut Montefiore, University of Liege 4000 Liege, Belgium'}]",2007_006_0069.png
A New Person Tracking Method for Human-Robot Interaction Intended for Mobile Devices*,Computer Vision,"[{'name': 'Rafael Muñoz-Salinas', 'institution': 'University of Córdoba', 'subunit': 'Department of Computing and Numerical Analysis', 'location': 'Spain', 'full_affiliation': 'Department of Computing and Numerical Analysis, University of Córdoba, Spain'}, {'name': 'Eugenio Aguirre', 'institution': 'University of Granada', 'subunit': 'Department of Computer Science and A.I.', 'location': 'Spain', 'full_affiliation': 'Department of Computer Science and A.I., University of Granada, Spain'}, {'name': 'Miguel García-Silvente', 'institution': 'University of Granada', 'subunit': 'Department of Computer Science and A.I.', 'location': 'Spain', 'full_affiliation': 'Department of Computer Science and A.I., University of Granada, Spain'}, {'name': 'Rui Paúl', 'institution': 'University of Granada', 'subunit': 'Department of Computer Science and A.I.', 'location': 'Spain', 'full_affiliation': 'Department of Computer Science and A.I., University of Granada, Spain'}]",2007_006_0070.png
Example-Based Face Shape Recovery Using the Zenith Angle of the Surface Normal,Computer Vision,"[{'name': 'Mario Castelán', 'institution': 'CINVESTAV', 'subunit': 'Campus Saltillo', 'location': 'Ramos Arizpe, Coahuila, México', 'full_affiliation': 'CINVESTAV Campus Saltillo, Ramos Arizpe 25900, Coahuila, México'}, {'name': 'Ana J. Almazán-Delfín', 'institution': 'Universidad Veracruzana', 'subunit': 'Facultad de Física e Inteligencia Artificial', 'location': 'Xalapa, Veracruz, México', 'full_affiliation': 'Universidad Veracruzana, Facultad de Física e Inteligencia Artificial, Xalapa 91000, Veracruz, México'}, {'name': 'Marco I. Ramírez-Sosa-Morán', 'institution': 'ITESM', 'subunit': 'Campus Saltillo', 'location': 'Saltillo, Coahuila, México', 'full_affiliation': 'ITESM, Campus Saltillo, Saltillo 25270, Coahuila, México'}, {'name': 'Luz A. Torres-Méndez', 'institution': 'CINVESTAV', 'subunit': 'Campus Saltillo', 'location': 'Ramos Arizpe, Coahuila, México', 'full_affiliation': 'CINVESTAV Campus Saltillo, Ramos Arizpe 25900, Coahuila, México'}]",2007_006_0071.png
Feature Extraction and Face Verification Using Gabor and Gaussian Mixture Models,Computer Vision,"[{'name': 'Jesus Olivares-Mercado', 'institution': 'Instituto Politécnico Nacional', 'subunit': 'ESIME Culhuacan', 'location': 'Mexico D.F., Mexico', 'full_affiliation': 'ESIME Culhuacan, Instituto Politécnico Nacional, Av. Santa Ana No. 1000, Col. San Francisco Culhuacan, 04430 Mexico D.F. Mexico'}, {'name': 'Gabriel Sanchez-Perez', 'institution': 'Instituto Politécnico Nacional', 'subunit': 'ESIME Culhuacan', 'location': 'Mexico D.F., Mexico', 'full_affiliation': 'ESIME Culhuacan, Instituto Politécnico Nacional, Av. Santa Ana No. 1000, Col. San Francisco Culhuacan, 04430 Mexico D.F. Mexico'}, {'name': 'Mariko Nakano-Miyatake', 'institution': 'Instituto Politécnico Nacional', 'subunit': 'ESIME Culhuacan', 'location': 'Mexico D.F., Mexico', 'full_affiliation': 'ESIME Culhuacan, Instituto Politécnico Nacional, Av. Santa Ana No. 1000, Col. San Francisco Culhuacan, 04430 Mexico D.F. Mexico'}, {'name': 'Hector Perez-Meana', 'institution': 'Instituto Politécnico Nacional', 'subunit': 'ESIME Culhuacan', 'location': 'Mexico D.F., Mexico', 'full_affiliation': 'ESIME Culhuacan, Instituto Politécnico Nacional, Av. Santa Ana No. 1000, Col. San Francisco Culhuacan, 04430 Mexico D.F. Mexico'}]",2007_006_0072.png
Lips Shape Extraction Via Active Shape Model and Local Binary Pattern,Computer Vision,"[{'name': 'Luis E. Morán L.', 'institution': 'Centro Nacional de Investigación y Desarrollo Tecnológico', 'subunit': '', 'location': 'Cuernavaca, Morelos, México', 'full_affiliation': 'Centro Nacional de Investigación y Desarrollo Tecnológico\nInterior internado Palmira s/n, Cuernavaca, Morelos, 62490 México'}, {'name': 'Raúl Pinto-Elías', 'institution': 'Centro Nacional de Investigación y Desarrollo Tecnológico', 'subunit': '', 'location': 'Cuernavaca, Morelos, México', 'full_affiliation': 'Centro Nacional de Investigación y Desarrollo Tecnológico\nInterior internado Palmira s/n, Cuernavaca, Morelos, 62490 México'}]",2007_006_0073.png
Continuous Stereo Gesture Recognition with Multi-layered Silhouette Templates and Support Vector Machines*,Computer Vision,"[{'name': 'Rafael Muñoz-Salinas', 'institution': 'University of Córdoba', 'subunit': 'Department of Computing and Numerical Analysis, Escuela Politéctnica Superior', 'location': 'Córdoba, Spain', 'full_affiliation': 'Department of Computing and Numerical Analysis. Escuela Politéctnica Superior University of Córdoba, 14071 Córdoba, Spain'}, {'name': 'Eugenio Aguirre', 'institution': 'University of Granada', 'subunit': 'Department. de Computer Science and Artificial Intelligence, E.T.S. Ingenieria Informatica', 'location': 'Granada, Spain', 'full_affiliation': 'Department. de Computer Science and Artificial Intelligence. E.T.S. Ingenieria Informatica University of Granada- 18071 Granada, Spain'}, {'name': 'Miguel García-Silvente', 'institution': 'University of Granada', 'subunit': 'Department. de Computer Science and Artificial Intelligence, E.T.S. Ingenieria Informatica', 'location': 'Granada, Spain', 'full_affiliation': 'Department. de Computer Science and Artificial Intelligence. E.T.S. Ingenieria Informatica University of Granada- 18071 Granada, Spain'}, {'name': 'Moises Gómez', 'institution': 'University of Granada', 'subunit': 'Department. de Computer Science and Artificial Intelligence, E.T.S. Ingenieria Informatica', 'location': 'Granada, Spain', 'full_affiliation': 'Department. de Computer Science and Artificial Intelligence. E.T.S. Ingenieria Informatica University of Granada- 18071 Granada, Spain'}]",2007_006_0074.png
Small-Time Local Controllability of a Differential Drive Robot with a Limited Sensor for Landmark-Based Navigation,Robotics,"[{'name': 'Rafael Murrieta-Cid', 'institution': 'Centro de Investigación en Matemáticas', 'subunit': 'CIMAT', 'location': 'Guanajuato, México', 'full_affiliation': 'Centro de Investigación en Matemáticas, CIMAT Guanajuato, México'}, {'name': 'Jean-Bernard Hayet', 'institution': 'Centro de Investigación en Matemáticas', 'subunit': 'CIMAT', 'location': 'Guanajuato, México', 'full_affiliation': 'Centro de Investigación en Matemáticas, CIMAT Guanajuato, México'}]",2007_006_0075.png
Learning Performance in Evolutionary Behavior Based Mobile Robot Navigation,Robotics,"[{'name': 'Tomás Arredondo V.', 'institution': 'Universidad Técnica Federico Santa María', 'subunit': 'Departamento de Electrónica', 'location': 'Valparaíso, Chile', 'full_affiliation': 'Universidad Técnica Federico Santa María, Valparaíso, Chile, Departamento de Electrónica, Casilla 110 V, Valparaíso, Chile'}, {'name': 'Wolfgang Freund', 'institution': 'Universidad Técnica Federico Santa María', 'subunit': 'Departamento de Electrónica', 'location': 'Valparaíso, Chile', 'full_affiliation': 'Universidad Técnica Federico Santa María, Valparaíso, Chile, Departamento de Electrónica, Casilla 110 V, Valparaíso, Chile'}, {'name': 'César Muñoz', 'institution': 'Universidad Técnica Federico Santa María', 'subunit': 'Departamento de Electrónica', 'location': 'Valparaíso, Chile', 'full_affiliation': 'Universidad Técnica Federico Santa María, Valparaíso, Chile, Departamento de Electrónica, Casilla 110 V, Valparaíso, Chile'}, {'name': 'Fernando Quirós', 'institution': 'Universidad Técnica Federico Santa María', 'subunit': 'Departamento de Electrónica', 'location': 'Valparaíso, Chile', 'full_affiliation': 'Universidad Técnica Federico Santa María, Valparaíso, Chile, Departamento de Electrónica, Casilla 110 V, Valparaíso, Chile'}]",2007_006_0076.png
Fuzzifying Clustering Algorithms: The Case Study of MajorClust,Unsupervised Machine Learning,"[{'name': 'Eugene Levner', 'institution': 'Holon Institute of Technology', 'subunit': '', 'location': 'Holon, Israel', 'full_affiliation': 'Holon Institute of Technology, Holon, Israel'}, {'name': 'David Pinto', 'institution': 'Universitat Politècnica de València (UPV) | Benemérita Universidad Autónoma de Puebla (BUAP)', 'subunit': 'Department of Information Systems and Computation | Faculty of Computer Science', 'location': 'Spain | Mexico', 'full_affiliation': 'Department of Information Systems and Computation, UPV, Spain | Faculty of Computer Science, BUAP, Mexico'}, {'name': 'Paolo Rosso', 'institution': 'Universitat Politècnica de València (UPV)', 'subunit': 'Department of Information Systems and Computation', 'location': 'Spain', 'full_affiliation': 'Department of Information Systems and Computation, UPV, Spain'}, {'name': 'David Alcaide', 'institution': 'Universidad de La Laguna', 'subunit': '', 'location': 'Tenerife, Spain', 'full_affiliation': 'Universidad de La Laguna, Tenerife, Spain'}, {'name': 'R.R.K. Sharma', 'institution': 'Indian Institute of Technology', 'subunit': '', 'location': 'Kanpur, India', 'full_affiliation': 'Indian Institute of Technology, Kanpur, India'}]",2007_006_0077.png
Taking Advantage of the Web for Text Classification with Imbalanaced Classes*,Natural Language Processing (NLP),"[{'name': 'Rafael Guzmán-Cabrera', 'institution': 'Universidad de Guanajuato', 'subunit': 'FIMEE', 'location': 'Mexico', 'full_affiliation': 'FIMEE, Universidad de Guanajuato, Mexico'}, {'name': 'Manuel Montes-y-Gómez', 'institution': 'Instituto Nacional de Astrofísica, Óptica y Electrónica', 'subunit': 'LTL', 'location': 'Mexico', 'full_affiliation': 'LTL, Instituto Nacional de Astrofísica, Óptica y Electrónica, Mexico'}, {'name': 'Paolo Rosso', 'institution': 'Universidad Politécnica de Valencia', 'subunit': 'DSIC', 'location': 'Spain', 'full_affiliation': 'DSIC, Universidad Politécnica de Valencia, Spain'}, {'name': 'Luis Villaseñor-Pineda', 'institution': 'Instituto Nacional de Astrofísica, Óptica y Electrónica', 'subunit': 'LTL', 'location': 'Mexico', 'full_affiliation': 'LTL, Instituto Nacional de Astrofísica, Óptica y Electrónica, Mexico'}]",2007_006_0078.png
A Classifier System for Author Recognition Using Synonym-Based Features,Natural Language Processing (NLP),"[{'name': 'Jonathan H. Clark', 'institution': 'Texas Christian University', 'subunit': 'Department of Computer Science', 'location': 'Fort Worth, Texas', 'full_affiliation': 'Department of Computer Science, Texas Christian University\nFort Worth, Texas 76129'}, {'name': 'Charles J. Hannon', 'institution': 'Texas Christian University', 'subunit': 'Department of Computer Science', 'location': 'Fort Worth, Texas', 'full_affiliation': 'Department of Computer Science, Texas Christian University\nFort Worth, Texas 76129'}]",2007_006_0079.png
Variants of Tree Kernels for XML Documents,Supervised Machine Learning,"[{'name': 'Peter Geibel', 'institution': 'University of Osnabrück', 'subunit': 'Institute of Cognitive Science, AI Group', 'location': 'Germany', 'full_affiliation': 'University of Osnabrück, Institute of Cognitive Science, AI Group, Germany'}, {'name': 'Helmar Gust', 'institution': 'University of Osnabrück', 'subunit': 'Institute of Cognitive Science, AI Group', 'location': 'Germany', 'full_affiliation': 'University of Osnabrück, Institute of Cognitive Science, AI Group, Germany'}, {'name': 'Kai-Uwe Kühnberger', 'institution': 'University of Osnabrück', 'subunit': 'Institute of Cognitive Science, AI Group', 'location': 'Germany', 'full_affiliation': 'University of Osnabrück, Institute of Cognitive Science, AI Group, Germany'}]",2007_006_0080.png
Textual Energy of Associative Memories: Performant Applications of Enertex Algorithm in Text Summarization and Topic Segmentation,Natural Language Processing (NLP),"[{'name': 'Silvia Fernández', 'institution': ""Laboratoire Informatique d'Avignon | Laboratoire de Physique des Matériaux"", 'subunit': '', 'location': 'Avignon, France | Nancy, France', 'full_affiliation': ""Laboratoire Informatique d'Avignon, BP 1228 F-84911 Avignon Cedex 9 France | Laboratoire de Physique des Matériaux, CNRS UMR 7556, Nancy, France""}, {'name': 'Eric SanJuan', 'institution': ""Laboratoire Informatique d'Avignon"", 'subunit': '', 'location': 'Avignon, France', 'full_affiliation': ""Laboratoire Informatique d'Avignon, BP 1228 F-84911 Avignon Cedex 9 France""}, {'name': 'Juan Manuel Torres-Moreno', 'institution': ""Laboratoire Informatique d'Avignon | École Polytechnique de Montréal"", 'subunit': 'Département de génie informatique', 'location': 'Avignon, France | Montréal, Québec, Canada', 'full_affiliation': ""Laboratoire Informatique d'Avignon, BP 1228 F-84911 Avignon Cedex 9 France | École Polytechnique de Montréal - Département de génie informatique CP 6079 Succ. Centre Ville H3C 3A7, Montréal (Québec), Canada""}]",2007_006_0081.png
"A New Hybrid Summarizer Based on Vector Space Model, Statistical Physics and Linguistics",Natural Language Processing (NLP),"[{'name': 'Iria da Cunha', 'institution': 'Universitat Pompeu Fabra', 'subunit': 'Institute for Applied Linguistics', 'location': 'Barcelona, España', 'full_affiliation': 'Institute for Applied Linguistics, Universitat Pompeu Fabra, Barcelona, España'}, {'name': 'Silvia Fernández', 'institution': ""Laboratoire Informatique d'Avignon | Laboratoire de Physique des Matériaux, CNRS UMR 7556"", 'subunit': '', 'location': 'Avignon, France | Nancy, France', 'full_affiliation': ""Laboratoire Informatique d'Avignon, BP1228, 84911 Avignon Cedex 9, France | Laboratoire de Physique des Matériaux, CNRS UMR 7556, Nancy, France""}, {'name': 'Patricia Velázquez Morales', 'institution': '', 'subunit': '', 'location': '', 'full_affiliation': ''}, {'name': 'Jorge Vivaldi', 'institution': 'Universitat Pompeu Fabra', 'subunit': 'Institute for Applied Linguistics', 'location': 'Barcelona, España', 'full_affiliation': 'Institute for Applied Linguistics, Universitat Pompeu Fabra, Barcelona, España'}, {'name': 'Eric SanJuan', 'institution': ""Laboratoire Informatique d'Avignon"", 'subunit': '', 'location': 'Avignon, France', 'full_affiliation': ""Laboratoire Informatique d'Avignon, BP1228, 84911 Avignon Cedex 9, France""}, {'name': 'Juan Manuel Torres-Moreno', 'institution': ""Laboratoire Informatique d'Avignon | École Polytechnique de Montréal"", 'subunit': 'DGI', 'location': 'Avignon, France | Montréal (Québec), Canada', 'full_affiliation': ""Laboratoire Informatique d'Avignon, BP1228, 84911 Avignon Cedex 9, France | École Polytechnique de Montréal/DGI, Montréal (Québec), Canada""}]",2007_006_0082.png
Graph Decomposition Approaches for Terminology Graphs,Natural Language Processing (NLP),"[{'name': 'Mohamed Didi Biha', 'institution': 'LANLG', 'subunit': '', 'location': 'Avignon, France', 'full_affiliation': 'LANLG, 33 rue Louis Pasteur, 84000 Avignon, France'}, {'name': 'Bangaly Kaba', 'institution': 'Université Blaise Pascal', 'subunit': 'LIMOS', 'location': 'Clermont 2, Aubiere, France', 'full_affiliation': 'LIMOS, Université Blaise Pascal Clermont 2, 63177 AUBIERE cedex, France'}, {'name': 'Marie-Jean Meurs', 'institution': 'Université d’Avignon', 'subunit': 'LIA', 'location': 'Avignon, France', 'full_affiliation': 'LIA, Université d’Avignon, BP 1228 84911 Avignon, Cedex 9, France'}, {'name': 'Eric SanJuan', 'institution': 'Université d’Avignon', 'subunit': 'LIA', 'location': 'Avignon, France', 'full_affiliation': 'LIA, Université d’Avignon, BP 1228 84911 Avignon, Cedex 9, France'}]",2007_006_0083.png
An Improved Fast Algorithm of Frequent String Extracting with no Thesaurus,Natural Language Processing (NLP),"[{'name': 'Yumeng Zhang', 'institution': 'Shanghai Jiao Tong University | Ningbo University', 'subunit': 'Department of Computer Science and Engineering | School of Business', 'location': 'Shanghai, China | Ningbo, China', 'full_affiliation': 'Department of Computer Science and Engineering, Shanghai Jiao Tong University, Shanghai, 200030, China | School of Business, Ningbo University, Ningbo, 315211, China'}, {'name': 'Chuanhan Liu', 'institution': 'Shanghai Jiao Tong University', 'subunit': 'Department of Computer Science and Engineering', 'location': 'Shanghai, China', 'full_affiliation': 'Department of Computer Science and Engineering, Shanghai Jiao Tong University, Shanghai, 200030, China'}]",2007_006_0084.png
Using Lexical Patterns for Extracting Hyponyms from the Web*,Natural Language Processing (NLP),"[{'name': 'Rosa M. Ortega-Mendoza', 'institution': 'Instituto Nacional de Astrofísica, Óptica y Electrónica', 'subunit': 'Laboratorio de Tecnologías del Lenguaje', 'location': 'México', 'full_affiliation': 'Laboratorio de Tecnologías del Lenguaje, Instituto Nacional de Astrofísica, Óptica y Electrónica, México'}, {'name': 'Luis Villaseñor-Pineda', 'institution': 'Instituto Nacional de Astrofísica, Óptica y Electrónica', 'subunit': 'Laboratorio de Tecnologías del Lenguaje', 'location': 'México', 'full_affiliation': 'Laboratorio de Tecnologías del Lenguaje, Instituto Nacional de Astrofísica, Óptica y Electrónica, México'}, {'name': 'Manuel Montes-y-Gómez', 'institution': 'Instituto Nacional de Astrofísica, Óptica y Electrónica', 'subunit': 'Laboratorio de Tecnologías del Lenguaje', 'location': 'México', 'full_affiliation': 'Laboratorio de Tecnologías del Lenguaje, Instituto Nacional de Astrofísica, Óptica y Electrónica, México'}]",2007_006_0085.png
On the Usage of Morphological Tags for Grammar Induction*,Natural Language Processing (NLP),"[{'name': 'Omar Juárez Gambino', 'institution': 'National Polytechnic Institute', 'subunit': 'Center for Computing Research', 'location': 'México, D.F., México', 'full_affiliation': 'Center for Computing Research, National Polytechnic Institute, Av. Juan de Dios Bátiz s/n, esq. Av. Othón de Mendizábal, México, D.F., 07738. México'}, {'name': 'Hiram Calvo', 'institution': 'National Polytechnic Institute', 'subunit': 'Center for Computing Research', 'location': 'México, D.F., México', 'full_affiliation': 'Center for Computing Research, National Polytechnic Institute, Av. Juan de Dios Bátiz s/n, esq. Av. Othón de Mendizábal, México, D.F., 07738. México'}]",2007_006_0086.png
Web-Based Model for Disambiguation of Prepositional Phrase Usage*,Natural Language Processing (NLP),"[{'name': 'Sofía N. Galicia-Haro', 'institution': 'UNAM', 'subunit': 'Faculty of Sciences', 'location': 'Mexico City, Mexico', 'full_affiliation': 'Faculty of Sciences UNAM Universitary City, Mexico City, Mexico'}, {'name': 'Alexander Gelbukh', 'institution': 'National Polytechnic Institute', 'subunit': 'Center for Computing Research', 'location': 'Mexico', 'full_affiliation': 'Center for Computing Research, National Polytechnic Institute, Mexico'}]",2007_006_0087.png
Identification of Chinese Verb Nominalization Using Support Vector Machine,Natural Language Processing (NLP),"[{'name': 'Jinglei Zhao', 'institution': 'Shanghai Jiao Tong University', 'subunit': 'Department of Computer Science', 'location': 'Shanghai, China', 'full_affiliation': 'Department of Computer Science\nShanghai Jiao Tong University\n800 Dongchuan Road Shanghai, China'}, {'name': 'Changxiong Chen', 'institution': 'Shanghai Jiao Tong University', 'subunit': 'Department of Computer Science', 'location': 'Shanghai, China', 'full_affiliation': 'Department of Computer Science\nShanghai Jiao Tong University\n800 Dongchuan Road Shanghai, China'}, {'name': 'Hui Liu', 'institution': 'Shanghai Jiao Tong University', 'subunit': 'Department of Computer Science', 'location': 'Shanghai, China', 'full_affiliation': 'Department of Computer Science\nShanghai Jiao Tong University\n800 Dongchuan Road Shanghai, China'}, {'name': 'Ruzhan Lu', 'institution': 'Shanghai Jiao Tong University', 'subunit': 'Department of Computer Science', 'location': 'Shanghai, China', 'full_affiliation': 'Department of Computer Science\nShanghai Jiao Tong University\n800 Dongchuan Road Shanghai, China'}]",2007_006_0088.png
Enrichment of Automatically Generated Texts Using Metaphor,Natural Language Processing (NLP),"[{'name': 'Raquel Hervás', 'institution': 'Universidad Complutense de Madrid', 'subunit': 'Instituto de Tecnologías del Conocimiento', 'location': 'Madrid, Spain', 'full_affiliation': 'Instituto de Tecnologías del Conocimiento, Universidad Complutense de Madrid, Spain'}, {'name': 'Rui P. Costa', 'institution': 'University of Coimbra', 'subunit': 'CISUC, Department of Informatics Engineering', 'location': 'Coimbra, Portugal', 'full_affiliation': 'CISUC, Department of Informatics Engineering, University of Coimbra, Portugal'}, {'name': 'Hugo Costa', 'institution': 'University of Coimbra', 'subunit': 'CISUC, Department of Informatics Engineering', 'location': 'Coimbra, Portugal', 'full_affiliation': 'CISUC, Department of Informatics Engineering, University of Coimbra, Portugal'}, {'name': 'Pablo Gervás', 'institution': 'Universidad Complutense de Madrid', 'subunit': 'Instituto de Tecnologías del Conocimiento', 'location': 'Madrid, Spain', 'full_affiliation': 'Instituto de Tecnologías del Conocimiento, Universidad Complutense de Madrid, Spain'}, {'name': 'Francisco C. Pereira', 'institution': 'University of Coimbra', 'subunit': 'CISUC, Department of Informatics Engineering', 'location': 'Coimbra, Portugal', 'full_affiliation': 'CISUC, Department of Informatics Engineering, University of Coimbra, Portugal'}]",2007_006_0089.png
An Integrated Reordering Model for Statistical Machine Translation,Natural Language Processing (NLP),"[{'name': 'Wen-Han Chao', 'institution': 'National Laboratory for Parallel and Distributed Processing', 'subunit': '', 'location': 'Changsha, China', 'full_affiliation': 'National Laboratory for Parallel and Distributed Processing, Changsha, China'}, {'name': 'Zhou-Jun Li', 'institution': 'Beihang University', 'subunit': 'School of Computer Science and Engineering', 'location': 'China', 'full_affiliation': 'School of Computer Science and Engineering, Beihang University, China'}, {'name': 'Yue-Xin Chen', 'institution': 'National Laboratory for Parallel and Distributed Processing', 'subunit': '', 'location': 'Changsha, China', 'full_affiliation': 'National Laboratory for Parallel and Distributed Processing, Changsha, China'}]",2007_006_0090.png
Hobbs’ Algorithm for Pronoun Resolution in Portuguese,Natural Language Processing (NLP),"[{'name': 'Denis Neves de Arruda Santos', 'institution': 'State University of Campinas', 'subunit': 'Institute of Computing', 'location': 'Campinas, SP, Brazil', 'full_affiliation': 'Institute of Computing, State University of Campinas, Caixa Postal 6176, 13083-970, Campinas, SP, Brazil'}, {'name': 'Ariadne Maria Brito Rizzoni Carvalho', 'institution': 'State University of Campinas', 'subunit': 'Institute of Computing', 'location': 'Campinas, SP, Brazil', 'full_affiliation': 'Institute of Computing, State University of Campinas, Caixa Postal 6176, 13083-970, Campinas, SP, Brazil'}]",2007_006_0091.png
Automatic Acquisition of Attribute Host by Selectional Constraint Resolution,Natural Language Processing (NLP),"[{'name': 'Jinglei Zhao', 'institution': 'Shanghai Jiao Tong University', 'subunit': 'Department of Computer Science', 'location': 'Shanghai, China', 'full_affiliation': 'Department of Computer Science\nShanghai Jiao Tong University\n800 Dongchuan Road Shanghai, China'}, {'name': 'Hui Liu', 'institution': 'Shanghai Jiao Tong University', 'subunit': 'Department of Computer Science', 'location': 'Shanghai, China', 'full_affiliation': 'Department of Computer Science\nShanghai Jiao Tong University\n800 Dongchuan Road Shanghai, China'}, {'name': 'Ruzhan Lu', 'institution': 'Shanghai Jiao Tong University', 'subunit': 'Department of Computer Science', 'location': 'Shanghai, China', 'full_affiliation': 'Department of Computer Science\nShanghai Jiao Tong University\n800 Dongchuan Road Shanghai, China'}]",2007_006_0092.png
E-Gen: Automatic Job Offer Processing System for Human Resources,Natural Language Processing (NLP),"[{'name': 'Rémy Kessler', 'institution': 'Laboratoire Informatique d’Avignon | AKTOR Interactive', 'subunit': '', 'location': 'Avignon, France | Saint Priest, France', 'full_affiliation': 'Laboratoire Informatique d’Avignon, BP 1228 F-84911 Avignon Cedex 9 France | AKTOR Interactive Parc Technologique 12, allée Irène Joliot Curie Bâtiment B3 69800 Saint Priest France'}, {'name': 'Juan Manuel Torres-Moreno', 'institution': 'Laboratoire Informatique d’Avignon | École Polytechnique de Montréal', 'subunit': 'Département de génie informatique', 'location': 'Avignon, France | Montréal, Québec, Canada', 'full_affiliation': 'Laboratoire Informatique d’Avignon, BP 1228 F-84911 Avignon Cedex 9 France | École Polytechnique de Montréal - Département de génie informatique CP 6079 Succ. Centre Ville H3C 3A7, Montréal (Québec), Canada'}, {'name': 'Marc El-Bèze', 'institution': 'Laboratoire Informatique d’Avignon', 'subunit': '', 'location': 'Avignon, France', 'full_affiliation': 'Laboratoire Informatique d’Avignon, BP 1228 F-84911 Avignon Cedex 9 France'}]",2007_006_0093.png
How Context and Semantic Information Can Help a Machine Learning System?,Natural Language Processing (NLP),"[{'name': 'Sonia Vázquez', 'institution': 'Universidad de Alicante', 'subunit': 'Departamento de Lenguajes y Sistemas Informáticos', 'location': '', 'full_affiliation': 'Departamento de Lenguajes y Sistemas Informáticos\nUniversidad de Alicante'}, {'name': 'Zornitsa Kozareva', 'institution': 'Universidad de Alicante', 'subunit': 'Departamento de Lenguajes y Sistemas Informáticos', 'location': '', 'full_affiliation': 'Departamento de Lenguajes y Sistemas Informáticos\nUniversidad de Alicante'}, {'name': 'Andrés Montoyo', 'institution': 'Universidad de Alicante', 'subunit': 'Departamento de Lenguajes y Sistemas Informáticos', 'location': '', 'full_affiliation': 'Departamento de Lenguajes y Sistemas Informáticos\nUniversidad de Alicante'}]",2007_006_0094.png
Auditory Cortical Representations of Speech Signals for Phoneme Classification,Natural Language Processing (NLP),"[{'name': 'Hugo L. Rufiner', 'institution': 'Universidad Nacional del Litoral', 'subunit': 'Laboratorio de Señales e INteligencia Computacional (SINC), Depto Informática, Facultad de Ingeniería y Cs Hídricas | Facultad de Ingeniería, Universidad Nacional de Entre Ríos', 'location': 'Santa Fe, Argentina | Argentina', 'full_affiliation': 'Laboratorio de Señales e INteligencia Computacional (SINC), Depto Informática, Facultad de Ingeniería y Cs Hídricas - Universidad Nacional del Litoral, CC 217, Ciudad Universitaria, Paraje El Pozo, S3000 Santa Fe, Argentina | Facultad de Ingeniería, Universidad Nacional de Entre Ríos, Argentina'}, {'name': 'César E. Martínez', 'institution': 'Universidad Nacional del Litoral', 'subunit': 'Laboratorio de Señales e INteligencia Computacional (SINC), Depto Informática, Facultad de Ingeniería y Cs Hídricas | Facultad de Ingeniería, Universidad Nacional de Entre Ríos', 'location': 'Santa Fe, Argentina | Argentina', 'full_affiliation': 'Laboratorio de Señales e INteligencia Computacional (SINC), Depto Informática, Facultad de Ingeniería y Cs Hídricas - Universidad Nacional del Litoral, CC 217, Ciudad Universitaria, Paraje El Pozo, S3000 Santa Fe, Argentina | Facultad de Ingeniería, Universidad Nacional de Entre Ríos, Argentina'}, {'name': 'Diego H. Milone', 'institution': 'Universidad Nacional de Entre Ríos', 'subunit': 'Facultad de Ingeniería', 'location': 'Argentina', 'full_affiliation': 'Facultad de Ingeniería, Universidad Nacional de Entre Ríos, Argentina'}, {'name': 'John Goddard', 'institution': 'UAM-Iztapalapa', 'subunit': 'Dpto. de Ingeniería Eléctrica', 'location': 'México', 'full_affiliation': 'Dpto. de Ingeniería Eléctrica - UAM-Iztapalapa, México'}]",2007_006_0095.png
Using Adaptive Filter and Wavelets to Increase Automatic Speech Recognition Rate in Noisy Environment,Natural Language Processing (NLP),"[{'name': 'José Luis Oropeza Rodríguez', 'institution': 'National Polytechnic Institute', 'subunit': 'Center for Computing Research', 'location': 'Mexico', 'full_affiliation': 'Center for Computing Research, National Polytechnic Institute, Juan de Dios Batiz esq Miguel Othon de Mendizabal s/n, P.O. 07038, Mexico'}, {'name': 'Sergio Suárez Guerra', 'institution': 'National Polytechnic Institute', 'subunit': 'Center for Computing Research', 'location': 'Mexico', 'full_affiliation': 'Center for Computing Research, National Polytechnic Institute, Juan de Dios Batiz esq Miguel Othon de Mendizabal s/n, P.O. 07038, Mexico'}]",2007_006_0096.png
Spoken Commands in a Smart Home: An Iterative Approach to the Sphinx Algorithm,Natural Language Processing (NLP),"[{'name': 'Michael Denkowski', 'institution': 'Texas Christian University', 'subunit': '', 'location': 'Fort Worth, Texas, USA', 'full_affiliation': 'Texas Christian University, Fort Worth, Texas, 76129, USA'}, {'name': 'Charles Hannon', 'institution': 'Texas Christian University', 'subunit': '', 'location': 'Fort Worth, Texas, USA', 'full_affiliation': 'Texas Christian University, Fort Worth, Texas, 76129, USA'}, {'name': 'Antonio Sanchez', 'institution': 'Texas Christian University', 'subunit': '', 'location': 'Fort Worth, Texas, USA', 'full_affiliation': 'Texas Christian University, Fort Worth, Texas, 76129, USA'}]",2007_006_0097.png
Emotion Estimation Algorithm Based on Interpersonal Emotion Included in Emotional Dialogue Sentences,Natural Language Processing (NLP),"[{'name': 'Kazuyuki Matsumoto', 'institution': 'The University of Tokushima', 'subunit': 'Faculty of Engineering', 'location': 'Tokushimashi, Japan', 'full_affiliation': 'Faculty of Engineering, The University of Tokushima, Tokushimashi 770-8506, Japan'}, {'name': 'Fuji Ren', 'institution': 'The University of Tokushima | Beijing University of Posts and Telecommunications', 'subunit': 'Faculty of Engineering | ', 'location': 'Tokushimashi, Japan | Beijing, China', 'full_affiliation': 'Faculty of Engineering, The University of Tokushima, Tokushimashi 770-8506, Japan | Beijing University of Posts and Telecommunications, Beijing, 100876, China'}, {'name': 'Shingo Kuroiwa', 'institution': 'The University of Tokushima', 'subunit': 'Faculty of Engineering', 'location': 'Tokushimashi, Japan', 'full_affiliation': 'Faculty of Engineering, The University of Tokushima, Tokushimashi 770-8506, Japan'}, {'name': 'Seiji Tsuchiya', 'institution': 'The University of Tokushima', 'subunit': 'Faculty of Engineering', 'location': 'Tokushimashi, Japan', 'full_affiliation': 'Faculty of Engineering, The University of Tokushima, Tokushimashi 770-8506, Japan'}]",2007_006_0098.png
The Framework of Mental State Transition Analysis,Neural Networks & Deep Learning,"[{'name': 'Peilin Jiang', 'institution': ""The University of Tokushima | Xi'an Jiaotong University"", 'subunit': '', 'location': ""Tokushima, Japan | Xi'an, 710049, China"", 'full_affiliation': ""1 The University of Tokushima, Tokushima, Japan | 2 Xi'an Jiaotong University, Xi'an, 710049, China""}, {'name': 'Hua Xiang', 'institution': 'The University of Tokushima', 'subunit': '', 'location': 'Tokushima, Japan', 'full_affiliation': '1 The University of Tokushima, Tokushima, Japan'}, {'name': 'Fuji Ren', 'institution': 'The University of Tokushima', 'subunit': '', 'location': 'Tokushima, Japan', 'full_affiliation': '1 The University of Tokushima, Tokushima, Japan'}, {'name': 'Shingo Kuroiwa', 'institution': 'The University of Tokushima', 'subunit': '', 'location': 'Tokushima, Japan', 'full_affiliation': '1 The University of Tokushima, Tokushima, Japan'}, {'name': 'Nanning Zheng', 'institution': ""Xi'an Jiaotong University"", 'subunit': '', 'location': ""Xi'an, 710049, China"", 'full_affiliation': ""2 Xi'an Jiaotong University, Xi'an, 710049, China""}]",2007_006_0099.png
Integration of Symmetry and Macro-operators in Planning,Heuristic Search & Optimization,"[{'name': 'Amirali Houshmandan', 'institution': 'Sharif University of Technology', 'subunit': 'Department of Computer Engineering', 'location': 'Tehran, Iran', 'full_affiliation': 'Sharif University of Technology, Department of Computer Engineering, Tehran, Iran'}, {'name': 'Gholamreza Ghassem-Sani', 'institution': 'Sharif University of Technology', 'subunit': 'Department of Computer Engineering', 'location': 'Tehran, Iran', 'full_affiliation': 'Sharif University of Technology, Department of Computer Engineering, Tehran, Iran'}, {'name': 'Hootan Nakhost', 'institution': 'Sharif University of Technology', 'subunit': 'Department of Computer Engineering', 'location': 'Tehran, Iran', 'full_affiliation': 'Sharif University of Technology, Department of Computer Engineering, Tehran, Iran'}]",2007_006_0100.png
Planning by Guided Hill-Climbing,Heuristic Search & Optimization,"[{'name': 'Seyed Ali Akramifar', 'institution': 'Sharif University of Technology', 'subunit': 'Computer Engineering Department', 'location': 'Tehran, Iran', 'full_affiliation': 'Computer Engineering Department, Sharif University of Technology, P.O. Box 11365-9517, Tehran, Iran'}, {'name': 'Gholamreza Ghassem-Sani', 'institution': 'Sharif University of Technology', 'subunit': 'Computer Engineering Department', 'location': 'Tehran, Iran', 'full_affiliation': 'Computer Engineering Department, Sharif University of Technology, P.O. Box 11365-9517, Tehran, Iran'}]",2007_006_0101.png
DiPro: An Algorithm for the Packing in Product Transportation Problems with Multiple Loading and Routing Variants*,Heuristic Search & Optimization,"[{'name': 'Laura Cruz Reyes', 'institution': 'Instituto Tecnológico de Ciudad Madero', 'subunit': '', 'location': 'Ciudad Madero, México', 'full_affiliation': 'Instituto Tecnológico de Ciudad Madero, México'}, {'name': 'Diana M. Nieto-Yáñez', 'institution': 'Instituto Tecnológico de Ciudad Madero', 'subunit': '', 'location': 'Ciudad Madero, México', 'full_affiliation': 'Instituto Tecnológico de Ciudad Madero, México'}, {'name': 'Nelson Rangel-Valdez', 'institution': 'Instituto Tecnológico de Ciudad Madero', 'subunit': '', 'location': 'Ciudad Madero, México', 'full_affiliation': 'Instituto Tecnológico de Ciudad Madero, México'}, {'name': 'Juan A. Herrera Ortiz', 'institution': 'Instituto Tecnológico de Ciudad Madero', 'subunit': '', 'location': 'Ciudad Madero, México', 'full_affiliation': 'Instituto Tecnológico de Ciudad Madero, México'}, {'name': 'J. González B.', 'institution': 'Instituto Tecnológico de Ciudad Madero', 'subunit': '', 'location': 'Ciudad Madero, México', 'full_affiliation': 'Instituto Tecnológico de Ciudad Madero, México'}, {'name': 'Guadalupe Castilla Valdez', 'institution': 'Instituto Tecnológico de Ciudad Madero', 'subunit': '', 'location': 'Ciudad Madero, México', 'full_affiliation': 'Instituto Tecnológico de Ciudad Madero, México'}, {'name': 'J. Francisco Delgado-Orta', 'institution': 'Instituto Tecnológico de Ciudad Madero', 'subunit': '', 'location': 'Ciudad Madero, México', 'full_affiliation': 'Instituto Tecnológico de Ciudad Madero, México'}]",2007_006_0102.png
On the Performance of Deterministic Sampling in Probabilistic Roadmap Planning,Robotics,"[{'name': 'Abraham Sánchez L.', 'institution': 'BUAP', 'subunit': 'Facultad de Ciencias de la Computación', 'location': 'Puebla, Pue., México', 'full_affiliation': 'Facultad de Ciencias de la Computación, BUAP 14 Sur esq. San Claudio, CP 72570 Puebla, Pue., México'}, {'name': 'Roberto Juarez G.', 'institution': 'BUAP', 'subunit': 'Facultad de Ciencias de la Computación', 'location': 'Puebla, Pue., México', 'full_affiliation': 'Facultad de Ciencias de la Computación, BUAP 14 Sur esq. San Claudio, CP 72570 Puebla, Pue., México'}, {'name': 'Maria A. Osorio L.', 'institution': 'BUAP', 'subunit': 'Facultad de Ciencias de la Computación', 'location': 'Puebla, Pue., México', 'full_affiliation': 'Facultad de Ciencias de la Computación, BUAP 14 Sur esq. San Claudio, CP 72570 Puebla, Pue., México'}]",2007_006_0103.png
Hybrid Evolutionary Algorithm for Flowtime Minimisation in No-Wait Flowshop Scheduling,Bio-inspired & Evolutionary Computing,"[{'name': 'Geraldo Ribeiro Filho', 'institution': 'Faculdade Bandeirantes de Educação Superior', 'subunit': '', 'location': 'Suzano, SP, Brazil', 'full_affiliation': 'Faculdade Bandeirantes de Educação Superior\nR. José Correia Gonçalves, 57\n08675-130, Suzano - SP - Brazil'}, {'name': 'Marcelo Seido Nagano', 'institution': 'Universidade de São Paulo', 'subunit': 'Escola de Engenharia de São Carlos', 'location': 'São Carlos, SP, Brazil', 'full_affiliation': 'Escola de Engenharia de São Carlos - USP\nAv. Trabalhador São-Carlense, 400\n13566-590, São Carlos - SP - Brazil'}, {'name': 'Luiz Antonio Nogueira Lorena', 'institution': 'Instituto Nacional de Pesquisas Espaciais', 'subunit': 'INPE/LAC', 'location': 'São José dos Campos, SP, Brazil', 'full_affiliation': 'Instituto Nacional de Pesquisas Espaciais - INPE/LAC\nAv. dos Astronautas, 1758\n12227-010, São José dos Campos - SP - Brazil'}]",2007_006_0104.png
Enhancing Supply Chain Decisions Using Constraint Programming: A Case Study,Heuristic Search & Optimization,"[{'name': 'Luiz C.A. Rodrigues', 'institution': 'Federal University of Technology – Paraná (UTFPR)', 'subunit': 'Mechanical Engineering Department', 'location': 'Curitiba, PR, Brazil', 'full_affiliation': 'Federal University of Technology – Paraná (UTFPR), Mechanical Engineering Department, Av. Sete de Setembro 3165, 80230-901 Curitiba, PR, Brazil'}, {'name': 'Leandro Magatão', 'institution': 'Federal University of Technology – Paraná (UTFPR)', 'subunit': 'Mechanical Engineering Department', 'location': 'Curitiba, PR, Brazil', 'full_affiliation': 'Federal University of Technology – Paraná (UTFPR), Mechanical Engineering Department, Av. Sete de Setembro 3165, 80230-901 Curitiba, PR, Brazil'}]",2007_006_0105.png
Analysis of DNA-Dimer Distribution in Retroviral Genomes Using a Bayesian Networks Induction Technique Based on Genetic Algorithms,Probabilistic & Statistical Reasoning,"[{'name': 'Ramiro Garza-Domínguez', 'institution': 'Universidad Autonoma del Carmen', 'subunit': 'Centro de Tecnologias de Informacion', 'location': 'Ciudad del Carmen, Campeche, Mexico', 'full_affiliation': 'Centro de Tecnologias de Informacion, Universidad Autonoma del Carmen, Ciudad del Carmen, Campeche, Mexico'}, {'name': 'Antonio Quiroz-Gutiérrez', 'institution': 'Universidad Autonoma del Carmen', 'subunit': 'Facultad de Quimica', 'location': 'Ciudad del Carmen, Campeche, Mexico', 'full_affiliation': 'Facultad de Quimica, Universidad Autonoma del Carmen, Ciudad del Carmen, Campeche, Mexico'}]",2007_006_0106.png
SELDI-TOF-MS Pattern Analysis for Cancer Detection as a Base for Diagnostic Software,Supervised Machine Learning,"[{'name': 'Marcin Radlak', 'institution': 'University of Birmingham', 'subunit': 'School of Computer Science', 'location': 'Edgbaston, Birmingham, United Kingdom', 'full_affiliation': 'School of Computer Science, University of Birmingham, Edgbaston, Birmingham, B15 2TT'}, {'name': 'Ryszard Klempous', 'institution': 'Wroclaw University of Technology', 'subunit': 'Institute of Control and Optimization', 'location': 'Wroclaw, Poland', 'full_affiliation': 'Institute of Control and Optimization, Wroclaw University of Technology, ul. Wybrzee Wyspiaskiego 27, 50-370 Wroclaw, Poland'}]",2007_006_0107.png
Three Dimensional Modeling of Individual Vessels Based on Matching of Adaptive Control Points,Computer Vision,"[{'name': 'Na-Young Lee', 'institution': 'Korea Atomic Energy Research Institute', 'subunit': '', 'location': 'Yuseong, Daejeon, Korea', 'full_affiliation': 'Korea Atomic Energy Research Institute, P. O. Box 105, Yuseong, Daejeon, Korea, 305-353'}]",2007_006_0108.png
Design and Implementation of Petrinet Based Distributed Control Architecture for Robotic Manufacturing Systems,Robotics,"[{'name': 'Gen’ichi Yasuda', 'institution': 'Nagasaki Institute of Applied Science', 'subunit': 'Department of Human and Computer Intelligence, Faculty of Informatics', 'location': 'Nagasaki, Japan', 'full_affiliation': 'Department of Human and Computer Intelligence, Faculty of Informatics\nNagasaki Institute of Applied Science\n536 Aba-machi, Nagasaki 851-0193, Japan'}]",2007_006_0109.png
Multi Sensor Data Fusion for High Speed Machining,Neural Networks & Deep Learning,"[{'name': 'Antonio Jr. Vallejo', 'institution': 'Instituto de Automática Industrial', 'subunit': '', 'location': 'Arganda del Rey, Madrid, Spain', 'full_affiliation': 'Instituto de Automática Industrial, Carretera Campo Real km 0.200 La Poveda, 28,500 Arganda del Rey Madrid, Spain'}, {'name': 'Ruben Morales-Menendez', 'institution': 'Tecnológico de Monterrey', 'subunit': 'campus Monterrey', 'location': 'Monterrey, NL, México', 'full_affiliation': 'Tecnológico de Monterrey, campus Monterrey, Avenida Eugenio Garza Sada 2501, 64,849 Monterrey NL, México'}, {'name': 'Miguel Ramírez', 'institution': 'Instituto de Automática Industrial', 'subunit': '', 'location': 'Arganda del Rey, Madrid, Spain', 'full_affiliation': 'Instituto de Automática Industrial, Carretera Campo Real km 0.200 La Poveda, 28,500 Arganda del Rey Madrid, Spain'}, {'name': 'J.R. Alique', 'institution': 'Instituto de Automática Industrial', 'subunit': '', 'location': 'Arganda del Rey, Madrid, Spain', 'full_affiliation': 'Instituto de Automática Industrial, Carretera Campo Real km 0.200 La Poveda, 28,500 Arganda del Rey Madrid, Spain'}, {'name': 'Luis E. Garza', 'institution': 'Tecnológico de Monterrey', 'subunit': 'campus Monterrey', 'location': 'Monterrey, NL, México', 'full_affiliation': 'Tecnológico de Monterrey, campus Monterrey, Avenida Eugenio Garza Sada 2501, 64,849 Monterrey NL, México'}]",2007_006_0110.png
VisualBlock-FIR for Fault Detection and Identification: Application to the DAMADICS Benchmark Problem,Fuzzy Logic & Fuzzy Systems,"[{'name': 'Antoni Escobet', 'institution': 'Universitat Politècnica de Catalunya', 'subunit': 'Dept. ESAII', 'location': 'Manresa, Spain', 'full_affiliation': 'Dept. ESAII, Universitat Politècnica de Catalunya, Manresa, Spain'}, {'name': 'Àngela Nebot', 'institution': 'Universitat Politècnica de Catalunya', 'subunit': 'Dept. LSI', 'location': 'Barcelona, Spain', 'full_affiliation': 'Dept. LSI, Universitat Politècnica de Catalunya, Barcelona, Spain'}, {'name': 'François E. Cellier', 'institution': 'ETH Zurich', 'subunit': 'Institute of Computational Science', 'location': 'Zurich, Switzerland', 'full_affiliation': 'Institute of Computational Science, ETH Zurich, CH-8092 Zurich, Switzerland'}]",2007_006_0111.png
Sliding Mode Control of a Hydrocarbon Degradation in Biopile System Using Recurrent Neural Network Model,Neural Networks & Deep Learning,"[{'name': 'Ieroham Baruch', 'institution': 'CINVESTAV-IPN', 'subunit': 'Department of Automatic Control', 'location': 'Mexico D.F., Mexico', 'full_affiliation': 'CINVESTAV-IPN, Ave. IPN No 2508, A.P. 14-740, Mexico D.F., C.P. 07360, MEXICO 1 Department of Automatic Control'}, {'name': 'Carlos-Roman Mariaca-Gaspar', 'institution': 'CINVESTAV-IPN', 'subunit': 'Department of Automatic Control', 'location': 'Mexico D.F., Mexico', 'full_affiliation': 'CINVESTAV-IPN, Ave. IPN No 2508, A.P. 14-740, Mexico D.F., C.P. 07360, MEXICO 1 Department of Automatic Control'}, {'name': 'Israel Cruz-Vega', 'institution': 'CINVESTAV-IPN', 'subunit': 'Department of Automatic Control', 'location': 'Mexico D.F., Mexico', 'full_affiliation': 'CINVESTAV-IPN, Ave. IPN No 2508, A.P. 14-740, Mexico D.F., C.P. 07360, MEXICO 1 Department of Automatic Control'}, {'name': 'Josefina Barrera-Cortes', 'institution': 'CINVESTAV-IPN', 'subunit': 'Department of Biotechnology and Bioengineering', 'location': 'Mexico D.F., Mexico', 'full_affiliation': 'CINVESTAV-IPN, Ave. IPN No 2508, A.P. 14-740, Mexico D.F., C.P. 07360, MEXICO 2 Department of Biotechnology and Bioengineering'}]",2007_006_0112.png
Knowledge Acquisition in Intelligent Tutoring System: A Data Mining Approach,Data Mining & Knowledge Discovery,"[{'name': 'Simone Riccucci', 'institution': 'University of Bologna', 'subunit': 'Computer Science Department', 'location': 'Bologna, Italy', 'full_affiliation': 'University of Bologna, Computer Science Department, Via Mura Anteo Zamboni 7, 40121, Bologna, Italy'}, {'name': 'Antonella Carbonaro', 'institution': 'University of Bologna', 'subunit': 'Computer Science Department', 'location': 'Cesena, Italy', 'full_affiliation': 'University of Bologna, Computer Science Department, Via Sacchi 3, 47023, Cesena, Italy'}, {'name': 'Giorgio Casadei', 'institution': 'University of Bologna', 'subunit': 'Computer Science Department', 'location': 'Bologna, Italy', 'full_affiliation': 'University of Bologna, Computer Science Department, Via Mura Anteo Zamboni 7, 40121, Bologna, Italy'}]",2007_006_0113.png
Features Selection Through FS-Testors in Case-Based Systems of Teaching-Learning,Fuzzy Logic & Fuzzy Systems,"[{'name': 'Natalia Martínez', 'institution': 'Central University of Las Villas', 'subunit': 'Department of Computer Science', 'location': 'Santa Clara, Cuba', 'full_affiliation': 'Department of Computer Science, Central University of Las Villas, Highway to Camajuaní km 5 ½, Santa Clara, Cuba'}, {'name': 'Maikel León', 'institution': 'Central University of Las Villas', 'subunit': 'Department of Computer Science', 'location': 'Santa Clara, Cuba', 'full_affiliation': 'Department of Computer Science, Central University of Las Villas, Highway to Camajuaní km 5 ½, Santa Clara, Cuba'}, {'name': 'Zenaida García', 'institution': 'Central University of Las Villas', 'subunit': 'Department of Computer Science', 'location': 'Santa Clara, Cuba', 'full_affiliation': 'Department of Computer Science, Central University of Las Villas, Highway to Camajuaní km 5 ½, Santa Clara, Cuba'}]",2007_006_0114.png
Heuristic Optimization Methods for Generating Test from a Question Bank,Heuristic Search & Optimization,"[{'name': 'Mehmet Yildirim', 'institution': 'University of Kocaeli', 'subunit': 'Electronics and Computer Education Department', 'location': 'Kocaeli, Turkey', 'full_affiliation': 'Electronics and Computer Education Department, University of Kocaeli, 41380, Kocaeli, Turkey'}]",2007_006_0115.png
Heuristic Methods for Hypertree Decomposition,Heuristic Search & Optimization,"[{'name': 'Artan Dermaku', 'institution': 'TU Wien', 'subunit': 'Institut für Informationssysteme (DBAI)', 'location': 'Austria', 'full_affiliation': 'Institut für Informationssysteme (DBAI), TU Wien, Austria'}, {'name': 'Tobias Ganzow', 'institution': 'RWTH Aachen', 'subunit': 'Mathematische Grundlagen der Informatik', 'location': 'Germany', 'full_affiliation': 'Mathematische Grundlagen der Informatik, RWTH Aachen, Germany'}, {'name': 'Georg Gottlob', 'institution': 'University of Oxford | TU Wien', 'subunit': 'Computing Laboratory | Institut für Informationssysteme (DBAI)', 'location': 'UK | Austria', 'full_affiliation': 'Computing Laboratory, University of Oxford, UK | Institut für Informationssysteme (DBAI), TU Wien, Austria'}, {'name': 'Ben McMahan', 'institution': 'Rice University', 'subunit': 'Department of Computer Science', 'location': 'USA', 'full_affiliation': 'Department of Computer Science, Rice University, USA'}, {'name': 'Nysret Musliu', 'institution': 'TU Wien', 'subunit': 'Institut für Informationssysteme (DBAI)', 'location': 'Austria', 'full_affiliation': 'Institut für Informationssysteme (DBAI), TU Wien, Austria'}, {'name': 'Marko Samer', 'institution': 'TU Wien', 'subunit': 'Institut für Informationssysteme (DBAI)', 'location': 'Austria', 'full_affiliation': 'Institut für Informationssysteme (DBAI), TU Wien, Austria'}]",2008_007_0000.png
Nonlinear Bayesian Filters for Training Recurrent Neural Networks,Neural Networks & Deep Learning,"[{'name': 'Ienkaran Arasaratnam', 'institution': 'McMaster University', 'subunit': 'Cognitive Systems Laboratory, Department of Electrical & Computer Engineering', 'location': 'Hamilton, ON, Canada', 'full_affiliation': 'Cognitive Systems Laboratory\nDepartment of Electrical & Computer Engineering\nMcMaster University\nHamilton, ON, L8S 4K1'}, {'name': 'Simon Haykin', 'institution': 'McMaster University', 'subunit': 'Cognitive Systems Laboratory, Department of Electrical & Computer Engineering', 'location': 'Hamilton, ON, Canada', 'full_affiliation': 'Cognitive Systems Laboratory\nDepartment of Electrical & Computer Engineering\nMcMaster University\nHamilton, ON, L8S 4K1'}]",2008_007_0001.png
QuBIS: An (In)complete Solver for Quantified Boolean Formulas,Logic & Automated Reasoning,"[{'name': 'Luca Pulina', 'institution': 'Università di Genova', 'subunit': 'DIST', 'location': 'Genova, Italy', 'full_affiliation': 'DIST, Università di Genova, Viale Causa, 13 – 16145 Genova, Italy'}, {'name': 'Armando Tacchella', 'institution': 'Università di Genova', 'subunit': 'DIST', 'location': 'Genova, Italy', 'full_affiliation': 'DIST, Università di Genova, Viale Causa, 13 – 16145 Genova, Italy'}]",2008_007_0002.png
Strength Two Covering Arrays Construction Using a SAT Representation,Logic & Automated Reasoning,"[{'name': 'Daniel Lopez-Escogido', 'institution': 'CINVESTAV', 'subunit': 'Laboratorio de Tecnologías de Información, CINVESTAV-Tamaulipas', 'location': 'Cd. Victoria, Tamaulipas, México', 'full_affiliation': 'Laboratorio de Tecnologías de Información, CINVESTAV-Tamaulipas, Carretera Nacional Cd. Victoria-Monterrey Km 6, Cd. Victoria Tamaulipas, México, CP. 87276'}, {'name': 'Jose Torres-Jimenez', 'institution': 'CINVESTAV', 'subunit': 'Laboratorio de Tecnologías de Información, CINVESTAV-Tamaulipas', 'location': 'Cd. Victoria, Tamaulipas, México', 'full_affiliation': 'Laboratorio de Tecnologías de Información, CINVESTAV-Tamaulipas, Carretera Nacional Cd. Victoria-Monterrey Km 6, Cd. Victoria Tamaulipas, México, CP. 87276'}, {'name': 'Eduardo Rodriguez-Tello', 'institution': 'CINVESTAV', 'subunit': 'Laboratorio de Tecnologías de Información, CINVESTAV-Tamaulipas', 'location': 'Cd. Victoria, Tamaulipas, México', 'full_affiliation': 'Laboratorio de Tecnologías de Información, CINVESTAV-Tamaulipas, Carretera Nacional Cd. Victoria-Monterrey Km 6, Cd. Victoria Tamaulipas, México, CP. 87276'}, {'name': 'Nelson Rangel-Valdez', 'institution': 'CINVESTAV', 'subunit': 'Laboratorio de Tecnologías de Información, CINVESTAV-Tamaulipas', 'location': 'Cd. Victoria, Tamaulipas, México', 'full_affiliation': 'Laboratorio de Tecnologías de Información, CINVESTAV-Tamaulipas, Carretera Nacional Cd. Victoria-Monterrey Km 6, Cd. Victoria Tamaulipas, México, CP. 87276'}]",2008_007_0003.png
A New Framework for Local Belief Revision,Knowledge Representation & Reasoning,"[{'name': 'Omar Doukari', 'institution': 'CNRS', 'subunit': 'Laboratoire LSIS, UMR CNRS 6168', 'location': 'Marseille, France', 'full_affiliation': 'Laboratoire LSIS, UMR CNRS 6168\nDomaine Universitaire de Saint-Jérôme\n13397 MARSEILLE CEDEX 20 - France'}, {'name': 'Robert Jeansoulin', 'institution': 'CNRS', 'subunit': 'Laboratoire LSIS, UMR CNRS 6168', 'location': 'Marseille, France', 'full_affiliation': 'Laboratoire LSIS, UMR CNRS 6168\nDomaine Universitaire de Saint-Jérôme\n13397 MARSEILLE CEDEX 20 - France'}, {'name': 'Eric Würbel', 'institution': 'CNRS', 'subunit': 'Laboratoire LSIS, UMR CNRS 6168', 'location': 'Marseille, France', 'full_affiliation': 'Laboratoire LSIS, UMR CNRS 6168\nDomaine Universitaire de Saint-Jérôme\n13397 MARSEILLE CEDEX 20 - France'}]",2008_007_0004.png
Finding Good Starting Points for Solving Nonlinear Constrained Optimization Problems by Parallel Decomposition,Heuristic Search & Optimization,"[{'name': 'Soomin Lee', 'institution': 'University of Illinois, Urbana-Champaign', 'subunit': 'Department of Electrical and Computer Engineering and the Coordinated Science Laboratory', 'location': 'Urbana, IL, USA', 'full_affiliation': 'Department of Electrical and Computer Engineering and the Coordinated Science Laboratory\nUniversity of Illinois, Urbana-Champaign\nUrbana, IL 61801, USA'}, {'name': 'Benjamin Wah', 'institution': 'University of Illinois, Urbana-Champaign', 'subunit': 'Department of Electrical and Computer Engineering and the Coordinated Science Laboratory', 'location': 'Urbana, IL, USA', 'full_affiliation': 'Department of Electrical and Computer Engineering and the Coordinated Science Laboratory\nUniversity of Illinois, Urbana-Champaign\nUrbana, IL 61801, USA'}]",2008_007_0005.png
An Early Warning System for the Prediction of Criminal Careers,Data Mining & Knowledge Discovery,"[{'name': 'Tim K. Cocx', 'institution': 'Leiden University', 'subunit': 'Leiden Institute of Advanced Computer Science', 'location': 'The Netherlands', 'full_affiliation': 'Leiden Institute of Advanced Computer Science, Leiden University, The Netherlands'}, {'name': 'Walter A. Kosters', 'institution': 'Leiden University', 'subunit': 'Leiden Institute of Advanced Computer Science', 'location': 'The Netherlands', 'full_affiliation': 'Leiden Institute of Advanced Computer Science, Leiden University, The Netherlands'}, {'name': 'Jeroen F.J. Laros', 'institution': 'Leiden University', 'subunit': 'Leiden Institute of Advanced Computer Science', 'location': 'The Netherlands', 'full_affiliation': 'Leiden Institute of Advanced Computer Science, Leiden University, The Netherlands'}]",2008_007_0006.png
Comparing Distance Measures with Visual Methods,Unsupervised Machine Learning,"[{'name': 'Isis Bonet', 'institution': 'Central University of Las Villas', 'subunit': 'Center of Studies on Informatics', 'location': 'Santa Clara, Villa Clara, Cuba', 'full_affiliation': 'Center of Studies on Informatics, Central University of Las Villas, Santa Clara, Villa Clara, Cuba'}, {'name': 'Abdel Rodríguez', 'institution': 'Central University of Las Villas', 'subunit': 'Center of Studies on Informatics', 'location': 'Santa Clara, Villa Clara, Cuba', 'full_affiliation': 'Center of Studies on Informatics, Central University of Las Villas, Santa Clara, Villa Clara, Cuba'}, {'name': 'Ricardo Grau', 'institution': 'Central University of Las Villas', 'subunit': 'Center of Studies on Informatics', 'location': 'Santa Clara, Villa Clara, Cuba', 'full_affiliation': 'Center of Studies on Informatics, Central University of Las Villas, Santa Clara, Villa Clara, Cuba'}, {'name': 'Maria M. García', 'institution': 'Central University of Las Villas', 'subunit': 'Center of Studies on Informatics', 'location': 'Santa Clara, Villa Clara, Cuba', 'full_affiliation': 'Center of Studies on Informatics, Central University of Las Villas, Santa Clara, Villa Clara, Cuba'}, {'name': 'Yvan Saez', 'institution': 'Ghent University', 'subunit': 'Department of Plant Systems Biology, Flanders Interuniversity Institute for Biotechnology (VIB)', 'location': 'Ghent, Belgium', 'full_affiliation': 'Department of Plant Systems Biology, Flanders Interuniversity Institute for Biotechnology (VIB), Ghent University, Belgium'}, {'name': 'Ann Nowé', 'institution': 'Brussels University', 'subunit': 'Computational Modeling Lab', 'location': 'Brussels, Belgium', 'full_affiliation': 'Computational Modeling Lab, Brussels University, Belgium'}]",2008_007_0007.png
Semantic Annotation and Question Answering of Statistical Graphs,Knowledge Representation & Reasoning,"[{'name': 'Michel Dumontier', 'institution': 'Carleton University', 'subunit': 'Department of Biology', 'location': 'Ottawa, Canada', 'full_affiliation': 'Department of Biology, Carleton University, Ottawa, Canada'}, {'name': 'Leo Ferres', 'institution': 'University of Concepción', 'subunit': 'Department of Computer Science', 'location': 'Concepción, Chile', 'full_affiliation': 'Department of Computer Science, University of Concepción, Concepción, Chile'}, {'name': 'Natalia Villanueva-Rosales', 'institution': 'Carleton University', 'subunit': 'School of Computer Science', 'location': 'Ottawa, Canada', 'full_affiliation': 'School of Computer Science, Carleton University, Ottawa, Canada'}]",2008_007_0008.png
Towards a Methodology to Conceptualize the Geographic Domain,Knowledge Representation & Reasoning,"[{'name': 'Miguel Torres', 'institution': 'National Polytechnic Institute', 'subunit': 'Intellingent Processing of Geospatial Data Lab-Centre for Computing Research', 'location': 'Mexico City, Mexico', 'full_affiliation': 'Intellingent Processing of Geospatial Data Lab-Centre for Computing Research-National Polytechnic Institute, Mexico City, Mexico'}, {'name': 'Rolando Quintero', 'institution': 'National Polytechnic Institute', 'subunit': 'Intellingent Processing of Geospatial Data Lab-Centre for Computing Research', 'location': 'Mexico City, Mexico', 'full_affiliation': 'Intellingent Processing of Geospatial Data Lab-Centre for Computing Research-National Polytechnic Institute, Mexico City, Mexico'}, {'name': 'Serguei Levachkine', 'institution': 'National Polytechnic Institute', 'subunit': 'Intellingent Processing of Geospatial Data Lab-Centre for Computing Research', 'location': 'Mexico City, Mexico', 'full_affiliation': 'Intellingent Processing of Geospatial Data Lab-Centre for Computing Research-National Polytechnic Institute, Mexico City, Mexico'}, {'name': 'Giovanni Guzmán', 'institution': 'National Polytechnic Institute', 'subunit': 'Intellingent Processing of Geospatial Data Lab-Centre for Computing Research', 'location': 'Mexico City, Mexico', 'full_affiliation': 'Intellingent Processing of Geospatial Data Lab-Centre for Computing Research-National Polytechnic Institute, Mexico City, Mexico'}, {'name': 'Marco Moreno', 'institution': 'National Polytechnic Institute', 'subunit': 'Intellingent Processing of Geospatial Data Lab-Centre for Computing Research', 'location': 'Mexico City, Mexico', 'full_affiliation': 'Intellingent Processing of Geospatial Data Lab-Centre for Computing Research-National Polytechnic Institute, Mexico City, Mexico'}]",2008_007_0009.png
Effect of Preprocessing on Extractive Summarization with Maximal Frequent Sequences,Natural Language Processing (NLP),"[{'name': 'Yulia Ledeneva', 'institution': 'National Polytechnic Institute', 'subunit': 'Center for Computing Research', 'location': 'D.F., Mexico', 'full_affiliation': 'National Polytechnic Institute\nCenter for Computing Research\nAv. Juan de Dios Bátiz s/n, D.F., 07738, Mexico'}]",2008_007_0010.png
Text Summarization by Sentence Extraction Using Unsupervised Learning,Natural Language Processing (NLP),"[{'name': 'René Arnulfo García-Hernández', 'institution': 'Toluca Institute of Technology | Autonomous University of the State of Mexico | National Polytechnic Institute | University of Center Europe', 'subunit': 'Pattern Recognition Laboratory | Center for Computing Research | SoNet RC', 'location': 'Mexico | Mexico | Mexico | Skalica, Slovakia', 'full_affiliation': 'Pattern Recognition Laboratory, Toluca Institute of Technology, Mexico Autonomous University of the State of Mexico, Mexico Center for Computing Research, National Polytechnic Institute, Mexico SoNet RC, University of Center Europe in Skalica, Slovakia'}, {'name': 'Romyna Montiel', 'institution': 'Toluca Institute of Technology | Autonomous University of the State of Mexico | National Polytechnic Institute | University of Center Europe', 'subunit': 'Pattern Recognition Laboratory | Center for Computing Research | SoNet RC', 'location': 'Mexico | Mexico | Mexico | Skalica, Slovakia', 'full_affiliation': 'Pattern Recognition Laboratory, Toluca Institute of Technology, Mexico Autonomous University of the State of Mexico, Mexico Center for Computing Research, National Polytechnic Institute, Mexico SoNet RC, University of Center Europe in Skalica, Slovakia'}, {'name': 'Yulia Ledeneva', 'institution': 'Toluca Institute of Technology | Autonomous University of the State of Mexico | National Polytechnic Institute | University of Center Europe', 'subunit': 'Pattern Recognition Laboratory | Center for Computing Research | SoNet RC', 'location': 'Mexico | Mexico | Mexico | Skalica, Slovakia', 'full_affiliation': 'Pattern Recognition Laboratory, Toluca Institute of Technology, Mexico Autonomous University of the State of Mexico, Mexico Center for Computing Research, National Polytechnic Institute, Mexico SoNet RC, University of Center Europe in Skalica, Slovakia'}, {'name': 'Eréndira Rendón', 'institution': 'Toluca Institute of Technology | Autonomous University of the State of Mexico | National Polytechnic Institute | University of Center Europe', 'subunit': 'Pattern Recognition Laboratory | Center for Computing Research | SoNet RC', 'location': 'Mexico | Mexico | Mexico | Skalica, Slovakia', 'full_affiliation': 'Pattern Recognition Laboratory, Toluca Institute of Technology, Mexico Autonomous University of the State of Mexico, Mexico Center for Computing Research, National Polytechnic Institute, Mexico SoNet RC, University of Center Europe in Skalica, Slovakia'}, {'name': 'Alexander Gelbukh', 'institution': 'Toluca Institute of Technology | Autonomous University of the State of Mexico | National Polytechnic Institute | University of Center Europe', 'subunit': 'Pattern Recognition Laboratory | Center for Computing Research | SoNet RC', 'location': 'Mexico | Mexico | Mexico | Skalica, Slovakia', 'full_affiliation': 'Pattern Recognition Laboratory, Toluca Institute of Technology, Mexico Autonomous University of the State of Mexico, Mexico Center for Computing Research, National Polytechnic Institute, Mexico SoNet RC, University of Center Europe in Skalica, Slovakia'}, {'name': 'Rafael Cruz', 'institution': 'Toluca Institute of Technology | Autonomous University of the State of Mexico | National Polytechnic Institute | University of Center Europe', 'subunit': 'Pattern Recognition Laboratory | Center for Computing Research | SoNet RC', 'location': 'Mexico | Mexico | Mexico | Skalica, Slovakia', 'full_affiliation': 'Pattern Recognition Laboratory, Toluca Institute of Technology, Mexico Autonomous University of the State of Mexico, Mexico Center for Computing Research, National Polytechnic Institute, Mexico SoNet RC, University of Center Europe in Skalica, Slovakia'}]",2008_007_0011.png
Spanish Nested Named Entity Recognition Using a Syntax-Dependent Tree Traversal-Based Strategy,Natural Language Processing (NLP),"[{'name': 'Yunior Ramírez-Cruz', 'institution': 'Universidad de Oriente', 'subunit': 'Center for Pattern Recognition and Data Mining', 'location': 'Santiago de Cuba, Cuba', 'full_affiliation': 'Center for Pattern Recognition and Data Mining\nUniversidad de Oriente\nSantiago de Cuba, Cuba, 90500'}, {'name': 'Aurora Pons-Porrata', 'institution': 'Universidad de Oriente', 'subunit': 'Center for Pattern Recognition and Data Mining', 'location': 'Santiago de Cuba, Cuba', 'full_affiliation': 'Center for Pattern Recognition and Data Mining\nUniversidad de Oriente\nSantiago de Cuba, Cuba, 90500'}]",2008_007_0012.png
Question/Answering Clarification Dialogues,Natural Language Processing (NLP),"[{'name': 'Luis Quintano', 'institution': 'Universidade de Évora', 'subunit': 'Departamento de Informática', 'location': 'Évora, Portugal', 'full_affiliation': 'Departamento de Informática, Universidade de Évora, Évora, Portugal'}, {'name': 'Irene Pimenta Rodrigues', 'institution': 'Universidade de Évora', 'subunit': 'Departamento de Informática', 'location': 'Évora, Portugal', 'full_affiliation': 'Departamento de Informática, Universidade de Évora, Évora, Portugal'}]",2008_007_0013.png
Using Graphs for Shallow Question Answering on Legal Documents*,Natural Language Processing (NLP),"[{'name': 'Alfredo Monroy', 'institution': 'National Polytechnic Institute', 'subunit': 'Center for Computing Research', 'location': 'Mexico City, Mexico', 'full_affiliation': 'Center for Computing Research, National Polytechnic Institute\nMexico City, 07738, Mexico'}, {'name': 'Hiram Calvo', 'institution': 'National Polytechnic Institute', 'subunit': 'Center for Computing Research', 'location': 'Mexico City, Mexico', 'full_affiliation': 'Center for Computing Research, National Polytechnic Institute\nMexico City, 07738, Mexico'}, {'name': 'Alexander Gelbukh', 'institution': 'National Polytechnic Institute | University of Central Europe', 'subunit': 'Center for Computing Research | SoNet RC', 'location': 'Mexico City, Mexico | Skalica, Slovakia', 'full_affiliation': 'Center for Computing Research, National Polytechnic Institute\nMexico City, 07738, Mexico | SoNet RC, University of Central Europe in Skalica, Slovakia'}]",2008_007_0014.png
Two Proposals of a QA Answer Extraction Module Based on Semantic Roles,Natural Language Processing (NLP),"[{'name': 'P. Moreda', 'institution': 'Universitiy of Alicante', 'subunit': 'Natural Language Processing Research Group', 'location': 'Alicante, Spain', 'full_affiliation': 'Natural Language Processing Research Group. Universitiy of Alicante. Alicante, Spain'}, {'name': 'H. Llorens', 'institution': 'Universitiy of Alicante', 'subunit': 'Natural Language Processing Research Group', 'location': 'Alicante, Spain', 'full_affiliation': 'Natural Language Processing Research Group. Universitiy of Alicante. Alicante, Spain'}, {'name': 'E. Saquete', 'institution': 'Universitiy of Alicante', 'subunit': 'Natural Language Processing Research Group', 'location': 'Alicante, Spain', 'full_affiliation': 'Natural Language Processing Research Group. Universitiy of Alicante. Alicante, Spain'}, {'name': 'M. Palomar', 'institution': 'Universitiy of Alicante', 'subunit': 'Natural Language Processing Research Group', 'location': 'Alicante, Spain', 'full_affiliation': 'Natural Language Processing Research Group. Universitiy of Alicante. Alicante, Spain'}]",2008_007_0015.png
A Misclassification Reduction Approach for Automatic Call Routing,Natural Language Processing (NLP),"[{'name': 'Fernando Uceda-Ponga', 'institution': 'INAOE', 'subunit': 'Laboratorio de Tecnologías del Lenguaje', 'location': 'México', 'full_affiliation': 'Laboratorio de Tecnologías del Lenguaje, INAOE, México'}, {'name': 'Luis Villaseñor-Pineda', 'institution': 'INAOE', 'subunit': 'Laboratorio de Tecnologías del Lenguaje', 'location': 'México', 'full_affiliation': 'Laboratorio de Tecnologías del Lenguaje, INAOE, México'}, {'name': 'Manuel Montes-y-Gómez', 'institution': 'INAOE', 'subunit': 'Laboratorio de Tecnologías del Lenguaje', 'location': 'México', 'full_affiliation': 'Laboratorio de Tecnologías del Lenguaje, INAOE, México'}, {'name': 'Alejandro Barbosa', 'institution': 'Nuance Technologies', 'subunit': '', 'location': 'Mexico', 'full_affiliation': 'Nuance Technologies, Mexico'}]",2008_007_0016.png
Spanish Temporal Expressions: Some Forms Reinforced by an Adverb*,Natural Language Processing (NLP),"[{'name': 'Sofía N. Galicia-Haro', 'institution': 'UNAM', 'subunit': 'Faculty of Sciences', 'location': 'University City, Mexico City, Mexico', 'full_affiliation': 'Faculty of Sciences, UNAM, University City, Mexico City, Mexico'}]",2008_007_0017.png
A Soundex-Based Approach for Spoken Document Retrieval,Natural Language Processing (NLP),"[{'name': 'M. Alejandro Reyes-Barragán', 'institution': 'Instituto Nacional de Astrofísica, Óptica y Electrónica', 'subunit': 'Laboratorio de Tecnologías del Lenguaje', 'location': 'México', 'full_affiliation': 'Laboratorio de Tecnologías del Lenguaje, Instituto Nacional de Astrofísica, Óptica y Electrónica, México'}, {'name': 'Luis Villaseñor-Pineda', 'institution': 'Instituto Nacional de Astrofísica, Óptica y Electrónica', 'subunit': 'Laboratorio de Tecnologías del Lenguaje', 'location': 'México', 'full_affiliation': 'Laboratorio de Tecnologías del Lenguaje, Instituto Nacional de Astrofísica, Óptica y Electrónica, México'}, {'name': 'Manuel Montes-y-Gómez', 'institution': 'Instituto Nacional de Astrofísica, Óptica y Electrónica', 'subunit': 'Laboratorio de Tecnologías del Lenguaje', 'location': 'México', 'full_affiliation': 'Laboratorio de Tecnologías del Lenguaje, Instituto Nacional de Astrofísica, Óptica y Electrónica, México'}]",2008_007_0018.png
Textual Entailment Recognition Based on Structural Isomorphism,Natural Language Processing (NLP),"[{'name': 'Diego Uribe', 'institution': 'Instituto Tecnológico de la Laguna', 'subunit': 'División de Posgrado e Investigación', 'location': 'Torreón, Coah., México', 'full_affiliation': 'Instituto Tecnológico de la Laguna\nDivisión de Posgrado e Investigación\nBlvd. Revolución y Cuauhtémoc, Torreón, Coah., MX'}]",2008_007_0019.png
On-Line Modeling Via Fuzzy Support Vector Machines,Fuzzy Logic & Fuzzy Systems,"[{'name': 'Julio César Tovar', 'institution': 'CINVESTAV-IPN', 'subunit': 'Departamento de Control Automático', 'location': 'México D.F., México', 'full_affiliation': 'Departamento de Control Automático, CINVESTAV-IPN A.P. 14-740, Av.IPN 2508, México D.F., 07360, México'}, {'name': 'Wen Yu', 'institution': 'CINVESTAV-IPN', 'subunit': 'Departamento de Control Automático', 'location': 'México D.F., México', 'full_affiliation': 'Departamento de Control Automático, CINVESTAV-IPN A.P. 14-740, Av.IPN 2508, México D.F., 07360, México'}]",2008_007_0020.png
Reinforcement Learning with Markov Logic Networks,Reinforcement Learning,"[{'name': 'Weiwei Wang', 'institution': 'Nanjing University', 'subunit': 'State Key Laboratory for Novel Software Technology', 'location': 'Nanjing, PRC', 'full_affiliation': 'State Key Laboratory for Novel Software Technology, Nanjing University, Nanjing 210093, PRC'}, {'name': 'Yang Gao', 'institution': 'Nanjing University', 'subunit': 'State Key Laboratory for Novel Software Technology', 'location': 'Nanjing, PRC', 'full_affiliation': 'State Key Laboratory for Novel Software Technology, Nanjing University, Nanjing 210093, PRC'}, {'name': 'Xingguo Chen', 'institution': 'Nanjing University', 'subunit': 'State Key Laboratory for Novel Software Technology', 'location': 'Nanjing, PRC', 'full_affiliation': 'State Key Laboratory for Novel Software Technology, Nanjing University, Nanjing 210093, PRC'}, {'name': 'Shen Ge', 'institution': 'Nanjing University', 'subunit': 'State Key Laboratory for Novel Software Technology', 'location': 'Nanjing, PRC', 'full_affiliation': 'State Key Laboratory for Novel Software Technology, Nanjing University, Nanjing 210093, PRC'}]",2008_007_0021.png
Learning the Filling Policy of a Biodegradation Process by Fuzzy Actor–Critic Learning Methodology,Reinforcement Learning,"[{'name': 'Efraín Franco Flores', 'institution': 'Universidad Autónoma del Estado de Hidalgo', 'subunit': 'Centro de Investigación en Tecnologías de la Información y Sistemas', 'location': 'Pachuca, Hidalgo, México', 'full_affiliation': 'Centro de Investigación en Tecnologías de la Información y Sistemas Universidad Autónoma del Estado de Hidalgo Carr. Pachuca-Tulancingo Km. 4.5, Pachuca Hgo. 42084, México'}, {'name': 'Julio Waissman Vilanova', 'institution': 'Universidad Autónoma del Estado de Hidalgo | Universidad de Sonora', 'subunit': 'Centro de Investigación en Tecnologías de la Información y Sistemas | Departamento de Matemáticas', 'location': 'Pachuca, Hidalgo, México | Hermosillo, Sonora, México', 'full_affiliation': 'Centro de Investigación en Tecnologías de la Información y Sistemas Universidad Autónoma del Estado de Hidalgo Carr. Pachuca-Tulancingo Km. 4.5, Pachuca Hgo. 42084, México | Departamento de Matemáticas Universidad de Sonora Blvd. Encinas y Rosales, Hermosillo Son. 83000, México'}, {'name': 'Jair García Lamont', 'institution': 'Universidad Autónoma del Estado de Hidalgo', 'subunit': 'Centro de Investigación en Tecnologías de la Información y Sistemas', 'location': 'Pachuca, Hidalgo, México', 'full_affiliation': 'Centro de Investigación en Tecnologías de la Información y Sistemas Universidad Autónoma del Estado de Hidalgo Carr. Pachuca-Tulancingo Km. 4.5, Pachuca Hgo. 42084, México'}]",2008_007_0022.png
INDIE: An Artificial Immune Network for On-Line Density Estimation,Bio-inspired & Evolutionary Computing,"[{'name': 'Juan Carlos Galeano-Huertas', 'institution': 'National University of Colombia', 'subunit': 'Intelligent Systems Research Lab.', 'location': '', 'full_affiliation': 'Intelligent Systems Research Lab. National University of Colombia'}, {'name': 'Fabio A. González', 'institution': 'National University of Colombia', 'subunit': 'Intelligent Systems Research Lab.', 'location': '', 'full_affiliation': 'Intelligent Systems Research Lab. National University of Colombia'}]",2008_007_0023.png
Learning Probability Densities of Optimization Problems with Constraints and Uncertainty,Heuristic Search & Optimization,"[{'name': 'Jonás Velasco', 'institution': 'Universidad Autónoma de Nuevo León', 'subunit': 'Posgrado en Ingeniería de Sistemas, Centro de Innovación, Investigación y Desarrollo en Ingeniería y Tecnología', 'location': 'San Nicolás de los Garza, NL, México', 'full_affiliation': 'Posgrado en Ingeniería de Sistemas\nCentro de Innovación, Investigación y Desarrollo en Ingeniería y Tecnología\nUniversidad Autónoma de Nuevo León\nAP 126, Cd. Universitaria, San Nicolás de los Garza, NL 66450, México'}, {'name': 'Aydeé López Muñiz', 'institution': 'Universidad Autónoma de Nuevo León', 'subunit': 'Posgrado en Ingeniería de Sistemas, Centro de Innovación, Investigación y Desarrollo en Ingeniería y Tecnología', 'location': 'San Nicolás de los Garza, NL, México', 'full_affiliation': 'Posgrado en Ingeniería de Sistemas\nCentro de Innovación, Investigación y Desarrollo en Ingeniería y Tecnología\nUniversidad Autónoma de Nuevo León\nAP 126, Cd. Universitaria, San Nicolás de los Garza, NL 66450, México'}, {'name': 'Arturo Berrones', 'institution': 'Universidad Autónoma de Nuevo León', 'subunit': 'Posgrado en Ingeniería de Sistemas, Centro de Innovación, Investigación y Desarrollo en Ingeniería y Tecnología', 'location': 'San Nicolás de los Garza, NL, México', 'full_affiliation': 'Posgrado en Ingeniería de Sistemas\nCentro de Innovación, Investigación y Desarrollo en Ingeniería y Tecnología\nUniversidad Autónoma de Nuevo León\nAP 126, Cd. Universitaria, San Nicolás de los Garza, NL 66450, México'}]",2008_007_0024.png
Pattern Classification Based on Conformal Geometric Algebra and Optimization Techniques,Supervised Machine Learning,"[{'name': 'Benjamín Cruz', 'institution': 'Instituto Politécnico Nacional', 'subunit': 'Centro de Investigación en Computación', 'location': 'México City, México', 'full_affiliation': 'Centro de Investigación en Computación-IPN, Av. Juan de Dios Bátiz, Esq. Miguel Othón de Mendizábal, México City, 07738. México'}, {'name': 'Ricardo Barrón', 'institution': 'Instituto Politécnico Nacional', 'subunit': 'Centro de Investigación en Computación', 'location': 'México City, México', 'full_affiliation': 'Centro de Investigación en Computación-IPN, Av. Juan de Dios Bátiz, Esq. Miguel Othón de Mendizábal, México City, 07738. México'}, {'name': 'Humberto Sossa', 'institution': 'Instituto Politécnico Nacional', 'subunit': 'Centro de Investigación en Computación', 'location': 'México City, México', 'full_affiliation': 'Centro de Investigación en Computación-IPN, Av. Juan de Dios Bátiz, Esq. Miguel Othón de Mendizábal, México City, 07738. México'}]",2008_007_0025.png
Automatic Classification of Three-Phase Flow Patterns of Heavy Oil in a Horizontal Pipe Using Support Vector Machines,Supervised Machine Learning,"[{'name': 'Adriane B.S. Serapião', 'institution': 'UNESP', 'subunit': 'IGCE/DEMAC', 'location': 'Rio Claro, São Paulo, Brazil', 'full_affiliation': 'UNESP /IGCE/DEMAC – C.P. 178 – CEP 13506-900 – Rio Claro (SP), Brazil'}, {'name': 'Antonio C. Bannwart', 'institution': 'UNICAMP', 'subunit': 'FEM/DEP', 'location': 'Campinas, São Paulo, Brazil', 'full_affiliation': 'UNICAMP/FEM/DEP – C.P. 6122 – CEP 13081-970 – Campinas (SP), Brazil'}, {'name': 'Fabíola Pacheco', 'institution': 'UNICAMP', 'subunit': 'FEM/DEP', 'location': 'Campinas, São Paulo, Brazil', 'full_affiliation': 'UNICAMP/FEM/DEP – C.P. 6122 – CEP 13081-970 – Campinas (SP), Brazil'}, {'name': 'José R.P. Mendes', 'institution': 'UNICAMP', 'subunit': 'FEM/DEP', 'location': 'Campinas, São Paulo, Brazil', 'full_affiliation': 'UNICAMP/FEM/DEP – C.P. 6122 – CEP 13081-970 – Campinas (SP), Brazil'}]",2008_007_0026.png
Wavelets Based on Atomic Function Used in Detection and Classification of Masses in Mammography,Computer Vision,"[{'name': 'Cristina Juarez-Landin', 'institution': 'National Polytechnic Institute | Autonomous University of State of Mexico', 'subunit': 'ESIME-Culhucan | CU Valle de Chalco', 'location': 'Mexico, D. F., Mexico | Valle de Chalco, Edo. de Mexico, Mexico', 'full_affiliation': 'National Polytechnic Institute, ESIME-Culhucan, Av. Santa Ana, 1000, Col. San Fco. Culhuacan, 04430, Mexico, D. F. Mexico | Autonomous University of State of Mexico, CU Valle de Chalco, Av. Hermenegildo Galeana, 3, Col. Ma. Isabel, 56615, Edo. de Mexico, Mexico'}, {'name': 'Volodymyr Ponomaryov', 'institution': 'National Polytechnic Institute', 'subunit': 'ESIME-Culhucan', 'location': 'Mexico, D. F., Mexico', 'full_affiliation': 'National Polytechnic Institute, ESIME-Culhucan, Av. Santa Ana, 1000, Col. San Fco. Culhuacan, 04430, Mexico, D. F. Mexico'}, {'name': 'Jose Luis Sanchez-Ramirez', 'institution': 'National Polytechnic Institute', 'subunit': 'ESIME-Culhucan', 'location': 'Mexico, D. F., Mexico', 'full_affiliation': 'National Polytechnic Institute, ESIME-Culhucan, Av. Santa Ana, 1000, Col. San Fco. Culhuacan, 04430, Mexico, D. F. Mexico'}, {'name': 'Magally Martinez-Reyes', 'institution': 'Autonomous University of State of Mexico', 'subunit': 'CU Valle de Chalco', 'location': 'Valle de Chalco, Edo. de Mexico, Mexico', 'full_affiliation': 'Autonomous University of State of Mexico, CU Valle de Chalco, Av. Hermenegildo Galeana, 3, Col. Ma. Isabel, 56615, Edo. de Mexico, Mexico'}, {'name': 'Victor Kravchenko', 'institution': 'Russian Academy of Sciences', 'subunit': 'Institute of Radio Engineering and Electronics', 'location': 'Moscow, Russia', 'full_affiliation': 'Institute of Radio Engineering and Electronics of Russian Academy of Sciences, Moscow'}]",2008_007_0027.png
The Effect of Repeated Measurements on Bayesian Decision Regions for Class Discrimination of Time-Dependent Biological Systems,Probabilistic & Statistical Reasoning,"[{'name': 'Arturo Baltazar', 'institution': 'Centro de Investigación y Estudios Avanzados', 'subunit': 'CINVESTAV Unidad-Saltillo, Robotics and Advanced Manufacturing Program', 'location': 'Ramos Arizpe, Coahuila, México', 'full_affiliation': 'Centro de Investigación y Estudios Avanzados, CINVESTAV Unidad-Saltillo, Robotics and Advanced Manufacturing Program, Carretera Saltillo-Monterrey Km 13.5, Ramos Arizpe 25900, Coahuila, México'}, {'name': 'Jorge I. Aranda-Sanchez', 'institution': 'Universidad Michoacana de San Nicolás de Hidalgo (UMSNH)', 'subunit': 'Facultad de Ciencias Físico-Matemáticas', 'location': 'Morelia, Michoacán, México', 'full_affiliation': 'Facultad de Ciencias Físico-Matemáticas, Universidad Michoacana de San Nicolás de Hidalgo (UMSNH), Morelia 58070, Michoacán, México'}]",2008_007_0028.png
Global Classifier for Confidential Data in Distributed Datasets,Data Mining & Knowledge Discovery,"[{'name': 'Omar Jasso-Luna', 'institution': 'Center for Research and Advanced Studies', 'subunit': 'Laboratory of Information Technology', 'location': 'Cd. Victoria, Tam. Mexico', 'full_affiliation': 'Center for Research and Advanced Studies\nLaboratory of Information Technology\nCd. Victoria, Tam. Mexico'}, {'name': 'Victor Sosa-Sosa', 'institution': 'Center for Research and Advanced Studies', 'subunit': 'Laboratory of Information Technology', 'location': 'Cd. Victoria, Tam. Mexico', 'full_affiliation': 'Center for Research and Advanced Studies\nLaboratory of Information Technology\nCd. Victoria, Tam. Mexico'}, {'name': 'Ivan Lopez-Arevalo', 'institution': 'Center for Research and Advanced Studies', 'subunit': 'Laboratory of Information Technology', 'location': 'Cd. Victoria, Tam. Mexico', 'full_affiliation': 'Center for Research and Advanced Studies\nLaboratory of Information Technology\nCd. Victoria, Tam. Mexico'}]",2008_007_0029.png
Undecimated Wavelet Based Autoregressive Model for Anchovy Catches Forecasting,Probabilistic & Statistical Reasoning,"[{'name': 'Nibaldo Rodriguez', 'institution': 'Pontificia Universidad Católica de Valparaíso', 'subunit': '', 'location': 'Chile', 'full_affiliation': 'Pontificia Universidad Católica de Valparaíso, Chile'}, {'name': 'Carlos Castro', 'institution': 'Universidad Técnica Federico Santa María', 'subunit': '', 'location': 'Valparaíso, Chile', 'full_affiliation': 'Universidad Técnica Federico Santa María, Valparaíso, Chile'}, {'name': 'Orlando Duran', 'institution': 'Pontificia Universidad Católica de Valparaíso', 'subunit': '', 'location': 'Chile', 'full_affiliation': 'Pontificia Universidad Católica de Valparaíso, Chile'}, {'name': 'Eleuterio Yañez', 'institution': 'Pontificia Universidad Católica de Valparaíso', 'subunit': '', 'location': 'Chile', 'full_affiliation': 'Pontificia Universidad Católica de Valparaíso, Chile'}]",2008_007_0030.png
Neural Processor as a Dynamic Power Manager for Digital Systems,Neural Networks & Deep Learning,"[{'name': 'Adam Gołda', 'institution': 'AGH University of Science and Technology', 'subunit': 'Department of Electronics', 'location': 'Kraków, Poland', 'full_affiliation': 'AGH University of Science and Technology, Department of Electronics, 30 Mickiewicza Ave, 30-059 Kraków, Poland'}, {'name': 'Andrzej Kos', 'institution': 'AGH University of Science and Technology', 'subunit': 'Department of Electronics', 'location': 'Kraków, Poland', 'full_affiliation': 'AGH University of Science and Technology, Department of Electronics, 30 Mickiewicza Ave, 30-059 Kraków, Poland'}]",2008_007_0031.png
Tank Model Coupled with an Artificial Neural Network,Neural Networks & Deep Learning,"[{'name': 'Gustavo Cerda-Villafana', 'institution': 'Universidad de Guanajuato', 'subunit': 'FIMEE', 'location': 'Salamanca, Guanajuato, Mexico', 'full_affiliation': 'FIMEE, Universidad de Guanajuato, Salamanca, Guanajuato, Mexico'}, {'name': 'Sergio E. Ledesma-Orozco', 'institution': 'Universidad de Guanajuato', 'subunit': 'FIMEE', 'location': 'Salamanca, Guanajuato, Mexico', 'full_affiliation': 'FIMEE, Universidad de Guanajuato, Salamanca, Guanajuato, Mexico'}, {'name': 'Efren Gonzalez-Ramirez', 'institution': 'Universidad de Zacatecas', 'subunit': '', 'location': 'Zacatecas, Zacatecas, Mexico', 'full_affiliation': 'Universidad de Zacatecas, Zacatecas, Zacatecas, Mexico'}]",2008_007_0032.png
Feature Selection Using Artificial Neural Networks,Neural Networks & Deep Learning,"[{'name': 'Sergio Ledesma', 'institution': 'University of Guanajuato', 'subunit': 'Dept. of Electrical & Computer Engineering', 'location': 'Salamanca, Gto., México', 'full_affiliation': 'Dept. of Electrical & Computer Engineering. University of Guanajuato. Salamanca, Gto. 36700, México'}, {'name': 'Gustavo Cerda', 'institution': 'University of Guanajuato', 'subunit': 'Dept. of Electrical & Computer Engineering', 'location': 'Salamanca, Gto., México', 'full_affiliation': 'Dept. of Electrical & Computer Engineering. University of Guanajuato. Salamanca, Gto. 36700, México'}, {'name': 'Gabriel Aviña', 'institution': 'University of Guanajuato', 'subunit': 'Dept. of Electrical & Computer Engineering', 'location': 'Salamanca, Gto., México', 'full_affiliation': 'Dept. of Electrical & Computer Engineering. University of Guanajuato. Salamanca, Gto. 36700, México'}, {'name': 'Donato Hernández', 'institution': 'University of Guanajuato', 'subunit': 'Dept. of Electrical & Computer Engineering', 'location': 'Salamanca, Gto., México', 'full_affiliation': 'Dept. of Electrical & Computer Engineering. University of Guanajuato. Salamanca, Gto. 36700, México'}, {'name': 'Miguel Torres', 'institution': 'University of Guanajuato', 'subunit': 'Dept. of Electrical & Computer Engineering', 'location': 'Salamanca, Gto., México', 'full_affiliation': 'Dept. of Electrical & Computer Engineering. University of Guanajuato. Salamanca, Gto. 36700, México'}]",2008_007_0033.png
Composite Kernels for Support Vector Classification of Hyper-Spectral Data,Supervised Machine Learning,"[{'name': 'M. Kohram', 'institution': 'University Technology Malaysia', 'subunit': 'Faculty of Computer Science and Information Systems', 'location': '', 'full_affiliation': 'Faculty of Computer Science and Information Systems, University Technology Malaysia'}, {'name': 'M.N.M. Sap', 'institution': 'University Technology Malaysia', 'subunit': 'Faculty of Computer Science and Information Systems', 'location': '', 'full_affiliation': 'Faculty of Computer Science and Information Systems, University Technology Malaysia'}]",2008_007_0034.png
A Constraint-Handling Genetic Algorithm to Power Economic Dispatch,Bio-inspired & Evolutionary Computing,"[{'name': 'Felix Calderon', 'institution': 'Universidad Michoacana de San Nicolás de Hidalgo', 'subunit': 'División de Estudios de Posgrado. Facultad de Ingeniería Eléctrica', 'location': 'Morelia, Michoacán, México', 'full_affiliation': 'Universidad Michoacana de San Nicolás de Hidalgo\nDivisión de Estudios de Posgrado. Facultad de Ingeniería Eléctrica\nSantiago Tapia 403 Centro. Morelia, Michoacán, México. CP 58000'}, {'name': 'Claudio R. Fuerte-Esquivel', 'institution': 'Universidad Michoacana de San Nicolás de Hidalgo', 'subunit': 'División de Estudios de Posgrado. Facultad de Ingeniería Eléctrica', 'location': 'Morelia, Michoacán, México', 'full_affiliation': 'Universidad Michoacana de San Nicolás de Hidalgo\nDivisión de Estudios de Posgrado. Facultad de Ingeniería Eléctrica\nSantiago Tapia 403 Centro. Morelia, Michoacán, México. CP 58000'}, {'name': 'Juan J. Flores', 'institution': 'Universidad Michoacana de San Nicolás de Hidalgo', 'subunit': 'División de Estudios de Posgrado. Facultad de Ingeniería Eléctrica', 'location': 'Morelia, Michoacán, México', 'full_affiliation': 'Universidad Michoacana de San Nicolás de Hidalgo\nDivisión de Estudios de Posgrado. Facultad de Ingeniería Eléctrica\nSantiago Tapia 403 Centro. Morelia, Michoacán, México. CP 58000'}, {'name': 'Juan C. Silva', 'institution': 'Universidad Michoacana de San Nicolás de Hidalgo', 'subunit': 'División de Estudios de Posgrado. Facultad de Ingeniería Eléctrica', 'location': 'Morelia, Michoacán, México', 'full_affiliation': 'Universidad Michoacana de San Nicolás de Hidalgo\nDivisión de Estudios de Posgrado. Facultad de Ingeniería Eléctrica\nSantiago Tapia 403 Centro. Morelia, Michoacán, México. CP 58000'}]",2008_007_0035.png
Using Genetic Fuzzy Algorithms to Model the Evolution of Climate Variables at San Jorge Gulf Area,Fuzzy Logic & Fuzzy Systems,"[{'name': 'Enrique Sierra', 'institution': 'Universidad Nacional de la Patagonia Austral', 'subunit': 'Laboratorio de Energías Renovables, Unidad Académica Caleta Olivia', 'location': 'Caleta Olivia, Santa Cruz, Argentina', 'full_affiliation': 'Laboratorio de Energías Renovables. Unidad Académica Caleta Olivia Universidad Nacional de la Patagonia Austral Ruta Nacional N° 3 Acceso Norte (9011) Caleta Olivia- Santa Cruz – Argentina'}, {'name': 'Daniel Lorenzetti', 'institution': 'Universidad Nacional de la Patagonia Austral', 'subunit': 'Laboratorio de Energías Renovables, Unidad Académica Caleta Olivia', 'location': 'Caleta Olivia, Santa Cruz, Argentina', 'full_affiliation': 'Laboratorio de Energías Renovables. Unidad Académica Caleta Olivia Universidad Nacional de la Patagonia Austral Ruta Nacional N° 3 Acceso Norte (9011) Caleta Olivia- Santa Cruz – Argentina'}, {'name': 'Alejandro Hossian', 'institution': 'Universidad Nacional de la Patagonia Austral', 'subunit': 'Laboratorio de Energías Renovables, Unidad Académica Caleta Olivia', 'location': 'Caleta Olivia, Santa Cruz, Argentina', 'full_affiliation': 'Laboratorio de Energías Renovables. Unidad Académica Caleta Olivia Universidad Nacional de la Patagonia Austral Ruta Nacional N° 3 Acceso Norte (9011) Caleta Olivia- Santa Cruz – Argentina'}, {'name': 'Hugo Moyano', 'institution': 'Universidad Nacional de la Patagonia Austral', 'subunit': 'Laboratorio de Energías Renovables, Unidad Académica Caleta Olivia', 'location': 'Caleta Olivia, Santa Cruz, Argentina', 'full_affiliation': 'Laboratorio de Energías Renovables. Unidad Académica Caleta Olivia Universidad Nacional de la Patagonia Austral Ruta Nacional N° 3 Acceso Norte (9011) Caleta Olivia- Santa Cruz – Argentina'}, {'name': 'Horacio León', 'institution': 'Universidad Nacional de la Patagonia Austral', 'subunit': 'Laboratorio de Energías Renovables, Unidad Académica Caleta Olivia', 'location': 'Caleta Olivia, Santa Cruz, Argentina', 'full_affiliation': 'Laboratorio de Energías Renovables. Unidad Académica Caleta Olivia Universidad Nacional de la Patagonia Austral Ruta Nacional N° 3 Acceso Norte (9011) Caleta Olivia- Santa Cruz – Argentina'}, {'name': 'Daniel Pandolfi', 'institution': 'Universidad Nacional de la Patagonia Austral', 'subunit': 'Laboratorio de Energías Renovables, Unidad Académica Caleta Olivia', 'location': 'Caleta Olivia, Santa Cruz, Argentina', 'full_affiliation': 'Laboratorio de Energías Renovables. Unidad Académica Caleta Olivia Universidad Nacional de la Patagonia Austral Ruta Nacional N° 3 Acceso Norte (9011) Caleta Olivia- Santa Cruz – Argentina'}, {'name': 'Rodolfo Gómez', 'institution': 'Universidad Nacional de la Patagonia Austral', 'subunit': 'Laboratorio de Energías Renovables, Unidad Académica Caleta Olivia', 'location': 'Caleta Olivia, Santa Cruz, Argentina', 'full_affiliation': 'Laboratorio de Energías Renovables. Unidad Académica Caleta Olivia Universidad Nacional de la Patagonia Austral Ruta Nacional N° 3 Acceso Norte (9011) Caleta Olivia- Santa Cruz – Argentina'}, {'name': 'Ramón García Martínez', 'institution': 'Instituto Tecnológico de Buenos Aires | Universidad de Buenos Aires', 'subunit': 'Centro de Ingeniería del Software y del Conocimiento | Laboratorio de Sistemas Inteligentes, Facultad de Ingeniería', 'location': '', 'full_affiliation': 'Centro de Ingeniería del Software y del Conocimiento Instituto Tecnológico de Buenos Aires. Laboratorio de Sistemas Inteligentes. Facultad de Ingeniería. Universidad de Buenos Aires.'}]",2008_007_0036.png
Digital Filters Using Adjacency Matrix Representation,Bio-inspired & Evolutionary Computing,"[{'name': 'Leonardo Sá', 'institution': '', 'subunit': '', 'location': '', 'full_affiliation': ''}, {'name': 'Antonio Mesquita', 'institution': '', 'subunit': '', 'location': '', 'full_affiliation': ''}]",2008_007_0037.png
Using Hyper-heuristics for the Dynamic Variable Ordering in Binary Constraint Satisfaction Problems,Bio-inspired & Evolutionary Computing,"[{'name': 'Hugo Terashima-Marín', 'institution': 'Tecnológico de Monterrey', 'subunit': 'Center for Intelligent Systems', 'location': 'Monterrey, NL, Mexico', 'full_affiliation': 'Tecnológico de Monterrey - Center for Intelligent Systems, Monterrey, NL, 64849, Mexico'}, {'name': 'José C. Ortiz-Bayliss', 'institution': 'Tecnológico de Monterrey', 'subunit': 'Center for Intelligent Systems', 'location': 'Monterrey, NL, Mexico', 'full_affiliation': 'Tecnológico de Monterrey - Center for Intelligent Systems, Monterrey, NL, 64849, Mexico'}, {'name': 'Peter Ross', 'institution': 'Napier University', 'subunit': 'School of Computing', 'location': 'Edinburgh, UK', 'full_affiliation': 'School of Computing, Napier University, Edinburgh EH10 5DT UK'}, {'name': 'Manuel Valenzuela-Rendón', 'institution': 'Tecnológico de Monterrey', 'subunit': 'Center for Intelligent Systems', 'location': 'Monterrey, NL, Mexico', 'full_affiliation': 'Tecnológico de Monterrey - Center for Intelligent Systems, Monterrey, NL, 64849, Mexico'}]",2008_007_0038.png
Optimal Design of Multiproduct Batch Plants under Imprecise Demand,Bio-inspired & Evolutionary Computing,"[{'name': 'Alberto A. Aguilar-Lasserre', 'institution': 'Instituto Tecnológico de Orizaba', 'subunit': 'Division of Research and Postgraduate Studies', 'location': 'Orizaba, Veracruz, México', 'full_affiliation': 'Division of Research and Postgraduate Studies, Instituto Tecnológico de Orizaba. Av. Instituto Tecnológico 852, Col. Emiliano Zapata. 09340 Orizaba, Veracruz, México'}, {'name': 'Guillermo Cortes Robles', 'institution': 'Instituto Tecnológico de Orizaba', 'subunit': 'Division of Research and Postgraduate Studies', 'location': 'Orizaba, Veracruz, México', 'full_affiliation': 'Division of Research and Postgraduate Studies, Instituto Tecnológico de Orizaba. Av. Instituto Tecnológico 852, Col. Emiliano Zapata. 09340 Orizaba, Veracruz, México'}, {'name': 'Blanca E. González Sánchez', 'institution': 'Instituto Tecnológico de Orizaba', 'subunit': 'Division of Research and Postgraduate Studies', 'location': 'Orizaba, Veracruz, México', 'full_affiliation': 'Division of Research and Postgraduate Studies, Instituto Tecnológico de Orizaba. Av. Instituto Tecnológico 852, Col. Emiliano Zapata. 09340 Orizaba, Veracruz, México'}, {'name': 'Magno A. González Huerta', 'institution': 'Instituto Tecnológico de Orizaba', 'subunit': 'Division of Research and Postgraduate Studies', 'location': 'Orizaba, Veracruz, México', 'full_affiliation': 'Division of Research and Postgraduate Studies, Instituto Tecnológico de Orizaba. Av. Instituto Tecnológico 852, Col. Emiliano Zapata. 09340 Orizaba, Veracruz, México'}, {'name': 'Oscar Baez Senties', 'institution': 'Instituto Tecnológico de Orizaba', 'subunit': 'Division of Research and Postgraduate Studies', 'location': 'Orizaba, Veracruz, México', 'full_affiliation': 'Division of Research and Postgraduate Studies, Instituto Tecnológico de Orizaba. Av. Instituto Tecnológico 852, Col. Emiliano Zapata. 09340 Orizaba, Veracruz, México'}]",2008_007_0039.png
A Set of Test Cases for Performance Measures in Multiobjective Optimization,Bio-inspired & Evolutionary Computing,"[{'name': 'Giovanni Lizárraga', 'institution': 'Center for Research in Mathematics (CIMAT)', 'subunit': 'Department of Computer Science', 'location': '', 'full_affiliation': 'Center for Research in Mathematics (CIMAT)\nDepartment of Computer Science'}, {'name': 'Arturo Hernández', 'institution': 'Center for Research in Mathematics (CIMAT)', 'subunit': 'Department of Computer Science', 'location': '', 'full_affiliation': 'Center for Research in Mathematics (CIMAT)\nDepartment of Computer Science'}, {'name': 'Salvador Botello', 'institution': 'Center for Research in Mathematics (CIMAT)', 'subunit': 'Department of Computer Science', 'location': '', 'full_affiliation': 'Center for Research in Mathematics (CIMAT)\nDepartment of Computer Science'}]",2008_007_0040.png
Some Demonstrations about the Cardinality of Important Sets of Non–dominated Sets,Bio-inspired & Evolutionary Computing,"[{'name': 'Giovanni Lizárraga', 'institution': 'Center for Research in Mathematics (CIMAT)', 'subunit': 'Department of Computer Science', 'location': 'Guanajuato, Gto., México', 'full_affiliation': 'Center for Research in Mathematics (CIMAT) Department of Computer Science A.P. 402, Guanajuato, Gto. 36240, México'}, {'name': 'Arturo Hernández', 'institution': 'Center for Research in Mathematics (CIMAT)', 'subunit': 'Department of Computer Science', 'location': 'Guanajuato, Gto., México', 'full_affiliation': 'Center for Research in Mathematics (CIMAT) Department of Computer Science A.P. 402, Guanajuato, Gto. 36240, México'}, {'name': 'Salvador Botello', 'institution': 'Center for Research in Mathematics (CIMAT)', 'subunit': 'Department of Computer Science', 'location': 'Guanajuato, Gto., México', 'full_affiliation': 'Center for Research in Mathematics (CIMAT) Department of Computer Science A.P. 402, Guanajuato, Gto. 36240, México'}]",2008_007_0041.png
Looking Inside Particle Swarm Optimization in Constrained Search Spaces,Heuristic Search & Optimization,"[{'name': 'Jorge Isacc Flores-Mendoza', 'institution': 'Laboratorio Nacional de Informática Avanzada (LANIA A.C.)', 'subunit': '', 'location': 'Xalapa, Veracruz, México', 'full_affiliation': 'Laboratorio Nacional de Informática Avanzada (LANIA A.C.) Rébsamen 80, Centro, Xalapa, Veracruz, 91000, México'}, {'name': 'Efrén Mezura-Montes', 'institution': 'Laboratorio Nacional de Informática Avanzada (LANIA A.C.)', 'subunit': '', 'location': 'Xalapa, Veracruz, México', 'full_affiliation': 'Laboratorio Nacional de Informática Avanzada (LANIA A.C.) Rébsamen 80, Centro, Xalapa, Veracruz, 91000, México'}]",2008_007_0042.png
An Approach to Searching for Two-Dimensional Cellular Automata for Recognition of Handwritten Digits,Bio-inspired & Evolutionary Computing,"[{'name': 'C.C. Oliveira Jr.', 'institution': 'Universidade Presbiteriana Mackenzie', 'subunit': 'Pós-Graduação em Engenharia Elétrica', 'location': 'São Paulo, Brazil', 'full_affiliation': 'Universidade Presbiteriana Mackenzie | 2 Pós-Graduação em Engenharia Elétrica | Rua da Consolação 896 - Consolação 01302-907 São Paulo, SP – Brazil'}, {'name': 'P.P.B. de Oliveira', 'institution': 'Universidade Presbiteriana Mackenzie', 'subunit': 'Faculdade de Computação e Informática | Pós-Graduação em Engenharia Elétrica', 'location': 'São Paulo, Brazil', 'full_affiliation': 'Universidade Presbiteriana Mackenzie | 1 Faculdade de Computação e Informática | 2 Pós-Graduação em Engenharia Elétrica | Rua da Consolação 896 - Consolação 01302-907 São Paulo, SP – Brazil'}]",2008_007_0043.png
Prediction of Pediatric Risk Using a Hybrid Model Based on Soft Computing Techniques,Hybrid AI & Expert Systems,"[{'name': 'Yanet Rodríguez', 'institution': 'Universidad Central de Las Villas', 'subunit': 'Centro de Estudios de Informática', 'location': 'Cuba', 'full_affiliation': 'Centro de Estudios de Informática, Universidad Central de Las Villas, Cuba'}, {'name': 'Mabel González', 'institution': 'Universidad Central de Las Villas', 'subunit': 'Centro de Estudios de Informática', 'location': 'Cuba', 'full_affiliation': 'Centro de Estudios de Informática, Universidad Central de Las Villas, Cuba'}, {'name': 'Adonis Aguirre', 'institution': 'Hospital Pediátrico Universitario “José Luis Miranda”', 'subunit': '', 'location': 'Santa Clara, Villa Clara, Cuba', 'full_affiliation': 'Hospital Pediátrico Universitario “José Luis Miranda” de Santa Clara, Villa Clara, Cuba'}, {'name': 'Mayelis Espinosa', 'institution': 'Universidad Central de Las Villas', 'subunit': 'Centro de Estudios de Informática', 'location': 'Cuba', 'full_affiliation': 'Centro de Estudios de Informática, Universidad Central de Las Villas, Cuba'}, {'name': 'Ricardo Grau', 'institution': 'Universidad Central de Las Villas', 'subunit': 'Centro de Estudios de Informática', 'location': 'Cuba', 'full_affiliation': 'Centro de Estudios de Informática, Universidad Central de Las Villas, Cuba'}, {'name': 'Joaquín O. García', 'institution': 'Hospital Pediátrico Universitario “José Luis Miranda”', 'subunit': '', 'location': 'Santa Clara, Villa Clara, Cuba', 'full_affiliation': 'Hospital Pediátrico Universitario “José Luis Miranda” de Santa Clara, Villa Clara, Cuba'}, {'name': 'Luis E. Rovira', 'institution': 'Hospital Pediátrico Universitario “José Luis Miranda”', 'subunit': '', 'location': 'Santa Clara, Villa Clara, Cuba', 'full_affiliation': 'Hospital Pediátrico Universitario “José Luis Miranda” de Santa Clara, Villa Clara, Cuba'}, {'name': 'Maria M. García', 'institution': 'Universidad Central de Las Villas', 'subunit': 'Centro de Estudios de Informática', 'location': 'Cuba', 'full_affiliation': 'Centro de Estudios de Informática, Universidad Central de Las Villas, Cuba'}]",2008_007_0044.png
Cell Formation with Alternative Routings and Capacity Considerations: A Hybrid Tabu Search Approach,Heuristic Search & Optimization,"[{'name': 'Luiz Carlos A. Rodrigues', 'institution': 'UTFPR', 'subunit': 'DAMEC/PPGEM', 'location': 'Curitiba, PR, Brazil', 'full_affiliation': 'UTFPR, DAMEC/PPGEM, Av. Sete de Setembro 3165 80230-901 Curitiba, PR, Brazil'}, {'name': 'Tiago R. Weller', 'institution': 'UTFPR', 'subunit': 'DAMEC/PPGEM', 'location': 'Curitiba, PR, Brazil', 'full_affiliation': 'UTFPR, DAMEC/PPGEM, Av. Sete de Setembro 3165 80230-901 Curitiba, PR, Brazil'}]",2008_007_0045.png
Fault Diagnosis of a Vehicle with Soft Computing Methods,Fuzzy Logic & Fuzzy Systems,"[{'name': 'Juan Pablo Nieto González', 'institution': 'ITESM', 'subunit': 'Department of Mechatronics and Automation, Monterrey Campus', 'location': 'Monterrey, N.L., México', 'full_affiliation': 'Department of Mechatronics and Automation, ITESM Monterrey Campus Av. Eugenio Garza Sada Sur No. 2501 Monterrey, N.L. 64,489 México'}, {'name': 'Luis E. Garza Castañón', 'institution': 'ITESM', 'subunit': 'Department of Mechatronics and Automation, Monterrey Campus', 'location': 'Monterrey, N.L., México', 'full_affiliation': 'Department of Mechatronics and Automation, ITESM Monterrey Campus Av. Eugenio Garza Sada Sur No. 2501 Monterrey, N.L. 64,489 México'}, {'name': 'Abdelhamid Rabhi', 'institution': 'Université de Picardie Jules Verne (UPJV)', 'subunit': 'Laboratoire Modélisation, Information et Systèmes', 'location': 'Amiens, France', 'full_affiliation': 'Laboratoire Modélisation, Information et Systèmes Université de Picardie Jules Verne (UPJV) 33 Rue Saint Leu 80039 Amiens, France'}, {'name': 'Ahmed El Hajjaji', 'institution': 'Université de Picardie Jules Verne (UPJV)', 'subunit': 'Laboratoire Modélisation, Information et Systèmes', 'location': 'Amiens, France', 'full_affiliation': 'Laboratoire Modélisation, Information et Systèmes Université de Picardie Jules Verne (UPJV) 33 Rue Saint Leu 80039 Amiens, France'}]",2008_007_0046.png
Hybridization of PSO and a Discrete Position Update Scheme Techniques for Manufacturing Cell Design,Bio-inspired & Evolutionary Computing,"[{'name': 'Orlando Duran', 'institution': 'Pontificia Universidad Catolica de Valparaiso', 'subunit': '', 'location': 'Valparaiso, Chile', 'full_affiliation': 'Pontificia Universidad Catolica de Valparaiso, Valparaiso, Chile'}, {'name': 'Nibaldo Rodriguez', 'institution': 'Pontificia Universidad Catolica de Valparaiso', 'subunit': '', 'location': 'Valparaiso, Chile', 'full_affiliation': 'Pontificia Universidad Catolica de Valparaiso, Valparaiso, Chile'}, {'name': 'Luiz Airton Consalter', 'institution': 'Universidade de Passo Fundo', 'subunit': '', 'location': 'Passo Fundo (RS), Brasil', 'full_affiliation': 'Universidade de Passo Fundo, Passo Fundo (RS), Brasil'}]",2008_007_0047.png
Estimation of Parameters in Cox’s Proportional Hazard Model: Comparisons between Evolutionary Algorithms and the Newton-Raphson Approach,Bio-inspired & Evolutionary Computing,"[{'name': 'David González', 'institution': 'COMIMSA', 'subunit': '', 'location': 'Saltillo, Coahuila, México', 'full_affiliation': 'COMIMSA, Ciencia y Tecnología 790 Frac. Saltillo 400, CP 25290, Saltillo, Coahuila, México'}, {'name': 'Manuel Piña', 'institution': 'UNIVERSIDAD AUTÓNOMA DE CIUDAD JUÁREZ', 'subunit': '', 'location': 'CD. Juárez, Chihuahua, México', 'full_affiliation': 'UNIVERSIDAD AUTÓNOMA DE CIUDAD JUÁREZ Henri Dunant 4016 Zona Pronaf, CP 32310, CD. Juárez, Chihuahua, México'}, {'name': 'Luis Torres', 'institution': 'COMIMSA', 'subunit': '', 'location': 'Saltillo, Coahuila, México', 'full_affiliation': 'COMIMSA, Ciencia y Tecnología 790 Frac. Saltillo 400, CP 25290, Saltillo, Coahuila, México'}]",2008_007_0048.png
Gravitational Fuzzy Clustering,Fuzzy Logic & Fuzzy Systems,"[{'name': 'Umut Orhan', 'institution': 'Gaziosmanpasa University', 'subunit': 'Electronics and Computer Department', 'location': 'Tokat, Turkiye', 'full_affiliation': 'Electronics and Computer Department, Gaziosmanpasa University 60250, Tokat, Turkiye'}, {'name': 'Mahmut Hekim', 'institution': 'Gaziosmanpasa University', 'subunit': 'Electronics and Computer Department', 'location': 'Tokat, Turkiye', 'full_affiliation': 'Electronics and Computer Department, Gaziosmanpasa University 60250, Tokat, Turkiye'}, {'name': 'Turgay Ibrikci', 'institution': 'Cukurova University', 'subunit': 'Electrical and Electronics Engineering', 'location': 'Adana, Turkiye', 'full_affiliation': 'Electrical and Electronics Engineering, Cukurova University 01330, Adana, Turkiye'}]",2008_007_0049.png
A Fuzzy Approach to Skin Color Detection,Fuzzy Logic & Fuzzy Systems,"[{'name': 'Francisco A. Pujol', 'institution': 'Universidad de Alicante', 'subunit': 'Specialized Processor Architectures Lab, Dept. Tecnología Informática y Computación', 'location': 'Alicante, Spain', 'full_affiliation': 'Specialized Processor Architectures Lab, Dept. Tecnología Informática y Computación, Universidad de Alicante, P.O. Box 99, E-03080, Alicante (Spain)'}, {'name': 'Rafael Espí', 'institution': 'Universidad de Alicante', 'subunit': 'Specialized Processor Architectures Lab, Dept. Tecnología Informática y Computación', 'location': 'Alicante, Spain', 'full_affiliation': 'Specialized Processor Architectures Lab, Dept. Tecnología Informática y Computación, Universidad de Alicante, P.O. Box 99, E-03080, Alicante (Spain)'}, {'name': 'Higinio Mora', 'institution': 'Universidad de Alicante', 'subunit': 'Specialized Processor Architectures Lab, Dept. Tecnología Informática y Computación', 'location': 'Alicante, Spain', 'full_affiliation': 'Specialized Processor Architectures Lab, Dept. Tecnología Informática y Computación, Universidad de Alicante, P.O. Box 99, E-03080, Alicante (Spain)'}, {'name': 'José Luis Sánchez', 'institution': 'Universidad de Alicante', 'subunit': 'Specialized Processor Architectures Lab, Dept. Tecnología Informática y Computación', 'location': 'Alicante, Spain', 'full_affiliation': 'Specialized Processor Architectures Lab, Dept. Tecnología Informática y Computación, Universidad de Alicante, P.O. Box 99, E-03080, Alicante (Spain)'}]",2008_007_0050.png
To Boldly Split: Partitioning Space Filling Curves by Markov Chain Monte Carlo Simulation,Probabilistic & Statistical Reasoning,"[{'name': 'Daniel Valdes', 'institution': 'The University of Warwick', 'subunit': 'Department of Computer Science', 'location': 'Coventry, UK', 'full_affiliation': 'Department of Computer Science The University of Warwick Coventry, UK, CV4 7AL'}, {'name': 'Abhir Bhalerao', 'institution': 'The University of Warwick', 'subunit': 'Department of Computer Science', 'location': 'Coventry, UK', 'full_affiliation': 'Department of Computer Science The University of Warwick Coventry, UK, CV4 7AL'}]",2008_007_0051.png
Impulse Denoising Using Fuzzy and Directional Processing on a DSP,Fuzzy Logic & Fuzzy Systems,"[{'name': 'Alberto Rosales', 'institution': 'National Polytechnic Institute of Mexico', 'subunit': 'Mechanical and Electrical Engineering Higher School, U.P. Culhuacan', 'location': 'Mexico', 'full_affiliation': 'Mechanical and Electrical Engineering Higher School, U.P. Culhuacan Av. Santa Ana, 1000, Col. San Fco. Culhuacan National Polytechnic Institute of Mexico'}, {'name': 'Volodymyr Ponomaryov', 'institution': 'National Polytechnic Institute of Mexico', 'subunit': 'Mechanical and Electrical Engineering Higher School, U.P. Culhuacan', 'location': 'Mexico', 'full_affiliation': 'Mechanical and Electrical Engineering Higher School, U.P. Culhuacan Av. Santa Ana, 1000, Col. San Fco. Culhuacan National Polytechnic Institute of Mexico'}, {'name': 'Francisco Gallegos', 'institution': 'National Polytechnic Institute of Mexico', 'subunit': 'Mechanical and Electrical Engineering Higher School, U.P. Culhuacan', 'location': 'Mexico', 'full_affiliation': 'Mechanical and Electrical Engineering Higher School, U.P. Culhuacan Av. Santa Ana, 1000, Col. San Fco. Culhuacan National Polytechnic Institute of Mexico'}]",2008_007_0052.png
A Motion Planning Strategy for Rapidly Finding an Object with a Mobile Manipulator in 3-D Environments,Robotics,"[{'name': 'Alejandro Sarmiento', 'institution': 'University of Illinois', 'subunit': 'Beckman Institute', 'location': 'Urbana, Illinois', 'full_affiliation': 'University of Illinois, Beckman Institute\nUrbana, Illinois'}, {'name': 'Judith Espinoza', 'institution': 'Centro de Investigación en Matemáticas, CIMAT', 'subunit': '', 'location': 'Guanajuato, México', 'full_affiliation': 'Centro de Investigación en Matemáticas, CIMAT\nGuanajuato, México'}, {'name': 'Rafael Murrieta-Cid', 'institution': 'Centro de Investigación en Matemáticas, CIMAT', 'subunit': '', 'location': 'Guanajuato, México', 'full_affiliation': 'Centro de Investigación en Matemáticas, CIMAT\nGuanajuato, México'}, {'name': 'Seth Hutchinson', 'institution': 'University of Illinois', 'subunit': 'Beckman Institute', 'location': 'Urbana, Illinois', 'full_affiliation': 'University of Illinois, Beckman Institute\nUrbana, Illinois'}]",2008_007_0053.png
Extraction and Specialization of Geo-spatial Objects in Geo-images Using Semantic Compression Algorithm,Computer Vision,"[{'name': 'G. Guzmán', 'institution': 'National Polytechnical Institute', 'subunit': 'Centre for Computer Research', 'location': 'Mexico City, Mexico', 'full_affiliation': 'Centre for Computer Research, National Polytechnical Institute, Mexico City, Mexico'}, {'name': 'S. Levachkine', 'institution': 'National Polytechnical Institute', 'subunit': 'Centre for Computer Research', 'location': 'Mexico City, Mexico', 'full_affiliation': 'Centre for Computer Research, National Polytechnical Institute, Mexico City, Mexico'}, {'name': 'M. Torres', 'institution': 'National Polytechnical Institute', 'subunit': 'Centre for Computer Research', 'location': 'Mexico City, Mexico', 'full_affiliation': 'Centre for Computer Research, National Polytechnical Institute, Mexico City, Mexico'}, {'name': 'R. Quintero', 'institution': 'National Polytechnical Institute', 'subunit': 'Centre for Computer Research', 'location': 'Mexico City, Mexico', 'full_affiliation': 'Centre for Computer Research, National Polytechnical Institute, Mexico City, Mexico'}, {'name': 'M. Moreno', 'institution': 'National Polytechnical Institute', 'subunit': 'Centre for Computer Research', 'location': 'Mexico City, Mexico', 'full_affiliation': 'Centre for Computer Research, National Polytechnical Institute, Mexico City, Mexico'}]",2008_007_0054.png
A Hybrid Rough K-Means Algorithm and Particle Swarm Optimization for Image Classification,Unsupervised Machine Learning,"[{'name': 'Chih-Cheng Hung', 'institution': 'Southern Polytechnic State University', 'subunit': '', 'location': 'Marietta, GA, USA', 'full_affiliation': 'Southern Polytechnic State University\nMarietta, GA 30060-2896 USA'}, {'name': 'Hendri Purnawan', 'institution': 'Southern Polytechnic State University', 'subunit': '', 'location': 'Marietta, GA, USA', 'full_affiliation': 'Southern Polytechnic State University\nMarietta, GA 30060-2896 USA'}]",2008_007_0055.png
A Robust Iterative Closest Point Algorithm with Augmented Features,Robotics,"[{'name': 'Carlos Lara', 'institution': 'Universidad Michoacana de San Nicolás de Hidalgo', 'subunit': 'División de Estudios de Posgrado, Facultad de Ingeniería Eléctrica', 'location': 'Morelia, Michoacán, México', 'full_affiliation': 'Universidad Michoacana de San Nicolás de Hidalgo\nDivisión de Estudios de Posgrado, Facultad de Ingeniería Eléctrica\nSantiago Tapia 403 Centro, Morelia, Michoacán, México, CP 58000'}, {'name': 'Leonardo Romero', 'institution': 'Universidad Michoacana de San Nicolás de Hidalgo', 'subunit': 'División de Estudios de Posgrado, Facultad de Ingeniería Eléctrica', 'location': 'Morelia, Michoacán, México', 'full_affiliation': 'Universidad Michoacana de San Nicolás de Hidalgo\nDivisión de Estudios de Posgrado, Facultad de Ingeniería Eléctrica\nSantiago Tapia 403 Centro, Morelia, Michoacán, México, CP 58000'}, {'name': 'Félix Calderón', 'institution': 'Universidad Michoacana de San Nicolás de Hidalgo', 'subunit': 'División de Estudios de Posgrado, Facultad de Ingeniería Eléctrica', 'location': 'Morelia, Michoacán, México', 'full_affiliation': 'Universidad Michoacana de San Nicolás de Hidalgo\nDivisión de Estudios de Posgrado, Facultad de Ingeniería Eléctrica\nSantiago Tapia 403 Centro, Morelia, Michoacán, México, CP 58000'}]",2008_007_0056.png
Multi-robot Exploration and Mapping Using Self Biddings and Stop Signals*,Robotics,"[{'name': 'Juan C. Elizondo-Leal', 'institution': 'Centro de Investigación y Estudios Avanzados del IPN', 'subunit': 'Laboratorio de Tecnologías de Información', 'location': 'Ciudad Victoria, Tamaulipas, México', 'full_affiliation': 'Centro de Investigación y Estudios Avanzados del IPN\nLaboratorio de Tecnologías de Información\nCarretera a Monterrey KM 6, Ciudad Victoria, Tamaulipas México'}, {'name': 'Gabriel Ramírez-Torres', 'institution': 'Centro de Investigación y Estudios Avanzados del IPN', 'subunit': 'Laboratorio de Tecnologías de Información', 'location': 'Ciudad Victoria, Tamaulipas, México', 'full_affiliation': 'Centro de Investigación y Estudios Avanzados del IPN\nLaboratorio de Tecnologías de Información\nCarretera a Monterrey KM 6, Ciudad Victoria, Tamaulipas México'}, {'name': 'Gregorio Toscano Pulido', 'institution': 'Centro de Investigación y Estudios Avanzados del IPN', 'subunit': 'Laboratorio de Tecnologías de Información', 'location': 'Ciudad Victoria, Tamaulipas, México', 'full_affiliation': 'Centro de Investigación y Estudios Avanzados del IPN\nLaboratorio de Tecnologías de Información\nCarretera a Monterrey KM 6, Ciudad Victoria, Tamaulipas México'}]",2008_007_0057.png
Rhythmic Locomotion Control of Humanoid Robot,Robotics,"[{'name': 'Carlos Antonio Acosta Calderon', 'institution': 'Singapore Polytechnic', 'subunit': 'Advanced Robotics and Intelligent Control Centre, School of Electrical and Electronic Engineering', 'location': 'Singapore', 'full_affiliation': 'Advanced Robotics and Intelligent Control Centre, School of Electrical and Electronic Engineering, Singapore Polytechnic, 139651, Singapore'}, {'name': 'Rajesh Elara Mohan', 'institution': 'Singapore Polytechnic', 'subunit': 'Advanced Robotics and Intelligent Control Centre, School of Electrical and Electronic Engineering', 'location': 'Singapore', 'full_affiliation': 'Advanced Robotics and Intelligent Control Centre, School of Electrical and Electronic Engineering, Singapore Polytechnic, 139651, Singapore'}, {'name': 'Changjiu Zhou', 'institution': 'Singapore Polytechnic', 'subunit': 'Advanced Robotics and Intelligent Control Centre, School of Electrical and Electronic Engineering', 'location': 'Singapore', 'full_affiliation': 'Advanced Robotics and Intelligent Control Centre, School of Electrical and Electronic Engineering, Singapore Polytechnic, 139651, Singapore'}]",2008_007_0058.png
Strong Probabilistic Planning,Probabilistic & Statistical Reasoning,"[{'name': 'Silvio do Lago Pereira', 'institution': 'University of São Paulo', 'subunit': 'Institute of Mathematics and Statistics', 'location': 'São Paulo, Brazil', 'full_affiliation': 'Institute of Mathematics and Statistics - University of São Paulo, Rua do Matão, 1010 - São Paulo, Brazil'}, {'name': 'Leliane Nunes de Barros', 'institution': 'University of São Paulo', 'subunit': 'Institute of Mathematics and Statistics', 'location': 'São Paulo, Brazil', 'full_affiliation': 'Institute of Mathematics and Statistics - University of São Paulo, Rua do Matão, 1010 - São Paulo, Brazil'}, {'name': 'Fábio Gagliardi Cozman', 'institution': 'University of São Paulo', 'subunit': 'Institute of Mathematics and Statistics', 'location': 'São Paulo, Brazil', 'full_affiliation': 'Institute of Mathematics and Statistics - University of São Paulo, Rua do Matão, 1010 - São Paulo, Brazil'}]",2008_007_0059.png
Parametric Algorithms for Cyclic Scheduling Problems with Applications to Robotics,Robotics,"[{'name': 'Vladimir Kats', 'institution': 'Institute for Industrial Mathematics', 'subunit': '', 'location': 'Beer-Sheva, Israel', 'full_affiliation': 'Institute for Industrial Mathematics, Beer-Sheva, Israel'}, {'name': 'Eugene Levner', 'institution': 'Holon Institute of Technology | Bar-Ilan University', 'subunit': '', 'location': 'Holon, Israel | Ramat Gan, Israel', 'full_affiliation': 'Holon Institute of Technology, Holon and Bar-Ilan University, Ramat Gan, Israel'}]",2008_007_0060.png
Solving a School Timetabling Problem Using a Bee Algorithm,Bio-inspired & Evolutionary Computing,"[{'name': 'Carlos Lara', 'institution': 'Universidad Michoacana de San Nicolás de Hidalgo', 'subunit': 'División de Estudios de Posgrado. Facultad de Ingeniería Eléctrica', 'location': 'Morelia, Michoacán, México', 'full_affiliation': 'Universidad Michoacana de San Nicolás de Hidalgo\nDivisión de Estudios de Posgrado. Facultad de Ingeniería Eléctrica\nSantiago Tapia 403 Centro. Morelia, Michoacán, México. CP 58000'}, {'name': 'Juan J. Flores', 'institution': 'Universidad Michoacana de San Nicolás de Hidalgo', 'subunit': 'División de Estudios de Posgrado. Facultad de Ingeniería Eléctrica', 'location': 'Morelia, Michoacán, México', 'full_affiliation': 'Universidad Michoacana de San Nicolás de Hidalgo\nDivisión de Estudios de Posgrado. Facultad de Ingeniería Eléctrica\nSantiago Tapia 403 Centro. Morelia, Michoacán, México. CP 58000'}, {'name': 'Félix Calderón', 'institution': 'Universidad Michoacana de San Nicolás de Hidalgo', 'subunit': 'División de Estudios de Posgrado. Facultad de Ingeniería Eléctrica', 'location': 'Morelia, Michoacán, México', 'full_affiliation': 'Universidad Michoacana de San Nicolás de Hidalgo\nDivisión de Estudios de Posgrado. Facultad de Ingeniería Eléctrica\nSantiago Tapia 403 Centro. Morelia, Michoacán, México. CP 58000'}]",2008_007_0061.png
An Efficient Simulated Annealing Algorithm for Feasible Solutions of Course Timetabling,Heuristic Search & Optimization,"[{'name': 'Juan Frausto-Solís', 'institution': 'Tecnológico de Monterrey', 'subunit': 'Campus Cuernavaca', 'location': 'Cuernavaca, Morelos, México', 'full_affiliation': 'Tecnológico de Monterrey Campus Cuernavaca, 69042 Cuernavaca, Morelos, México'}, {'name': 'Federico Alonso-Pecina', 'institution': 'Tecnológico de Monterrey', 'subunit': 'Campus Cuernavaca', 'location': 'Cuernavaca, Morelos, México', 'full_affiliation': 'Tecnológico de Monterrey Campus Cuernavaca, 69042 Cuernavaca, Morelos, México'}, {'name': 'Jaime Mora-Vargas', 'institution': 'Tecnológico de Monterrey', 'subunit': 'Campus Estado de México', 'location': '', 'full_affiliation': 'Tecnológico de Monterrey Campus Estado de México'}]",2008_007_0062.png
On the Definition of Essential and Contingent Properties of Subjective Belief Bases,Knowledge Representation & Reasoning,"[{'name': 'Ebrahim Bagheri', 'institution': 'University of New Brunswick', 'subunit': 'Faculty of Computer Science', 'location': 'Fredericton, Canada', 'full_affiliation': 'Faculty of Computer Science, University of New Brunswick, Fredericton, Canada'}, {'name': 'Ali A. Ghorbani', 'institution': 'University of New Brunswick', 'subunit': 'Faculty of Computer Science', 'location': 'Fredericton, Canada', 'full_affiliation': 'Faculty of Computer Science, University of New Brunswick, Fredericton, Canada'}]",2008_007_0063.png
Some Properties of Aggregated Distributions over Expected Values,Probabilistic & Statistical Reasoning,"[{'name': 'David Sundgren', 'institution': 'University of Gävle', 'subunit': 'Dept. of Mathematics, Natural and Computer Sciences', 'location': 'Gävle, Sweden', 'full_affiliation': 'Dept. of Mathematics, Natural and Computer Sciences, University of Gävle, SE-801 76 Gävle, Sweden'}, {'name': 'Love Ekenberg', 'institution': 'Stockholm University and KTH', 'subunit': 'Dept. of Computer and Systems Sciences', 'location': 'Kista, Sweden', 'full_affiliation': 'Dept. of Computer and Systems Sciences, Stockholm University and KTH, Forum 100, SE-164 40 Kista, Sweden'}, {'name': 'Mats Danielson', 'institution': 'Stockholm University and KTH', 'subunit': 'Dept. of Computer and Systems Sciences', 'location': 'Kista, Sweden', 'full_affiliation': 'Dept. of Computer and Systems Sciences, Stockholm University and KTH, Forum 100, SE-164 40 Kista, Sweden'}]",2008_007_0064.png
Generators of Fuzzy Operations for Hardware Implementation of Fuzzy Systems,Fuzzy Logic & Fuzzy Systems,"[{'name': 'Imre J. Rudas', 'institution': 'Budapest Tech', 'subunit': '', 'location': '', 'full_affiliation': 'Budapest Tech'}, {'name': 'Ildar Z. Batyrshin', 'institution': 'Mexican Petroleum Institute', 'subunit': '', 'location': '', 'full_affiliation': 'Mexican Petroleum Institute'}, {'name': 'Antonio Hernández Zavala', 'institution': 'Mexican Polytechnic Institute', 'subunit': 'Computer Research Centre', 'location': '', 'full_affiliation': 'Mexican Polytechnic Institute – Computer Research Centre'}, {'name': 'Oscar Camacho Nieto', 'institution': 'Mexican Polytechnic Institute', 'subunit': 'Computer Research Centre', 'location': '', 'full_affiliation': 'Mexican Polytechnic Institute – Computer Research Centre'}, {'name': 'László Horváth', 'institution': 'Budapest Tech', 'subunit': '', 'location': '', 'full_affiliation': 'Budapest Tech'}, {'name': 'Luis Villa Vargas', 'institution': 'Mexican Polytechnic Institute', 'subunit': 'Computer Research Centre', 'location': '', 'full_affiliation': 'Mexican Polytechnic Institute – Computer Research Centre'}]",2008_007_0065.png
Quantitative Possibilistic Networks: Handling Interventions and Ascribing Causality,Probabilistic & Statistical Reasoning,"[{'name': 'Salem Benferhat', 'institution': ""Université d'Artois"", 'subunit': 'CRIL', 'location': 'France', 'full_affiliation': ""CRIL, Université d'Artois, France""}, {'name': 'Salma Smaoui', 'institution': 'ISG de Tunis', 'subunit': 'LARODEC', 'location': 'Tunisia', 'full_affiliation': 'LARODEC, ISG de Tunis, Tunisia'}]",2008_007_0066.png
Big Bang Big Crunch Optimization Method Based Fuzzy Model Inversion,Fuzzy Logic & Fuzzy Systems,"[{'name': 'Tufan Kumbasar', 'institution': 'Istanbul Technical University', 'subunit': 'Department of Control Engineering', 'location': 'Maslak, Istanbul, Turkey', 'full_affiliation': 'Department of Control Engineering\nIstanbul Technical University\nMaslak, TR-34469, Istanbul, Turkey'}, {'name': 'İbrahim Eksin', 'institution': 'Istanbul Technical University', 'subunit': 'Department of Control Engineering', 'location': 'Maslak, Istanbul, Turkey', 'full_affiliation': 'Department of Control Engineering\nIstanbul Technical University\nMaslak, TR-34469, Istanbul, Turkey'}, {'name': 'Müjde Güzelkaya', 'institution': 'Istanbul Technical University', 'subunit': 'Department of Control Engineering', 'location': 'Maslak, Istanbul, Turkey', 'full_affiliation': 'Department of Control Engineering\nIstanbul Technical University\nMaslak, TR-34469, Istanbul, Turkey'}, {'name': 'Engin Yeşil', 'institution': 'Istanbul Technical University', 'subunit': 'Department of Control Engineering', 'location': 'Maslak, Istanbul, Turkey', 'full_affiliation': 'Department of Control Engineering\nIstanbul Technical University\nMaslak, TR-34469, Istanbul, Turkey'}]",2008_007_0067.png
Choquet Integrals and OWA Criteria as a Natural (and Optimal) Next Step after Linear Aggregation: A New General Justification,Fuzzy Logic & Fuzzy Systems,"[{'name': 'François Modave', 'institution': 'University of Texas at El Paso', 'subunit': 'Department of Computer Science', 'location': 'El Paso, TX, USA', 'full_affiliation': 'Department of Computer Science\nUniversity of Texas at El Paso, El Paso, TX 79968, USA'}, {'name': 'Martine Ceberio', 'institution': 'University of Texas at El Paso', 'subunit': 'Department of Computer Science', 'location': 'El Paso, TX, USA', 'full_affiliation': 'Department of Computer Science\nUniversity of Texas at El Paso, El Paso, TX 79968, USA'}, {'name': 'Vladik Kreinovich', 'institution': 'University of Texas at El Paso', 'subunit': 'Department of Computer Science', 'location': 'El Paso, TX, USA', 'full_affiliation': 'Department of Computer Science\nUniversity of Texas at El Paso, El Paso, TX 79968, USA'}]",2008_007_0068.png
Building an Affective Model for Intelligent Tutoring Systems with Base on Teachers’ Expertise,Probabilistic & Statistical Reasoning,"[{'name': 'Yasmín Hernández', 'institution': 'Instituto de Investigaciones Eléctricas', 'subunit': 'Gerencia de Sistemas Informáticos', 'location': 'Cuernavaca, Morelos, México', 'full_affiliation': 'Instituto de Investigaciones Eléctricas, Gerencia de Sistemas Informáticos Reforma 113, Col. Palmira, 62490, Cuernavaca, Morelos, México'}, {'name': 'L. Enrique Sucar', 'institution': 'Instituto Nacional de Astrofísica, Óptica y Electrónica', 'subunit': 'Coord. Ciencias Computacionales', 'location': 'Tonantzintla, Puebla, México', 'full_affiliation': 'Instituto Nacional de Astrofísica, Óptica y Electrónica, Coord. Ciencias Computacionales Luis Enrique Erro # 1, Tonantzintla, Puebla, México'}, {'name': 'Gustavo Arroyo-Figueroa', 'institution': 'Instituto de Investigaciones Eléctricas', 'subunit': 'Gerencia de Sistemas Informáticos', 'location': 'Cuernavaca, Morelos, México', 'full_affiliation': 'Instituto de Investigaciones Eléctricas, Gerencia de Sistemas Informáticos Reforma 113, Col. Palmira, 62490, Cuernavaca, Morelos, México'}]",2008_007_0069.png
A Knowledge Discovery Framework for Learning Task Models from User Interactions in Intelligent Tutoring Systems,Data Mining & Knowledge Discovery,"[{'name': 'Philippe Fournier-Viger', 'institution': 'University of Quebec in Montreal', 'subunit': '', 'location': 'Montreal, Canada', 'full_affiliation': 'University of Quebec in Montreal, Montreal (QC), Canada'}, {'name': 'Roger Nkambou', 'institution': 'University of Quebec in Montreal', 'subunit': '', 'location': 'Montreal, Canada', 'full_affiliation': 'University of Quebec in Montreal, Montreal (QC), Canada'}, {'name': 'Engelbert Mephu Nguifo', 'institution': 'Université Lille-Nord de France', 'subunit': 'CRIL, CNRS UMR 8188', 'location': 'Lens, France', 'full_affiliation': 'Université Lille-Nord de France, Artois, F-62307 Lens, CRIL, F-62307 Lens CNRS UMR 8188, F-62307 Lens, France'}]",2008_007_0070.png
Enhancing Teams with PANCHO to Improve the Training Experience,Multi-Agent Systems & Distributed AI,"[{'name': 'Raúl A. Aguilar', 'institution': 'Universidad Autónoma de Yucatán', 'subunit': 'Mathematics School', 'location': 'Mérida, Mexico', 'full_affiliation': 'Universidad Autónoma de Yucatán, Mathematics School, Periférico Norte Tablaje 13615, A.P. 172, Cordemex, C.P. 97110, Mérida, Mexico'}, {'name': 'Angélica de Antonio', 'institution': 'Universidad Politécnica de Madrid', 'subunit': 'Computer Science School', 'location': 'Boadilla del Monte, Madrid, Spain', 'full_affiliation': 'Universidad Politécnica de Madrid, Computer Science School, Campus Montegancedo, 28660, Boadilla del Monte, Madrid, Spain'}, {'name': 'Ricardo Imbert', 'institution': 'Universidad Politécnica de Madrid', 'subunit': 'Computer Science School', 'location': 'Boadilla del Monte, Madrid, Spain', 'full_affiliation': 'Universidad Politécnica de Madrid, Computer Science School, Campus Montegancedo, 28660, Boadilla del Monte, Madrid, Spain'}]",2008_007_0071.png
Authoring Neuro-fuzzy Tutoring Systems for M and E-Learning,Fuzzy Logic & Fuzzy Systems,"[{'name': 'Ramón Zatarain-Cabada', 'institution': 'Instituto Tecnológico de Culiacán', 'subunit': '', 'location': 'Culiacán, Sinaloa, México', 'full_affiliation': 'Instituto Tecnológico de Culiacán, Juan de Dios Bátiz s/n, col. Guadalupe, Culiacán, Sinaloa, 80220, México'}, {'name': 'M.L. Barrón-Estrada', 'institution': 'Instituto Tecnológico de Culiacán', 'subunit': '', 'location': 'Culiacán, Sinaloa, México', 'full_affiliation': 'Instituto Tecnológico de Culiacán, Juan de Dios Bátiz s/n, col. Guadalupe, Culiacán, Sinaloa, 80220, México'}, {'name': 'Guillermo Sandoval', 'institution': 'Instituto Tecnológico de Culiacán', 'subunit': '', 'location': 'Culiacán, Sinaloa, México', 'full_affiliation': 'Instituto Tecnológico de Culiacán, Juan de Dios Bátiz s/n, col. Guadalupe, Culiacán, Sinaloa, 80220, México'}, {'name': 'Moisés Osorio', 'institution': 'Instituto Tecnológico de Culiacán', 'subunit': '', 'location': 'Culiacán, Sinaloa, México', 'full_affiliation': 'Instituto Tecnológico de Culiacán, Juan de Dios Bátiz s/n, col. Guadalupe, Culiacán, Sinaloa, 80220, México'}, {'name': 'Eduardo Urías', 'institution': 'Instituto Tecnológico de Culiacán', 'subunit': '', 'location': 'Culiacán, Sinaloa, México', 'full_affiliation': 'Instituto Tecnológico de Culiacán, Juan de Dios Bátiz s/n, col. Guadalupe, Culiacán, Sinaloa, 80220, México'}, {'name': 'Carlos A. Reyes-García', 'institution': 'Instituto Nacional de Astrofísica, Óptica y Electrónica (INAOE)', 'subunit': '', 'location': 'Sta. Ma. Tonanzintla, Puebla, México', 'full_affiliation': 'Instituto Nacional de Astrofísica, Óptica y Electrónica (INAOE), Luis Enrique Erro No. 1, Sta. Ma. Tonanzintla, Puebla, C.P. 72840, México'}]",2008_007_0072.png
Combining Concept Maps and Petri Nets to Generate Intelligent Tutoring Systems: A Possible Approach,Hybrid AI & Expert Systems,"[{'name': 'Maikel León', 'institution': 'Central University of Las Villas', 'subunit': 'Department of Computer Science', 'location': 'Santa Clara, Cuba', 'full_affiliation': 'Department of Computer Science, Central University of Las Villas (UCLV)\nHighway to Camajuaní km 5 ½, Santa Clara, Cuba'}, {'name': 'Isis Bonet', 'institution': 'Central University of Las Villas', 'subunit': 'Department of Computer Science', 'location': 'Santa Clara, Cuba', 'full_affiliation': 'Department of Computer Science, Central University of Las Villas (UCLV)\nHighway to Camajuaní km 5 ½, Santa Clara, Cuba'}, {'name': 'María M. García', 'institution': 'Central University of Las Villas', 'subunit': 'Department of Computer Science', 'location': 'Santa Clara, Cuba', 'full_affiliation': 'Department of Computer Science, Central University of Las Villas (UCLV)\nHighway to Camajuaní km 5 ½, Santa Clara, Cuba'}, {'name': 'Zenaida García', 'institution': 'Central University of Las Villas', 'subunit': 'Department of Computer Science', 'location': 'Santa Clara, Cuba', 'full_affiliation': 'Department of Computer Science, Central University of Las Villas (UCLV)\nHighway to Camajuaní km 5 ½, Santa Clara, Cuba'}]",2008_007_0073.png
Cooperation Strategies for Pursuit Games: From a Greedy to an Evolutive Approach,Multi-Agent Systems & Distributed AI,"[{'name': 'Juan Reverte', 'institution': 'University of Alicante', 'subunit': 'Department of Computer Science and Artificial Intelligence', 'location': '', 'full_affiliation': 'Department of Computer Science and Artificial Intelligence, University of Alicante'}, {'name': 'Francisco Gallego', 'institution': 'University of Alicante', 'subunit': 'Department of Computer Science and Artificial Intelligence', 'location': '', 'full_affiliation': 'Department of Computer Science and Artificial Intelligence, University of Alicante'}, {'name': 'Rosana Satorre', 'institution': 'University of Alicante', 'subunit': 'Department of Computer Science and Artificial Intelligence', 'location': '', 'full_affiliation': 'Department of Computer Science and Artificial Intelligence, University of Alicante'}, {'name': 'Faraón Llorens', 'institution': 'University of Alicante', 'subunit': 'Department of Computer Science and Artificial Intelligence', 'location': '', 'full_affiliation': 'Department of Computer Science and Artificial Intelligence, University of Alicante'}]",2008_007_0074.png
Multiagent-Based Portfolio Simulation Using Neural Networks,Multi-Agent Systems & Distributed AI,"[{'name': 'Darius Plikynas', 'institution': 'Vilnius Management School', 'subunit': 'IT department', 'location': 'Vilnius, Lithuania', 'full_affiliation': 'Vilnius Management School, IT department, J. Basanaviciaus 29a, Vilnius, Lithuania'}]",2008_007_0075.png
Managing Conflicting Beliefs with Fuzzy Trust on the Semantic Web,Fuzzy Logic & Fuzzy Systems,"[{'name': 'Miklos Nagy', 'institution': 'The Open University', 'subunit': 'Knowledge Media Institute (KMi)', 'location': 'Milton Keynes, United Kingdom', 'full_affiliation': 'Knowledge Media Institute (KMi) The Open University Walton Hall, Milton Keynes MK7 6AA, United Kingdom'}, {'name': 'Maria Vargas-Vera', 'institution': 'The Open University', 'subunit': 'Computing Department', 'location': 'Milton Keynes, United Kingdom', 'full_affiliation': 'Computing Department The Open University Walton Hall, Milton Keynes MK7 6AA, United Kingdom'}, {'name': 'Enrico Motta', 'institution': 'The Open University', 'subunit': 'Knowledge Media Institute (KMi)', 'location': 'Milton Keynes, United Kingdom', 'full_affiliation': 'Knowledge Media Institute (KMi) The Open University Walton Hall, Milton Keynes MK7 6AA, United Kingdom'}]",2008_007_0076.png
Optimal Agendas and Procedures for N-Issue Negotiation: An Inductive Definition,Multi-Agent Systems & Distributed AI,"[{'name': 'Saidalavi Kalady', 'institution': 'National Institute of Technology Calicut', 'subunit': 'Department of Computer Science and Engineering', 'location': '', 'full_affiliation': 'Department of Computer Science and Engineering National Institute of Technology Calicut'}, {'name': 'B. Dev', 'institution': 'National Institute of Technology Calicut', 'subunit': 'Department of Computer Science and Engineering', 'location': '', 'full_affiliation': 'Department of Computer Science and Engineering National Institute of Technology Calicut'}, {'name': 'Arun A.N.', 'institution': 'National Institute of Technology Calicut', 'subunit': 'Department of Computer Science and Engineering', 'location': '', 'full_affiliation': 'Department of Computer Science and Engineering National Institute of Technology Calicut'}, {'name': 'V.K. Govindan', 'institution': 'National Institute of Technology Calicut', 'subunit': 'Department of Computer Science and Engineering', 'location': '', 'full_affiliation': 'Department of Computer Science and Engineering National Institute of Technology Calicut'}, {'name': 'Abraham T. Mathew', 'institution': 'National Institute of Technology Calicut', 'subunit': 'Department of Electrical and Electronics Engineering', 'location': '', 'full_affiliation': 'Department of Electrical and Electronics Engineering National Institute of Technology Calicut'}]",2008_007_0077.png
Toward an AgentSpeak(L) Theory of Commitment and Intentional Learning,Multi-Agent Systems & Distributed AI,"[{'name': 'Alejandro Guerra-Hernández', 'institution': 'Universidad Veracruzana', 'subunit': 'Departamento de Inteligencia Artificial, Facultad de Física e Inteligencia Artificial', 'location': 'Xalapa, Ver., México', 'full_affiliation': 'Departamento de Inteligencia Artificial Universidad Veracruzana Facultad de Física e Inteligencia Artificial Sebastián Camacho No. 5, Xalapa, Ver., México, 91000'}, {'name': 'José Martín Castro-Manzano', 'institution': 'Universidad Veracruzana', 'subunit': 'Departamento de Inteligencia Artificial, Facultad de Física e Inteligencia Artificial', 'location': 'Xalapa, Ver., México', 'full_affiliation': 'Departamento de Inteligencia Artificial Universidad Veracruzana Facultad de Física e Inteligencia Artificial Sebastián Camacho No. 5, Xalapa, Ver., México, 91000'}, {'name': 'Amal El-Fallah-Seghrouchni', 'institution': 'Université Pierre et Marie Curie', 'subunit': 'Laboratoire d’Informatique de Paris 6', 'location': 'Paris, France', 'full_affiliation': 'Laboratoire d’Informatique de Paris 6 Université Pierre et Marie Curie Avenue du Président Kennedy, Paris, France, 75016'}]",2008_007_0078.png
Collective Pathfinding in Dynamic Environments,Heuristic Search & Optimization,"[{'name': 'Carlos Astengo-Noguez', 'institution': 'ITESM', 'subunit': 'Campus Monterrey', 'location': 'Monterrey, México', 'full_affiliation': 'ITESM Campus Monterrey'}, {'name': 'José Ramón Calzada Gómez', 'institution': 'ITESM', 'subunit': 'Campus Monterrey', 'location': 'Monterrey, México', 'full_affiliation': 'ITESM Campus Monterrey'}]",2008_007_0079.png
A Research in Agent Negotiation Forms Dynamic Supply Chain,Multi-Agent Systems & Distributed AI,"[{'name': 'Jui-Wen Hung', 'institution': 'Ling Tung University', 'subunit': 'Department of Information Management', 'location': 'Taichung, Taiwan, R.O.C', 'full_affiliation': 'Department of Information Management, Ling Tung University 1 Lingtung Rd., Taichung, Taiwan, 408, R.O.C'}, {'name': 'Ching-shun Hsieh', 'institution': 'Ling Tung University', 'subunit': 'Department of Commercial Technology and Management', 'location': 'Taichung, Taiwan, R.O.C', 'full_affiliation': 'Department of Commercial Technology and Management, Ling Tung University 1 Lingtung Rd., Taichung, Taiwan, 408, R.O.C'}, {'name': 'Kuo-Yen Lo', 'institution': 'Ling Tung University', 'subunit': 'Department of Information Management', 'location': 'Taichung, Taiwan, R.O.C', 'full_affiliation': 'Department of Information Management, Ling Tung University 1 Lingtung Rd., Taichung, Taiwan, 408, R.O.C'}]",2008_007_0080.png
BROA: A Bayesian Robotic Agents Architecture,Robotics,"[{'name': 'Fidel Aznar', 'institution': 'Universidad de Alicante', 'subunit': 'Departamento Ciencia de la Computación e Inteligencia Artificial', 'location': 'Alicante, Spain', 'full_affiliation': 'Departamento Ciencia de la Computación e Inteligencia Artificial\nUniversidad de Alicante\nCampus de Sant Vicent s/n, 03080, Alicante, Spain'}, {'name': 'Mar Pujol', 'institution': 'Universidad de Alicante', 'subunit': 'Departamento Ciencia de la Computación e Inteligencia Artificial', 'location': 'Alicante, Spain', 'full_affiliation': 'Departamento Ciencia de la Computación e Inteligencia Artificial\nUniversidad de Alicante\nCampus de Sant Vicent s/n, 03080, Alicante, Spain'}, {'name': 'Ramón Rizo', 'institution': 'Universidad de Alicante', 'subunit': 'Departamento Ciencia de la Computación e Inteligencia Artificial', 'location': 'Alicante, Spain', 'full_affiliation': 'Departamento Ciencia de la Computación e Inteligencia Artificial\nUniversidad de Alicante\nCampus de Sant Vicent s/n, 03080, Alicante, Spain'}]",2008_007_0081.png
Chaos and Budworm Dynamics of Agent Interactions: A Biologically-Inspired Approach to Digital Ecosystems,Bio-inspired & Evolutionary Computing,"[{'name': 'Gabriel Alejandro Lopardo', 'institution': 'University of Girona', 'subunit': 'ARLab Agents Research Lab, IIiA Institute of Informatics and Applications, EPS-P4 Campus Montilivi', 'location': 'Girona, Spain', 'full_affiliation': 'ARLab Agents Research Lab, IIiA Institute of Informatics and Applications, EPS-P4 Campus Montilivi, University of Girona, E-17071 Girona, Spain'}, {'name': 'Fátima N. Rateb', 'institution': 'University College London', 'subunit': 'CASA Centre for Advanced Spatial Analysis', 'location': 'London, UK', 'full_affiliation': 'CASA Centre for Advanced Spatial Analysis, University College London, 1 - 19 Torrington Place, London WC1E 7HB, UK'}]",2008_007_0082.png
The User’s Human Values Scale Methodology in Recommender Systems from Several Information Sources of the Organization,Data Mining & Knowledge Discovery,"[{'name': 'Javier Guzmán-Obando', 'institution': 'University of Girona | Universidad Autónoma de Tamaulipas', 'subunit': 'Campus Montilivi, Ave. Lluś Santaló, Building P-IV | Facultad de Ingeniería “Arturo Narro Siller”', 'location': 'Girona, Spain | Tampico, Tams. México', 'full_affiliation': 'University of Girona, Campus Montilivi, Ave. Lluś Santaló, Building P-IV, Girona, Spain | Universidad Autónoma de Tamaulipas, Facultad de Ingeniería “Arturo Narro Siller”, Tampico, Tams. México'}, {'name': 'Josep Lluís de la Rosa', 'institution': 'University of Girona', 'subunit': 'Campus Montilivi, Ave. Lluś Santaló, Building P-IV', 'location': 'Girona, Spain', 'full_affiliation': 'University of Girona, Campus Montilivi, Ave. Lluś Santaló, Building P-IV, Girona, Spain'}, {'name': 'Silvana Aciar', 'institution': 'University of Girona', 'subunit': 'Campus Montilivi, Ave. Lluś Santaló, Building P-IV', 'location': 'Girona, Spain', 'full_affiliation': 'University of Girona, Campus Montilivi, Ave. Lluś Santaló, Building P-IV, Girona, Spain'}, {'name': 'Miquel Montaner', 'institution': 'University of Girona', 'subunit': 'Campus Montilivi, Ave. Lluś Santaló, Building P-IV', 'location': 'Girona, Spain', 'full_affiliation': 'University of Girona, Campus Montilivi, Ave. Lluś Santaló, Building P-IV, Girona, Spain'}, {'name': 'José A. Castán', 'institution': 'Universidad Autónoma de Tamaulipas', 'subunit': 'Facultad de Ingeniería “Arturo Narro Siller”', 'location': 'Tampico, Tams. México', 'full_affiliation': 'Universidad Autónoma de Tamaulipas, Facultad de Ingeniería “Arturo Narro Siller”, Tampico, Tams. México'}, {'name': 'Julio Laria', 'institution': 'Universidad Autónoma de Tamaulipas', 'subunit': 'Facultad de Ingeniería “Arturo Narro Siller”', 'location': 'Tampico, Tams. México', 'full_affiliation': 'Universidad Autónoma de Tamaulipas, Facultad de Ingeniería “Arturo Narro Siller”, Tampico, Tams. México'}]",2008_007_0083.png
ANT Based Routing Algorithm over a HAP Network with Integrated Services,Heuristic Search & Optimization,"[{'name': 'Floriano De Rango', 'institution': 'Universita della Calabria', 'subunit': 'deis', 'location': 'Rende, Cosenza, Italy', 'full_affiliation': 'via P. Bucci 42/c 87036 Rende, Cosenza, Italy'}, {'name': 'Mauro Tropea', 'institution': 'Universita della Calabria', 'subunit': 'deis', 'location': 'Rende, Cosenza, Italy', 'full_affiliation': 'via P. Bucci 42/c 87036 Rende, Cosenza, Italy'}, {'name': 'Apollonia Provato', 'institution': '', 'subunit': '', 'location': '', 'full_affiliation': ''}, {'name': 'Amilcare-Francesco Santamaria', 'institution': 'Universita della Calabria', 'subunit': 'deis', 'location': 'Rende, Cosenza, Italy', 'full_affiliation': 'via P. Bucci 42/c 87036 Rende, Cosenza, Italy'}, {'name': 'Salvatore Marano', 'institution': 'Universita della Calabria', 'subunit': 'deis', 'location': 'Rende, Cosenza, Italy', 'full_affiliation': 'via P. Bucci 42/c 87036 Rende, Cosenza, Italy'}]",2008_007_0084.png
ECA-Rule Visual Programming for Ubiquitous and Nomadic Computing,Hybrid AI & Expert Systems,"[{'name': 'José Oscar Olmedo-Aguirre', 'institution': 'CINVESTAV-IPN', 'subunit': 'Electrical Engineering', 'location': 'Mexico City, Mexico', 'full_affiliation': 'Electrical Engineering, CINVESTAV-IPN, Mexico City, Mexico'}, {'name': 'Mónica Rivera de la Rosa', 'institution': 'Instituto Politécnico Nacional', 'subunit': 'Escuela Superior de Cómputo, ESCOM-IPN', 'location': 'Mexico City, Mexico', 'full_affiliation': 'Escuela Superior de Cómputo, ESCOM-IPN, Mexico City, Mexico'}, {'name': 'Guillermo Morales-Luna', 'institution': 'CINVESTAV-IPN', 'subunit': 'Computer Science', 'location': 'Mexico City, Mexico', 'full_affiliation': 'Computer Science, CINVESTAV-IPN, Mexico City, Mexico'}]",2008_007_0085.png
"SERS and ANFIS: Fast Identification of the Presence of Retrovirus in CD4 Cells, Cause of AIDS",Fuzzy Logic & Fuzzy Systems,"[{'name': 'Jaime De La Torre', 'institution': 'Instituto Tecnológico y de Estudios Superiores de Monterrey', 'subunit': '', 'location': 'Aguascalientes, Mexico', 'full_affiliation': 'Instituto Tecnológico y de Estudios Superiores de Monterrey. Aguascalientes, Mexico'}, {'name': 'Francisco Luna', 'institution': 'Instituto Tecnológico de Aguascalientes', 'subunit': '', 'location': 'Mexico', 'full_affiliation': 'Instituto Tecnológico de Aguascalientes, Mexico'}, {'name': 'Julio Martínez', 'institution': 'Instituto Tecnológico de Aguascalientes', 'subunit': '', 'location': 'Mexico', 'full_affiliation': 'Instituto Tecnológico de Aguascalientes, Mexico'}, {'name': 'Alejandro Padilla', 'institution': 'Universidad Autónoma de Aguascalientes', 'subunit': 'Laboratorio de Inteligencia Artificial', 'location': 'Aguascalientes, Mexico', 'full_affiliation': 'Laboratorio de Inteligencia Artificial, UA de Aguascalientes, Mexico'}, {'name': 'Miguel Mora', 'institution': 'Universidad de Guadalajara', 'subunit': 'Centro Universitario de los lagos', 'location': 'Mexico', 'full_affiliation': 'Centro Universitario de los lagos, Universidad de Guadalajara, Mexico'}]",2008_007_0086.png
A Radon Transform Based Approach for Extraction of Blood Vessels in Conjunctival Images,Computer Vision,"[{'name': 'Reza Pourreza', 'institution': 'Ferdowsi University of Mashhad', 'subunit': 'Electrical Engineering Department', 'location': 'Mashhad, Iran', 'full_affiliation': 'Electrical Engineering Department, Ferdowsi University of Mashhad, Iran'}, {'name': 'Touka Banaee', 'institution': 'Medical Sciences University of Mashhad', 'subunit': 'Ophthalmic Research Center, Khatam-Al-Anbia Hospital', 'location': 'Mashhad, Iran', 'full_affiliation': 'Ophthalmic Research Center, Khatam-Al-Anbia Hospital, Medical Sciences University of Mashhad, Iran'}, {'name': 'Hamidreza Pourreza', 'institution': 'Ferdowsi University of Mashhad', 'subunit': 'Computer Engineering Department', 'location': 'Mashhad, Iran', 'full_affiliation': 'Computer Engineering Department, Ferdowsi University of Mashhad, Iran'}, {'name': 'Ramin Daneshvar Kakhki', 'institution': 'Medical Sciences University of Mashhad', 'subunit': 'Ophthalmic Research Center, Khatam-Al-Anbia Hospital', 'location': 'Mashhad, Iran', 'full_affiliation': 'Ophthalmic Research Center, Khatam-Al-Anbia Hospital, Medical Sciences University of Mashhad, Iran'}]",2008_007_0087.png
Identification and Quantification of Pulmonary Emphysema through Pseudocolors,Computer Vision,"[{'name': 'John Hebert da Silva Felix', 'institution': 'Federal University of Ceará', 'subunit': 'Department of Teleinformatic Engineering - DETI', 'location': 'Fortaleza, Brazil', 'full_affiliation': 'Federal University of Ceará - UFC, Department of Teleinformatic Engineering - DETI, Fortaleza, Brazil'}, {'name': 'Paulo César Cortez', 'institution': 'Federal University of Ceará', 'subunit': 'Department of Teleinformatic Engineering - DETI', 'location': 'Fortaleza, Brazil', 'full_affiliation': 'Federal University of Ceará - UFC, Department of Teleinformatic Engineering - DETI, Fortaleza, Brazil'}, {'name': 'Pedro Pedrosa Rebouças Filho', 'institution': 'Federal University of Ceará', 'subunit': 'Department of Teleinformatic Engineering - DETI', 'location': 'Fortaleza, Brazil', 'full_affiliation': 'Federal University of Ceará - UFC, Department of Teleinformatic Engineering - DETI, Fortaleza, Brazil'}, {'name': 'Auzuir Ripardo de Alexandria', 'institution': 'Federal Technologic Educational Center of Ceará', 'subunit': 'CEFET, NSMAT', 'location': 'Fortaleza, Brazil', 'full_affiliation': 'Federal Technologic Educational Center of Ceará - CEFET, NSMAT, Fortaleza, Brazil'}, {'name': 'Rodrigo Carvalho Sousa Costa', 'institution': 'Federal University of Ceará', 'subunit': 'Department of Teleinformatic Engineering - DETI', 'location': 'Fortaleza, Brazil', 'full_affiliation': 'Federal University of Ceará - UFC, Department of Teleinformatic Engineering - DETI, Fortaleza, Brazil'}, {'name': 'Marcelo Alcantara Holanda', 'institution': 'Federal University of Ceará', 'subunit': 'Walter Cantídio University Hospital', 'location': 'Fortaleza, Brazil', 'full_affiliation': 'Walter Cantídio University Hospital of the Federal University of Ceará, Fortaleza, Brazil'}]",2008_007_0088.png
Computer-Guided Laparoscopic Training with Application of a Fuzzy Expert System,Fuzzy Logic & Fuzzy Systems,"[{'name': 'Andrzej Wytyczak-Partyka', 'institution': 'Wroclaw University of Technology', 'subunit': 'Institute of Computer Engineering, Control and Robotics', 'location': 'Wroclaw, Poland', 'full_affiliation': 'Wroclaw University of Technology, Institute of Computer Engineering, Control and Robotics 27 Wybrzeze Wyspianskiego St., 50-370 Wroclaw, Poland'}, {'name': 'Jan Nikodem', 'institution': 'Wroclaw University of Technology', 'subunit': 'Institute of Computer Engineering, Control and Robotics', 'location': 'Wroclaw, Poland', 'full_affiliation': 'Wroclaw University of Technology, Institute of Computer Engineering, Control and Robotics 27 Wybrzeze Wyspianskiego St., 50-370 Wroclaw, Poland'}, {'name': 'Ryszard Klempous', 'institution': 'Wroclaw University of Technology', 'subunit': 'Institute of Computer Engineering, Control and Robotics', 'location': 'Wroclaw, Poland', 'full_affiliation': 'Wroclaw University of Technology, Institute of Computer Engineering, Control and Robotics 27 Wybrzeze Wyspianskiego St., 50-370 Wroclaw, Poland'}, {'name': 'Jerzy Rozenblit', 'institution': 'The University of Arizona', 'subunit': 'Electrical and Computer Engineering Department', 'location': 'Tucson, Arizona, USA', 'full_affiliation': 'Electrical and Computer Engineering Department, The University of Arizona Tucson, Arizona 85721, USA'}, {'name': 'Chuan Feng', 'institution': 'The University of Arizona', 'subunit': 'Electrical and Computer Engineering Department', 'location': 'Tucson, Arizona, USA', 'full_affiliation': 'Electrical and Computer Engineering Department, The University of Arizona Tucson, Arizona 85721, USA'}]",2008_007_0089.png
Structural Sensitivity of Neural and Genetic Networks,Bio-inspired & Evolutionary Computing,"[{'name': 'Hedi Ben Amor', 'institution': 'University Joseph Fourier', 'subunit': 'TIMC-IMAG, Faculty of medicine', 'location': 'La Tronche, France', 'full_affiliation': 'TIMC-IMAG, Faculty of medicine, University Joseph Fourier of Grenoble, 38706 La Tronche, France'}, {'name': 'Jacques Demongeot', 'institution': 'University Joseph Fourier', 'subunit': 'TIMC-IMAG, Faculty of medicine', 'location': 'La Tronche, France', 'full_affiliation': 'TIMC-IMAG, Faculty of medicine, University Joseph Fourier of Grenoble, 38706 La Tronche, France'}, {'name': 'Sylvain Sené', 'institution': 'University Joseph Fourier | Rhône-Alpes Complex Systems Institute', 'subunit': 'TIMC-IMAG, Faculty of medicine | IXXI', 'location': 'La Tronche, France | Lyon, France', 'full_affiliation': 'TIMC-IMAG, Faculty of medicine, University Joseph Fourier of Grenoble, 38706 La Tronche, France | IXXI, Rhône-Alpes Complex Systems Institute, 5 rue du Vercors, 69007 Lyon, France'}]",2008_007_0090.png
Study of Signalized Intersection Crashes Using Artificial Intelligence Methods,Data Mining & Knowledge Discovery,"[{'name': 'Pei Liu', 'institution': 'Feng-Chia Univ.', 'subunit': 'Dept. of Transportation Technology & Management', 'location': 'Taichung, 407, Taiwan', 'full_affiliation': 'Dept. of Transportation Technology & Management, Feng-Chia Univ., 100 Wen-Hwa Rd., Seatwen, Taichung, 407 Taiwan'}, {'name': 'Shih-Huang Chen', 'institution': 'Feng-Chia Univ.', 'subunit': 'Dept. of Transportation Technology & Management', 'location': 'Taichung, 407, Taiwan', 'full_affiliation': 'Dept. of Transportation Technology & Management, Feng-Chia Univ., 100 Wen-Hwa Rd., Seatwen, Taichung, 407 Taiwan'}, {'name': 'Ming-Der Yang', 'institution': 'National Chung Hsin Univ.', 'subunit': 'Dept. of Civil Engineering', 'location': 'Taichung, 402, Taiwan', 'full_affiliation': 'Dept. of Civil Engineering, National Chung Hsin Univ., 250, Kuo Kuang Rd., Taichung 402, Taiwan'}]",2008_007_0091.png
Fault Diagnosis of Industrial Systems with Bayesian Networks and Neural Networks,Probabilistic & Statistical Reasoning,"[{'name': 'Luis E. Garza Castañón', 'institution': 'ITESM', 'subunit': 'Department of Mechatronics and Automation, Monterrey Campus', 'location': 'Monterrey, N.L., México', 'full_affiliation': 'Department of Mechatronics and Automation, ITESM Monterrey Campus Av. Eugenio Garza Sada Sur No. 2501 Monterrey, N.L. 64,489 México'}, {'name': 'Juan Pablo Nieto González', 'institution': 'ITESM', 'subunit': 'Department of Mechatronics and Automation, Monterrey Campus', 'location': 'Monterrey, N.L., México', 'full_affiliation': 'Department of Mechatronics and Automation, ITESM Monterrey Campus Av. Eugenio Garza Sada Sur No. 2501 Monterrey, N.L. 64,489 México'}, {'name': 'Mauricio A. Garza Castañón', 'institution': 'Corporación Mexicana de Investigación en Materiales', 'subunit': '', 'location': 'Saltillo, Coah., México', 'full_affiliation': 'Corporación Mexicana de Investigación en Materiales P.O. Box 491, Saltillo, Coah., 25000'}, {'name': 'Rubén Morales-Menéndez', 'institution': 'ITESM', 'subunit': 'Department of Mechatronics and Automation, Monterrey Campus', 'location': 'Monterrey, N.L., México', 'full_affiliation': 'Department of Mechatronics and Automation, ITESM Monterrey Campus Av. Eugenio Garza Sada Sur No. 2501 Monterrey, N.L. 64,489 México'}]",2008_007_0092.png
A Comparison between Back Propagation and the Maximum Sensibility Neural Network to Surface Roughness Prediction in Machining of Titanium (Ti 6Al 4V) Alloy,Neural Networks & Deep Learning,"[{'name': 'I. Escamilla', 'institution': 'Corporación Mexicana de Investigación en Materiales | Facultad de Ingeniería Mecánica y Eléctrica', 'subunit': '', 'location': 'Saltillo, Coahuila, México | San Nicolás de los Garza, N. L.', 'full_affiliation': 'Corporación Mexicana de Investigación en Materiales, Ciencia y Tecnología # 790, Frac. Saltillo 400, Saltillo, Coahuila, México | Facultad de Ingeniería Mecánica y Eléctrica, Ave. Universidad s/n, San Nicolás de los Garza, N. L.'}, {'name': 'L. Torres', 'institution': 'Corporación Mexicana de Investigación en Materiales', 'subunit': '', 'location': 'Saltillo, Coahuila, México', 'full_affiliation': 'Corporación Mexicana de Investigación en Materiales, Ciencia y Tecnología # 790, Frac. Saltillo 400, Saltillo, Coahuila, México'}, {'name': 'P. Perez', 'institution': 'Corporación Mexicana de Investigación en Materiales', 'subunit': '', 'location': 'Saltillo, Coahuila, México', 'full_affiliation': 'Corporación Mexicana de Investigación en Materiales, Ciencia y Tecnología # 790, Frac. Saltillo 400, Saltillo, Coahuila, México'}, {'name': 'P. Zambrano', 'institution': 'Facultad de Ingeniería Mecánica y Eléctrica', 'subunit': '', 'location': 'San Nicolás de los Garza, N. L.', 'full_affiliation': 'Facultad de Ingeniería Mecánica y Eléctrica, Ave. Universidad s/n, San Nicolás de los Garza, N. L.'}]",2008_007_0093.png
Comparing Three Simulated Strategies for Cancer Monitoring with Nanorobots,Multi-Agent Systems & Distributed AI,"[{'name': 'C.A. Piña-García', 'institution': 'Universidad Veracruzana', 'subunit': 'Facultad de Física e Inteligencia Artificial, Departamento de Inteligencia Artificial', 'location': 'Xalapa, Veracruz, México', 'full_affiliation': 'Facultad de Física e Inteligencia Artificial, Departamento de Inteligencia Artificial, Universidad Veracruzana, Sebastián Camacho No 5, Xalapa, Ver., México, 91000'}, {'name': 'E.J. Rechy-Ramírez', 'institution': 'LANIA', 'subunit': 'Laboratorio Nacional de Informática Avanzada', 'location': 'Xalapa, Veracruz, México', 'full_affiliation': 'Laboratorio Nacional de Informática Avanzada, LANIA, Rébsamen 80, esq. Circuito Presidentes C.P. 91000 A.P. 696, Col. Centro. Xalapa, Veracruz, México'}, {'name': 'V.A. García-Vega', 'institution': 'Universidad Veracruzana', 'subunit': 'Facultad de Física e Inteligencia Artificial, Departamento de Inteligencia Artificial', 'location': 'Xalapa, Veracruz, México', 'full_affiliation': 'Facultad de Física e Inteligencia Artificial, Departamento de Inteligencia Artificial, Universidad Veracruzana, Sebastián Camacho No 5, Xalapa, Ver., México, 91000'}]",2008_007_0094.png
Semantic Management of Heterogeneous Documents,Knowledge Representation & Reasoning,"[{'name': 'Dieter Hutter', 'institution': 'DFKI', 'subunit': '', 'location': 'Bremen, Germany', 'full_affiliation': 'DFKI, Cartesium 2.41, Enrique Schmidt Str. 5, D-28359 Bremen, Germany'}]",2009_008_0000.png
Possibilistic Well-Founded Semantics,Knowledge Representation & Reasoning,"[{'name': 'Mauricio Osorio', 'institution': 'Universidad de las Américas - Puebla', 'subunit': 'CENTIA', 'location': 'Sta. Catarina Mártir, Cholula, Puebla, México', 'full_affiliation': 'Universidad de las Américas - Puebla\nCENTIA, Sta. Catarina Mártir, Cholula, Puebla, 72820 México'}, {'name': 'Juan Carlos Nieves', 'institution': 'Universitat Politècnica de Catalunya', 'subunit': 'Software Department (LSI)', 'location': 'Barcelona, Spain', 'full_affiliation': 'Universitat Politècnica de Catalunya\nSoftware Department (LSI)\nc/Jordi Girona 1-3, E08034, Barcelona, Spain'}]",2009_008_0001.png
ACO for Solving the Distributed Allocation of a Corporate Semantic Web,Bio-inspired & Evolutionary Computing,"[{'name': 'Ana B. Rios-Alvarado', 'institution': 'Universidad Autónoma Metropolitana', 'subunit': 'Department of Electrical Engineering', 'location': 'Iztapalapa, DF, México', 'full_affiliation': 'Department of Electrical Engineering\nUniversidad Autónoma Metropolitana - Iztapalapa\nAtlixco 186, DF, México'}, {'name': 'Ricardo Marcelín-Jiménez', 'institution': 'Universidad Autónoma Metropolitana', 'subunit': 'Department of Electrical Engineering', 'location': 'Iztapalapa, DF, México', 'full_affiliation': 'Department of Electrical Engineering\nUniversidad Autónoma Metropolitana - Iztapalapa\nAtlixco 186, DF, México'}, {'name': 'R. Carolina Medina-Ramírez', 'institution': 'Universidad Autónoma Metropolitana', 'subunit': 'Department of Electrical Engineering', 'location': 'Iztapalapa, DF, México', 'full_affiliation': 'Department of Electrical Engineering\nUniversidad Autónoma Metropolitana - Iztapalapa\nAtlixco 186, DF, México'}]",2009_008_0002.png
Implementing PS-Merge Operator,Knowledge Representation & Reasoning,"[{'name': 'Verónica Borja Macías', 'institution': 'University of the Mixteca', 'subunit': '', 'location': 'Huajuapan de León Oaxaca, Mexico', 'full_affiliation': 'University of the Mixteca\nCarretera a Acatlima Km 2.5\nHuajuapan de León Oaxaca, Mexico'}, {'name': 'Pilar Pozos Parra', 'institution': 'University of Tabasco', 'subunit': 'Department of Informatics and Systems', 'location': 'Cunduacán Tabasco, Mexico', 'full_affiliation': 'Department of Informatics and Systems\nUniversity of Tabasco\nCarretera Cunduacán - Jalpa Km. 1\nCunduacán Tabasco, Mexico'}]",2009_008_0003.png
Generating Explanations Based on Markov Decision Processes,"XAI, AI Ethics, Safety & Governance","[{'name': 'Francisco Elizalde', 'institution': 'Instituto de Investigaciones Eléctricas', 'subunit': '', 'location': 'Cuernavaca, Morelos, México', 'full_affiliation': 'Instituto de Investigaciones Eléctricas, Reforma 113, Col. Palmira, Cuernavaca, Morelos, 62490, México'}, {'name': 'Enrique Sucar', 'institution': 'Instituto Nacional de Astrofísica Optica y Electrónica', 'subunit': '', 'location': 'Tonantzintla, Puebla, México', 'full_affiliation': 'Instituto Nacional de Astrofísica Optica y Electrónica, Luis Enrique Erro No. 1, Tonantzintla, Puebla, 72000, México'}, {'name': 'Julieta Noguez', 'institution': 'Tec de Monterrey', 'subunit': 'Campus Cd. de México', 'location': 'México, D.F.', 'full_affiliation': 'Tec de Monterrey, Campus Cd. de México, Calle del Puente 222, Ejidos de Huipulco, 14380, México, D.F.'}, {'name': 'Alberto Reyes', 'institution': 'Instituto de Investigaciones Eléctricas', 'subunit': '', 'location': 'Cuernavaca, Morelos, México', 'full_affiliation': 'Instituto de Investigaciones Eléctricas, Reforma 113, Col. Palmira, Cuernavaca, Morelos, 62490, México'}]",2009_008_0004.png
Compiling Multiply Sectioned Bayesian Networks: A Comparative Study,Probabilistic & Statistical Reasoning,"[{'name': 'Xiangdong An', 'institution': 'York University', 'subunit': 'Department of Computer Science and Engineering', 'location': 'Toronto, Canada', 'full_affiliation': 'Department of Computer Science and Engineering York University, Toronto, ON M3J 1P3, Canada'}, {'name': 'Nick Cercone', 'institution': 'York University', 'subunit': 'Department of Computer Science and Engineering', 'location': 'Toronto, Canada', 'full_affiliation': 'Department of Computer Science and Engineering York University, Toronto, ON M3J 1P3, Canada'}]",2009_008_0005.png
Cosine Policy Iteration for Solving Infinite-Horizon Markov Decision Processes,Reinforcement Learning,"[{'name': 'Juan Frausto-Solis', 'institution': 'Tecnológico de Monterrey', 'subunit': 'Campus Cuernavaca', 'location': 'Xochitepec, Morelos, México', 'full_affiliation': 'Tecnológico de Monterrey Campus Cuernavaca, Autopista del Sol Km 104+06, Colonia Real del Puente, 62790, Xochitepec, Morelos, México'}, {'name': 'Elizabeth Santiago', 'institution': 'Tecnológico de Monterrey', 'subunit': 'Campus Cuernavaca', 'location': 'Xochitepec, Morelos, México', 'full_affiliation': 'Tecnológico de Monterrey Campus Cuernavaca, Autopista del Sol Km 104+06, Colonia Real del Puente, 62790, Xochitepec, Morelos, México'}, {'name': 'Jaime Mora-Vargas', 'institution': 'Tecnológico de Monterrey', 'subunit': 'Campus Estado de México', 'location': '', 'full_affiliation': 'Tecnológico de Monterrey Campus Estado de México'}]",2009_008_0006.png
Transformer Diagnosis Using Probabilistic Vibration Models,Probabilistic & Statistical Reasoning,"[{'name': 'Pablo H. Ibargüengoytia', 'institution': 'Instituto de Investigaciones Eléctricas', 'subunit': '', 'location': 'Cuernavaca, Mor., México', 'full_affiliation': 'Instituto de Investigaciones Eléctricas Av. Reforma 113, Palmira Cuernavaca, Mor., 62490, México'}, {'name': 'Roberto Liñan', 'institution': 'Instituto de Investigaciones Eléctricas', 'subunit': '', 'location': 'Cuernavaca, Mor., México', 'full_affiliation': 'Instituto de Investigaciones Eléctricas Av. Reforma 113, Palmira Cuernavaca, Mor., 62490, México'}, {'name': 'Enrique Betancourt', 'institution': 'Prolec-General Electric', 'subunit': '', 'location': 'Apodaca, N.L., México', 'full_affiliation': 'Prolec-General Electric Blvd. Carlos Salinas de Gortari Km. 9.25, Apodaca, N.L. 66600 México'}]",2009_008_0007.png
"Intelligent Aircraft Damage Assessment, Trajectory Planning, and Decision-Making under Uncertainty",Probabilistic & Statistical Reasoning,"[{'name': 'Israel Lopez', 'institution': 'University of California, Davis', 'subunit': 'Mechanical and Aerospace Engineering Department', 'location': 'Davis, CA, U.S.A.', 'full_affiliation': 'Mechanical and Aerospace Engineering Department, University of California, Davis Davis, CA, 95616, U.S.A.'}, {'name': 'Nesrin Sarigul-Klijn', 'institution': 'University of California, Davis', 'subunit': 'Mechanical and Aerospace Engineering Department', 'location': 'Davis, CA, U.S.A.', 'full_affiliation': 'Mechanical and Aerospace Engineering Department, University of California, Davis Davis, CA, 95616, U.S.A.'}]",2009_008_0008.png
A Scrabble Heuristic Based on Probability That Performs at Championship Level,Heuristic Search & Optimization,"[{'name': 'Arturo Ramírez', 'institution': 'Centro de Investigación en Matemáticas A.C.', 'subunit': 'CIMAT', 'location': '', 'full_affiliation': 'Centro de Investigación en Matemáticas A.C. ( CIMAT )'}, {'name': 'Francisco González Acuña', 'institution': 'Centro de Investigación en Matemáticas A.C. | Universidad Nacional Autónoma de México', 'subunit': 'CIMAT | Instituto de Matemáticas', 'location': '', 'full_affiliation': 'Centro de Investigación en Matemáticas A.C. ( CIMAT ) | Instituto de Matemáticas, UNAM'}, {'name': 'Alejandro González Romero', 'institution': 'Universitat Politècnica de Catalunya', 'subunit': 'Dept. LSI', 'location': '', 'full_affiliation': 'Dept. LSI, Universitat Politècnica de Catalunya ( UPC )'}, {'name': 'René Alquézar', 'institution': 'Universitat Politècnica de Catalunya', 'subunit': 'Dept. LSI', 'location': '', 'full_affiliation': 'Dept. LSI, Universitat Politècnica de Catalunya ( UPC )'}, {'name': 'Enric Hernández', 'institution': 'Universitat Politècnica de Catalunya', 'subunit': 'Dept. LSI', 'location': '', 'full_affiliation': 'Dept. LSI, Universitat Politècnica de Catalunya ( UPC )'}, {'name': 'Amador Roldán Aguilar', 'institution': 'Centro de Investigación y Estudios Avanzados', 'subunit': 'CINVESTAV', 'location': '', 'full_affiliation': 'Centro de Investigación y Estudios Avanzados ( CINVESTAV ), IPN'}, {'name': 'Ian García Olmedo', 'institution': 'Universidad Nacional Autónoma de México', 'subunit': '', 'location': '', 'full_affiliation': 'Universidad Nacional Autónoma de México'}]",2009_008_0009.png
From Semantic Roles to Temporal Information Representation*,Natural Language Processing (NLP),"[{'name': 'Hector Llorens', 'institution': 'University of Alicante', 'subunit': 'Natural Language Processing Research Group', 'location': 'Alicante, Spain', 'full_affiliation': 'Natural Language Processing Research Group\nUniversity of Alicante, Spain'}, {'name': 'Borja Navarro', 'institution': 'University of Alicante', 'subunit': 'Natural Language Processing Research Group', 'location': 'Alicante, Spain', 'full_affiliation': 'Natural Language Processing Research Group\nUniversity of Alicante, Spain'}, {'name': 'Estela Saquete', 'institution': 'University of Alicante', 'subunit': 'Natural Language Processing Research Group', 'location': 'Alicante, Spain', 'full_affiliation': 'Natural Language Processing Research Group\nUniversity of Alicante, Spain'}]",2009_008_0010.png
Dependency Language Modeling Using KNN and PLSI*,Natural Language Processing (NLP),"[{'name': 'Hiram Calvo', 'institution': 'National Polytechnic Institute', 'subunit': 'Center for Computing Research', 'location': 'DF, Mexico', 'full_affiliation': 'Center for Computing Research, National Polytechnic Institute, DF, 07738, Mexico | Nara Institute of Science and Technology, Takayama, Ikoma, Nara 630-0192, Japan'}, {'name': 'Kentaro Inui', 'institution': 'Nara Institute of Science and Technology', 'subunit': '', 'location': 'Takayama, Ikoma, Nara, Japan', 'full_affiliation': 'Nara Institute of Science and Technology, Takayama, Ikoma, Nara 630-0192, Japan'}, {'name': 'Yuji Matsumoto', 'institution': 'Nara Institute of Science and Technology', 'subunit': '', 'location': 'Takayama, Ikoma, Nara, Japan', 'full_affiliation': 'Nara Institute of Science and Technology, Takayama, Ikoma, Nara 630-0192, Japan'}]",2009_008_0011.png
Supervised Recognition of Age-Related Spanish Temporal Phrases*,Natural Language Processing (NLP),"[{'name': 'Sofia N. Galicia-Haro', 'institution': 'Universidad Nacional Autónoma de México', 'subunit': 'Facultad de Ciencias', 'location': 'Mexico, D. F.', 'full_affiliation': 'Facultad de Ciencias Universidad Nacional Autónoma de México, Mexico, D. F.'}, {'name': 'Alexander F. Gelbukh', 'institution': 'Instituto Politécnico Nacional', 'subunit': 'Centro de Investigación en Computación', 'location': 'Mexico, D. F.', 'full_affiliation': 'Centro de Investigación en Computación Instituto Politécnico Nacional, Mexico, D. F.'}]",2009_008_0012.png
Using Nearest Neighbor Information to Improve Cross-Language Text Classification,Natural Language Processing (NLP),"[{'name': 'Adelina Escobar-Acevedo', 'institution': 'National Institute of Astrophysics, Optics and Electronics (INAOE)', 'subunit': 'Laboratory of Language Technologies, Department of Computational Sciences', 'location': 'Mexico', 'full_affiliation': 'Laboratory of Language Technologies, Department of Computational Sciences, National Institute of Astrophysics, Optics and Electronics (INAOE), Mexico'}, {'name': 'Manuel Montes-y-Gómez', 'institution': 'National Institute of Astrophysics, Optics and Electronics (INAOE)', 'subunit': 'Laboratory of Language Technologies, Department of Computational Sciences', 'location': 'Mexico', 'full_affiliation': 'Laboratory of Language Technologies, Department of Computational Sciences, National Institute of Astrophysics, Optics and Electronics (INAOE), Mexico'}, {'name': 'Luis Villaseñor-Pineda', 'institution': 'National Institute of Astrophysics, Optics and Electronics (INAOE)', 'subunit': 'Laboratory of Language Technologies, Department of Computational Sciences', 'location': 'Mexico', 'full_affiliation': 'Laboratory of Language Technologies, Department of Computational Sciences, National Institute of Astrophysics, Optics and Electronics (INAOE), Mexico'}]",2009_008_0013.png
Ranking Refinement via Relevance Feedback in Geographic Information Retrieval,Natural Language Processing (NLP),"[{'name': 'Esaú Villatoro-Tello', 'institution': 'National Institute of Astrophysics, Optics and Electronics (INAOE)', 'subunit': 'Laboratory of Language Technologies, Department of Computational Sciences', 'location': 'Mexico', 'full_affiliation': 'Laboratory of Language Technologies, Department of Computational Sciences, National Institute of Astrophysics, Optics and Electronics (INAOE), Mexico'}, {'name': 'Luis Villaseñor-Pineda', 'institution': 'National Institute of Astrophysics, Optics and Electronics (INAOE)', 'subunit': 'Laboratory of Language Technologies, Department of Computational Sciences', 'location': 'Mexico', 'full_affiliation': 'Laboratory of Language Technologies, Department of Computational Sciences, National Institute of Astrophysics, Optics and Electronics (INAOE), Mexico'}, {'name': 'Manuel Montes-y-Gómez', 'institution': 'National Institute of Astrophysics, Optics and Electronics (INAOE)', 'subunit': 'Laboratory of Language Technologies, Department of Computational Sciences', 'location': 'Mexico', 'full_affiliation': 'Laboratory of Language Technologies, Department of Computational Sciences, National Institute of Astrophysics, Optics and Electronics (INAOE), Mexico'}]",2009_008_0014.png
A Complex Networks Approach to Demographic Zonification,Heuristic Search & Optimization,"[{'name': 'Alberto Ochoa', 'institution': 'Institute of Cybernetics, Mathematics and Physics', 'subunit': '', 'location': '', 'full_affiliation': 'Institute of Cybernetics, Mathematics and Physics'}, {'name': 'Beatriz Loranca', 'institution': 'BUAP | UNAM', 'subunit': 'School of Computer Sciences | System Department', 'location': '', 'full_affiliation': 'BUAP School of Computer Sciences. UNAM, System Department'}, {'name': 'Omar Ochoa', 'institution': 'Institute of Cybernetics, Mathematics and Physics', 'subunit': '', 'location': '', 'full_affiliation': 'Institute of Cybernetics, Mathematics and Physics'}]",2009_008_0015.png
Multiscale Functional Autoregressive Model for Monthly Sardines Catches Forecasting,Probabilistic & Statistical Reasoning,"[{'name': 'Nibaldo Rodriguez', 'institution': 'Pontificia Universidad Católica de Valparaíso', 'subunit': '', 'location': 'Valparaíso, Chile', 'full_affiliation': 'Pontificia Universidad Católica de Valparaíso, Chile'}, {'name': 'Orlando Duran', 'institution': 'Pontificia Universidad Católica de Valparaíso', 'subunit': '', 'location': 'Valparaíso, Chile', 'full_affiliation': 'Pontificia Universidad Católica de Valparaíso, Chile'}, {'name': 'Broderick Crawford', 'institution': 'Pontificia Universidad Católica de Valparaíso', 'subunit': '', 'location': 'Valparaíso, Chile', 'full_affiliation': 'Pontificia Universidad Católica de Valparaíso, Chile'}]",2009_008_0016.png
Discretization of Time Series Dataset with a Genetic Search,Bio-inspired & Evolutionary Computing,"[{'name': 'Daniel-Alejandro García-López', 'institution': 'Universidad del Istmo', 'subunit': 'Ingeniería en Computación', 'location': 'Sto. Domingo Tehuantepec, Oax., México', 'full_affiliation': 'Universidad del Istmo, Ingeniería en Computación, Ciudad Universitaria S/N, Barrio Santa Cruz, 4a. Sección Sto. Domingo Tehuantepec, Oax., México C.P. 70760'}, {'name': 'Héctor-Gabriel Acosta-Mesa', 'institution': 'Universidad Veracruzana', 'subunit': 'Departamento de Inteligencia Artificial', 'location': 'Xalapa, Ver., México', 'full_affiliation': 'Universidad Veracruzana, Departamento de Inteligencia Artificial, Sebastián Camacho #5 Col. Centro Xalapa, Ver., México C.P. 91000'}]",2009_008_0017.png
Mining Social Networks on the Mexican Computer Science Community*,Data Mining & Knowledge Discovery,"[{'name': 'Huberto Ayanegui-Santiago', 'institution': 'Universidad Autónoma de Tlaxcala', 'subunit': 'Facultad de Ciencias Básicas, Ingeniería y Tecnología', 'location': 'Apizaco, Tlaxcala, México', 'full_affiliation': 'Facultad de Ciencias Básicas, Ingeniería y Tecnología Universidad Autónoma de Tlaxcala Calzada Apizaquito S/N, Apizaco, Tlaxcala, México'}, {'name': 'Orion F. Reyes-Galaviz', 'institution': 'Universidad Autónoma de Tlaxcala', 'subunit': 'Facultad de Ciencias Básicas, Ingeniería y Tecnología', 'location': 'Apizaco, Tlaxcala, México', 'full_affiliation': 'Facultad de Ciencias Básicas, Ingeniería y Tecnología Universidad Autónoma de Tlaxcala Calzada Apizaquito S/N, Apizaco, Tlaxcala, México'}, {'name': 'Alberto Chávez-Aragón', 'institution': 'Universidad Autónoma de Tlaxcala', 'subunit': 'Facultad de Ciencias Básicas, Ingeniería y Tecnología', 'location': 'Apizaco, Tlaxcala, México', 'full_affiliation': 'Facultad de Ciencias Básicas, Ingeniería y Tecnología Universidad Autónoma de Tlaxcala Calzada Apizaquito S/N, Apizaco, Tlaxcala, México'}, {'name': 'Federico Ramírez-Cruz', 'institution': 'Universidad Autónoma de Tlaxcala | Instituto Tecnológico de Apizaco', 'subunit': 'Facultad de Ciencias Básicas, Ingeniería y Tecnología | ', 'location': 'Apizaco, Tlaxcala, México | ', 'full_affiliation': 'Facultad de Ciencias Básicas, Ingeniería y Tecnología Universidad Autónoma de Tlaxcala Calzada Apizaquito S/N, Apizaco, Tlaxcala, México | Instituto Tecnológico de Apizaco'}, {'name': 'Alberto Portilla', 'institution': 'Universidad Autónoma de Tlaxcala | Laboratory of Informatics of Grenoble | CNRS, Grenoble Institute of Technology, University Joseph Fourier | Fundación Universidad de las Américas, Puebla', 'subunit': 'Facultad de Ciencias Básicas, Ingeniería y Tecnología | | | ', 'location': 'Apizaco, Tlaxcala, México | | | ', 'full_affiliation': 'Facultad de Ciencias Básicas, Ingeniería y Tecnología Universidad Autónoma de Tlaxcala Calzada Apizaquito S/N, Apizaco, Tlaxcala, México | Laboratory of Informatics of Grenoble | CNRS, Grenoble Institute of Technology, University Joseph Fourier | Fundación Universidad de las Américas, Puebla'}, {'name': 'Luciano García-Bañuelos', 'institution': 'Universidad Autónoma de Tlaxcala', 'subunit': 'Facultad de Ciencias Básicas, Ingeniería y Tecnología', 'location': 'Apizaco, Tlaxcala, México', 'full_affiliation': 'Facultad de Ciencias Básicas, Ingeniería y Tecnología Universidad Autónoma de Tlaxcala Calzada Apizaquito S/N, Apizaco, Tlaxcala, México'}]",2009_008_0018.png
Probabilistic Graphical Markov Model Learning: An Adaptive Strategy,Probabilistic & Statistical Reasoning,"[{'name': 'Elva Diaz', 'institution': 'Autonomous University of Aguascalientes', 'subunit': 'Computer Science Department', 'location': 'Aguascalientes, Mexico', 'full_affiliation': 'Computer Science Department, Autonomous University of Aguascalientes, Ave. Universidad 940, C.P. 20100 Aguascalientes, Mexico'}, {'name': 'Eunice Ponce-de-Leon', 'institution': 'Autonomous University of Aguascalientes', 'subunit': 'Computer Science Department', 'location': 'Aguascalientes, Mexico', 'full_affiliation': 'Computer Science Department, Autonomous University of Aguascalientes, Ave. Universidad 940, C.P. 20100 Aguascalientes, Mexico'}, {'name': 'Pedro Larrañaga', 'institution': 'Polytechnic University of Madrid', 'subunit': 'Department of Artificial Intelligence', 'location': 'Boadilla del Monte, Madrid, Spain', 'full_affiliation': 'Department of Artificial Intelligence\nPolytechnic University of Madrid 28660 Boadilla del Monte, Madrid, Spain'}, {'name': 'Concha Bielza', 'institution': 'Polytechnic University of Madrid', 'subunit': 'Department of Artificial Intelligence', 'location': 'Boadilla del Monte, Madrid, Spain', 'full_affiliation': 'Department of Artificial Intelligence\nPolytechnic University of Madrid 28660 Boadilla del Monte, Madrid, Spain'}]",2009_008_0019.png
Support Vector Optimization through Hybrids: Heuristics and Math Approach,Supervised Machine Learning,"[{'name': 'Ariel García Gamboa', 'institution': 'Tecnológico de Monterrey', 'subunit': 'Intelligent Systems Research Group, Campus Estado de México', 'location': 'Atizapán de Zaragoza, Estado de México, Mexico', 'full_affiliation': 'Intelligent Systems Research Group Tecnológico de Monterrey, Campus Estado de México Km 3.5 Carretera Lago de Guadalupe Col. Margarita Maza de Jurez Atizapán de Zaragoza, Estado de México, Mexico, 52926'}, {'name': 'Neil Hernández Gress', 'institution': 'Tecnológico de Monterrey', 'subunit': 'Intelligent Systems Research Group, Campus Estado de México', 'location': 'Atizapán de Zaragoza, Estado de México, Mexico', 'full_affiliation': 'Intelligent Systems Research Group Tecnológico de Monterrey, Campus Estado de México Km 3.5 Carretera Lago de Guadalupe Col. Margarita Maza de Jurez Atizapán de Zaragoza, Estado de México, Mexico, 52926'}, {'name': 'Miguel González Mendoza', 'institution': 'Tecnológico de Monterrey', 'subunit': 'Intelligent Systems Research Group, Campus Estado de México', 'location': 'Atizapán de Zaragoza, Estado de México, Mexico', 'full_affiliation': 'Intelligent Systems Research Group Tecnológico de Monterrey, Campus Estado de México Km 3.5 Carretera Lago de Guadalupe Col. Margarita Maza de Jurez Atizapán de Zaragoza, Estado de México, Mexico, 52926'}, {'name': 'Jaime Mora Vargas', 'institution': 'Tecnológico de Monterrey', 'subunit': 'Intelligent Systems Research Group, Campus Estado de México', 'location': 'Atizapán de Zaragoza, Estado de México, Mexico', 'full_affiliation': 'Intelligent Systems Research Group Tecnológico de Monterrey, Campus Estado de México Km 3.5 Carretera Lago de Guadalupe Col. Margarita Maza de Jurez Atizapán de Zaragoza, Estado de México, Mexico, 52926'}]",2009_008_0020.png
On-Line Signature Verification Based on Genetic Optimization and Neural-Network-Driven Fuzzy Reasoning,Hybrid AI & Expert Systems,"[{'name': 'Julio Cesar Martínez-Romo', 'institution': 'Institute of Technology of Aguascalientes', 'subunit': 'Department of Electrical Engineering', 'location': 'Aguascalientes, Ags. México', 'full_affiliation': 'Institute of Technology of Aguascalientes, Department of Electrical Engineering, Av. A. López Mateos 1801 Ote. Col. Bona Gens, 20256 Aguascalientes, Ags. México'}, {'name': 'Francisco Javier Luna-Rosas', 'institution': 'Institute of Technology of Aguascalientes', 'subunit': 'Department of Electrical Engineering', 'location': 'Aguascalientes, Ags. México', 'full_affiliation': 'Institute of Technology of Aguascalientes, Department of Electrical Engineering, Av. A. López Mateos 1801 Ote. Col. Bona Gens, 20256 Aguascalientes, Ags. México'}, {'name': 'Miguel Mora-González', 'institution': 'University of Guadalajara', 'subunit': 'Universitary Center of Los Lagos', 'location': 'Lagos de Moreno, Jal. México', 'full_affiliation': 'University of Guadalajara, Universitary Center of Los Lagos, Av. Enrique Díaz de León 1144, Col. Paseos de la Montaña, 47460 Lagos de Moreno, Jal. México'}]",2009_008_0021.png
Diagnosis of Cervical Cancer Using the Median M-Type Radial Basis Function (MMRBF) Neural Network,Neural Networks & Deep Learning,"[{'name': 'Margarita E. Gómez-Mayorga', 'institution': 'National Polytechnic Institute of Mexico', 'subunit': 'Interdisciplinary Professional Unit of Engineering and Advanced Technology', 'location': 'Mexico', 'full_affiliation': 'National Polytechnic Institute of Mexico, Interdisciplinary Professional Unit of Engineering and Advanced Technology'}, {'name': 'Francisco J. Gallegos-Funes', 'institution': 'Mechanical and Electrical Engineering Higher School', 'subunit': 'SEPI-ESIME', 'location': 'Col. Lindavista, 07738, Mexico, D. F., Mexico', 'full_affiliation': 'Mechanical and Electrical Engineering Higher School Av. IPN s/n, U.P.A.L.M. SEPI-ESIME, Edif. Z, Acceso 3, Tercer Piso, Col. Lindavista, 07738, Mexico, D. F., Mexico'}, {'name': 'José M. De-la-Rosa-Vázquez', 'institution': 'Mechanical and Electrical Engineering Higher School', 'subunit': 'SEPI-ESIME', 'location': 'Col. Lindavista, 07738, Mexico, D. F., Mexico', 'full_affiliation': 'Mechanical and Electrical Engineering Higher School Av. IPN s/n, U.P.A.L.M. SEPI-ESIME, Edif. Z, Acceso 3, Tercer Piso, Col. Lindavista, 07738, Mexico, D. F., Mexico'}, {'name': 'Rene Cruz-Santiago', 'institution': 'Mechanical and Electrical Engineering Higher School', 'subunit': 'SEPI-ESIME', 'location': 'Col. Lindavista, 07738, Mexico, D. F., Mexico', 'full_affiliation': 'Mechanical and Electrical Engineering Higher School Av. IPN s/n, U.P.A.L.M. SEPI-ESIME, Edif. Z, Acceso 3, Tercer Piso, Col. Lindavista, 07738, Mexico, D. F., Mexico'}, {'name': 'Volodymyr Ponomaryov', 'institution': 'Mechanical and Electrical Engineering Higher School', 'subunit': 'SEPI-ESIME', 'location': 'Col. Lindavista, 07738, Mexico, D. F., Mexico', 'full_affiliation': 'Mechanical and Electrical Engineering Higher School Av. IPN s/n, U.P.A.L.M. SEPI-ESIME, Edif. Z, Acceso 3, Tercer Piso, Col. Lindavista, 07738, Mexico, D. F., Mexico'}]",2009_008_0022.png
"Quasi-invariant Illumination Recognition for Appearance-Based Models, Taking Advantage of Manifold Information and Non-uniform Sampling",Computer Vision,"[{'name': 'Diego González', 'institution': 'Benemérita Universidad Autónoma de Puebla', 'subunit': 'FCC', 'location': 'Puebla, Pue., México', 'full_affiliation': 'Benemérita Universidad Autónoma de Publa-FCC, Boulevard 14 sur y Avenida San Claudio, Ciudad Universitaria, Col. San Manuel, Puebla, Pue., 72570, México'}, {'name': 'Luis Carlos Altamirano', 'institution': 'Benemérita Universidad Autónoma de Puebla', 'subunit': 'FCC', 'location': 'Puebla, Pue., México', 'full_affiliation': 'Benemérita Universidad Autónoma de Publa-FCC, Boulevard 14 sur y Avenida San Claudio, Ciudad Universitaria, Col. San Manuel, Puebla, Pue., 72570, México'}]",2009_008_0023.png
"Automatic Camera Localization, Reconstruction and Segmentation of Multi-planar Scenes Using Two Views",Computer Vision,"[{'name': 'Mario Santés', 'institution': 'Centro de Investigación en Matemáticas', 'subunit': 'CIMAT', 'location': '', 'full_affiliation': 'Centro de Investigación en Matemáticas (CIMAT)'}, {'name': 'Javier Flavio Vigueras', 'institution': 'Centro de Investigación en Matemáticas', 'subunit': 'CIMAT', 'location': '', 'full_affiliation': 'Centro de Investigación en Matemáticas (CIMAT)'}]",2009_008_0024.png
The Nonsubsampled Contourlet Transform for Enhancement of Microcalcifications in Digital Mammograms,Computer Vision,"[{'name': 'Jose Manuel Mejía Muñoz', 'institution': 'Universidad Autónoma de Ciudad Juárez', 'subunit': 'Departamento de Ingeniería Eléctrica y Computación', 'location': 'Ciudad Juárez, Chihuahua, México', 'full_affiliation': 'Universidad Autónoma de Ciudad Juárez (UACJ) Departamento de Ingeniería Eléctrica y Computación Avenida del Charro No. 450 Norte, Ciudad Juárez, Chihuahua, México'}, {'name': 'Humberto de J. Ochoa Domínguez', 'institution': 'Universidad Autónoma de Ciudad Juárez', 'subunit': 'Departamento de Ingeniería Eléctrica y Computación', 'location': 'Ciudad Juárez, Chihuahua, México', 'full_affiliation': 'Universidad Autónoma de Ciudad Juárez (UACJ) Departamento de Ingeniería Eléctrica y Computación Avenida del Charro No. 450 Norte, Ciudad Juárez, Chihuahua, México'}, {'name': 'Osslan Osiris Vergara Villegas', 'institution': 'Universidad Autónoma de Ciudad Juárez', 'subunit': 'Departamento de Ingeniería Industrial y Manufactura', 'location': 'Ciudad Juárez, Chihuahua, México', 'full_affiliation': 'Universidad Autónoma de Ciudad Juárez (UACJ) Departamento de Ingeniería Industrial y Manufactura Avenida del Charro No. 450 Norte, Ciudad Juárez, Chihuahua, México'}, {'name': 'Vianey Guadalupe Cruz Sánchez', 'institution': 'Universidad Autónoma de Ciudad Juárez', 'subunit': 'Departamento de Ingeniería Eléctrica y Computación', 'location': 'Ciudad Juárez, Chihuahua, México', 'full_affiliation': 'Universidad Autónoma de Ciudad Juárez (UACJ) Departamento de Ingeniería Eléctrica y Computación Avenida del Charro No. 450 Norte, Ciudad Juárez, Chihuahua, México'}, {'name': 'Leticia Ortega Maynez', 'institution': 'Universidad Autónoma de Ciudad Juárez', 'subunit': 'Departamento de Ingeniería Eléctrica y Computación', 'location': 'Ciudad Juárez, Chihuahua, México', 'full_affiliation': 'Universidad Autónoma de Ciudad Juárez (UACJ) Departamento de Ingeniería Eléctrica y Computación Avenida del Charro No. 450 Norte, Ciudad Juárez, Chihuahua, México'}]",2009_008_0025.png
Denoising Intra-voxel Axon Fiber Orientations by Means of ECQMMF Method,Computer Vision,"[{'name': 'Alonso Ramirez-Manzanares', 'institution': 'Universidad de Guanajuato', 'subunit': 'Facultad de Matematicas', 'location': 'Guanajuato, Gto. Mexico', 'full_affiliation': 'Universidad de Guanajuato, Facultad de Matematicas, Valenciana, Guanajuato, Gto. Mexico. C.P. 36000'}, {'name': 'Mariano Rivera', 'institution': 'CIMAT A.C.', 'subunit': '', 'location': 'Guanajuato, Gto. Mexico', 'full_affiliation': 'CIMAT A.C., Callejon Jalisco S/N, Valenciana, Guanajuato, Gto. Mexico. C.P. 36000'}, {'name': 'James C. Gee', 'institution': 'University of Pennsylvania', 'subunit': 'PICSL, Department of Radiology', 'location': 'Philadelphia, PA, USA', 'full_affiliation': 'University of Pennsylvania, PICSL, Department of Radiology 3600 Market Street, Suite 370, PA 19104, USA'}]",2009_008_0026.png
A Profilometric Approach for 3D Reconstruction Using Fourier and Wavelet Transforms,Computer Vision,"[{'name': 'Jesus Carlos Pedraza-Ortega', 'institution': 'Universidad Autonoma de Queretaro', 'subunit': 'CIDIT-Facultad de Informatica', 'location': 'Juriquilla, Queretaro, Mexico', 'full_affiliation': 'CIDIT-Facultad de Informatica, Universidad Autonoma de Queretaro, Av. De las Ciencias S/N, Juriquilla C.P. 76230, Queretaro, Mexico'}, {'name': 'Efren Gorrostieta-Hurtado', 'institution': 'Universidad Autonoma de Queretaro', 'subunit': 'CIDIT-Facultad de Informatica', 'location': 'Juriquilla, Queretaro, Mexico', 'full_affiliation': 'CIDIT-Facultad de Informatica, Universidad Autonoma de Queretaro, Av. De las Ciencias S/N, Juriquilla C.P. 76230, Queretaro, Mexico'}, {'name': 'Juan Manuel Ramos-Arreguin', 'institution': 'Universidad Autonoma de Queretaro', 'subunit': 'CIDIT-Facultad de Informatica', 'location': 'Juriquilla, Queretaro, Mexico', 'full_affiliation': 'CIDIT-Facultad de Informatica, Universidad Autonoma de Queretaro, Av. De las Ciencias S/N, Juriquilla C.P. 76230, Queretaro, Mexico'}, {'name': 'Sandra Luz Canchola-Magdaleno', 'institution': 'Universidad Autonoma de Queretaro', 'subunit': 'CIDIT-Facultad de Informatica', 'location': 'Juriquilla, Queretaro, Mexico', 'full_affiliation': 'CIDIT-Facultad de Informatica, Universidad Autonoma de Queretaro, Av. De las Ciencias S/N, Juriquilla C.P. 76230, Queretaro, Mexico'}, {'name': 'Marco Antonio Aceves-Fernandez', 'institution': 'Universidad Autonoma de Queretaro', 'subunit': 'CIDIT-Facultad de Informatica', 'location': 'Juriquilla, Queretaro, Mexico', 'full_affiliation': 'CIDIT-Facultad de Informatica, Universidad Autonoma de Queretaro, Av. De las Ciencias S/N, Juriquilla C.P. 76230, Queretaro, Mexico'}, {'name': 'Manuel Delgado-Rosas', 'institution': 'Universidad Autonoma de Queretaro', 'subunit': 'CIDIT-Facultad de Informatica', 'location': 'Juriquilla, Queretaro, Mexico', 'full_affiliation': 'CIDIT-Facultad de Informatica, Universidad Autonoma de Queretaro, Av. De las Ciencias S/N, Juriquilla C.P. 76230, Queretaro, Mexico'}, {'name': 'Ruth Angelica Rico-Hernandez', 'institution': 'Universidad Autonoma de Queretaro', 'subunit': 'CIDIT-Facultad de Informatica', 'location': 'Juriquilla, Queretaro, Mexico', 'full_affiliation': 'CIDIT-Facultad de Informatica, Universidad Autonoma de Queretaro, Av. De las Ciencias S/N, Juriquilla C.P. 76230, Queretaro, Mexico'}]",2009_008_0027.png
Vector Quantization Algorithm Based on Associative Memories,Computer Vision,"[{'name': 'Enrique Guzmán', 'institution': 'Universidad Tecnológica de la Mixteca', 'subunit': '', 'location': '', 'full_affiliation': 'Universidad Tecnológica de la Mixteca'}, {'name': 'Oleksiy Pogrebnyak', 'institution': 'Instituto Politécnico Nacional', 'subunit': 'Centro de Investigación en Computación', 'location': '', 'full_affiliation': 'Centro de Investigación en Computación del Instituto Politécnico Nacional'}, {'name': 'Cornelio Yáñez', 'institution': 'Instituto Politécnico Nacional', 'subunit': 'Centro de Investigación en Computación', 'location': '', 'full_affiliation': 'Centro de Investigación en Computación del Instituto Politécnico Nacional'}, {'name': 'Pablo Manrique', 'institution': 'Instituto Politécnico Nacional', 'subunit': 'Centro de Investigación en Computación', 'location': '', 'full_affiliation': 'Centro de Investigación en Computación del Instituto Politécnico Nacional'}]",2009_008_0028.png
A Two-Stage Relational Reinforcement Learning with Continuous Actions for Real Service Robots,Reinforcement Learning,"[{'name': 'Julio H. Zaragoza', 'institution': 'National Institute of Astrophysics, Optics and Electronics', 'subunit': 'Computer Science Department', 'location': 'Tonantzintla, México', 'full_affiliation': 'National Institute of Astrophysics, Optics and Electronics, Computer Science Department, Luis Enrique Erro 1, 72840 Tonantzintla, México'}, {'name': 'Eduardo F. Morales', 'institution': 'National Institute of Astrophysics, Optics and Electronics', 'subunit': 'Computer Science Department', 'location': 'Tonantzintla, México', 'full_affiliation': 'National Institute of Astrophysics, Optics and Electronics, Computer Science Department, Luis Enrique Erro 1, 72840 Tonantzintla, México'}]",2009_008_0029.png
People Detection by a Mobile Robot Using Stereo Vision in Dynamic Indoor Environments,Robotics,"[{'name': 'José Alberto Méndez-Polanco', 'institution': 'National Institue of Astrophysics, Optics and Electronics', 'subunit': '', 'location': '', 'full_affiliation': 'National Institue of Astrophysics, Optics and Electronics'}, {'name': 'Angélica Muñoz-Meléndez', 'institution': 'National Institue of Astrophysics, Optics and Electronics', 'subunit': '', 'location': '', 'full_affiliation': 'National Institue of Astrophysics, Optics and Electronics'}, {'name': 'Eduardo F. Morales', 'institution': 'National Institue of Astrophysics, Optics and Electronics', 'subunit': '', 'location': '', 'full_affiliation': 'National Institue of Astrophysics, Optics and Electronics'}]",2009_008_0030.png
SAT Encoding and CSP Reduction for Interconnected Alldiff Constraints,Knowledge Representation & Reasoning,"[{'name': 'Frederic Lardeux', 'institution': 'Université d’Angers', 'subunit': 'LERIA', 'location': 'France', 'full_affiliation': 'LERIA, Université d’Angers, France'}, {'name': 'Eric Monfroy', 'institution': 'Universidad Técnica Federico Santa María | Université de Nantes', 'subunit': ' | LINA', 'location': 'Valparaíso, Chile | France', 'full_affiliation': '1 Universidad Técnica Federico Santa María, Valparaíso, Chile 2 LINA, Université de Nantes, France'}, {'name': 'Frederic Saubion', 'institution': 'Université d’Angers', 'subunit': 'LERIA', 'location': 'France', 'full_affiliation': 'LERIA, Université d’Angers, France'}, {'name': 'Broderick Crawford', 'institution': 'Universidad Técnica Federico Santa María | Pontificia Universidad Católica de Valparaíso', 'subunit': ' | PUCV', 'location': 'Valparaíso, Chile | Chile', 'full_affiliation': '1 Universidad Técnica Federico Santa María, Valparaíso, Chile 4 Pontificia Universidad Católica de Valparaíso, PUCV, Chile'}, {'name': 'Carlos Castro', 'institution': 'Universidad Técnica Federico Santa María', 'subunit': '', 'location': 'Valparaíso, Chile', 'full_affiliation': '1 Universidad Técnica Federico Santa María, Valparaíso, Chile'}]",2009_008_0031.png
Phase Transition in the Bandwidth Minimization Problem,Heuristic Search & Optimization,"[{'name': 'Nelson Rangel-Valdez', 'institution': 'CINVESTAV', 'subunit': 'Information Technology Laboratory', 'location': 'Victoria Tamps., Mexico', 'full_affiliation': 'CINVESTAV-Tamaulipas, Information Technology Laboratory Km. 6 Carretera Victoria-Monterrey, 87276 Victoria Tamps., Mexico'}, {'name': 'Jose Torres-Jimenez', 'institution': 'CINVESTAV', 'subunit': 'Information Technology Laboratory', 'location': 'Victoria Tamps., Mexico', 'full_affiliation': 'CINVESTAV-Tamaulipas, Information Technology Laboratory Km. 6 Carretera Victoria-Monterrey, 87276 Victoria Tamps., Mexico'}]",2009_008_0032.png
Planning for Conditional Learning Routes,Heuristic Search & Optimization,"[{'name': 'Lluvia Morales', 'institution': 'University of Granada', 'subunit': 'Department of Computer Science and Artificial Intelligence', 'location': 'Granada, Spain', 'full_affiliation': 'Department of Computer Science and Artificial Intelligence, University of Granada\nDaniel Saucedo Aranda s/n 18071 Granada, Spain'}, {'name': 'Luis Castillo', 'institution': 'University of Granada', 'subunit': 'Department of Computer Science and Artificial Intelligence', 'location': 'Granada, Spain', 'full_affiliation': 'Department of Computer Science and Artificial Intelligence, University of Granada\nDaniel Saucedo Aranda s/n 18071 Granada, Spain'}, {'name': 'Juan Fernández-Olivares', 'institution': 'University of Granada', 'subunit': 'Department of Computer Science and Artificial Intelligence', 'location': 'Granada, Spain', 'full_affiliation': 'Department of Computer Science and Artificial Intelligence, University of Granada\nDaniel Saucedo Aranda s/n 18071 Granada, Spain'}]",2009_008_0033.png
A New Backtracking Algorithm for Constructing Binary Covering Arrays of Variable Strength*,Heuristic Search & Optimization,"[{'name': 'Josue Bracho-Rios', 'institution': 'Cinvestav', 'subunit': 'Information Technology Laboratory', 'location': 'Victoria, Tamps., Mexico', 'full_affiliation': 'CINVESTAV-Tamaulipas, Information Technology Laboratory Km. 6 Carretera Victoria-Monterrey, 87276 Victoria Tamps., Mexico'}, {'name': 'Jose Torres-Jimenez', 'institution': 'Cinvestav', 'subunit': 'Information Technology Laboratory', 'location': 'Victoria, Tamps., Mexico', 'full_affiliation': 'CINVESTAV-Tamaulipas, Information Technology Laboratory Km. 6 Carretera Victoria-Monterrey, 87276 Victoria Tamps., Mexico'}, {'name': 'Eduardo Rodriguez-Tello', 'institution': 'Cinvestav', 'subunit': 'Information Technology Laboratory', 'location': 'Victoria, Tamps., Mexico', 'full_affiliation': 'CINVESTAV-Tamaulipas, Information Technology Laboratory Km. 6 Carretera Victoria-Monterrey, 87276 Victoria Tamps., Mexico'}]",2009_008_0034.png
"Pipelining Memetic Algorithms, Constraint Satisfaction, and Local Search for Course Timetabling",Bio-inspired & Evolutionary Computing,"[{'name': 'Santiago E. Conant-Pablos', 'institution': 'Tecnológico de Monterrey', 'subunit': 'Centro de Computación Inteligente y Robótica, Campus Monterrey', 'location': 'Monterrey, N.L., Mexico', 'full_affiliation': 'Tecnológico de Monterrey, Campus Monterrey\nCentro de Computación Inteligente y Robótica\nAv. Eugenio Garza Sada 2501, Monterrey, N.L. 64849 Mexico'}, {'name': 'Dulce J. Magaña-Lozano', 'institution': 'Tecnológico de Monterrey', 'subunit': 'Centro de Computación Inteligente y Robótica, Campus Monterrey', 'location': 'Monterrey, N.L., Mexico', 'full_affiliation': 'Tecnológico de Monterrey, Campus Monterrey\nCentro de Computación Inteligente y Robótica\nAv. Eugenio Garza Sada 2501, Monterrey, N.L. 64849 Mexico'}, {'name': 'Hugo Terashima-Marín', 'institution': 'Tecnológico de Monterrey', 'subunit': 'Centro de Computación Inteligente y Robótica, Campus Monterrey', 'location': 'Monterrey, N.L., Mexico', 'full_affiliation': 'Tecnológico de Monterrey, Campus Monterrey\nCentro de Computación Inteligente y Robótica\nAv. Eugenio Garza Sada 2501, Monterrey, N.L. 64849 Mexico'}]",2009_008_0035.png
Fuzzy Relational Compression Applied on Feature Vectors for Infant Cry Recognition*,Fuzzy Logic & Fuzzy Systems,"[{'name': 'Orion Fausto Reyes-Galaviz', 'institution': 'Universidad Autónoma de Tlaxcala', 'subunit': 'Facultad de Ciencias Básicas, Ingeniería y Tecnología', 'location': 'Apizaco, Tlaxcala, México', 'full_affiliation': 'Universidad Autónoma de Tlaxcala\nFacultad de Ciencias Básicas, Ingeniería y Tecnología\nCalzada Apizaquito, Km. 1.5 Apizaco, Tlaxcala. México'}, {'name': 'Carlos Alberto Reyes-García', 'institution': 'Instituto Nacional de Astrofísica, Óptica y Electrónica', 'subunit': '', 'location': 'Tonantzintla, Puebla, México', 'full_affiliation': 'Instituto Nacional de Astrofísica, Óptica y Electrónica\nLuis Enrique Erro 1, Tonantzintla, Puebla, México'}]",2009_008_0036.png
Parametric Operations for Digital Hardware Implementation of Fuzzy Systems,Fuzzy Logic & Fuzzy Systems,"[{'name': 'Antonio Hernández Zavala', 'institution': 'Instituto Politécnico Nacional', 'subunit': 'Unidad Profesional Interdisciplinaria en Ingeniería y Tecnologías Avanzadas', 'location': '', 'full_affiliation': 'Unidad Profesional Interdisciplinaria en Ingeniería y Tecnologías Avanzadas, Instituto Politécnico Nacional'}, {'name': 'Ildar Z. Batyrshin', 'institution': 'Instituto Mexicano del Petróleo', 'subunit': '', 'location': '', 'full_affiliation': 'Instituto Mexicano del Petróleo'}, {'name': 'Imre J. Rudas', 'institution': 'Budapest Tech', 'subunit': '', 'location': '', 'full_affiliation': 'Budapest Tech'}, {'name': 'Luís Villa Vargas', 'institution': 'Instituto Politécnico Nacional', 'subunit': 'Centro de Investigaciones en Computación', 'location': '', 'full_affiliation': 'Centro de Investigaciones en Computación, Instituto Politécnico Nacional'}, {'name': 'Oscar Camacho Nieto', 'institution': 'Instituto Politécnico Nacional', 'subunit': 'Centro de Investigaciones en Computación', 'location': '', 'full_affiliation': 'Centro de Investigaciones en Computación, Instituto Politécnico Nacional'}]",2009_008_0037.png
Fuzzy Logic for Combining Particle Swarm Optimization and Genetic Algorithms: Preliminary Results,Bio-inspired & Evolutionary Computing,"[{'name': 'Fevrier Valdez', 'institution': 'Tijuana Institute of Technology', 'subunit': '', 'location': 'Tijuana, BC, México', 'full_affiliation': 'Tijuana Institute of Technology, Tijuana BC. México'}, {'name': 'Patricia Melin', 'institution': 'Tijuana Institute of Technology', 'subunit': '', 'location': 'Tijuana, BC, México', 'full_affiliation': 'Tijuana Institute of Technology, Tijuana BC. México'}, {'name': 'Oscar Castillo', 'institution': 'Tijuana Institute of Technology', 'subunit': '', 'location': 'Tijuana, BC, México', 'full_affiliation': 'Tijuana Institute of Technology, Tijuana BC. México'}]",2009_008_0038.png
Optimization of Type-2 Fuzzy Integration in Modular Neural Networks Using an Evolutionary Method with Applications in Multimodal Biometry,Bio-inspired & Evolutionary Computing,"[{'name': 'Denisse Hidalgo', 'institution': 'UABC University', 'subunit': 'School of Engineering', 'location': 'Tijuana, México', 'full_affiliation': 'School of Engineering UABC University. Tijuana, México'}, {'name': 'Patricia Melin', 'institution': 'Tijuana Institute of Technology', 'subunit': 'Division of Graduate Studies', 'location': 'Tijuana, México', 'full_affiliation': 'Division of Graduate Studies Tijuana Institute of Technology. Tijuana, México'}, {'name': 'Guillerrno Licea', 'institution': 'UABC University', 'subunit': 'School of Engineering', 'location': 'Tijuana, México', 'full_affiliation': 'School of Engineering UABC University. Tijuana, México'}, {'name': 'Oscar Castillo', 'institution': 'Tijuana Institute of Technology', 'subunit': 'Division of Graduate Studies', 'location': 'Tijuana, México', 'full_affiliation': 'Division of Graduate Studies Tijuana Institute of Technology. Tijuana, México'}]",2009_008_0039.png
st-Alphabets: On the Feasibility in the Explicit Use of Extended Relational Alphabets in Classifier Systems,Bio-inspired & Evolutionary Computing,"[{'name': 'Carlos D. Toledo-Suárez', 'institution': '', 'subunit': '', 'location': 'San Nicolás de los Garza, Nuevo León, México', 'full_affiliation': 'Jabatos 150, Paseo de los Ángeles, San Nicolás de los Garza, Nuevo León 66470, México'}]",2009_008_0040.png
Comparison of Neural Networks and Support Vector Machine Dynamic Models for State Estimation in Semiautogenous Mills,Supervised Machine Learning,"[{'name': 'Gonzalo Acuña', 'institution': 'Universidad de Santiago de Chile', 'subunit': 'Depto. de Ingeniería Informática', 'location': 'Santiago, Chile', 'full_affiliation': 'Depto. de Ingeniería Informática, Universidad de Santiago de Chile, USACH, Av. Ecuador 3659, Santiago, Chile'}, {'name': 'Millaray Curilem', 'institution': 'Universidad de La Frontera', 'subunit': 'Dpto. De Ingeniería Eléctrica', 'location': 'Temuco, Chile', 'full_affiliation': 'Dpto. De Ingeniería Eléctrica, Universidad de La Frontera, UFRO, Av. Francisco Salazar 01145, Temuco, Chile'}]",2009_008_0041.png
Using Wolfe’s Method in Support Vector Machines Learning Stage,Supervised Machine Learning,"[{'name': 'Juan Frausto-Solís', 'institution': 'Instituto Tecnológico de Estudios Superiores de Monterrey', 'subunit': '', 'location': '', 'full_affiliation': 'Instituto Tecnológico de Estudios Superiores de Monterrey'}, {'name': 'Miguel González-Mendoza', 'institution': 'Instituto Tecnológico de Estudios Superiores de Monterrey', 'subunit': '', 'location': '', 'full_affiliation': 'Instituto Tecnológico de Estudios Superiores de Monterrey'}, {'name': 'Roberto López-Díaz', 'institution': 'Instituto Tecnológico de Estudios Superiores de Monterrey', 'subunit': '', 'location': '', 'full_affiliation': 'Instituto Tecnológico de Estudios Superiores de Monterrey'}]",2009_008_0042.png
Direct Adaptive Soft Computing Neural Control of a Continuous Bioprocess via Second Order Learning,Neural Networks & Deep Learning,"[{'name': 'Ieroham Baruch', 'institution': 'CINVESTAV-IPN', 'subunit': 'Department of Automatic Control', 'location': 'Mexico City, Mexico', 'full_affiliation': 'Department of Automatic Control, CINVESTAV-IPN, Av. IPN No 2508, 07360 Mexico City, Mexico'}, {'name': 'Carlos-Roman Mariaca-Gaspar', 'institution': 'CINVESTAV-IPN', 'subunit': 'Department of Automatic Control', 'location': 'Mexico City, Mexico', 'full_affiliation': 'Department of Automatic Control, CINVESTAV-IPN, Av. IPN No 2508, 07360 Mexico City, Mexico'}, {'name': 'Josefina Barrera-Cortes', 'institution': 'CINVESTAV-IPN', 'subunit': 'Department of Biotechnology and Bioengineering', 'location': 'Mexico City, Mexico', 'full_affiliation': 'Department of Biotechnology and Bioengineering, CINVESTAV-IPN, Av. IPN No 2508, 07360 Mexico City, Mexico'}]",2009_008_0043.png
A Kohonen Network for Modeling Students’ Learning Styles in Web 2.0 Collaborative Learning Systems,Unsupervised Machine Learning,"[{'name': 'Ramón Zatarain-Cabada', 'institution': 'Instituto Tecnológico de Culiacán', 'subunit': '', 'location': 'Culiacán, Sinaloa, México', 'full_affiliation': 'Instituto Tecnológico de Culiacán, Juan de Dios Bátiz s/n, col. Guadalupe, Culiacán, Sinaloa, 80220, México'}, {'name': 'M. Lucia Barrón-Estrada', 'institution': 'Instituto Tecnológico de Culiacán', 'subunit': '', 'location': 'Culiacán, Sinaloa, México', 'full_affiliation': 'Instituto Tecnológico de Culiacán, Juan de Dios Bátiz s/n, col. Guadalupe, Culiacán, Sinaloa, 80220, México'}, {'name': 'Leopoldo Zepeda-Sánchez', 'institution': 'Instituto Tecnológico de Culiacán', 'subunit': '', 'location': 'Culiacán, Sinaloa, México', 'full_affiliation': 'Instituto Tecnológico de Culiacán, Juan de Dios Bátiz s/n, col. Guadalupe, Culiacán, Sinaloa, 80220, México'}, {'name': 'Guillermo Sandoval', 'institution': 'Instituto Tecnológico de Culiacán', 'subunit': '', 'location': 'Culiacán, Sinaloa, México', 'full_affiliation': 'Instituto Tecnológico de Culiacán, Juan de Dios Bátiz s/n, col. Guadalupe, Culiacán, Sinaloa, 80220, México'}, {'name': 'J. Moises Osorio-Velazquez', 'institution': 'Instituto Tecnológico de Culiacán', 'subunit': '', 'location': 'Culiacán, Sinaloa, México', 'full_affiliation': 'Instituto Tecnológico de Culiacán, Juan de Dios Bátiz s/n, col. Guadalupe, Culiacán, Sinaloa, 80220, México'}, {'name': 'J.E. Urias-Barrientos', 'institution': 'Instituto Tecnológico de Culiacán', 'subunit': '', 'location': 'Culiacán, Sinaloa, México', 'full_affiliation': 'Instituto Tecnológico de Culiacán, Juan de Dios Bátiz s/n, col. Guadalupe, Culiacán, Sinaloa, 80220, México'}]",2009_008_0044.png
Teaching-Learning by Means of a Fuzzy-Causal User Model,Fuzzy Logic & Fuzzy Systems,"[{'name': 'Alejandro Peña Ayala', 'institution': 'Instituto Politécnico Nacional', 'subunit': 'WOLNM, ESIME-Z, CIC', 'location': 'Iztapalapa, D. F., Mexico', 'full_affiliation': 'WOLNM, ESIME-Z and CIC - Instituto Politécnico Nacional, 31 julio 1859 #1099B Leyes Reforma, Iztapalapa, D. F., 09310, Mexico'}]",2009_008_0045.png
Inferring Knowledge from Active Learning Simulators for Physics,Probabilistic & Statistical Reasoning,"[{'name': 'Julieta Noguez', 'institution': 'Tecnológico de Monterrey', 'subunit': 'Campus Ciudad de México', 'location': 'México, D.F., México', 'full_affiliation': 'Tecnológico de Monterrey, Campus Ciudad de México, Calle del Puente 222, Col. Ejidos de Huipulco, Tlalpan 14380 México, D.F., México'}, {'name': 'Luis Neri', 'institution': 'Tecnológico de Monterrey', 'subunit': 'Campus Ciudad de México', 'location': 'México, D.F., México', 'full_affiliation': 'Tecnológico de Monterrey, Campus Ciudad de México, Calle del Puente 222, Col. Ejidos de Huipulco, Tlalpan 14380 México, D.F., México'}, {'name': 'Víctor Robledo-Rella', 'institution': 'Tecnológico de Monterrey', 'subunit': 'Campus Ciudad de México', 'location': 'México, D.F., México', 'full_affiliation': 'Tecnológico de Monterrey, Campus Ciudad de México, Calle del Puente 222, Col. Ejidos de Huipulco, Tlalpan 14380 México, D.F., México'}, {'name': 'Karla Muñoz', 'institution': 'University of Ulster', 'subunit': 'Magee Campus', 'location': '', 'full_affiliation': 'University of Ulster, Magee Campus'}]",2009_008_0046.png
Leukocyte Recognition Using EM-Algorithm,Computer Vision,"[{'name': 'Mario Chirinos Colunga', 'institution': 'University of London', 'subunit': 'Department of Computer Science and Information Systems, Birkbeck', 'location': 'London, United Kingdom', 'full_affiliation': 'Department of Computer Science and Information Systems, Birkbeck, University of London, Malet Street, London WC1E 7HX'}, {'name': 'Oscar Sánchez Siordia', 'institution': 'Centro Nacional de Investigación y Desarrollo Tecnológico', 'subunit': 'CENIDET', 'location': 'Cuernavaca, Morelos, México', 'full_affiliation': 'Centro Nacional de Investigación y Desarrollo Tecnológico (CENIDET) Cuernavaca, Morelos, México'}, {'name': 'Stephen J. Maybank', 'institution': 'University of London', 'subunit': 'Department of Computer Science and Information Systems, Birkbeck', 'location': 'London, United Kingdom', 'full_affiliation': 'Department of Computer Science and Information Systems, Birkbeck, University of London, Malet Street, London WC1E 7HX'}]",2009_008_0047.png
An Automaton for Motifs Recognition in DNA Sequences,Heuristic Search & Optimization,"[{'name': 'Gerardo Perez', 'institution': 'Benemérita Universidad Autónoma de Puebla', 'subunit': 'Facultad de Ciencias de la Computación', 'location': 'Puebla, México', 'full_affiliation': 'Facultad de Ciencias de la Computación, Benemérita Universidad Autónoma de Puebla, 14 sur y Av. San Claudio, Ciudad Universitaria, Puebla, México'}, {'name': 'Yuridia P. Mejia', 'institution': 'Benemérita Universidad Autónoma de Puebla', 'subunit': 'Facultad de Ciencias de la Computación', 'location': 'Puebla, México', 'full_affiliation': 'Facultad de Ciencias de la Computación, Benemérita Universidad Autónoma de Puebla, 14 sur y Av. San Claudio, Ciudad Universitaria, Puebla, México'}, {'name': 'Ivan Olmos', 'institution': 'Benemérita Universidad Autónoma de Puebla', 'subunit': 'Facultad de Ciencias de la Computación', 'location': 'Puebla, México', 'full_affiliation': 'Facultad de Ciencias de la Computación, Benemérita Universidad Autónoma de Puebla, 14 sur y Av. San Claudio, Ciudad Universitaria, Puebla, México'}, {'name': 'Jesus A. Gonzalez', 'institution': 'Instituto Nacional de Astrofísica, Óptica y Electrónica', 'subunit': '', 'location': 'Puebla, México', 'full_affiliation': 'Instituto Nacional de Astrofísica, Óptica y Electrónica, Luis Enrique Erro No. 1, Sta. María Tonantzintla, Puebla, México'}, {'name': 'Patricia Sánchez', 'institution': 'Benemérita Universidad Autónoma de Puebla', 'subunit': 'Departamento de Ciencias Microbiológicas', 'location': 'Puebla, México', 'full_affiliation': 'Departamento de Ciencias Microbiológicas, Benemérita Universidad Autónoma de Puebla, Ciudad Universitaria, Puebla, México'}, {'name': 'Candelario Vázquez', 'institution': 'Benemérita Universidad Autónoma de Puebla', 'subunit': 'Departamento de Ciencias Microbiológicas', 'location': 'Puebla, México', 'full_affiliation': 'Departamento de Ciencias Microbiológicas, Benemérita Universidad Autónoma de Puebla, Ciudad Universitaria, Puebla, México'}]",2009_008_0048.png
A New Method for Optimal Cropping Pattern,Bio-inspired & Evolutionary Computing,"[{'name': 'Juan Frausto-Solis', 'institution': 'Tecnologico de Monterrey', 'subunit': 'Campus Cuernavaca', 'location': 'Xochitepec, Morelos, Mexico', 'full_affiliation': 'Tecnologico de Monterrey Campus Cuernavaca, Autopista del Sol km 104, Colonia Real del Puente, Xochitepec, Morelos, Mexico'}, {'name': 'Alberto Gonzalez-Sanchez', 'institution': 'Tecnologico de Monterrey', 'subunit': 'Campus Cuernavaca', 'location': 'Xochitepec, Morelos, Mexico', 'full_affiliation': 'Tecnologico de Monterrey Campus Cuernavaca, Autopista del Sol km 104, Colonia Real del Puente, Xochitepec, Morelos, Mexico'}, {'name': 'Monica Larre', 'institution': 'Tecnologico de Monterrey', 'subunit': 'Campus Cuernavaca', 'location': 'Xochitepec, Morelos, Mexico', 'full_affiliation': 'Tecnologico de Monterrey Campus Cuernavaca, Autopista del Sol km 104, Colonia Real del Puente, Xochitepec, Morelos, Mexico'}]",2009_008_0049.png
MultiQuenching Annealing Algorithm for Protein Folding Problem,Heuristic Search & Optimization,"[{'name': 'Juan Frausto-Solis', 'institution': 'Tecnológico de Monterrey', 'subunit': 'Campus Cuernavaca', 'location': 'Xochitepec, Morelos, México', 'full_affiliation': 'Tecnológico de Monterrey, Campus Cuernavaca, Autopista del Sol Km 104+06, Colonia Real del Puente, 62790, Xochitepec, Morelos. México'}, {'name': 'Xavier Soberon-Mainero', 'institution': 'IBT UNAM', 'subunit': '', 'location': '', 'full_affiliation': 'IBT UNAM'}, {'name': 'Ernesto Liñán-García', 'institution': 'Universidad Autónoma de Coahuila', 'subunit': '', 'location': '', 'full_affiliation': 'Universidad Autónoma de Coahuila'}]",2009_008_0050.png
Outlier Detection with a Hybrid Artificial Intelligence Method,Hybrid AI & Expert Systems,"[{'name': 'Manuel Mejía-Lavalle', 'institution': 'Instituto de Investigaciones Eléctricas', 'subunit': '', 'location': 'Cuernavaca, Morelos, México', 'full_affiliation': 'Instituto de Investigaciones Eléctricas, Reforma 113, 62490 Cuernavaca, Morelos, México'}, {'name': 'Ricardo Gómez Obregón', 'institution': 'Comisión Federal de Electricidad', 'subunit': '', 'location': 'México DF, México', 'full_affiliation': 'Comisión Federal de Electricidad, Reforma 164, México DF, México'}, {'name': 'Atlántida Sánchez Vivar', 'institution': 'Instituto de Investigaciones Eléctricas', 'subunit': '', 'location': 'Cuernavaca, Morelos, México', 'full_affiliation': 'Instituto de Investigaciones Eléctricas, Reforma 113, 62490 Cuernavaca, Morelos, México'}]",2009_008_0051.png
Wind Speed Forecasting Using a Hybrid Neural-Evolutive Approach,Bio-inspired & Evolutionary Computing,"[{'name': 'Juan J. Flores', 'institution': 'Universidad Michoacana', 'subunit': 'Division de Estudios de Posgrado, Facultad de Ingenieria Electrica', 'location': 'Mexico', 'full_affiliation': 'Division de Estudios de Posgrado, Facultad de Ingenieria Electrica, Universidad Michoacana, Mexico'}, {'name': 'Roberto Loaeza', 'institution': 'Universidad Michoacana', 'subunit': 'Division de Estudios de Posgrado, Facultad de Ingenieria Electrica', 'location': 'Mexico', 'full_affiliation': 'Division de Estudios de Posgrado, Facultad de Ingenieria Electrica, Universidad Michoacana, Mexico'}, {'name': 'Héctor Rodríguez', 'institution': 'Universidad Michoacana', 'subunit': 'Division de Estudios de Posgrado, Facultad de Ingenieria Electrica', 'location': 'Mexico', 'full_affiliation': 'Division de Estudios de Posgrado, Facultad de Ingenieria Electrica, Universidad Michoacana, Mexico'}, {'name': 'Erasmo Cadenas', 'institution': 'Universidad Michoacana', 'subunit': 'Facultad de Ingenieria Mecanica', 'location': 'Mexico', 'full_affiliation': 'Facultad de Ingenieria Mecanica, Universidad Michoacana, Mexico'}]",2009_008_0052.png
Hybridization of Evolutionary Mechanisms for Feature Subset Selection in Unsupervised Learning,Bio-inspired & Evolutionary Computing,"[{'name': 'Dolores Torres', 'institution': 'Universidad Autónoma de Aguascalientes', 'subunit': 'Centro de Ciencias Básicas', 'location': 'Aguascalientes, México', 'full_affiliation': 'Universidad Autónoma de Aguascalientes, Centro de Ciencias Básicas. Avenida Universidad # 940 Col Ciudad Universitaria, Aguascalientes, AGS. C.P. 20100. México'}, {'name': 'Eunice Ponce-de-León', 'institution': 'Universidad Autónoma de Aguascalientes', 'subunit': 'Centro de Ciencias Básicas', 'location': 'Aguascalientes, México', 'full_affiliation': 'Universidad Autónoma de Aguascalientes, Centro de Ciencias Básicas. Avenida Universidad # 940 Col Ciudad Universitaria, Aguascalientes, AGS. C.P. 20100. México'}, {'name': 'Aurora Torres', 'institution': 'Universidad Autónoma de Aguascalientes', 'subunit': 'Centro de Ciencias Básicas', 'location': 'Aguascalientes, México', 'full_affiliation': 'Universidad Autónoma de Aguascalientes, Centro de Ciencias Básicas. Avenida Universidad # 940 Col Ciudad Universitaria, Aguascalientes, AGS. C.P. 20100. México'}, {'name': 'Alberto Ochoa', 'institution': 'Universidad Autónoma de Ciudad Juárez', 'subunit': 'Instituto de Ingeniería y Tecnología, Departamento de Ingeniería Eléctrica y Computación', 'location': 'Juárez, Chihuahua, México', 'full_affiliation': 'Universidad Autónoma de Ciudad Juárez, Instituto de Ingeniería y Tecnología, Departamento de Ingeniería Eléctrica y Computación. Henry Dunant # 4016 Circuito Pronaf Apdo. Postal 1594-D, Juárez, Chihuahua. CP 32310. México'}, {'name': 'Elva Díaz', 'institution': 'Universidad Autónoma de Aguascalientes', 'subunit': 'Centro de Ciencias Básicas', 'location': 'Aguascalientes, México', 'full_affiliation': 'Universidad Autónoma de Aguascalientes, Centro de Ciencias Básicas. Avenida Universidad # 940 Col Ciudad Universitaria, Aguascalientes, AGS. C.P. 20100. México'}]",2009_008_0053.png
A Particle Swarm Optimization Method for Multimodal Optimization Based on Electrostatic Interaction,Bio-inspired & Evolutionary Computing,"[{'name': 'Julio Barrera', 'institution': 'CINVESTAV-IPN', 'subunit': 'Departamento de Computación, Evolutionary Computation Group', 'location': 'México, D.F., Mexico', 'full_affiliation': 'CINVESTAV-IPN, Departamento de Computación, Evolutionary Computation Group, Av. IPN No. 2508, Col. San Pedro Zacatenco, México, D.F. 07360, Mexico'}, {'name': 'Carlos A. Coello Coello', 'institution': 'CINVESTAV-IPN | CNRS', 'subunit': 'Departamento de Computación, Evolutionary Computation Group | UMI-LAFMIA 3175', 'location': 'México, D.F., Mexico', 'full_affiliation': 'CINVESTAV-IPN, Departamento de Computación, Evolutionary Computation Group, Av. IPN No. 2508, Col. San Pedro Zacatenco, México, D.F. 07360, Mexico | UMI-LAFMIA 3175 CNRS'}]",2009_008_0054.png
Ranking Methods for Many-Objective Optimization,Bio-inspired & Evolutionary Computing,"[{'name': 'Mario Garza-Fabre', 'institution': 'CINVESTAV', 'subunit': 'CINVESTAV-Tamaulipas', 'location': 'Cd. Victoria, Tamaulipas, Mexico', 'full_affiliation': 'CINVESTAV-Tamaulipas. Km. 6 carretera Cd. Victoria-Monterrey Cd. Victoria, Tamaulipas, 87261, Mexico'}, {'name': 'Gregorio Toscano Pulido', 'institution': 'CINVESTAV', 'subunit': 'CINVESTAV-Tamaulipas', 'location': 'Cd. Victoria, Tamaulipas, Mexico', 'full_affiliation': 'CINVESTAV-Tamaulipas. Km. 6 carretera Cd. Victoria-Monterrey Cd. Victoria, Tamaulipas, 87261, Mexico'}, {'name': 'Carlos A. Coello Coello', 'institution': 'CINVESTAV-IPN', 'subunit': 'Departamento de Computación', 'location': 'Col. San Pedro Zacatenco, México, D.F., Mexico', 'full_affiliation': 'CINVESTAV-IPN, Departamento de Computación, Av. IPN No. 2508 Col. San Pedro Zacatenco, México, D.F. 07360, Mexico'}]",2009_008_0055.png
Why Unary Quality Indicators Are Not Inferior to Binary Quality Indicators,Bio-inspired & Evolutionary Computing,"[{'name': 'Giovanni Lizárraga', 'institution': 'Corporación Mexicana de Investigación en Materiales S.A. de C.V.', 'subunit': '', 'location': 'Saltillo, México', 'full_affiliation': 'Corporación Mexicana de Investigación en Materiales S.A. de C.V. Ciencia y Tecnología 790, Saltillo México'}, {'name': 'Marco Jimenez Gomez', 'institution': 'Corporación Mexicana de Investigación en Materiales S.A. de C.V.', 'subunit': '', 'location': 'Saltillo, México', 'full_affiliation': 'Corporación Mexicana de Investigación en Materiales S.A. de C.V. Ciencia y Tecnología 790, Saltillo México'}, {'name': 'Mauricio Garza Castañón', 'institution': 'Corporación Mexicana de Investigación en Materiales S.A. de C.V.', 'subunit': '', 'location': 'Saltillo, México', 'full_affiliation': 'Corporación Mexicana de Investigación en Materiales S.A. de C.V. Ciencia y Tecnología 790, Saltillo México'}, {'name': 'Jorge Acevedo-Davila', 'institution': 'Corporación Mexicana de Investigación en Materiales S.A. de C.V.', 'subunit': '', 'location': 'Saltillo, México', 'full_affiliation': 'Corporación Mexicana de Investigación en Materiales S.A. de C.V. Ciencia y Tecnología 790, Saltillo México'}, {'name': 'Salvador Botello Rionda', 'institution': 'Center of Research in Mathematics', 'subunit': '', 'location': 'Valenciana, Guanajuato, México', 'full_affiliation': 'Center of Research in Mathematics. Jalisco S/N, Valenciana, Guanajuato, México'}]",2009_008_0056.png
Using Copulas in Estimation of Distribution Algorithms,Bio-inspired & Evolutionary Computing,"[{'name': 'Rogelio Salinas-Gutiérrez', 'institution': 'Centro de Investigación en Matemáticas', 'subunit': '', 'location': 'Guanajuato, México', 'full_affiliation': 'Centro de Investigación en Matemáticas, Guanajuato, México'}, {'name': 'Arturo Hernández-Aguirre', 'institution': 'Centro de Investigación en Matemáticas', 'subunit': '', 'location': 'Guanajuato, México', 'full_affiliation': 'Centro de Investigación en Matemáticas, Guanajuato, México'}, {'name': 'Enrique R. Villa-Diharce', 'institution': 'Centro de Investigación en Matemáticas', 'subunit': '', 'location': 'Guanajuato, México', 'full_affiliation': 'Centro de Investigación en Matemáticas, Guanajuato, México'}]",2009_008_0057.png
Redistricting by Square Cells,Heuristic Search & Optimization,"[{'name': 'Miguel Ángel Gutiérrez Andrade', 'institution': 'Universidad Autónoma Metropolitana', 'subunit': 'Departamento de Ingeniería Eléctrica', 'location': 'México, D.F., México', 'full_affiliation': 'Universidad Autónoma Metropolitana, Departamento de Ingeniería Eléctrica, Av. San Rafael Atlixco 186 Col. Vicentina, 09340 México, D.F.'}, {'name': 'Eric Alfredo Rincón García', 'institution': 'Universidad Nacional Autónoma de México', 'subunit': 'Facultad de Ingeniería, DIMEI - Departamento de Sistemas', 'location': 'México, D.F., México', 'full_affiliation': 'Universidad Nacional Autónoma de México, Facultad de Ingeniería, DIMEI - Departamento de Sistemas, Ciudad Universitaria, 04510 México, D.F.'}]",2009_008_0058.png
Finding Minimal Addition Chains with a Particle Swarm Optimization Algorithm,Bio-inspired & Evolutionary Computing,"[{'name': 'Alejandro León-Javier', 'institution': 'National Polytechnic Institute', 'subunit': 'Center for Computing Research (CIC-IPN)', 'location': 'Mexico', 'full_affiliation': 'Center for Computing Research, National Polytechnic Institute (CIC-IPN), Mexico'}, {'name': 'Nareli Cruz-Cortés', 'institution': 'National Polytechnic Institute', 'subunit': 'Center for Computing Research (CIC-IPN)', 'location': 'Mexico', 'full_affiliation': 'Center for Computing Research, National Polytechnic Institute (CIC-IPN), Mexico'}, {'name': 'Marco A. Moreno-Armendáriz', 'institution': 'National Polytechnic Institute', 'subunit': 'Center for Computing Research (CIC-IPN)', 'location': 'Mexico', 'full_affiliation': 'Center for Computing Research, National Polytechnic Institute (CIC-IPN), Mexico'}, {'name': 'Sandra Orantes-Jiménez', 'institution': 'National Polytechnic Institute', 'subunit': 'Center for Computing Research (CIC-IPN)', 'location': 'Mexico', 'full_affiliation': 'Center for Computing Research, National Polytechnic Institute (CIC-IPN), Mexico'}]",2009_008_0059.png
Building Blocks and Search,Heuristic Search & Optimization,"[{'name': 'Alexis Lozano', 'institution': 'Universidad Nacional Autónoma de México', 'subunit': 'C3 Centro de Ciencias de la Complejidad', 'location': 'México D.F., México', 'full_affiliation': 'C3 Centro de Ciencias de la Complejidad, Universidad Nacional Autónoma de México, Torre de Ingeniería, Circuito Exterior s/n Ciudad Universitaria, México D.F. 04510'}, {'name': 'Víctor Mireles', 'institution': 'Universidad Nacional Autónoma de México', 'subunit': 'Instituto de Ciencias Nucleares', 'location': 'México D.F., México', 'full_affiliation': 'Instituto de Ciencias Nucleares, Universidad Nacional Autónoma de México, A. Postal 70-543, México D.F. 04510'}, {'name': 'Daniel Monsivais', 'institution': 'Universidad Nacional Autónoma de México', 'subunit': 'Posgrado en Ciencia e Ingeniería de la Computación', 'location': 'México D.F., México', 'full_affiliation': 'Posgrado en Ciencia e Ingeniería de la Computación, Universidad Nacional Autónoma de México Circuito Escolar s/n Ciudad Universitaria, México D.F. 04510'}, {'name': 'Christopher R. Stephens', 'institution': 'Universidad Nacional Autónoma de México', 'subunit': 'C3 Centro de Ciencias de la Complejidad', 'location': 'México D.F., México', 'full_affiliation': 'C3 Centro de Ciencias de la Complejidad, Universidad Nacional Autónoma de México, Torre de Ingeniería, Circuito Exterior s/n Ciudad Universitaria, México D.F. 04510'}, {'name': 'Sergio Antonio Alcalá', 'institution': 'Universidad Nacional Autónoma de México', 'subunit': 'Instituto de Ciencias Nucleares', 'location': 'México D.F., México', 'full_affiliation': 'Instituto de Ciencias Nucleares, Universidad Nacional Autónoma de México, A. Postal 70-543, México D.F. 04510'}, {'name': 'Francisco Cervantes', 'institution': 'Universidad de las Américas Puebla', 'subunit': '', 'location': 'Cholula, Puebla, México', 'full_affiliation': 'Universidad de las Américas Puebla, Sta. Catarina Mártir, Cholula, Puebla. C.P. 72820. México'}]",2009_008_0060.png
An Analysis of Recombination in Some Simple Landscapes,Supervised Machine Learning,"[{'name': 'David A. Rosenblueth', 'institution': 'UNAM', 'subunit': 'Centro de Ciencias de la Complejidad', 'location': 'México D.F., México', 'full_affiliation': 'C3 - Centro de Ciencias de la Complejidad\nInstituto de Investigaciones en Matemáticas Aplicadas y en Sistemas, UNAM\nA. Postal 20-726, México D.F. 01000'}, {'name': 'Christopher R. Stephens', 'institution': 'UNAM', 'subunit': 'Instituto de Ciencias Nucleares', 'location': 'México D.F., México', 'full_affiliation': 'C3 - Centro de Ciencias de la Complejidad\nInstituto de Ciencias Nucleares, UNAM\nCircuito Exterior, A. Postal 70-543, México D.F. 04510'}]",2009_008_0061.png
An Empirical Investigation of How Degree Neutrality Affects GP Search,Heuristic Search & Optimization,"[{'name': 'Edgar Galván-López', 'institution': 'University College Dublin', 'subunit': 'Natural Computing Research & Applications Group, Complex and Adaptive Systems Lab', 'location': '', 'full_affiliation': 'Natural Computing Research & Applications Group, Complex and Adaptive Systems Lab, University College Dublin'}, {'name': 'Riccardo Poli', 'institution': 'University of Essex', 'subunit': 'School of Computer Science and Electronic Engineering', 'location': 'Colchester, UK', 'full_affiliation': 'University of Essex, School of Computer Science and Electronic Engineering, Wivenhoe Park, Colchester, CO4 3SQ, UK'}]",2009_008_0062.png
Discovering Role of Linguistic Geometry,Heuristic Search & Optimization,"[{'name': 'Boris Stilman', 'institution': 'University of Colorado Denver', 'subunit': 'Department of Computer Science and Engineering', 'location': 'Denver, CO, USA', 'full_affiliation': 'University of Colorado Denver, Department of Computer Science and Engineering, Campus Box 109, Denver, CO 80217-3364, USA'}, {'name': 'Vladimir Yakhnis', 'institution': 'STILMAN Advanced Strategies', 'subunit': '', 'location': 'Denver, CO, USA', 'full_affiliation': 'STILMAN Advanced Strategies Denver, 1623 Blake Street, Suite 200, Denver, CO 20202, USA'}, {'name': 'Oleg Umanskiy', 'institution': 'University of Colorado Denver | STILMAN Advanced Strategies', 'subunit': 'Department of Computer Science and Engineering | ', 'location': 'Denver, CO, USA | Denver, CO, USA', 'full_affiliation': 'University of Colorado Denver, Department of Computer Science and Engineering, Campus Box 109, Denver, CO 80217-3364, USA | STILMAN Advanced Strategies Denver, 1623 Blake Street, Suite 200, Denver, CO 20202, USA'}]",2010_009_0000.png
Elkan's k-Means Algorithm for Graphs,Unsupervised Machine Learning,"[{'name': 'Brijnesh J. Jain', 'institution': 'Berlin Institute of Technology', 'subunit': '', 'location': 'Germany', 'full_affiliation': 'Berlin Institute of Technology, Germany'}, {'name': 'Klaus Obermayer', 'institution': 'Berlin Institute of Technology', 'subunit': '', 'location': 'Germany', 'full_affiliation': 'Berlin Institute of Technology, Germany'}]",2010_009_0001.png
A Simple Approach to Incorporate Label Dependency in Multi-label Classification,Supervised Machine Learning,"[{'name': 'Everton Alvares Cherman', 'institution': 'University of São Paulo', 'subunit': 'Institute of Mathematics and Computer Science (ICMC)', 'location': 'São Carlos, SP, Brazil', 'full_affiliation': 'Institute of Mathematics and Computer Science (ICMC)\nUniversity of São Paulo at São Carlos (USP/São Carlos)\nP.O. Box 668, Zip Code 13561-970\nSão Carlos, SP, Brazil'}, {'name': 'Jean Metz', 'institution': 'University of São Paulo', 'subunit': 'Institute of Mathematics and Computer Science (ICMC)', 'location': 'São Carlos, SP, Brazil', 'full_affiliation': 'Institute of Mathematics and Computer Science (ICMC)\nUniversity of São Paulo at São Carlos (USP/São Carlos)\nP.O. Box 668, Zip Code 13561-970\nSão Carlos, SP, Brazil'}, {'name': 'Maria Carolina Monard', 'institution': 'University of São Paulo', 'subunit': 'Institute of Mathematics and Computer Science (ICMC)', 'location': 'São Carlos, SP, Brazil', 'full_affiliation': 'Institute of Mathematics and Computer Science (ICMC)\nUniversity of São Paulo at São Carlos (USP/São Carlos)\nP.O. Box 668, Zip Code 13561-970\nSão Carlos, SP, Brazil'}]",2010_009_0002.png
Methods and Algorithms of Information Generalization in Noisy Databases,Data Mining & Knowledge Discovery,"[{'name': 'Vadim Vagin', 'institution': 'Moscow Power Engineering Institute (Technical University)', 'subunit': '', 'location': 'Moscow, Russia', 'full_affiliation': 'Moscow Power Engineering Institute (Technical University), Krasnokazarmennaya 14, 111250 Moscow, Russia'}, {'name': 'Marina Fomina', 'institution': 'Moscow Power Engineering Institute (Technical University)', 'subunit': '', 'location': 'Moscow, Russia', 'full_affiliation': 'Moscow Power Engineering Institute (Technical University), Krasnokazarmennaya 14, 111250 Moscow, Russia'}]",2010_009_0003.png
Object Class Recognition Using SIFT and Bayesian Networks,Computer Vision,"[{'name': 'Leonardo Chang', 'institution': 'Advanced Technologies Application Center', 'subunit': '', 'location': 'Siboney, Playa, P.C. 12200, Havana, Cuba', 'full_affiliation': 'Advanced Technologies Application Center,\n7a # 21812 b/ 218 y 222, Siboney, Playa, P.C. 12200, Havana, Cuba'}, {'name': 'Miriam Monica Duarte', 'institution': 'Advanced Technologies Application Center', 'subunit': '', 'location': 'Siboney, Playa, P.C. 12200, Havana, Cuba', 'full_affiliation': 'Advanced Technologies Application Center,\n7a # 21812 b/ 218 y 222, Siboney, Playa, P.C. 12200, Havana, Cuba'}, {'name': 'Luis Enrique Sucar', 'institution': 'National Institute for Astrophysics, Optics and Electronics', 'subunit': '', 'location': 'Tonantzintla, Puebla, Mexico', 'full_affiliation': 'National Institute for Astrophysics, Optics and Electronics,\nLuis Enrique Erro # 1, Tonantzintla, Puebla, Mexico'}, {'name': 'Eduardo F. Morales', 'institution': 'National Institute for Astrophysics, Optics and Electronics', 'subunit': '', 'location': 'Tonantzintla, Puebla, Mexico', 'full_affiliation': 'National Institute for Astrophysics, Optics and Electronics,\nLuis Enrique Erro # 1, Tonantzintla, Puebla, Mexico'}]",2010_009_0004.png
Boosting Based Conditional Quantile Estimation for Regression and Binary Classification,Supervised Machine Learning,"[{'name': 'Songfeng Zheng', 'institution': 'Missouri State University', 'subunit': 'Department of Mathematics', 'location': 'Springfield, MO, USA', 'full_affiliation': 'Department of Mathematics, Missouri State University, Springfield, MO 65897, USA'}]",2010_009_0005.png
A Fast Fuzzy Cocke-Younger-Kasami Algorithm for DNA and RNA Strings Analysis,Knowledge Representation & Reasoning,"[{'name': 'Herón Molina-Lozano', 'institution': 'Instituto Politécnico Nacional', 'subunit': 'Centro de Investigación en Computación', 'location': 'Col. Nueva Industrial Vallejo Delegación Gustavo A. Madero C.P 07738, México D.F., México', 'full_affiliation': 'Centro de Investigación en Computación, Instituto Politécnico Nacional, Av. Juan de Dios Bátiz s/n casi esq. Miguel Othón de Mendizábal, Unidad Profesional Adolfo López Mateos Col. Nueva Industrial Vallejo Delegación Gustavo A. Madero C.P 07738, México D.F.'}]",2010_009_0006.png
A Fast Implementation of the CT_EXT Algorithm for the Testor Property Identification,Supervised Machine Learning,"[{'name': 'Guillermo Sanchez-Diaz', 'institution': 'Universidad de Guadalajara', 'subunit': 'Centro Universitario de los Valles', 'location': 'Ameca, Jal. Mexico, C.P. 46600', 'full_affiliation': 'Universidad de Guadalajara, Centro Universitario de los Valles, Carr. Guadalajara-Ameca, Km. 45, Ameca, Jal. Mexico, C.P. 46600'}, {'name': 'Ivan Piza-Davila', 'institution': 'Instituto Tecnologico y de Estudios Superiores de Occidente', 'subunit': '', 'location': 'Tlaquepaque, Jal. Mexico, C.P. 45604', 'full_affiliation': 'Instituto Tecnologico y de Estudios Superiores de Occidente, Periferico Sur Manuel Gomez Morin 8585, Tlaquepaque, Jal. Mexico, C.P. 45604'}, {'name': 'Manuel Lazo-Cortes', 'institution': 'Universidad de las Ciencias Informaticas', 'subunit': '', 'location': 'Torrens, Havana, Cuba', 'full_affiliation': 'Universidad de las Ciencias Informaticas, Carr. de San Antonio de los Baños Km. 2.5, Torrens, Havana, Cuba'}, {'name': 'Miguel Mora-Gonzalez', 'institution': 'Universidad de Guadalajara', 'subunit': 'Centro Universitario de los Lagos', 'location': 'Lagos de Moreno, Jal. Mexico, C.P. 47460', 'full_affiliation': 'Universidad de Guadalajara, Centro Universitario de los Lagos, Av. Enrique Diaz de Leon 1144, Lagos de Moreno, Jal. Mexico, C.P. 47460'}, {'name': 'Javier Salinas-Luna', 'institution': 'Universidad de Guadalajara', 'subunit': 'Centro Universitario de los Valles', 'location': 'Ameca, Jal. Mexico, C.P. 46600', 'full_affiliation': 'Universidad de Guadalajara, Centro Universitario de los Valles, Carr. Guadalajara-Ameca, Km. 45, Ameca, Jal. Mexico, C.P. 46600'}]",2010_009_0007.png
Supervised Probabilistic Classification Based on Gaussian Copulas,Supervised Machine Learning,"[{'name': 'Rogelio Salinas-Gutiérrez', 'institution': 'Center for Research in Mathematics (CIMAT)', 'subunit': '', 'location': 'Guanajuato, México', 'full_affiliation': 'Center for Research in Mathematics (CIMAT), Guanajuato, México'}, {'name': 'Arturo Hernández-Aguirre', 'institution': 'Center for Research in Mathematics (CIMAT)', 'subunit': '', 'location': 'Guanajuato, México', 'full_affiliation': 'Center for Research in Mathematics (CIMAT), Guanajuato, México'}, {'name': 'Enrique R. Villa-Diharce', 'institution': 'Center for Research in Mathematics (CIMAT)', 'subunit': '', 'location': 'Guanajuato, México', 'full_affiliation': 'Center for Research in Mathematics (CIMAT), Guanajuato, México'}, {'name': 'Mariano J.J. Rivera-Meraz', 'institution': 'Center for Research in Mathematics (CIMAT)', 'subunit': '', 'location': 'Guanajuato, México', 'full_affiliation': 'Center for Research in Mathematics (CIMAT), Guanajuato, México'}]",2010_009_0008.png
Text-Independent Speaker Identification Using VQ-HMM Model Based Multiple Classifier System,Computer Vision,"[{'name': 'Ali Zulfiqar', 'institution': 'University of Gujrat', 'subunit': 'Departament of CS & IT', 'location': 'Gujrat, Pakistan', 'full_affiliation': 'Departament of CS & IT, University of Gujrat, Pakistan'}, {'name': 'Aslam Muhammad', 'institution': 'UET, Lahore', 'subunit': 'Departament of CS & E', 'location': 'Lahore, Pakistan', 'full_affiliation': 'Departament of CS & E, U. E. T., Lahore, Pakistan'}, {'name': 'A.M. Martinez-Enriquez', 'institution': 'CINVESTAV-IPN', 'subunit': 'Department of Computer Science', 'location': 'Mexico', 'full_affiliation': 'Department of Computer Science, CINVESTAV-IPN, Mexico'}, {'name': 'G. Escalada-Imaz', 'institution': 'CSIC', 'subunit': 'Artificial Intelligence Research Institute', 'location': 'Barcelona, Spain', 'full_affiliation': 'Artificial Intelligence Research Institute, CSIC, Barcelona, Spain'}]",2010_009_0009.png
Towards One-Class Pattern Recognition in Brain Activity via Neural Networks,Neural Networks & Deep Learning,"[{'name': 'Omer Boehm', 'institution': 'University of Haifa', 'subunit': 'Computer Science Department', 'location': 'Haifa, Israel', 'full_affiliation': 'University of Haifa\nComputer Science Department\nHaifa, Israel 31905'}, {'name': 'David R. Hardoon', 'institution': 'A*Star', 'subunit': 'Machine Learning Group', 'location': 'Singapore', 'full_affiliation': 'Institue for Infocomm Research\nMachine Learning Group\nA*Star, Singapore'}, {'name': 'Larry M. Manevitz', 'institution': 'University of Haifa', 'subunit': 'Computer Science Department', 'location': 'Haifa, Israel', 'full_affiliation': 'University of Haifa\nComputer Science Department\nHaifa, Israel 31905'}]",2010_009_0010.png
Real Time Tracking of Musical Performances,Computer Vision,"[{'name': 'Antonio Camarena-Ibarrola', 'institution': 'Universidad Michoacana de San Nicolás de Hidalgo', 'subunit': '', 'location': 'Morelia, Mich., México', 'full_affiliation': 'Universidad Michoacana de San Nicolás de Hidalgo\nMorelia, Mich., México'}, {'name': 'Edgar Chávez', 'institution': 'Universidad Michoacana de San Nicolás de Hidalgo', 'subunit': '', 'location': 'Morelia, Mich., México', 'full_affiliation': 'Universidad Michoacana de San Nicolás de Hidalgo\nMorelia, Mich., México'}]",2010_009_0011.png
Recognizing Dactylological Symbols with Image Segmentation and a New Differentiated Weighting Scheme,Computer Vision,"[{'name': 'Laura Jeanine Razo Gil', 'institution': 'Instituto Politécnico Nacional', 'subunit': 'Centro de Investigación en Computación (Center for Computing Research)', 'location': 'Mexico City, Mexico', 'full_affiliation': 'Centro de Investigación en Computación (Center for Computing Research), IPN, Av. Juan Dios Bátiz, s/n, Zacatenco, 07738, Mexico City, Mexico'}, {'name': 'Salvador Godoy-Calderón', 'institution': 'Instituto Politécnico Nacional', 'subunit': 'Centro de Investigación en Computación (Center for Computing Research)', 'location': 'Mexico City, Mexico', 'full_affiliation': 'Centro de Investigación en Computación (Center for Computing Research), IPN, Av. Juan Dios Bátiz, s/n, Zacatenco, 07738, Mexico City, Mexico'}, {'name': 'Ricardo Barrón Fernández', 'institution': 'Instituto Politécnico Nacional', 'subunit': 'Centro de Investigación en Computación (Center for Computing Research)', 'location': 'Mexico City, Mexico', 'full_affiliation': 'Centro de Investigación en Computación (Center for Computing Research), IPN, Av. Juan Dios Bátiz, s/n, Zacatenco, 07738, Mexico City, Mexico'}]",2010_009_0012.png
Selecting Candidate Labels for Hierarchical Document Clusters Using Association Rules,Data Mining & Knowledge Discovery,"[{'name': 'Fabiano Fernandes dos Santos', 'institution': 'Universidade de São Paulo (USP)', 'subunit': 'Instituto de Ciências Matemáticas e de Computação', 'location': '', 'full_affiliation': 'Instituto de Ciências Matemáticas e de Computação\nUniversidade de São Paulo (USP)\n{fabianof,solange}@icmc.usp.br'}, {'name': 'Veronica Oliveira de Carvalho', 'institution': 'Universidade Estadual Paulista', 'subunit': 'Instituto de Geociências e Ciências Exatas', 'location': '', 'full_affiliation': 'Instituto de Geociências e Ciências Exatas\nUNESP - Univ Estadual Paulista\nveronica@rc.unesp.br'}, {'name': 'Solange Oliveira Rezende', 'institution': 'Universidade de São Paulo (USP)', 'subunit': 'Instituto de Ciências Matemáticas e de Computação', 'location': '', 'full_affiliation': 'Instituto de Ciências Matemáticas e de Computação\nUniversidade de São Paulo (USP)\n{fabianof,solange}@icmc.usp.br'}]",2010_009_0013.png
Recognizing Textual Entailment Using a Machine Learning Approach,Natural Language Processing (NLP),"[{'name': 'Miguel Angel Ríos Gaona', 'institution': 'National Polytechnic Institute', 'subunit': 'Center for Computing Research', 'location': 'Mexico', 'full_affiliation': 'Center for Computing Research, National Polytechnic Institute, Mexico'}, {'name': 'Alexander Gelbukh', 'institution': 'National Polytechnic Institute', 'subunit': 'Center for Computing Research', 'location': 'Mexico', 'full_affiliation': 'Center for Computing Research, National Polytechnic Institute, Mexico'}, {'name': 'Sivaji Bandyopadhyay', 'institution': 'Jadavpur University', 'subunit': 'Computer Science & Engineering Department', 'location': 'Kolkata 700 032, India', 'full_affiliation': 'Computer Science & Engineering Department, Jadavpur University, Kolkata 700 032 India'}]",2010_009_0014.png
Detection of Different Authorship of Text Sequences through Self-organizing Maps and Mutual Information Function,Data Mining & Knowledge Discovery,"[{'name': 'Antonio Neme', 'institution': 'Universidad Autónoma de la Ciudad de México', 'subunit': 'Complex systems and nonlinear dynamics group', 'location': 'México, D.F. México', 'full_affiliation': 'Complex systems and nonlinear dynamics group, Universidad Autónoma de la Ciudad de México, México, D.F. México'}, {'name': 'Blanca Lugo', 'institution': 'Universidad Autónoma del Estado de Coahuila', 'subunit': 'Facultad de Ciencias', 'location': 'Saltillo, Coah, México', 'full_affiliation': 'Facultad de Ciencias, Universidad Autónoma del Estado de Coahuila, Saltillo, Coah, México'}, {'name': 'Alejandra Cervera', 'institution': 'Comisión Nacional para el uso y conocimiento de la biodiversidad', 'subunit': '', 'location': 'México', 'full_affiliation': 'Comisión Nacional para el uso y conocimiento de la biodiversidad, México'}]",2010_009_0015.png
Supervised Machine Learning for Predicting the Meaning of Verb-Noun Combinations in Spanish,Supervised Machine Learning,"[{'name': 'Olga Kolesnikova', 'institution': 'National Polytechnic Institute', 'subunit': 'Center for Computing Research', 'location': 'Mexico City, 07738, Mexico', 'full_affiliation': 'Center for Computing Research, National Polytechnic Institute, Mexico City, 07738, Mexico'}, {'name': 'Alexander Gelbukh', 'institution': 'National Polytechnic Institute', 'subunit': 'Center for Computing Research', 'location': 'Mexico City, 07738, Mexico', 'full_affiliation': 'Center for Computing Research, National Polytechnic Institute, Mexico City, 07738, Mexico'}]",2010_009_0016.png
